"Time (s)","Magnetic field x (µT)","Magnetic field y (µT)","Magnetic field z (µT)"
4.842251900E-2,1.286250019E1,-3.519375229E1,2.041875076E1
6.842626700E-2,1.239375019E1,-3.528750229E1,1.876875114E1
8.843583000E-2,1.346250057E1,-3.536250305E1,1.957500076E1
1.084574530E-1,1.276875019E1,-3.513750076E1,1.950000000E1
1.284853730E-1,1.301250076E1,-3.577500153E1,1.833750153E1
1.485209280E-1,1.299375057E1,-3.534375000E1,1.792500114E1
1.685474320E-1,1.288125038E1,-3.526875305E1,1.824375153E1
1.885620020E-1,1.278750038E1,-3.511875153E1,1.751250076E1
2.085659460E-1,1.288125038E1,-3.526875305E1,1.833750153E1
2.285730970E-1,1.350000095E1,-3.564375305E1,1.758750153E1
2.485724740E-1,1.385625076E1,-3.528750229E1,1.800000000E1
2.685448280E-1,1.438125038E1,-3.540000153E1,1.642500114E1
2.885501550E-1,1.432500076E1,-3.615000153E1,1.560000038E1
3.085497860E-1,1.554375076E1,-3.532500076E1,1.608750153E1
3.285559850E-1,1.665000153E1,-3.588750076E1,1.500000095E1
3.485904600E-1,1.603125000E1,-3.564375305E1,1.636875153E1
3.685788010E-1,1.603125000E1,-3.577500153E1,1.689375114E1
3.885753630E-1,1.576875019E1,-3.566250229E1,1.492500019E1
4.085680320E-1,1.575000095E1,-3.515625000E1,1.494375038E1
4.285576210E-1,1.672500038E1,-3.536250305E1,1.438125038E1
4.485554520E-1,1.670625114E1,-3.510000229E1,1.501875019E1
4.685515680E-1,1.640625000E1,-3.468750000E1,1.501875019E1
4.885669880E-1,1.777500153E1,-3.510000229E1,1.601250076E1
5.085636380E-1,1.854375076E1,-3.510000229E1,1.734375000E1
5.285567580E-1,1.860000038E1,-3.440625000E1,1.755000114E1
5.485585980E-1,1.833750153E1,-3.496875000E1,1.715625000E1
5.685677550E-1,1.725000000E1,-3.384375000E1,1.541250038E1
5.885595270E-1,1.725000000E1,-3.408750153E1,1.605000114E1
6.085599060E-1,1.734375000E1,-3.440625000E1,1.644375038E1
6.285561450E-1,1.781250000E1,-3.403125000E1,1.644375038E1
6.485493490E-1,1.781250000E1,-3.376875305E1,1.706250000E1
6.685513810E-1,1.751250076E1,-3.361875153E1,1.655625153E1
6.885494830E-1,1.770000076E1,-3.375000000E1,1.685625076E1
7.085438260E-1,1.811250114E1,-3.401250076E1,1.612500000E1
7.285472260E-1,1.811250114E1,-3.403125000E1,1.642500114E1
7.485459040E-1,1.830000114E1,-3.363750076E1,1.642500114E1
7.685520750E-1,1.756875038E1,-3.309375000E1,1.770000076E1
7.885533190E-1,1.820625114E1,-3.414375305E1,1.653750038E1
8.085401190E-1,2.002500153E1,-3.352500153E1,1.867500114E1
8.285467860E-1,1.818750000E1,-3.345000076E1,1.644375038E1
8.485481050E-1,1.854375076E1,-3.300000000E1,1.715625000E1
8.685452570E-1,1.875000000E1,-3.324375153E1,1.786875153E1
8.885954940E-1,1.914375114E1,-3.313125229E1,1.745625114E1
9.085850980E-1,1.972500038E1,-3.303750229E1,1.711875153E1
9.285714060E-1,1.948125076E1,-3.240000153E1,1.828125000E1
9.485672470E-1,1.938750076E1,-3.240000153E1,1.837500000E1
9.685598310E-1,1.974375153E1,-3.198750114E1,1.951875114E1
9.885598850E-1,1.974375153E1,-3.174375153E1,1.878750038E1
1.008557809E0,1.991250038E1,-3.140625191E1,1.961250114E1
1.028508599E0,2.017500114E1,-3.086250114E1,2.034375000E1
1.048521739E0,1.944375038E1,-3.022500038E1,2.191875076E1
1.068529168E0,2.040000153E1,-2.988750076E1,2.231250000E1
1.088531646E0,1.972500038E1,-2.818125153E1,2.411250114E1
1.108552846E0,1.974375153E1,-2.685000038E1,2.683125114E1
1.128553939E0,2.045625114E1,-2.379375076E1,2.985000038E1
1.148550315E0,2.032500076E1,-2.107500076E1,3.110625076E1
1.168554422E0,2.077500153E1,-1.618125153E1,3.341250229E1
1.188553093E0,2.077500153E1,-1.213125038E1,3.541875076E1
1.208557862E0,2.034375000E1,-6.431250095E0,3.661875153E1
1.228558755E0,1.910625076E1,-2.662500143E0,3.720000076E1
1.248554756E0,1.661250114E1,3.018750191E0,3.783750153E1
1.268558834E0,1.336875057E1,8.475000381E0,3.755625153E1
1.288557882E0,1.177500057E1,1.171875000E1,3.720000076E1
1.308552806E0,8.287500381E0,1.616250038E1,3.598125076E1
1.328544932E0,6.918750286E0,1.878750038E1,3.562500000E1
1.348547599E0,6.000000000E0,2.285625076E1,3.256875229E1
1.368544379E0,5.943750381E0,2.433750153E1,3.091875076E1
1.388549090E0,6.525000095E0,2.720625114E1,2.915625191E1
1.408548934E0,5.943750381E0,2.750625038E1,2.750625038E1
1.428601403E0,4.650000095E0,2.814375114E1,2.756250191E1
1.448592449E0,3.787500143E0,2.801250076E1,2.696250153E1
1.468579835E0,3.225000143E0,2.776875114E1,2.625000191E1
1.488576479E0,3.150000095E0,2.735625076E1,2.655000114E1
1.508569566E0,2.962500095E0,2.707500076E1,2.625000191E1
1.528559079E0,2.606250048E0,2.638125038E1,2.656875038E1
1.548559285E0,2.793750048E0,2.651250076E1,2.583750153E1
1.568512154E0,2.306250095E0,2.671875191E1,2.595000076E1
1.588515715E0,3.337500095E0,2.761875153E1,2.531250191E1
1.608527186E0,3.806250095E0,2.816250038E1,2.435625076E1
1.628532921E0,4.762500286E0,2.883750153E1,2.392500114E1
1.648567844E0,6.018750191E0,2.910000038E1,2.409375191E1
1.668557167E0,6.037500381E0,2.887500191E1,2.283750153E1
1.688555220E0,5.925000191E0,2.913750076E1,2.326875114E1
1.708560506E0,6.187500477E0,3.000000191E1,2.212500000E1
1.728560525E0,6.787500381E0,3.024375153E1,2.107500076E1
1.748554685E0,7.725000381E0,3.103125191E1,2.053125000E1
1.768547694E0,8.606250763E0,3.103125191E1,2.019375038E1
1.788549075E0,8.793750763E0,3.144375038E1,1.955625153E1
1.808546387E0,9.281250000E0,3.165000153E1,1.912500000E1
1.828551472E0,1.014375019E1,3.208125305E1,1.828125000E1
1.848551539E0,1.005000019E1,3.193125153E1,1.921875000E1
1.868547944E0,1.044375038E1,3.136875153E1,1.993125153E1
1.888553369E0,1.123125076E1,3.112500191E1,2.032500076E1
1.908551944E0,1.065000057E1,3.114375114E1,2.043750000E1
1.928546774E0,1.093125057E1,3.110625076E1,2.094375038E1
1.948550021E0,1.183125019E1,3.078750038E1,2.071875000E1
1.968548115E0,1.192500019E1,3.060000038E1,2.049375153E1
1.988543619E0,1.245000076E1,2.966250038E1,2.120625114E1
2.008546929E0,1.256250095E1,2.910000038E1,2.203125000E1
2.028545514E0,1.269375038E1,2.851875114E1,2.191875076E1
2.048551869E0,1.278750038E1,2.805000114E1,2.326875114E1
2.068552849E0,1.299375057E1,2.773125076E1,2.336250114E1
2.088549614E0,1.342500019E1,2.671875191E1,2.355000114E1
2.108543969E0,1.404375076E1,2.585625076E1,2.424375153E1
2.128545496E0,1.443750095E1,2.563125038E1,2.454375076E1
2.148542977E0,1.468125057E1,2.465625191E1,2.411250114E1
2.168548300E0,1.460625076E1,2.415000153E1,2.443125153E1
2.188593692E0,1.458750057E1,2.446875191E1,2.413125038E1
2.208579627E0,1.468125057E1,2.461875153E1,2.484375191E1
2.228574152E0,1.537500095E1,2.433750153E1,2.420625114E1
2.248565067E0,1.528125095E1,2.445000076E1,2.400000000E1
2.268564878E0,1.518750095E1,2.400000000E1,2.493750191E1
2.288559294E0,1.537500095E1,2.409375191E1,2.514375114E1
2.308552937E0,1.479375076E1,2.390625000E1,2.514375114E1
2.328555013E0,1.498125076E1,2.418750191E1,2.525625038E1
2.348552743E0,1.539375019E1,2.392500114E1,2.461875153E1
2.368547327E0,1.507500076E1,2.450625038E1,2.484375191E1
2.388550544E0,1.546875095E1,2.400000000E1,2.482500076E1
2.408560678E0,1.515000057E1,2.491875076E1,2.473125076E1
2.428553414E0,1.505625057E1,2.460000038E1,2.505000114E1
2.448554582E0,1.554375076E1,2.480625153E1,2.450625038E1
2.468551520E0,1.546875095E1,2.433750153E1,2.420625114E1
2.488556285E0,1.546875095E1,2.430000114E1,2.482500076E1
2.508554963E0,1.526250076E1,2.439375114E1,2.493750191E1
2.528551287E0,1.518750095E1,2.383125114E1,2.450625038E1
2.548555535E0,1.537500095E1,2.431875038E1,2.450625038E1
2.568554766E0,1.528125095E1,2.413125038E1,2.441250038E1
2.588550076E0,1.539375019E1,2.390625000E1,2.471250153E1
2.608553737E0,1.567500019E1,2.415000153E1,2.398125076E1
2.628552710E0,1.518750095E1,2.422500038E1,2.452500153E1
2.648537940E0,1.586250019E1,2.422500038E1,2.407500076E1
2.668543633E0,1.605000114E1,2.420625114E1,2.439375114E1
2.688544394E0,1.528125095E1,2.416875076E1,2.388750076E1
2.708552186E0,1.556250095E1,2.450625038E1,2.482500076E1
2.728599598E0,1.586250019E1,2.413125038E1,2.398125076E1
2.748586593E0,1.567500019E1,2.409375191E1,2.480625153E1
2.768582201E0,1.490625095E1,2.368125153E1,2.555625153E1
2.788574018E0,1.500000095E1,2.347500038E1,2.576250076E1
2.808563279E0,1.490625095E1,2.338125038E1,2.555625153E1
2.828560597E0,1.481250095E1,2.326875114E1,2.608125114E1
2.848556373E0,1.498125076E1,2.364375114E1,2.628750038E1
2.868505847E0,1.471875095E1,2.336250114E1,2.619375038E1
2.888518039E0,1.500000095E1,2.345625114E1,2.587500191E1
2.908524814E0,1.483125019E1,2.306250000E1,2.596875191E1
2.928527041E0,1.451250076E1,2.356875038E1,2.587500191E1
2.948547931E0,1.500000095E1,2.355000114E1,2.596875191E1
2.968549265E0,1.481250095E1,2.347500038E1,2.566875076E1
2.988556831E0,1.460625076E1,2.360625076E1,2.536875153E1
3.008558276E0,1.498125076E1,2.416875076E1,2.555625153E1
3.028554802E0,1.479375076E1,2.390625000E1,2.525625038E1
3.048558049E0,1.500000095E1,2.379375076E1,2.525625038E1
3.068557585E0,1.479375076E1,2.390625000E1,2.505000114E1
3.088552693E0,1.460625076E1,2.360625076E1,2.536875153E1
3.108555865E0,1.507500076E1,2.398125076E1,2.555625153E1
3.128554223E0,1.644375038E1,2.356875038E1,2.686875153E1
3.148548818E0,1.507500076E1,2.396250153E1,2.566875076E1
3.168540999E0,1.458750057E1,2.413125038E1,2.495625114E1
3.188532300E0,1.479375076E1,2.368125153E1,2.566875076E1
3.208542755E0,1.490625095E1,2.370000076E1,2.514375114E1
3.228547307E0,1.516875076E1,2.409375191E1,2.514375114E1
3.248546857E0,1.479375076E1,2.390625000E1,2.505000114E1
3.268598925E0,1.479375076E1,2.390625000E1,2.514375114E1
3.288589895E0,1.498125076E1,2.400000000E1,2.525625038E1
3.308576991E0,1.488750076E1,2.413125038E1,2.452500153E1
3.328573249E0,1.468125057E1,2.422500038E1,2.495625114E1
3.348566167E0,1.565625095E1,2.428125191E1,2.512500191E1
3.368555334E0,1.488750076E1,2.400000000E1,2.525625038E1
3.388555709E0,1.500000095E1,2.371875000E1,2.473125076E1
3.408508625E0,1.498125076E1,2.411250114E1,2.484375191E1
3.428512091E0,1.500000095E1,2.390625000E1,2.514375114E1
3.448523535E0,1.460625076E1,2.381250000E1,2.525625038E1
3.468529367E0,1.488750076E1,2.400000000E1,2.525625038E1
3.488564264E0,1.479375076E1,2.400000000E1,2.525625038E1
3.508553648E0,1.518750095E1,2.388750076E1,2.523750114E1
3.528551646E0,1.488750076E1,2.409375191E1,2.514375114E1
3.548557015E0,1.488750076E1,2.400000000E1,2.535000038E1
3.568556874E0,1.507500076E1,2.398125076E1,2.555625153E1
3.588550897E0,1.528125095E1,2.379375076E1,2.523750114E1
3.608555088E0,1.488750076E1,2.377500153E1,2.576250076E1
3.628553834E0,1.528125095E1,2.420625114E1,2.493750191E1
3.648548628E0,1.528125095E1,2.386875153E1,2.555625153E1
3.668552141E0,1.516875076E1,2.430000114E1,2.503125191E1
3.688550637E0,1.516875076E1,2.405625153E1,2.576250076E1
3.708545934E0,1.537500095E1,2.405625153E1,2.585625076E1
3.728550384E0,1.567500019E1,2.375625038E1,2.544375038E1
3.748548527E0,1.565625095E1,2.401875114E1,2.626875114E1
3.768554268E0,1.593750095E1,2.409375191E1,2.647500038E1
3.788554772E0,1.717500114E1,2.460000038E1,2.737500191E1
3.808550718E0,1.741875076E1,2.360625076E1,2.735625076E1
3.828544038E0,1.719375038E1,2.424375153E1,2.664375114E1
3.848545655E0,1.668750000E1,2.497500038E1,2.613750076E1
3.868543170E0,1.593750095E1,3.086250114E1,1.914375114E1
3.888548525E0,1.541250038E1,2.865000153E1,2.143125153E1
3.908548849E0,1.640625000E1,2.775000191E1,2.304375076E1
3.928545405E0,1.610625076E1,2.784375191E1,2.306250000E1
3.948528668E0,1.580625057E1,2.838750076E1,2.235000038E1
3.968532791E0,1.636875153E1,2.632500076E1,2.366250038E1
3.988543666E0,1.580625057E1,2.557500076E1,2.482500076E1
4.008548338E0,1.563750076E1,2.463750076E1,2.565000153E1
4.028581834E0,1.721250153E1,2.379375076E1,2.767500114E1
4.048580415E0,1.558125019E1,2.330625153E1,2.656875038E1
4.068574134E0,1.567500019E1,2.349375153E1,2.668125153E1
4.088564468E0,1.597500038E1,2.319375038E1,2.666250038E1
4.108563736E0,1.620000076E1,2.266875076E1,2.686875153E1
4.128557504E0,1.561875057E1,2.227500153E1,2.730000114E1
4.148561520E0,1.591875076E1,2.216250038E1,2.728125191E1
4.168560431E0,1.552500057E1,2.218125153E1,2.709375191E1
4.188555831E0,1.591875076E1,2.184375000E1,2.760000038E1
4.208548128E0,1.586250019E1,2.118750000E1,2.707500076E1
4.228549631E0,1.593750095E1,2.145000076E1,2.769375038E1
4.248558732E0,1.558125019E1,2.088750076E1,2.739375114E1
4.268550199E0,1.546875095E1,2.124375153E1,2.791875076E1
4.288550921E0,1.576875019E1,2.109375000E1,2.718750191E1
4.308547387E0,1.575000095E1,2.135625076E1,2.760000038E1
4.328551933E0,1.884375000E1,1.931250000E1,2.874375153E1
4.348550454E0,2.051250076E1,1.871250153E1,2.962500191E1
4.368546929E0,1.848750114E1,1.884375000E1,2.853750038E1
4.388551104E0,1.998750114E1,1.906875038E1,3.234375000E1
4.408550357E0,1.953750038E1,1.884375000E1,2.985000038E1
4.428545689E0,1.882500076E1,1.921875000E1,3.030000114E1
4.448549324E0,1.830000114E1,1.856250000E1,2.844375038E1
4.468548761E0,1.942500114E1,1.895625114E1,3.121875191E1
4.488522542E0,1.972500038E1,1.867500114E1,3.078750038E1
4.508530825E0,1.845000076E1,1.921875000E1,2.895000076E1
4.528533926E0,1.876875114E1,1.888125038E1,2.936250114E1
4.548544001E0,1.835625076E1,1.897500038E1,2.988750076E1
4.568593035E0,1.837500000E1,1.867500114E1,2.968125153E1
4.588581579E0,1.828125000E1,1.880625153E1,2.947500038E1
4.608578172E0,1.807500076E1,1.888125038E1,2.990625191E1
4.628570739E0,1.916250038E1,1.830000114E1,3.060000038E1
4.648560325E0,1.760625076E1,1.884375000E1,2.908125114E1
4.668557803E0,1.751250076E1,1.841250038E1,2.970000076E1
4.688553581E0,1.740000153E1,1.850625038E1,2.981250191E1
4.708568556E0,1.771875000E1,1.800000000E1,2.970000076E1
4.728565202E0,1.758750153E1,1.899375153E1,2.981250191E1
4.748558183E0,1.792500114E1,1.813125038E1,2.906250191E1
4.768559891E0,1.830000114E1,1.818750000E1,2.958750153E1
4.788580245E0,1.751250076E1,1.831875038E1,2.960625076E1
4.808569126E0,1.723125076E1,1.803750038E1,2.940000153E1
4.828567294E0,1.741875076E1,1.852500153E1,2.951250076E1
4.848561718E0,1.790625000E1,1.841250038E1,2.958750153E1
4.868553303E0,1.730625153E1,1.860000038E1,2.981250191E1
4.888552888E0,1.790625000E1,1.861875153E1,2.917500114E1
4.908550349E0,1.801875114E1,1.800000000E1,2.958750153E1
4.928544367E0,1.790625000E1,1.863750076E1,2.887500191E1
4.948547308E0,1.790625000E1,1.854375076E1,2.908125114E1
4.968545804E0,1.811250114E1,1.858125114E1,2.823750114E1
4.988552158E0,1.841250038E1,1.824375153E1,2.865000153E1
5.008553391E0,1.820625114E1,1.845000076E1,2.865000153E1
5.028540244E0,1.839375114E1,1.867500114E1,2.823750114E1
5.048547169E0,1.830000114E1,1.822500038E1,2.895000076E1
5.068548752E0,1.897500038E1,1.861875153E1,2.872500038E1
5.088546312E0,1.897500038E1,1.873125076E1,2.851875114E1
5.108596742E0,1.888125038E1,1.858125114E1,2.780625153E1
5.128586183E0,1.936875153E1,1.854375076E1,2.808750153E1
5.148572540E0,1.959375000E1,1.805625153E1,2.788125038E1
5.168568544E0,1.974375153E1,1.882500076E1,2.829375076E1
5.188561187E0,2.032500076E1,1.914375114E1,2.745000076E1
5.208561155E0,2.032500076E1,1.903125000E1,2.775000191E1
5.228559134E0,2.145000076E1,1.785000038E1,2.885625076E1
5.248509994E0,2.120625114E1,1.888125038E1,2.805000114E1
5.268523039E0,2.101875114E1,1.918125153E1,2.660625076E1
5.288530387E0,2.173125076E1,1.798125076E1,2.791875076E1
5.308532800E0,2.229375076E1,1.906875038E1,2.604375076E1
5.328565298E0,2.171250153E1,1.933125114E1,2.521875191E1
5.348563855E0,2.180625153E1,1.927500153E1,2.626875114E1
5.368557712E0,2.205000114E1,2.004375076E1,2.626875114E1
5.388559518E0,2.326875114E1,1.891875076E1,2.632500076E1
5.408556771E0,2.296875000E1,1.957500076E1,2.561250114E1
5.428548972E0,2.371875000E1,1.974375153E1,2.735625076E1
5.448551965E0,2.373750114E1,1.951875114E1,2.589375114E1
5.468549865E0,2.411250114E1,2.015625000E1,2.505000114E1
5.488555492E0,2.461875153E1,1.970625114E1,2.566875076E1
5.508555942E0,2.439375114E1,2.071875000E1,2.390625000E1
5.528552076E0,2.520000076E1,1.974375153E1,2.471250153E1
5.548556387E0,2.576250076E1,2.056875038E1,2.386875153E1
5.568545702E0,2.587500191E1,2.026875114E1,2.386875153E1
5.588543097E0,2.641875076E1,2.116875076E1,2.334375000E1
5.608548466E0,2.713125038E1,2.066250038E1,2.321250153E1
5.628548866E0,2.829375076E1,2.079375076E1,2.390625000E1
5.648544128E0,2.761875153E1,2.066250038E1,2.298750114E1
5.668549370E0,2.799375153E1,2.130000114E1,2.214375114E1
5.688548820E0,2.848125076E1,2.118750000E1,2.212500000E1
5.708555718E0,2.896875191E1,2.154375076E1,2.086875153E1
5.728556923E0,2.896875191E1,2.173125076E1,2.098125076E1
5.748553437E0,2.964375114E1,2.182500076E1,2.055000114E1
5.768546821E0,3.005625153E1,2.124375153E1,2.011875153E1
5.788516359E0,3.061875153E1,2.218125153E1,1.906875038E1
5.808521286E0,3.082500076E1,2.152500153E1,1.998750114E1
5.828533480E0,3.150000191E1,2.229375076E1,1.852500153E1
5.848539240E0,3.226875305E1,2.214375114E1,1.880625153E1
5.868574001E0,3.208125305E1,2.250000000E1,1.788750076E1
5.888574069E0,3.275625229E1,2.272500038E1,1.713750076E1
5.908568639E0,3.305625153E1,2.295000076E1,1.640625000E1
5.928559591E0,3.423750305E1,2.298750114E1,1.511250019E1
5.948559301E0,3.414375305E1,2.270625114E1,1.490625095E1
5.968553976E0,3.461250305E1,2.334375000E1,1.385625076E1
5.988547086E0,3.493125153E1,2.310000038E1,1.271250057E1
6.008548672E0,3.601875305E1,2.289375114E1,1.235625076E1
6.028546174E0,3.588750076E1,2.373750114E1,1.143750000E1
6.048551731E0,3.650625229E1,2.306250000E1,1.100625038E1
6.068552009E0,3.652500153E1,2.285625076E1,1.089375019E1
6.088548572E0,3.759375000E1,2.343750000E1,9.000000000E0
6.108552947E0,3.828750229E1,2.289375114E1,9.281250000E0
6.128552065E0,3.811875153E1,2.268750000E1,8.043750763E0
6.148547626E0,3.868125153E1,2.362500000E1,6.675000191E0
6.168551126E0,3.937500000E1,2.298750114E1,7.068750381E0
6.188548907E0,3.988125229E1,2.353125000E1,4.462500095E0
6.208555629E0,4.055625153E1,2.349375153E1,4.556250095E0
6.228556619E0,4.046250153E1,2.386875153E1,3.506250143E0
6.248553113E0,4.126875305E1,2.317500114E1,2.962500095E0
6.268557333E0,4.125000000E1,2.356875038E1,2.868750095E0
6.288556839E0,4.177500153E1,2.334375000E1,1.293750048E0
6.308563687E0,4.245000076E1,2.381250000E1,-7.500000298E-2
6.328532522E0,4.239375305E1,2.304375076E1,-6.000000238E-1
6.348536359E0,4.235625076E1,2.418750191E1,-1.425000072E0
6.368535792E0,4.297500229E1,2.315625000E1,-1.143750072E0
6.388542986E0,4.325625229E1,2.362500000E1,-2.381250143E0
6.408589920E0,4.335000229E1,2.386875153E1,-3.525000095E0
6.428577098E0,4.455000305E1,2.349375153E1,-4.406250000E0
6.448572895E0,4.387500000E1,2.332500076E1,-4.387500286E0
6.468565042E0,4.436250305E1,2.364375114E1,-5.118750095E0
6.488565861E0,4.406250000E1,2.368125153E1,-5.737500191E0
6.508560849E0,4.455000305E1,2.386875153E1,-5.850000381E0
6.528565862E0,4.466250229E1,2.371875000E1,-6.487500191E0
6.548576701E0,4.447500229E1,2.355000114E1,-7.106250286E0
6.568569548E0,4.449375153E1,2.358750153E1,-7.725000381E0
6.588559723E0,4.488750076E1,2.332500076E1,-8.568750381E0
6.608559318E0,4.500000000E1,2.287500000E1,-7.743750095E0
6.628566925E0,4.646250153E1,2.270625114E1,-7.275000095E0
6.648557520E0,4.471875000E1,2.306250000E1,-9.075000763E0
6.668556923E0,4.509375000E1,2.373750114E1,-1.065000057E1
6.688552818E0,4.492500305E1,2.345625114E1,-1.095000076E1
6.708545538E0,4.503750229E1,2.308125114E1,-1.117500019E1
6.728546335E0,4.526250076E1,2.263125038E1,-1.211250019E1
6.748544759E0,4.507500076E1,2.257500076E1,-1.284375095E1
6.768550901E0,4.507500076E1,2.253750038E1,-1.220625019E1
6.788551670E0,4.488750076E1,2.238750076E1,-1.293750095E1
6.808548472E0,4.500000000E1,2.203125000E1,-1.357500076E1
6.828552957E0,4.494375229E1,2.161875153E1,-1.522500038E1
6.848552957E0,4.533750153E1,2.090625000E1,-1.336875057E1
6.868538726E0,4.470000076E1,2.036250114E1,-1.533750057E1
6.888544809E0,4.470000076E1,2.038125038E1,-1.575000095E1
6.908545740E0,4.443750000E1,2.004375076E1,-1.678125000E1
6.928542876E0,4.417500305E1,1.925625038E1,-1.678125000E1
6.948593034E0,4.470000076E1,1.884375000E1,-1.826250076E1
6.968593668E0,4.441875076E1,1.899375153E1,-1.897500038E1
6.988588560E0,4.464375305E1,1.807500076E1,-1.888125038E1
7.008579381E0,4.378125000E1,1.783125114E1,-1.918125153E1
7.028567642E0,4.359375000E1,1.788750076E1,-2.021250153E1
7.048564515E0,4.355625153E1,1.698750114E1,-2.156250000E1
7.068559739E0,4.355625153E1,1.666875076E1,-2.115000153E1
7.088508367E0,4.338750076E1,1.633125114E1,-2.208750153E1
7.108519942E0,4.291875076E1,1.593750095E1,-2.197500038E1
7.128526254E0,4.256250000E1,1.516875076E1,-2.227500153E1
7.148528233E0,4.278750229E1,1.440000057E1,-2.259375000E1
7.168549221E0,4.241250229E1,1.458750057E1,-2.403750038E1
7.188550452E0,4.275000000E1,1.361250019E1,-2.446875191E1
7.208546587E0,4.218750000E1,1.346250057E1,-2.508750153E1
7.228550384E0,4.200000000E1,1.327500057E1,-2.527500153E1
7.248549332E0,4.132500076E1,1.291875076E1,-2.536875153E1
7.268555180E0,4.115625000E1,1.265625095E1,-2.589375114E1
7.288556098E0,4.110000229E1,1.160625076E1,-2.671875191E1
7.308552250E0,4.121250153E1,1.132500076E1,-2.694375038E1
7.328556323E0,3.995625305E1,1.104375076E1,-2.670000076E1
7.348555316E0,4.020000076E1,1.027500057E1,-2.722500038E1
7.368550159E0,3.935625076E1,9.768750191E0,-2.814375114E1
7.388553720E0,3.973125076E1,9.956250191E0,-2.814375114E1
7.408553425E0,3.864375305E1,8.325000763E0,-2.853750038E1
7.428547865E0,3.853125000E1,8.643750191E0,-2.895000076E1
7.448550830E0,3.836250305E1,8.418750763E0,-3.009375191E1
7.468549107E0,3.838125229E1,7.518750191E0,-2.979375076E1
7.488600270E0,3.763125229E1,6.843750477E0,-2.986875153E1
7.508590578E0,3.736875153E1,6.487500191E0,-3.048750114E1
7.528577265E0,3.710625076E1,6.150000095E0,-3.110625076E1
7.548573681E0,3.665625000E1,5.381250381E0,-3.142500114E1
7.568566388E0,3.626250076E1,5.100000381E0,-3.161250114E1
7.588555746E0,3.558750153E1,5.025000095E0,-3.159375191E1
7.608556233E0,3.564375305E1,4.200000286E0,-3.264375305E1
7.628509150E0,3.532500076E1,4.481250286E0,-3.211875153E1
7.648512584E0,3.466875076E1,4.012500286E0,-3.230625153E1
7.668524099E0,3.478125000E1,3.862500191E0,-3.313125229E1
7.688530120E0,3.380625153E1,3.881250143E0,-3.300000000E1
7.708565401E0,3.384375000E1,3.187500238E0,-3.322500229E1
7.728566198E0,3.382500076E1,3.393750191E0,-3.322500229E1
7.748561599E0,3.294375229E1,3.431250095E0,-3.350625229E1
7.768564397E0,3.268125153E1,3.000000000E0,-3.421875000E1
7.788562295E0,3.288750076E1,2.793750048E0,-3.423750305E1
7.808554826E0,3.251250076E1,2.512500048E0,-3.442500305E1
7.828546612E0,3.213750076E1,2.343750000E0,-3.474375153E1
7.848547276E0,3.148125076E1,1.556250095E0,-3.461250305E1
7.868543664E0,3.101250076E1,1.650000095E0,-3.575625229E1
7.888548529E0,3.052500153E1,1.200000048E0,-3.448125076E1
7.908548443E0,3.007500076E1,3.375000060E-1,-3.480000305E1
7.928544704E0,2.977500153E1,6.562500000E-1,-3.498750305E1
7.948550012E0,2.921250153E1,3.000000119E-1,-3.549375153E1
7.968548937E0,2.893125153E1,-1.125000045E-1,-3.517500305E1
7.988555409E0,2.866875076E1,-8.812500238E-1,-3.528750229E1
8.008556094E0,2.838750076E1,-8.625000119E-1,-3.547500229E1
8.028551675E0,2.769375038E1,-8.250000477E-1,-3.586875153E1
8.048556671E0,2.731875038E1,-1.218750000E0,-3.555000305E1
8.068555973E0,2.713125038E1,-7.687500119E-1,-3.637500000E1
8.088551324E0,2.666250038E1,-1.575000048E0,-3.596250153E1
8.108554576E0,2.585625076E1,-9.375000596E-1,-3.613125229E1
8.128553184E0,2.529375076E1,-1.425000072E0,-3.622500229E1
8.148548299E0,2.490000153E1,-1.387500048E0,-3.652500153E1
8.168518962E0,2.521875191E1,-1.706250072E0,-3.631875229E1
8.188525055E0,2.473125076E1,-1.875000119E0,-3.661875153E1
8.208526499E0,2.407500076E1,-2.381250143E0,-3.618750000E1
8.228535338E0,2.356875038E1,-2.137500048E0,-3.648750305E1
8.248583929E0,2.330625153E1,-2.512500048E0,-3.669375229E1
8.268572198E0,2.272500038E1,-2.456250191E0,-3.729375076E1
8.288568730E0,2.274375153E1,-2.981250048E0,-3.688125229E1
8.308561353E0,2.227500153E1,-3.393750191E0,-3.656250000E1
8.328562397E0,2.190000153E1,-3.806250095E0,-3.770625305E1
8.348558759E0,2.161875153E1,-3.993750095E0,-3.768750000E1
8.368563491E0,2.094375038E1,-4.406250000E0,-3.695625305E1
8.388563033E0,2.026875114E1,-4.275000095E0,-3.723750305E1
8.408558240E0,2.000625038E1,-4.706250191E0,-3.817500305E1
8.428550481E0,1.942500114E1,-4.893750191E0,-3.804375076E1
8.448551718E0,1.923750114E1,-5.100000381E0,-3.795000076E1
8.468560519E0,1.865625000E1,-5.381250381E0,-3.793125153E1
8.488563532E0,1.818750000E1,-5.456250191E0,-3.781875229E1
8.508561187E0,1.826250076E1,-5.250000000E0,-3.811875153E1
8.528555406E0,1.711875153E1,-5.606250286E0,-3.810000229E1
8.548557825E0,1.732500076E1,-5.943750381E0,-3.748125076E1
8.568554926E0,1.790625000E1,-6.168750286E0,-3.750000000E1
8.588560998E0,1.633125114E1,-5.700000286E0,-3.796875000E1
8.608561454E0,1.663125038E1,-5.475000381E0,-3.860625076E1
8.628557901E0,1.685625076E1,-6.262500286E0,-3.860625076E1
8.648550737E0,1.571250057E1,-6.600000381E0,-3.900000000E1
8.668552531E0,1.496250057E1,-5.343750000E0,-3.802500153E1
8.688550542E0,1.440000057E1,-6.150000095E0,-3.750000000E1
8.708523716E0,1.400625038E1,-5.850000381E0,-3.748125076E1
8.728531415E0,1.402500057E1,-6.393750191E0,-3.821250153E1
8.748534182E0,1.353750038E1,-6.168750286E0,-3.840000153E1
8.768544142E0,1.284375095E1,-6.206250191E0,-3.755625153E1
8.788593264E0,1.256250095E1,-6.281250477E0,-3.776250076E1
8.808581757E0,1.230000019E1,-6.993750095E0,-3.744375229E1
8.828578399E0,1.158750057E1,-6.600000381E0,-3.699375153E1
8.848571229E0,1.093125057E1,-7.068750381E0,-3.699375153E1
8.868560888E0,1.102500057E1,-7.068750381E0,-3.708750153E1
8.888558816E0,1.076250076E1,-7.537500381E0,-3.729375076E1
8.908554798E0,1.006875038E1,-7.256250381E0,-3.675000000E1
8.928504207E0,9.506250381E0,-7.687500477E0,-3.746250153E1
8.948516366E0,9.131250381E0,-8.100000381E0,-3.714375305E1
8.968523133E0,9.056250572E0,-8.906250000E0,-3.673125076E1
8.988536469E0,8.850000381E0,-8.625000000E0,-3.641250229E1
9.008554498E0,7.706250191E0,-9.168750763E0,-3.680625153E1
9.028553296E0,7.706250191E0,-8.962500572E0,-3.680625153E1
9.048558794E0,6.825000286E0,-9.150000572E0,-3.667500305E1
9.068558551E0,6.918750286E0,-8.962500572E0,-3.646875000E1
9.088553852E0,6.750000477E0,-9.637500763E0,-3.656250000E1
9.108556288E0,5.850000381E0,-9.450000763E0,-3.581250000E1
9.128555173E0,6.375000477E0,-9.712500572E0,-3.676875305E1
9.148549720E0,5.775000095E0,-9.731250763E0,-3.601875305E1
9.168552570E0,5.493750095E0,-9.806250572E0,-3.654375076E1
9.188550750E0,5.456250191E0,-9.243750572E0,-3.579375076E1
9.208545522E0,4.706250191E0,-9.900000572E0,-3.600000000E1
9.228549038E0,4.800000191E0,-9.825000763E0,-3.568125153E1
9.248538078E0,4.218750000E0,-9.787500381E0,-3.607500076E1
9.268546350E0,4.500000000E0,-9.956250191E0,-3.515625000E1
9.288548838E0,3.918750048E0,-9.787500381E0,-3.586875153E1
9.308546851E0,4.012500286E0,-9.825000763E0,-3.534375000E1
9.328597699E0,3.937500238E0,-9.956250191E0,-3.628125000E1
9.348587655E0,3.450000048E0,-1.010625076E1,-3.523125076E1
9.368574215E0,2.362500191E0,-9.637500763E0,-3.581250000E1
9.388570325E0,2.850000143E0,-9.656250000E0,-3.594375229E1
9.408562940E0,2.456250191E0,-9.450000763E0,-3.571875000E1
9.428552064E0,2.268750191E0,-9.637500763E0,-3.601875305E1
9.448541234E0,2.456250191E0,-9.300000191E0,-3.654375076E1
9.468496620E0,2.362500191E0,-9.712500572E0,-3.645000076E1
9.488513612E0,1.762500048E0,-9.168750763E0,-3.705000305E1
9.508524501E0,1.762500048E0,-9.168750763E0,-3.684375000E1
9.528529795E0,1.968750119E0,-9.037500381E0,-3.757500076E1
9.548552987E0,1.987500072E0,-9.525000572E0,-3.757500076E1
9.568555463E0,1.387500048E0,-9.337500572E0,-3.723750305E1
9.588552808E0,1.968750119E0,-8.981250763E0,-3.851250076E1
9.608557526E0,1.875000119E0,-8.868750572E0,-3.870000076E1
9.628556630E0,2.643750191E0,-8.737500191E0,-3.800625229E1
9.648550129E0,1.406250000E0,-9.243750572E0,-3.870000076E1
9.668553596E0,2.475000143E0,-9.150000572E0,-3.935625076E1
9.688552049E0,2.250000000E0,-8.887500763E0,-3.862500000E1
9.708557874E0,2.475000143E0,-9.262500763E0,-3.915000153E1
9.728558179E0,2.643750191E0,-8.643750191E0,-3.945000076E1
9.748554147E0,2.756250143E0,-9.093750000E0,-3.873750305E1
9.768558550E0,3.131250143E0,-8.775000572E0,-3.926250076E1
9.788547736E0,3.525000095E0,-8.550000191E0,-3.999375153E1
9.808544998E0,3.318750143E0,-8.362500191E0,-3.967500305E1
9.828550219E0,3.506250143E0,-8.175000191E0,-3.969375229E1
9.848550424E0,3.412500143E0,-8.268750191E0,-3.958125305E1
9.868603087E0,3.581250191E0,-7.781250477E0,-3.958125305E1
9.888594620E0,4.087500095E0,-8.100000381E0,-3.939375305E1
9.908582176E0,3.693750143E0,-7.762500286E0,-3.990000153E1
9.928567714E0,4.556250095E0,-7.687500477E0,-4.012500000E1
9.948563378E0,4.143750191E0,-7.293750286E0,-3.980625153E1
9.968554985E0,4.350000381E0,-7.406250477E0,-3.960000229E1
9.988557514E0,5.118750095E0,-7.125000477E0,-3.973125076E1
1.000852333E1,4.631250381E0,-7.106250286E0,-3.991875076E1
1.002852537E1,4.725000381E0,-7.106250286E0,-4.003125000E1
1.004853538E1,5.006250381E0,-6.712500095E0,-4.014375305E1
1.006854002E1,4.818750381E0,-6.675000191E0,-4.053750229E1
1.008857390E1,5.493750095E0,-6.843750477E0,-3.984375000E1
1.010856212E1,5.268750191E0,-6.112500191E0,-4.014375305E1
1.012855934E1,5.662500381E0,-6.243750095E0,-3.984375000E1
1.014855277E1,5.381250381E0,-6.356250286E0,-3.941250229E1
1.016855463E1,5.662500381E0,-6.356250286E0,-3.963750076E1
1.018855078E1,5.587500095E0,-6.862500191E0,-3.943125153E1
1.020854532E1,4.987500191E0,-6.243750095E0,-3.950625229E1
1.022854826E1,5.868750095E0,-6.525000095E0,-3.870000076E1
1.024854689E1,5.587500095E0,-6.806250095E0,-3.870000076E1
1.026855286E1,5.868750095E0,-6.825000286E0,-3.860625076E1
1.028855351E1,5.306250095E0,-6.993750095E0,-3.870000076E1
1.030855014E1,5.793750286E0,-7.350000381E0,-3.787500000E1
1.032854455E1,5.793750286E0,-7.462500095E0,-3.787500000E1
1.034854606E1,5.400000095E0,-7.368750095E0,-3.744375229E1
1.036854333E1,5.025000095E0,-7.968750477E0,-3.703125000E1
1.038854873E1,4.725000381E0,-7.893750191E0,-3.639375305E1
1.040854817E1,4.368750095E0,-8.550000191E0,-3.712500000E1
1.042854480E1,4.650000095E0,-8.400000572E0,-3.618750000E1
1.044854888E1,4.050000191E0,-8.418750763E0,-3.575625229E1
1.046854815E1,4.181250095E0,-8.887500763E0,-3.618750000E1
1.048855476E1,3.806250095E0,-9.356250763E0,-3.658125305E1
1.050855588E1,3.806250095E0,-9.187500000E0,-3.607500076E1
1.052855267E1,3.337500095E0,-9.768750191E0,-3.605625153E1
1.054852470E1,3.637500048E0,-9.787500381E0,-3.585000229E1
1.056853146E1,3.150000095E0,-9.712500572E0,-3.667500305E1
1.058853332E1,3.037500143E0,-9.656250000E0,-3.594375229E1
1.060854244E1,2.775000095E0,-1.038750076E1,-3.521250153E1
1.062857822E1,2.287500143E0,-1.048125076E1,-3.498750305E1
1.064858059E1,2.006250143E0,-1.059375000E1,-3.478125000E1
1.066857677E1,2.212500095E0,-1.087500000E1,-3.498750305E1
1.068856897E1,1.631250024E0,-1.113750076E1,-3.528750229E1
1.070855834E1,1.331250072E0,-1.121250057E1,-3.393750000E1
1.072855618E1,1.818750024E0,-1.095000076E1,-3.508125305E1
1.074855178E1,9.562500119E-1,-1.102500057E1,-3.506250000E1
1.076855537E1,8.625000119E-1,-1.145625019E1,-3.465000153E1
1.078855441E1,2.625000179E-1,-1.117500019E1,-3.399375153E1
1.080854980E1,3.750000000E-1,-1.177500057E1,-3.401250076E1
1.082855343E1,3.562500179E-1,-1.095000076E1,-3.431250000E1
1.084856390E1,3.750000000E-1,-1.156875038E1,-3.410625076E1
1.086856812E1,1.875000000E-1,-1.155000019E1,-3.431250000E1
1.088856656E1,-1.875000000E-1,-1.171875000E1,-3.472500229E1
1.090856109E1,-1.125000045E-1,-1.155000019E1,-3.399375153E1
1.092855269E1,-5.062500238E-1,-1.132500076E1,-3.429375076E1
1.094855281E1,-8.062500358E-1,-1.134375000E1,-3.386250305E1
1.096854986E1,-7.875000238E-1,-1.171875000E1,-3.438750076E1
1.098855473E1,-9.562500119E-1,-1.200000000E1,-3.450000000E1
1.100855467E1,-9.562500119E-1,-1.235625076E1,-3.356250000E1
1.102855059E1,-7.687500119E-1,-1.201875019E1,-3.429375076E1
1.104855500E1,-4.687500298E-1,-1.233750057E1,-3.388125229E1
1.106855459E1,-4.875000119E-1,-1.201875019E1,-3.429375076E1
1.108852894E1,-1.350000024E0,-1.213125038E1,-3.354375076E1
1.110853736E1,-1.143750072E0,-1.218750095E1,-3.438750076E1
1.112854049E1,-1.162500024E0,-1.220625019E1,-3.418125153E1
1.114853929E1,-1.050000072E0,-1.220625019E1,-3.438750076E1
1.116857976E1,-1.275000095E0,-1.162500000E1,-3.386250305E1
1.118857305E1,-1.256250024E0,-1.209375095E1,-3.427500153E1
1.120856243E1,-1.350000024E0,-1.241250038E1,-3.406875229E1
1.122856103E1,-1.443750024E0,-1.205625057E1,-3.478125000E1
1.124855573E1,-8.437500596E-1,-1.293750095E1,-3.376875305E1
1.126855854E1,-1.031250000E0,-1.269375038E1,-3.450000000E1
1.128855707E1,-1.050000072E0,-1.263750076E1,-3.376875305E1
1.130850837E1,-1.500000000E0,-1.308750057E1,-3.406875229E1
1.132852158E1,-1.443750024E0,-1.252500057E1,-3.365625000E1
1.134852899E1,-1.725000024E0,-1.267500019E1,-3.427500153E1
1.136853159E1,-1.125000000E0,-1.280625057E1,-3.397500229E1
1.138855270E1,-9.375000596E-1,-1.282500076E1,-3.376875305E1
1.140855364E1,-1.050000072E0,-1.263750076E1,-3.365625000E1
1.142854962E1,-4.687500298E-1,-1.280625057E1,-3.264375305E1
1.144855350E1,-5.625000000E-1,-1.256250095E1,-3.346875000E1
1.146855214E1,-1.687500030E-1,-1.290000057E1,-3.285000229E1
1.148855663E1,-8.625000119E-1,-1.213125038E1,-3.376875305E1
1.150855750E1,-8.812500238E-1,-1.203750038E1,-3.365625000E1
1.152855366E1,-9.750000238E-1,-1.171875000E1,-3.427500153E1
1.154855760E1,-5.062500238E-1,-1.130625057E1,-3.470625305E1
1.156855669E1,-6.187500358E-1,-1.123125076E1,-3.429375076E1
1.158855162E1,-3.750000149E-2,-1.115625000E1,-3.399375153E1
1.160855513E1,-5.250000358E-1,-1.081875038E1,-3.459375000E1
1.162854371E1,-2.437500060E-1,-1.059375000E1,-3.523125076E1
1.164854064E1,1.012500048E0,-1.046250057E1,-3.474375153E1
1.166854570E1,5.062500238E-1,-9.825000763E0,-3.504375076E1
1.168854587E1,3.187500238E-1,-9.712500572E0,-3.534375000E1
1.170861007E1,2.250000089E-1,-9.675000191E0,-3.586875153E1
1.172859897E1,-1.875000000E-1,-9.581250191E0,-3.543750000E1
1.174858431E1,2.812500000E-1,-9.206250191E0,-3.543750000E1
1.176857914E1,3.937500119E-1,-8.962500572E0,-3.616875076E1
1.178857072E1,1.875000000E-1,-8.868750572E0,-3.605625153E1
1.180855887E1,8.625000119E-1,-8.456250191E0,-3.660000229E1
1.182854705E1,6.562500000E-1,-8.456250191E0,-3.669375229E1
1.184850202E1,3.375000060E-1,-7.725000381E0,-3.720000076E1
1.186850745E1,3.375000060E-1,-7.837500095E0,-3.678750229E1
1.188852084E1,8.250000477E-1,-7.762500286E0,-3.680625153E1
1.190852844E1,4.312500060E-1,-7.425000191E0,-3.720000076E1
1.192855361E1,8.250000477E-1,-7.500000477E0,-3.772500229E1
1.194855777E1,4.312500060E-1,-7.181250095E0,-3.813750076E1
1.196855620E1,6.375000477E-1,-7.387500286E0,-3.804375076E1
1.198856162E1,4.500000179E-1,-7.443750381E0,-3.875625229E1
1.200856135E1,2.437500060E-1,-7.200000286E0,-3.937500000E1
1.202855630E1,3.375000060E-1,-7.143750191E0,-3.864375305E1
1.204854873E1,6.187500358E-1,-6.937500477E0,-3.886875153E1
1.206854963E1,2.625000179E-1,-7.631250381E0,-3.886875153E1
1.208854636E1,4.500000179E-1,-7.181250095E0,-3.990000153E1
1.210855108E1,3.562500179E-1,-7.350000381E0,-4.031250000E1
1.212855091E1,3.375000060E-1,-6.918750286E0,-3.907500076E1
1.214855832E1,5.437500477E-1,-7.106250286E0,-3.948750305E1
1.216854969E1,4.500000179E-1,-7.162500381E0,-4.021875000E1
1.218854866E1,4.500000179E-1,-7.425000191E0,-3.907500076E1
1.220854384E1,-1.500000060E-1,-6.843750477E0,-3.999375153E1
1.222854757E1,4.312500060E-1,-7.012500286E0,-3.937500000E1
1.224860286E1,-1.312500089E-1,-7.350000381E0,-3.988125229E1
1.226859634E1,2.437500060E-1,-7.068750381E0,-3.990000153E1
1.228858542E1,1.500000060E-1,-6.731250286E0,-4.061250305E1
1.230857217E1,1.500000060E-1,-7.068750381E0,-3.978750229E1
1.232856854E1,2.812500000E-1,-7.537500381E0,-4.042500305E1
1.234856326E1,7.500000298E-2,-7.556250095E0,-3.990000153E1
1.236856539E1,-9.375000000E-2,-7.931250095E0,-4.010625076E1
1.238851916E1,5.625000224E-2,-7.237500191E0,-4.031250000E1
1.240852332E1,7.500000298E-2,-7.462500095E0,-3.990000153E1
1.242852409E1,-1.875000075E-2,-7.556250095E0,-3.978750229E1
1.244853286E1,-5.062500238E-1,-7.631250381E0,-4.008750153E1
1.246857018E1,-5.250000358E-1,-7.462500095E0,-3.956250000E1
1.248856135E1,5.812500119E-1,-7.743750095E0,-4.033125305E1
1.250856070E1,1.875000000E-1,-7.762500286E0,-3.978750229E1
1.252855595E1,7.500000298E-2,-7.631250381E0,-4.020000076E1
1.254855909E1,-1.875000075E-2,-7.781250477E0,-3.926250076E1
1.256855617E1,-1.875000075E-2,-7.762500286E0,-3.978750229E1
1.258856250E1,7.500000298E-2,-7.893750191E0,-3.916875076E1
1.260856282E1,7.500000298E-2,-7.781250477E0,-3.958125305E1
1.262855895E1,3.937500119E-1,-7.950000286E0,-4.021875000E1
1.264855174E1,2.812500000E-1,-8.006250381E0,-3.896250153E1
1.266855343E1,3.750000000E-1,-7.743750095E0,-4.010625076E1
1.268855130E1,0.000000000E0,-8.287500381E0,-3.937500000E1
1.270854684E1,1.875000000E-1,-7.837500095E0,-4.021875000E1
1.272854945E1,3.000000119E-1,-8.362500191E0,-3.980625153E1
1.274854729E1,1.125000045E-1,-8.343750000E0,-4.001250076E1
1.276855299E1,2.062500119E-1,-8.287500381E0,-3.937500000E1
1.278855355E1,0.000000000E0,-8.156250000E0,-3.978750229E1
1.280855017E1,-1.875000000E-1,-8.362500191E0,-3.946875000E1
1.282855435E1,6.937500238E-1,-8.362500191E0,-3.991875076E1
1.284855355E1,0.000000000E0,-8.381250381E0,-3.937500000E1
1.286854888E1,0.000000000E0,-8.156250000E0,-3.969375229E1
1.288855226E1,4.875000119E-1,-8.381250381E0,-3.960000229E1
1.290855132E1,3.937500119E-1,-8.362500191E0,-3.990000153E1
1.292852539E1,9.375000000E-2,-7.987500191E0,-3.928125000E1
1.294853376E1,2.062500119E-1,-8.250000000E0,-3.990000153E1
1.296853677E1,3.000000119E-1,-8.587500572E0,-3.918750000E1
1.298854672E1,2.062500119E-1,-8.606250763E0,-3.896250153E1
1.300858419E1,-9.375000000E-2,-8.493750572E0,-3.896250153E1
1.302857523E1,2.250000089E-1,-8.793750763E0,-3.928125000E1
1.304857430E1,1.875000000E-1,-8.306250572E0,-3.886875153E1
1.306856847E1,2.812500000E-1,-8.062500000E0,-3.969375229E1
1.308855964E1,1.875000000E-1,-8.306250572E0,-3.896250153E1
1.310855842E1,1.875000075E-2,-8.681250572E0,-3.916875076E1
1.312855540E1,1.125000045E-1,-8.662500381E0,-3.960000229E1
1.314855978E1,5.062500238E-1,-8.775000572E0,-3.960000229E1
1.316855943E1,-1.687500030E-1,-8.887500763E0,-3.905625153E1
1.318855496E1,6.000000238E-1,-8.681250572E0,-3.960000229E1
1.320855877E1,-7.500000298E-2,-8.681250572E0,-3.916875076E1
1.322855821E1,-9.375000000E-2,-8.493750572E0,-3.916875076E1
1.324855366E1,3.187500238E-1,-9.206250191E0,-3.898125076E1
1.326855717E1,3.000000119E-1,-8.418750763E0,-3.896250153E1
1.328855602E1,6.937500238E-1,-8.681250572E0,-3.960000229E1
1.330855083E1,2.062500119E-1,-8.700000763E0,-3.907500076E1
1.332855336E1,6.187500358E-1,-8.943750381E0,-4.012500000E1
1.334854156E1,7.125000358E-1,-8.737500191E0,-4.053750229E1
1.336853925E1,2.437500060E-1,-8.906250000E0,-4.053750229E1
1.338854502E1,1.875000075E-2,-8.643750191E0,-3.990000153E1
1.340854588E1,1.875000075E-2,-8.812500000E0,-3.886875153E1
1.342854260E1,4.125000238E-1,-8.587500572E0,-3.939375305E1
1.344854772E1,-2.625000179E-1,-9.187500000E0,-3.885000229E1
1.346853765E1,1.125000045E-1,-8.793750763E0,-3.907500076E1
1.348854679E1,-3.750000000E-1,-8.906250000E0,-3.853125000E1
1.350855013E1,6.000000238E-1,-8.625000000E0,-3.886875153E1
1.352854865E1,1.312500089E-1,-9.206250191E0,-3.875625229E1
1.354858832E1,5.250000358E-1,-9.131250381E0,-3.877500153E1
1.356858105E1,3.000000119E-1,-8.700000763E0,-3.898125076E1
1.358857003E1,3.187500238E-1,-9.112500191E0,-3.886875153E1
1.360856810E1,4.125000238E-1,-9.000000000E0,-3.918750000E1
1.362856210E1,2.250000089E-1,-8.906250000E0,-3.875625229E1
1.364855200E1,6.000000238E-1,-9.000000000E0,-3.763125229E1
1.366855313E1,1.875000075E-2,-8.906250000E0,-3.886875153E1
1.368856127E1,1.875000075E-2,-8.831250191E0,-3.843750000E1
1.370856359E1,3.000000119E-1,-8.831250191E0,-3.866250229E1
1.372856144E1,5.250000358E-1,-9.318750381E0,-3.868125153E1
1.374855569E1,4.312500060E-1,-9.412500381E0,-3.888750076E1
1.376855867E1,1.012500048E0,-9.093750000E0,-3.961875153E1
1.378855700E1,4.312500060E-1,-9.543750763E0,-3.836250305E1
1.380855132E1,9.375000000E-2,-8.306250572E0,-3.896250153E1
1.382855443E1,3.187500238E-1,-9.037500381E0,-3.856875229E1
1.384855294E1,5.062500238E-1,-8.887500763E0,-3.950625229E1
1.386854688E1,3.375000060E-1,-9.431250572E0,-3.856875229E1
1.388855074E1,4.125000238E-1,-8.943750381E0,-3.836250305E1
1.390854965E1,4.125000238E-1,-8.906250000E0,-3.886875153E1
1.392854481E1,5.250000358E-1,-9.112500191E0,-3.888750076E1
1.394854848E1,3.187500238E-1,-8.812500000E0,-3.886875153E1
1.396854734E1,4.125000238E-1,-8.812500000E0,-3.898125076E1
1.398855414E1,8.250000477E-1,-9.525000572E0,-3.888750076E1
1.400853424E1,7.125000358E-1,-9.131250381E0,-3.877500153E1
1.402853577E1,-5.625000224E-2,-9.281250000E0,-3.907500076E1
1.404854455E1,1.312500089E-1,-9.300000191E0,-3.907500076E1
1.406854766E1,2.437500060E-1,-9.281250000E0,-3.928125000E1
1.408860234E1,8.250000477E-1,-9.093750000E0,-3.950625229E1
1.410858396E1,5.250000358E-1,-9.112500191E0,-3.898125076E1
1.412857511E1,3.750000149E-2,-9.262500763E0,-3.939375305E1
1.414856357E1,-5.625000224E-2,-9.375000000E0,-3.928125000E1
1.416856140E1,3.750000149E-2,-9.243750572E0,-3.969375229E1
1.418855436E1,1.500000060E-1,-9.356250763E0,-3.969375229E1
1.420854673E1,2.250000089E-1,-9.318750381E0,-3.856875229E1
1.422850463E1,4.312500060E-1,-9.506250381E0,-3.877500153E1
1.424851227E1,4.312500060E-1,-9.281250000E0,-3.939375305E1
1.426852720E1,1.312500089E-1,-9.150000572E0,-3.980625153E1
1.428853523E1,3.375000060E-1,-9.300000191E0,-3.898125076E1
1.430857195E1,5.437500477E-1,-9.618750572E0,-3.888750076E1
1.432857365E1,4.312500060E-1,-9.337500572E0,-3.836250305E1
1.434856940E1,5.625000224E-2,-9.375000000E0,-3.928125000E1
1.436856127E1,1.312500089E-1,-8.981250763E0,-3.928125000E1
1.438856173E1,1.500000060E-1,-9.600000381E0,-3.898125076E1
1.440855670E1,2.250000089E-1,-9.300000191E0,-3.886875153E1
1.442855015E1,5.625000224E-2,-9.675000191E0,-3.907500076E1
1.444855194E1,-2.625000179E-1,-8.981250763E0,-3.896250153E1
1.446854943E1,1.500000060E-1,-9.506250381E0,-3.886875153E1
1.448855478E1,3.000000119E-1,-8.606250763E0,-3.886875153E1
1.450855494E1,2.250000089E-1,-8.925000191E0,-3.866250229E1
1.452855131E1,5.250000358E-1,-8.981250763E0,-3.950625229E1
1.454854560E1,4.125000238E-1,-9.112500191E0,-3.886875153E1
1.456854714E1,1.312500089E-1,-9.093750000E0,-3.918750000E1
1.458854447E1,1.312500089E-1,-9.131250381E0,-3.834375000E1
1.460854965E1,1.125000045E-1,-8.812500000E0,-3.886875153E1
1.462860649E1,3.000000119E-1,-8.831250191E0,-3.855000305E1
1.464860095E1,9.000000358E-1,-9.056250572E0,-3.836250305E1
1.466859074E1,2.062500119E-1,-8.400000572E0,-3.896250153E1
1.468857756E1,4.125000238E-1,-8.812500000E0,-3.886875153E1
1.470856299E1,7.125000358E-1,-8.756250381E0,-3.991875076E1
1.472855764E1,6.000000238E-1,-8.925000191E0,-3.888750076E1
1.474855143E1,3.000000119E-1,-8.475000381E0,-3.948750305E1
1.476851065E1,-9.375000000E-2,-8.475000381E0,-3.937500000E1
1.478851925E1,9.375000000E-2,-8.306250572E0,-3.886875153E1
1.480852341E1,3.000000119E-1,-8.587500572E0,-3.928125000E1
1.482853495E1,-0.000000000E0,-8.175000191E0,-3.948750305E1
1.484856310E1,3.000000119E-1,-8.400000572E0,-3.918750000E1
1.486856944E1,4.125000238E-1,-8.456250191E0,-3.991875076E1
1.488856934E1,5.812500119E-1,-8.193750381E0,-3.960000229E1
1.490856447E1,3.750000000E-1,-8.006250381E0,-3.928125000E1
1.492855594E1,0.000000000E0,-8.400000572E0,-3.907500076E1
1.494855501E1,-1.125000045E-1,-8.006250381E0,-3.896250153E1
1.496855205E1,5.062500238E-1,-8.475000381E0,-3.980625153E1
1.498855672E1,-2.062500119E-1,-7.762500286E0,-3.967500305E1
1.500855635E1,-0.000000000E0,-7.931250095E0,-4.031250000E1
1.502855183E1,3.937500119E-1,-8.156250000E0,-3.990000153E1
1.504855548E1,-0.000000000E0,-7.950000286E0,-3.978750229E1
1.506855477E1,2.062500119E-1,-8.231250763E0,-4.021875000E1
1.508855135E1,1.687500030E-1,-7.668750286E0,-3.969375229E1
1.510855452E1,5.625000224E-2,-7.368750095E0,-3.978750229E1
1.512855286E1,-2.062500119E-1,-8.081250191E0,-3.916875076E1
1.514854760E1,1.875000000E-1,-7.631250381E0,-4.051875305E1
1.516854965E1,9.375000000E-2,-7.856250286E0,-3.999375153E1
1.518854876E1,-3.000000119E-1,-7.706250191E0,-4.050000000E1
1.520855510E1,9.375000000E-2,-7.837500095E0,-4.010625076E1
1.522855597E1,-9.375000000E-2,-7.687500477E0,-4.093125153E1
1.524855247E1,2.812500000E-1,-7.837500095E0,-4.021875000E1
1.526855927E1,-2.062500119E-1,-7.406250477E0,-4.072500229E1
1.528855861E1,9.375000000E-2,-7.781250477E0,-4.104375076E1
1.530852115E1,1.875000000E-1,-7.706250191E0,-4.072500229E1
1.532853164E1,-6.187500358E-1,-7.312500477E0,-4.029375076E1
1.534853674E1,-1.125000045E-1,-7.518750191E0,-4.031250000E1
1.536853706E1,1.687500030E-1,-7.518750191E0,-4.051875305E1
1.538857892E1,-4.875000119E-1,-7.875000477E0,-4.091250229E1
1.540857322E1,-5.062500238E-1,-7.706250191E0,-4.040625000E1
1.542856332E1,-6.000000238E-1,-7.687500477E0,-4.081875229E1
1.544856229E1,-2.062500119E-1,-7.706250191E0,-4.072500229E1
1.546855736E1,-9.375000000E-2,-7.650000095E0,-4.155000305E1
1.548855909E1,9.375000000E-2,-7.631250381E0,-4.218750000E1
1.550855803E1,2.812500000E-1,-7.237500191E0,-4.198125076E1
1.552855300E1,-3.187500238E-1,-7.387500286E0,-4.102500153E1
1.554855613E1,-1.125000045E-1,-7.575000286E0,-4.113750076E1
1.556855472E1,-4.125000238E-1,-7.050000191E0,-4.164375305E1
1.558854958E1,7.500000298E-2,-7.275000095E0,-4.134375000E1
1.560855328E1,2.812500000E-1,-7.481250286E0,-4.145625305E1
1.562855225E1,3.750000000E-1,-7.612500191E0,-4.095000076E1
1.564854699E1,7.687500119E-1,-7.762500286E0,-4.012500000E1
1.566855037E1,9.375000000E-2,-7.875000477E0,-4.113750076E1
1.568854912E1,-2.062500119E-1,-7.537500381E0,-4.175625229E1
1.570855499E1,3.000000119E-1,-7.650000095E0,-4.186875153E1
1.572855628E1,-1.875000000E-1,-8.081250191E0,-4.093125153E1
1.574855277E1,2.062500119E-1,-8.156250000E0,-4.156875229E1
1.576855733E1,2.250000089E-1,-8.400000572E0,-4.083750153E1
1.578855654E1,-1.687500030E-1,-8.250000000E0,-4.145625305E1
1.580855183E1,5.250000358E-1,-8.362500191E0,-4.177500153E1
1.582854436E1,5.062500238E-1,-8.081250191E0,-4.147500229E1
1.584852446E1,3.000000119E-1,-7.950000286E0,-4.166250229E1
1.586852649E1,-3.562500179E-1,-8.362500191E0,-4.102500153E1
1.588853613E1,1.875000075E-2,-8.268750191E0,-4.113750076E1
1.590854021E1,3.187500238E-1,-8.381250381E0,-4.136250305E1
1.592858470E1,-5.625000224E-2,-8.681250572E0,-4.083750153E1
1.594856974E1,3.187500238E-1,-8.568750381E0,-4.125000000E1
1.596856361E1,3.375000060E-1,-8.925000191E0,-4.021875000E1
1.598856571E1,2.625000179E-1,-9.393750191E0,-4.063125229E1
1.600856307E1,1.500000060E-1,-9.093750000E0,-4.083750153E1
1.602855521E1,4.500000179E-1,-9.187500000E0,-4.106250000E1
1.604854692E1,7.500000000E-1,-9.431250572E0,-4.044375229E1
1.606850400E1,3.375000060E-1,-9.356250763E0,-3.991875076E1
1.608851080E1,7.687500119E-1,-9.675000191E0,-4.128750229E1
1.610852492E1,9.375000000E-2,-9.975000381E0,-4.085625076E1
1.612853255E1,-1.125000045E-1,-9.787500381E0,-4.051875305E1
1.614854639E1,-3.750000149E-2,-9.731250763E0,-3.980625153E1
1.616855271E1,-1.875000075E-2,-1.001250076E1,-4.033125305E1
1.618855305E1,-2.062500119E-1,-1.003125000E1,-3.969375229E1
1.620854876E1,-7.875000238E-1,-1.012500000E1,-3.946875000E1
1.622855233E1,-7.687500119E-1,-1.063125038E1,-3.946875000E1
1.624854982E1,-4.875000119E-1,-1.046250057E1,-3.916875076E1
1.626855616E1,-7.687500119E-1,-1.080000019E1,-3.978750229E1
1.628855670E1,-3.937500119E-1,-1.042500019E1,-3.969375229E1
1.630855275E1,-7.687500119E-1,-1.095000076E1,-3.905625153E1
1.632855650E1,-1.050000072E0,-1.098750019E1,-3.978750229E1
1.634855538E1,-5.812500119E-1,-1.076250076E1,-3.907500076E1
1.636855047E1,-4.875000119E-1,-1.065000057E1,-3.937500000E1
1.638853258E1,-9.750000238E-1,-1.063125038E1,-3.926250076E1
1.640853596E1,-6.750000119E-1,-1.095000076E1,-3.916875076E1
1.642853483E1,-7.875000238E-1,-1.055625057E1,-3.905625153E1
1.644854167E1,-1.162500024E0,-1.130625057E1,-3.770625305E1
1.646858872E1,-9.750000238E-1,-1.074375057E1,-3.905625153E1
1.648858687E1,-7.500000000E-1,-1.121250057E1,-3.958125305E1
1.650857972E1,-9.562500119E-1,-1.102500057E1,-3.946875000E1
1.652856922E1,-1.950000048E0,-1.050000000E1,-3.943125153E1
1.654856774E1,-8.625000119E-1,-1.089375019E1,-3.978750229E1
1.656856093E1,-1.556250095E0,-1.070625019E1,-3.945000076E1
1.658856469E1,-1.087500095E0,-1.033125019E1,-3.935625076E1
1.660857472E1,-1.443750024E0,-1.091250038E1,-3.935625076E1
1.662856700E1,-1.350000024E0,-1.070625019E1,-3.945000076E1
1.664855675E1,-3.937500119E-1,-1.050000000E1,-3.834375000E1
1.666855610E1,-1.162500024E0,-1.072500038E1,-3.935625076E1
1.668857485E1,-1.462500095E0,-1.072500038E1,-3.924375153E1
1.670856285E1,-1.368750095E0,-1.042500019E1,-3.924375153E1
1.672856020E1,-1.481250048E0,-1.012500000E1,-3.935625076E1
1.674855394E1,-1.275000095E0,-1.040625000E1,-3.945000076E1
1.676855663E1,-1.275000095E0,-1.040625000E1,-3.967500305E1
1.678855403E1,-1.556250095E0,-1.042500019E1,-3.924375153E1
1.680854925E1,-1.950000048E0,-1.059375000E1,-3.933750153E1
1.682855277E1,-2.231250048E0,-1.070625019E1,-3.890625000E1
1.684855159E1,-1.950000048E0,-1.070625019E1,-3.901875305E1
1.686854681E1,-1.668750048E0,-1.066875076E1,-3.830625153E1
1.688855067E1,-1.856250048E0,-1.085625076E1,-3.840000153E1
1.690856125E1,-1.743750095E0,-1.059375000E1,-3.965625000E1
1.692855517E1,-2.343750000E0,-1.061250019E1,-3.881250000E1
1.694855604E1,-1.818750024E0,-1.121250057E1,-3.903750229E1
1.696855270E1,-1.725000024E0,-1.100625038E1,-3.933750153E1
1.698855738E1,-1.725000024E0,-1.110000038E1,-3.924375153E1
1.700861344E1,-2.025000095E0,-1.119375038E1,-3.924375153E1
1.702859593E1,-1.818750024E0,-1.134375000E1,-3.851250076E1
1.704858779E1,-2.006250143E0,-1.162500000E1,-3.860625076E1
1.706857666E1,-2.400000095E0,-1.170000076E1,-3.892500305E1
1.708856392E1,-2.006250143E0,-1.171875000E1,-3.871875000E1
1.710855964E1,-2.081250191E0,-1.224375057E1,-3.819375229E1
1.712855458E1,-2.475000143E0,-1.224375057E1,-3.798750305E1
1.714851443E1,-2.268750191E0,-1.263750076E1,-3.798750305E1
1.716852336E1,-2.475000143E0,-1.233750057E1,-3.798750305E1
1.718852802E1,-2.362500191E0,-1.245000076E1,-3.798750305E1
1.720853961E1,-2.100000143E0,-1.220625019E1,-3.705000305E1
1.722856835E1,-2.475000143E0,-1.258125019E1,-3.725625229E1
1.724856355E1,-2.268750191E0,-1.278750038E1,-3.736875153E1
1.726856606E1,-2.550000191E0,-1.286250019E1,-3.766875076E1
1.728856339E1,-2.925000191E0,-1.314375019E1,-3.746250153E1
1.730855691E1,-1.950000048E0,-1.361250019E1,-3.686250305E1
1.732855773E1,-2.737500191E0,-1.318125057E1,-3.714375305E1
1.734855578E1,-2.625000000E0,-1.336875057E1,-3.716250229E1
1.736854995E1,-2.531250000E0,-1.327500057E1,-3.716250229E1
1.738855262E1,-2.043750048E0,-1.342500019E1,-3.665625000E1
1.740855072E1,-3.018750191E0,-1.346250057E1,-3.725625229E1
1.742854555E1,-2.925000191E0,-1.357500076E1,-3.693750000E1
1.744854944E1,-3.131250143E0,-1.329375076E1,-3.661875153E1
1.746854959E1,-3.018750191E0,-1.361250019E1,-3.641250229E1
1.748855549E1,-3.018750191E0,-1.350000095E1,-3.641250229E1
1.750855597E1,-3.318750143E0,-1.348125076E1,-3.661875153E1
1.752855198E1,-3.506250143E0,-1.363125038E1,-3.577500153E1
1.754861290E1,-3.093750238E0,-1.395000076E1,-3.714375305E1
1.756859914E1,-3.806250095E0,-1.340625095E1,-3.598125076E1
1.758858248E1,-3.806250095E0,-1.327500057E1,-3.639375305E1
1.760857584E1,-3.300000191E0,-1.368750095E1,-3.641250229E1
1.762856641E1,-3.412500143E0,-1.361250019E1,-3.609375000E1
1.764855517E1,-2.718750000E0,-1.417500019E1,-3.517500305E1
1.766854317E1,-3.787500143E0,-1.380000019E1,-3.598125076E1
1.768850911E1,-4.087500095E0,-1.368750095E1,-3.596250153E1
1.770851185E1,-3.581250191E0,-1.398750019E1,-3.639375305E1
1.772852263E1,-3.900000095E0,-1.370625019E1,-3.598125076E1
1.774852809E1,-4.087500095E0,-1.372500038E1,-3.555000305E1
1.776857440E1,-4.087500095E0,-1.378125095E1,-3.618750000E1
1.778857237E1,-4.500000000E0,-1.350000095E1,-3.585000229E1
1.780856528E1,-4.293750286E0,-1.350000095E1,-3.575625229E1
1.782856616E1,-4.781250000E0,-1.340625095E1,-3.564375305E1
1.784856242E1,-4.687500000E0,-1.372500038E1,-3.523125076E1
1.786855363E1,-4.706250191E0,-1.310625076E1,-3.553125000E1
1.788855557E1,-4.856250286E0,-1.385625076E1,-3.626250076E1
1.790855294E1,-5.081250191E0,-1.323750019E1,-3.645000076E1
1.792854699E1,-4.575000286E0,-1.380000019E1,-3.575625229E1
1.794854994E1,-5.081250191E0,-1.327500057E1,-3.573750305E1
1.796854815E1,-5.062500000E0,-1.342500019E1,-3.667500305E1
1.798855438E1,-5.550000191E0,-1.365000057E1,-3.613125229E1
1.800855511E1,-5.175000191E0,-1.335000038E1,-3.624375153E1
1.802855126E1,-5.381250381E0,-1.327500057E1,-3.562500000E1
1.804855562E1,-5.868750095E0,-1.323750019E1,-3.601875305E1
1.806855496E1,-5.662500381E0,-1.333125019E1,-3.622500229E1
1.808854912E1,-5.756250381E0,-1.363125038E1,-3.633750153E1
1.810855333E1,-5.062500000E0,-1.366875076E1,-3.594375229E1
1.812855239E1,-5.681250095E0,-1.314375019E1,-3.613125229E1
1.814854755E1,-6.243750095E0,-1.365000057E1,-3.558750153E1
1.816855128E1,-6.150000095E0,-1.340625095E1,-3.652500153E1
1.818855003E1,-5.850000381E0,-1.389375019E1,-3.519375229E1
1.820855661E1,-5.081250191E0,-1.329375076E1,-3.541875076E1
1.822852502E1,-6.318750381E0,-1.415625095E1,-3.549375153E1
1.824852890E1,-6.431250095E0,-1.374375057E1,-3.558750153E1
1.826853983E1,-6.506250381E0,-1.426875019E1,-3.496875000E1
1.828854450E1,-6.543750286E0,-1.353750038E1,-3.568125153E1
1.830858993E1,-7.106250286E0,-1.395000076E1,-3.504375076E1
1.832857535E1,-6.993750095E0,-1.432500076E1,-3.547500229E1
1.834856962E1,-7.387500286E0,-1.447500038E1,-3.442500305E1
1.836856032E1,-7.575000286E0,-1.445625019E1,-3.463125229E1
1.838856020E1,-7.368750095E0,-1.488750076E1,-3.412500000E1
1.840855514E1,-7.668750286E0,-1.466250038E1,-3.451875305E1
1.842854854E1,-8.062500000E0,-1.490625095E1,-3.358125305E1
1.844856165E1,-8.062500000E0,-1.458750057E1,-3.388125229E1
1.846855669E1,-8.343750000E0,-1.513125038E1,-3.273750305E1
1.848854879E1,-8.268750191E0,-1.458750057E1,-3.356250000E1
1.850854990E1,-8.831250191E0,-1.507500076E1,-3.345000076E1
1.852855852E1,-8.925000191E0,-1.520625019E1,-3.283125305E1
1.854855020E1,-9.018750191E0,-1.552500057E1,-3.262500000E1
1.856855053E1,-9.112500191E0,-1.528125095E1,-3.324375153E1
1.858854671E1,-9.506250381E0,-1.537500095E1,-3.301875305E1
1.860855127E1,-9.600000381E0,-1.567500019E1,-3.290625000E1
1.862854974E1,-9.806250572E0,-1.561875057E1,-3.228750229E1
1.864854588E1,-9.918750763E0,-1.520625019E1,-3.238125229E1
1.866854978E1,-1.008750057E1,-1.580625057E1,-3.206250000E1
1.868854874E1,-1.029375076E1,-1.550625038E1,-3.226875305E1
1.870854424E1,-1.018125057E1,-1.584375095E1,-3.165000153E1
1.872854807E1,-1.057500076E1,-1.591875076E1,-3.165000153E1
1.874854726E1,-1.106250000E1,-1.560000038E1,-3.172500038E1
1.876853262E1,-1.078125000E1,-1.550625038E1,-3.183750153E1
1.878853833E1,-1.156875038E1,-1.552500057E1,-3.120000076E1
1.880853903E1,-1.156875038E1,-1.537500095E1,-3.202500153E1
1.882854716E1,-1.126875019E1,-1.569375038E1,-3.193125153E1
1.884859484E1,-1.166250038E1,-1.560000038E1,-3.150000191E1
1.886858193E1,-1.166250038E1,-1.571250057E1,-3.129375076E1
1.888857750E1,-1.203750038E1,-1.558125019E1,-3.170625114E1
1.890856918E1,-1.224375057E1,-1.578750038E1,-3.127500153E1
1.892855837E1,-1.215000057E1,-1.558125019E1,-3.148125076E1
1.894855569E1,-1.273125076E1,-1.554375076E1,-3.178125191E1
1.896855158E1,-1.235625076E1,-1.539375019E1,-3.136875153E1
1.898856666E1,-1.282500076E1,-1.569375038E1,-3.084375191E1
1.900856324E1,-1.303125095E1,-1.539375019E1,-3.084375191E1
1.902855646E1,-1.312500095E1,-1.524375057E1,-3.166875076E1
1.904855866E1,-1.312500095E1,-1.556250095E1,-3.146250153E1
1.906856777E1,-1.299375057E1,-1.605000114E1,-3.166875076E1
1.908857060E1,-1.331250095E1,-1.578750038E1,-3.093750191E1
1.910856825E1,-1.351875019E1,-1.537500095E1,-3.114375114E1
1.912856220E1,-1.361250019E1,-1.535625076E1,-3.123750114E1
1.914855334E1,-1.342500019E1,-1.545000076E1,-3.144375038E1
1.916855370E1,-1.400625038E1,-1.552500057E1,-3.142500114E1
1.918855077E1,-1.398750019E1,-1.575000095E1,-3.112500191E1
1.920854435E1,-1.419375038E1,-1.573125076E1,-3.121875191E1
1.922854684E1,-1.419375038E1,-1.554375076E1,-3.121875191E1
1.924854503E1,-1.400625038E1,-1.548750019E1,-3.050625038E1
1.926855136E1,-1.411875057E1,-1.537500095E1,-3.080625153E1
1.928854152E1,-1.423125076E1,-1.494375038E1,-3.110625076E1
1.930853110E1,-1.468125057E1,-1.554375076E1,-3.078750038E1
1.932854000E1,-1.458750057E1,-1.556250095E1,-3.058125114E1
1.934854347E1,-1.432500076E1,-1.518750095E1,-3.037500191E1
1.936854219E1,-1.419375038E1,-1.545000076E1,-3.090000153E1
1.938859379E1,-1.421250057E1,-1.528125095E1,-3.060000038E1
1.940858439E1,-1.430625057E1,-1.569375038E1,-3.007500076E1
1.942857141E1,-1.458750057E1,-1.558125019E1,-3.028125191E1
1.944856782E1,-1.528125095E1,-1.546875095E1,-3.024375153E1
1.946856046E1,-1.479375076E1,-1.515000057E1,-3.067500114E1
1.948856048E1,-1.546875095E1,-1.576875019E1,-2.994375038E1
1.950854721E1,-1.528125095E1,-1.565625095E1,-3.026250076E1
1.952851182E1,-1.528125095E1,-1.558125019E1,-3.003750038E1
1.954852438E1,-1.511250019E1,-1.507500076E1,-3.015000153E1
1.956853152E1,-1.567500019E1,-1.539375019E1,-2.962500191E1
1.958853364E1,-1.520625019E1,-1.530000019E1,-2.953125191E1
1.960856570E1,-1.509375095E1,-1.539375019E1,-2.973750114E1
1.962856408E1,-1.556250095E1,-1.554375076E1,-3.024375153E1
1.964855743E1,-1.595625019E1,-1.578750038E1,-2.940000153E1
1.966855906E1,-1.567500019E1,-1.558125019E1,-2.983125114E1
1.968855586E1,-1.535625076E1,-1.605000114E1,-3.015000153E1
1.970855940E1,-1.575000095E1,-1.588125038E1,-2.951250076E1
1.972855966E1,-1.586250019E1,-1.569375038E1,-2.940000153E1
1.974855490E1,-1.605000114E1,-1.576875019E1,-2.951250076E1
1.976855840E1,-1.563750076E1,-1.629375076E1,-2.930625153E1
1.978855712E1,-1.586250019E1,-1.569375038E1,-2.919375038E1
1.980855200E1,-1.635000038E1,-1.597500038E1,-2.928750038E1
1.982855548E1,-1.627500153E1,-1.561875057E1,-2.866875076E1
1.984854434E1,-1.556250095E1,-1.620000076E1,-2.921250153E1
1.986854136E1,-1.586250019E1,-1.603125000E1,-2.848125076E1
1.988854654E1,-1.605000114E1,-1.608750153E1,-2.919375038E1
1.990854691E1,-1.635000038E1,-1.593750095E1,-2.825625038E1
1.992854232E1,-1.593750095E1,-1.642500114E1,-2.848125076E1
1.994854749E1,-1.663125038E1,-1.629375076E1,-2.876250076E1
1.996854709E1,-1.625625038E1,-1.614375114E1,-2.814375114E1
1.998855395E1,-1.663125038E1,-1.601250076E1,-2.855625153E1
2.000855515E1,-1.633125114E1,-1.661250114E1,-2.866875076E1
2.002855193E1,-1.644375038E1,-1.621875000E1,-2.835000038E1
2.004855676E1,-1.635000038E1,-1.603125000E1,-2.835000038E1
2.006851249E1,-1.653750038E1,-1.610625076E1,-2.855625153E1
2.008851783E1,-1.700625038E1,-1.650000000E1,-2.833125114E1
2.010853036E1,-1.683750153E1,-1.621875000E1,-2.835000038E1
2.012853661E1,-1.723125076E1,-1.593750095E1,-2.791875076E1
2.014857150E1,-1.749375153E1,-1.651875114E1,-2.790000153E1
2.016856063E1,-1.691250038E1,-1.640625000E1,-2.844375038E1
2.018855833E1,-1.665000153E1,-1.603125000E1,-2.823750114E1
2.020855193E1,-1.713750076E1,-1.614375114E1,-2.771250153E1
2.022855374E1,-1.702500153E1,-1.640625000E1,-2.823750114E1
2.024854962E1,-1.723125076E1,-1.621875000E1,-2.801250076E1
2.026854418E1,-1.616250038E1,-1.618125153E1,-2.752500153E1
2.028854667E1,-1.672500038E1,-1.623750114E1,-2.814375114E1
2.030854477E1,-1.693125153E1,-1.633125114E1,-2.812500191E1
2.032855091E1,-1.693125153E1,-1.631250000E1,-2.823750114E1
2.034855162E1,-1.672500038E1,-1.642500114E1,-2.823750114E1
2.036855938E1,-1.661250114E1,-1.650000000E1,-2.855625153E1
2.038855036E1,-1.674375153E1,-1.601250076E1,-2.844375038E1
2.040854970E1,-1.681875038E1,-1.631250000E1,-2.844375038E1
2.042854528E1,-1.691250038E1,-1.651875114E1,-2.835000038E1
2.044854909E1,-1.683750153E1,-1.621875000E1,-2.823750114E1
2.046854764E1,-1.710000038E1,-1.650000000E1,-2.853750038E1
2.048854311E1,-1.711875153E1,-1.610625076E1,-2.833125114E1
2.050854674E1,-1.633125114E1,-1.642500114E1,-2.835000038E1
2.052854550E1,-1.693125153E1,-1.631250000E1,-2.823750114E1
2.054855185E1,-1.663125038E1,-1.621875000E1,-2.855625153E1
2.056855270E1,-1.663125038E1,-1.612500000E1,-2.823750114E1
2.058854956E1,-1.633125114E1,-1.651875114E1,-2.846250153E1
2.060852139E1,-1.672500038E1,-1.663125038E1,-2.814375114E1
2.062852803E1,-1.655625153E1,-1.582500076E1,-2.823750114E1
2.064853003E1,-1.625625038E1,-1.597500038E1,-2.752500153E1
2.066853919E1,-1.621875000E1,-1.663125038E1,-2.825625038E1
2.068857659E1,-1.674375153E1,-1.599375057E1,-2.865000153E1
2.070857890E1,-1.651875114E1,-1.651875114E1,-2.855625153E1
2.072857487E1,-1.663125038E1,-1.633125114E1,-2.823750114E1
2.074856703E1,-1.612500000E1,-1.668750000E1,-2.919375038E1
2.076856736E1,-1.642500114E1,-1.640625000E1,-2.876250076E1
2.078856203E1,-1.670625114E1,-1.678125000E1,-2.876250076E1
2.080856682E1,-1.603125000E1,-1.651875114E1,-2.878125191E1
2.082856594E1,-1.621875000E1,-1.689375114E1,-2.878125191E1
2.084856083E1,-1.651875114E1,-1.659375000E1,-2.876250076E1
2.086855292E1,-1.648125076E1,-1.717500114E1,-2.898750114E1
2.088855410E1,-1.644375038E1,-1.599375057E1,-2.908125114E1
2.090855155E1,-1.591875076E1,-1.680000114E1,-2.910000038E1
2.092854582E1,-1.633125114E1,-1.629375076E1,-2.898750114E1
2.094854845E1,-1.603125000E1,-1.670625114E1,-2.898750114E1
2.096854683E1,-1.614375114E1,-1.606875038E1,-2.951250076E1
2.098855290E1,-1.612500000E1,-1.625625038E1,-2.981250191E1
2.100855254E1,-1.582500076E1,-1.659375000E1,-2.930625153E1
2.102854976E1,-1.593750095E1,-1.650000000E1,-2.919375038E1
2.104855440E1,-1.533750057E1,-1.666875076E1,-2.985000038E1
2.106855400E1,-1.543125057E1,-1.657500076E1,-2.985000038E1
2.108854963E1,-1.503750038E1,-1.633125114E1,-3.067500114E1
2.110855341E1,-1.545000076E1,-1.627500153E1,-2.962500191E1
2.112855273E1,-1.503750038E1,-1.650000000E1,-3.131250191E1
2.114852658E1,-1.447500038E1,-1.616250038E1,-3.048750114E1
2.116853486E1,-1.455000019E1,-1.620000076E1,-3.142500114E1
2.118853789E1,-1.417500019E1,-1.612500000E1,-3.142500114E1
2.120854790E1,-1.310625076E1,-1.584375095E1,-3.157500076E1
2.122859724E1,-1.340625095E1,-1.561875057E1,-3.187500191E1
2.124858555E1,-1.260000038E1,-1.590000057E1,-3.251250076E1
2.126858207E1,-1.303125095E1,-1.515000057E1,-3.155625153E1
2.128857432E1,-1.252500057E1,-1.552500057E1,-3.230625153E1
2.130856370E1,-1.186875057E1,-1.507500076E1,-3.191250038E1
2.132856119E1,-1.216875076E1,-1.485000038E1,-3.221250153E1
2.134855703E1,-1.158750057E1,-1.456875038E1,-3.232500076E1
2.136856092E1,-1.128750038E1,-1.473750019E1,-3.285000229E1
2.138856019E1,-1.113750076E1,-1.385625076E1,-3.285000229E1
2.140855578E1,-1.093125057E1,-1.389375019E1,-3.410625076E1
2.142854804E1,-1.083750057E1,-1.374375057E1,-3.337500000E1
2.144856135E1,-1.053750038E1,-1.348125076E1,-3.463125229E1
2.146855660E1,-1.033125019E1,-1.376250076E1,-3.474375153E1
2.148855984E1,-1.085625076E1,-1.321875095E1,-3.378750229E1
2.150855832E1,-1.085625076E1,-1.355625057E1,-3.296250153E1
2.152855313E1,-1.055625057E1,-1.353750038E1,-3.339375305E1
2.154855632E1,-1.036875057E1,-1.325625038E1,-3.328125000E1
2.156855526E1,-1.018125057E1,-1.301250076E1,-3.412500000E1
2.158854991E1,-1.018125057E1,-1.280625057E1,-3.433125305E1
2.160855306E1,-9.787500381E0,-1.269375038E1,-3.496875000E1
2.162855172E1,-9.431250572E0,-1.237500095E1,-3.373125076E1
2.164854661E1,-9.150000572E0,-1.196250057E1,-3.405000305E1
2.166855056E1,-9.056250572E0,-1.175625038E1,-3.446250153E1
2.168853952E1,-9.243750572E0,-1.203750038E1,-3.435000229E1
2.170854811E1,-8.568750381E0,-1.179375076E1,-3.406875229E1
2.172855102E1,-9.168750763E0,-1.134375000E1,-3.446250153E1
2.174854920E1,-8.887500763E0,-1.128750038E1,-3.405000305E1
2.176860010E1,-8.700000763E0,-1.121250057E1,-3.363750076E1
2.178859050E1,-8.287500381E0,-1.160625076E1,-3.386250305E1
2.180857695E1,-8.306250572E0,-1.140000057E1,-3.406875229E1
2.182857290E1,-8.212500572E0,-1.130625057E1,-3.406875229E1
2.184856532E1,-7.818750381E0,-1.110000038E1,-3.418125153E1
2.186855415E1,-7.818750381E0,-1.143750000E1,-3.356250000E1
2.188854342E1,-7.312500477E0,-1.164375019E1,-3.367500305E1
2.190849898E1,-7.725000381E0,-1.143750000E1,-3.356250000E1
2.192850501E1,-7.331250191E0,-1.156875038E1,-3.346875000E1
2.194851851E1,-7.425000191E0,-1.147500038E1,-3.326250076E1
2.196852625E1,-7.518750191E0,-1.166250038E1,-3.346875000E1
2.198855148E1,-7.425000191E0,-1.156875038E1,-3.326250076E1
2.200855587E1,-7.725000381E0,-1.126875019E1,-3.303750229E1
2.202855411E1,-8.025000572E0,-1.145625019E1,-3.303750229E1
2.204855927E1,-8.306250572E0,-1.168125057E1,-3.271875000E1
2.206855896E1,-7.350000381E0,-1.119375038E1,-3.305625153E1
2.208855293E1,-7.500000477E0,-1.196250057E1,-3.315000153E1
2.210854537E1,-7.500000477E0,-1.231875038E1,-3.211875153E1
2.212854651E1,-7.725000381E0,-1.171875000E1,-3.232500076E1
2.214854356E1,-7.912500381E0,-1.190625000E1,-3.241875076E1
2.216854838E1,-7.612500191E0,-1.170000076E1,-3.273750305E1
2.218854827E1,-7.706250191E0,-1.188750076E1,-3.262500000E1
2.220854433E1,-7.612500191E0,-1.188750076E1,-3.273750305E1
2.222853856E1,-8.175000191E0,-1.228125095E1,-3.251250076E1
2.224853990E1,-7.706250191E0,-1.186875057E1,-3.294375229E1
2.226854822E1,-8.268750191E0,-1.235625076E1,-3.292500305E1
2.228855076E1,-7.593750477E0,-1.250625038E1,-3.232500076E1
2.230860498E1,-7.800000191E0,-1.216875076E1,-3.283125305E1
2.232859763E1,-7.593750477E0,-1.220625019E1,-3.253125000E1
2.234858586E1,-7.012500286E0,-1.243125057E1,-3.223125076E1
2.236857164E1,-7.875000477E0,-1.224375057E1,-3.324375153E1
2.238856753E1,-8.175000191E0,-1.243125057E1,-3.335625076E1
2.240856097E1,-7.893750191E0,-1.183125019E1,-3.365625000E1
2.242856274E1,-7.800000191E0,-1.207500076E1,-3.303750229E1
2.244851651E1,-8.287500381E0,-1.228125095E1,-3.262500000E1
2.246852058E1,-7.893750191E0,-1.171875000E1,-3.376875305E1
2.248853232E1,-7.800000191E0,-1.203750038E1,-3.346875000E1
2.250853833E1,-7.706250191E0,-1.171875000E1,-3.408750153E1
2.252856242E1,-8.193750381E0,-1.162500000E1,-3.375000000E1
2.254855436E1,-7.800000191E0,-1.181250000E1,-3.388125229E1
2.256855454E1,-7.218750477E0,-1.170000076E1,-3.461250305E1
2.258855058E1,-7.012500286E0,-1.194375038E1,-3.378750229E1
2.260855458E1,-7.218750477E0,-1.151250076E1,-3.431250000E1
2.262855205E1,-7.050000191E0,-1.113750076E1,-3.410625076E1
2.264854788E1,-7.143750191E0,-1.123125076E1,-3.420000076E1
2.266855148E1,-6.131250381E0,-1.207500076E1,-3.371250153E1
2.268855011E1,-6.168750286E0,-1.119375038E1,-3.371250153E1
2.270854505E1,-6.656250477E0,-1.125000000E1,-3.390000153E1
2.272854856E1,-6.075000286E0,-1.108125019E1,-3.391875076E1
2.274855005E1,-6.487500191E0,-1.066875076E1,-3.390000153E1
2.276854568E1,-7.050000191E0,-1.117500019E1,-3.346875000E1
2.278854847E1,-6.675000191E0,-1.098750019E1,-3.337500000E1
2.280854626E1,-6.562500477E0,-1.096875000E1,-3.369375229E1
2.282855184E1,-6.768750191E0,-1.087500000E1,-3.358125305E1
2.284855094E1,-6.675000191E0,-1.080000019E1,-3.337500000E1
2.286854765E1,-6.075000286E0,-1.132500076E1,-3.309375000E1
2.288855190E1,-5.868750095E0,-1.153125000E1,-3.320625305E1
2.290855114E1,-6.281250477E0,-1.113750076E1,-3.286875153E1
2.292854646E1,-6.393750191E0,-1.081875038E1,-3.318750000E1
2.294855000E1,-6.262500286E0,-1.132500076E1,-3.298125076E1
2.296854918E1,-6.356250286E0,-1.143750000E1,-3.277500153E1
2.298852309E1,-6.487500191E0,-1.085625076E1,-3.234375000E1
2.300853131E1,-7.143750191E0,-1.153125000E1,-3.232500076E1
2.302853420E1,-6.656250477E0,-1.168125057E1,-3.183750153E1
2.304854416E1,-6.937500477E0,-1.158750057E1,-3.307500076E1
2.306858197E1,-7.031250477E0,-1.185000038E1,-3.213750076E1
2.308857314E1,-7.237500191E0,-1.149375057E1,-3.296250153E1
2.310857177E1,-7.031250477E0,-1.218750095E1,-3.140625191E1
2.312856595E1,-7.237500191E0,-1.171875000E1,-3.253125000E1
2.314855721E1,-7.518750191E0,-1.203750038E1,-3.180000114E1
2.316855605E1,-8.006250381E0,-1.209375095E1,-3.086250114E1
2.318855262E1,-8.100000381E0,-1.226250076E1,-3.127500153E1
2.320855716E1,-7.818750381E0,-1.205625057E1,-3.138750076E1
2.322855686E1,-8.793750763E0,-1.200000000E1,-3.176250076E1
2.324855254E1,-8.606250763E0,-1.192500019E1,-3.166875076E1
2.326855639E1,-8.981250763E0,-1.231875038E1,-3.135000038E1
2.328855582E1,-8.981250763E0,-1.233750057E1,-3.114375114E1
2.330856256E1,-8.793750763E0,-1.194375038E1,-3.125625038E1
2.332856321E1,-9.375000000E0,-1.209375095E1,-3.185625076E1
2.334855956E1,-8.981250763E0,-1.226250076E1,-3.073125076E1
2.336855283E1,-8.887500763E0,-1.235625076E1,-3.082500076E1
2.338855480E1,-9.187500000E0,-1.203750038E1,-3.112500191E1
2.340855286E1,-9.393750191E0,-1.196250057E1,-3.050625038E1
2.342854687E1,-9.468750000E0,-1.226250076E1,-3.050625038E1
2.344854949E1,-9.581250191E0,-1.194375038E1,-3.080625153E1
2.346854792E1,-9.862500191E0,-1.192500019E1,-3.101250076E1
2.348855396E1,-1.008750057E1,-1.141875076E1,-3.099375153E1
2.350854374E1,-9.937500000E0,-1.273125076E1,-3.060000038E1
2.352852150E1,-1.025625038E1,-1.192500019E1,-3.069375038E1
2.354853304E1,-1.023750019E1,-1.243125057E1,-3.069375038E1
2.356853886E1,-1.046250057E1,-1.203750038E1,-3.037500191E1
2.358853949E1,-1.085625076E1,-1.183125019E1,-3.035625076E1
2.360858156E1,-1.046250057E1,-1.216875076E1,-2.985000038E1
2.362857589E1,-1.016250038E1,-1.226250076E1,-2.996250153E1
2.364856593E1,-1.044375038E1,-1.267500019E1,-2.955000114E1
2.366856478E1,-1.080000019E1,-1.327500057E1,-2.943750191E1
2.368855939E1,-1.140000057E1,-1.286250019E1,-2.921250153E1
2.370854948E1,-1.110000038E1,-1.331250095E1,-2.848125076E1
2.372855102E1,-1.091250038E1,-1.333125019E1,-2.838750076E1
2.374855932E1,-1.138125038E1,-1.396875095E1,-2.745000076E1
2.376856166E1,-1.186875057E1,-1.374375057E1,-2.731875038E1
2.378855938E1,-1.175625038E1,-1.436250019E1,-2.722500038E1
2.380855356E1,-1.226250076E1,-1.428750038E1,-2.638125038E1
2.382856758E1,-1.205625057E1,-1.447500038E1,-2.660625076E1
2.384856316E1,-1.263750076E1,-1.462500095E1,-2.565000153E1
2.386855526E1,-1.290000057E1,-1.507500076E1,-2.626875114E1
2.388855639E1,-1.342500019E1,-1.464375019E1,-2.478750038E1
2.390855308E1,-1.370625019E1,-1.460625076E1,-2.531250191E1
2.392854594E1,-1.400625038E1,-1.475625038E1,-2.426250076E1
2.394854893E1,-1.391250038E1,-1.455000019E1,-2.456250191E1
2.396854725E1,-1.460625076E1,-1.443750095E1,-2.424375153E1
2.398855335E1,-1.479375076E1,-1.462500095E1,-2.433750153E1
2.400855401E1,-1.441875076E1,-1.438125038E1,-2.362500000E1
2.402855057E1,-1.470000076E1,-1.468125057E1,-2.330625153E1
2.404855522E1,-1.539375019E1,-1.468125057E1,-2.308125114E1
2.406853381E1,-1.492500019E1,-1.441875076E1,-2.287500000E1
2.408853397E1,-1.481250095E1,-1.451250076E1,-2.298750114E1
2.410854205E1,-1.537500095E1,-1.475625038E1,-2.349375153E1
2.412854456E1,-1.531875038E1,-1.432500076E1,-2.244375038E1
2.414854151E1,-1.576875019E1,-1.509375095E1,-2.244375038E1
2.416854777E1,-1.548750019E1,-1.500000095E1,-2.255625153E1
2.418854831E1,-1.490625095E1,-1.490625095E1,-2.278125000E1
2.420855593E1,-1.501875019E1,-1.441875076E1,-2.278125000E1
2.422855754E1,-1.494375038E1,-1.400625038E1,-2.287500000E1
2.424855357E1,-1.531875038E1,-1.411875057E1,-2.255625153E1
2.426855862E1,-1.485000038E1,-1.395000076E1,-2.246250153E1
2.428851447E1,-1.524375057E1,-1.350000095E1,-2.317500114E1
2.430851977E1,-1.507500076E1,-1.308750057E1,-2.328750038E1
2.432853196E1,-1.545000076E1,-1.316250038E1,-2.358750153E1
2.434853821E1,-1.546875095E1,-1.297500038E1,-2.347500038E1
2.436856192E1,-1.565625095E1,-1.297500038E1,-2.336250114E1
2.438855366E1,-1.606875038E1,-1.245000076E1,-2.345625114E1
2.440855338E1,-1.556250095E1,-1.275000095E1,-2.400000000E1
2.442854888E1,-1.567500019E1,-1.252500057E1,-2.409375191E1
2.444855236E1,-1.595625019E1,-1.284375095E1,-2.377500153E1
2.446854973E1,-1.593750095E1,-1.291875076E1,-2.418750191E1
2.448854487E1,-1.642500114E1,-1.320000076E1,-2.416875076E1
2.450854823E1,-1.612500000E1,-1.301250076E1,-2.407500076E1
2.452854674E1,-1.670625114E1,-1.329375076E1,-2.396250153E1
2.454855272E1,-1.749375153E1,-1.316250038E1,-2.415000153E1
2.456855329E1,-1.738125038E1,-1.357500076E1,-2.405625153E1
2.458854995E1,-1.702500153E1,-1.265625095E1,-2.478750038E1
2.460854429E1,-1.749375153E1,-1.314375019E1,-2.445000076E1
2.462854587E1,-1.717500114E1,-1.321875095E1,-2.520000076E1
2.464854290E1,-1.650000000E1,-1.321875095E1,-2.551875114E1
2.466854810E1,-1.698750114E1,-1.321875095E1,-2.508750153E1
2.468854735E1,-1.687500000E1,-1.327500057E1,-2.613750076E1
2.470854378E1,-1.678125000E1,-1.331250095E1,-2.551875114E1
2.472854788E1,-1.659375000E1,-1.329375076E1,-2.604375076E1
2.474854712E1,-1.590000057E1,-1.331250095E1,-2.585625076E1
2.476855368E1,-1.618125153E1,-1.348125076E1,-2.636250114E1
2.478855423E1,-1.608750153E1,-1.361250019E1,-2.565000153E1
2.480855106E1,-1.599375057E1,-1.359375095E1,-2.606250191E1
2.482851183E1,-1.576875019E1,-1.410000038E1,-2.608125114E1
2.484852115E1,-1.560000038E1,-1.363125038E1,-2.587500191E1
2.486852553E1,-1.530000019E1,-1.391250038E1,-2.608125114E1
2.488853670E1,-1.479375076E1,-1.411875057E1,-2.641875076E1
2.490856423E1,-1.507500076E1,-1.417500019E1,-2.692500114E1
2.492857008E1,-1.460625076E1,-1.389375019E1,-2.683125114E1
2.494856951E1,-1.430625057E1,-1.378125095E1,-2.715000153E1
2.496856382E1,-1.400625038E1,-1.408125019E1,-2.726250076E1
2.498856628E1,-1.428750038E1,-1.415625095E1,-2.778750038E1
2.500856233E1,-1.310625076E1,-1.440000057E1,-2.760000038E1
2.502856789E1,-1.320000076E1,-1.481250095E1,-2.709375191E1
2.504856762E1,-1.263750076E1,-1.428750038E1,-2.793750191E1
2.506856315E1,-1.271250057E1,-1.455000019E1,-2.855625153E1
2.508855541E1,-1.241250038E1,-1.498125076E1,-2.793750191E1
2.510855668E1,-1.250625038E1,-1.490625095E1,-2.752500153E1
2.512855401E1,-1.241250038E1,-1.466250038E1,-2.835000038E1
2.514854922E1,-1.260000038E1,-1.485000038E1,-2.846250153E1
2.516855150E1,-1.095000076E1,-1.520625019E1,-2.653125191E1
2.518854931E1,-1.201875019E1,-1.455000019E1,-2.898750114E1
2.520854385E1,-1.183125019E1,-1.449375057E1,-2.836875153E1
2.522860358E1,-1.136250019E1,-1.385625076E1,-2.932500076E1
2.524858948E1,-1.145625019E1,-1.381875038E1,-2.973750114E1
2.526858395E1,-1.106250000E1,-1.370625019E1,-3.026250076E1
2.528857494E1,-1.089375019E1,-1.344375038E1,-2.985000038E1
2.530856352E1,-1.050000000E1,-1.366875076E1,-2.943750191E1
2.532856421E1,-1.050000000E1,-1.336875057E1,-2.955000114E1
2.534855887E1,-1.078125000E1,-1.395000076E1,-2.955000114E1
2.536851846E1,-1.050000000E1,-1.348125076E1,-2.943750191E1
2.538852718E1,-1.029375076E1,-1.368750095E1,-2.945625114E1
2.540853112E1,-1.068750000E1,-1.411875057E1,-2.850000191E1
2.542853104E1,-1.057500076E1,-1.400625038E1,-2.893125153E1
2.544857272E1,-1.035000038E1,-1.468125057E1,-2.934375191E1
2.546856758E1,-1.055625057E1,-1.449375057E1,-2.902500153E1
2.548856954E1,-1.115625000E1,-1.413750076E1,-2.973750114E1
2.550856635E1,-1.078125000E1,-1.385625076E1,-2.955000114E1
2.552855938E1,-1.038750076E1,-1.374375057E1,-2.996250153E1
2.554856058E1,-1.018125057E1,-1.417500019E1,-2.966250038E1
2.556855810E1,-1.029375076E1,-1.365000057E1,-3.007500076E1
2.558856327E1,-1.048125076E1,-1.363125038E1,-3.028125191E1
2.560856310E1,-1.070625019E1,-1.346250057E1,-2.964375114E1
2.562855854E1,-1.008750057E1,-1.387500095E1,-2.945625114E1
2.564855125E1,-9.975000381E0,-1.426875019E1,-2.988750076E1
2.566855328E1,-9.787500381E0,-1.406250095E1,-2.998125076E1
2.568855068E1,-1.029375076E1,-1.366875076E1,-2.955000114E1
2.570855573E1,-1.008750057E1,-1.415625095E1,-2.986875153E1
2.572855604E1,-1.068750000E1,-1.365000057E1,-2.985000038E1
2.574855221E1,-9.900000572E0,-1.342500019E1,-3.050625038E1
2.576855677E1,-9.918750763E0,-1.331250095E1,-3.080625153E1
2.578855617E1,-1.020000076E1,-1.333125019E1,-3.048750114E1
2.580855114E1,-9.806250572E0,-1.353750038E1,-3.039375114E1
2.582855474E1,-1.020000076E1,-1.353750038E1,-3.039375114E1
2.584855342E1,-9.918750763E0,-1.323750019E1,-3.039375114E1
2.586854834E1,-9.900000572E0,-1.353750038E1,-3.030000114E1
2.588855209E1,-9.450000763E0,-1.333125019E1,-2.906250191E1
2.590852997E1,-9.731250763E0,-1.353750038E1,-2.874375153E1
2.592852968E1,-1.068750000E1,-1.351875019E1,-3.016875076E1
2.594853761E1,-1.059375000E1,-1.340625095E1,-3.058125114E1
2.596853999E1,-1.029375076E1,-1.366875076E1,-2.975625038E1
2.598858323E1,-1.048125076E1,-1.383750057E1,-2.996250153E1
2.600857869E1,-1.008750057E1,-1.408125019E1,-2.956875038E1
2.602856953E1,-1.068750000E1,-1.355625057E1,-2.975625038E1
2.604856924E1,-1.059375000E1,-1.342500019E1,-3.037500191E1
2.606856443E1,-1.119375038E1,-1.321875095E1,-3.003750038E1
2.608855491E1,-1.089375019E1,-1.331250095E1,-3.037500191E1
2.610854513E1,-1.147500038E1,-1.340625095E1,-3.003750038E1
2.612855610E1,-1.186875057E1,-1.340625095E1,-2.981250191E1
2.614854987E1,-1.175625038E1,-1.395000076E1,-2.930625153E1
2.616855217E1,-1.224375057E1,-1.350000095E1,-2.990625191E1
2.618855007E1,-1.194375038E1,-1.370625019E1,-2.971875191E1
2.620855606E1,-1.224375057E1,-1.391250038E1,-2.940000153E1
2.622855658E1,-1.254375076E1,-1.350000095E1,-2.970000076E1
2.624855259E1,-1.235625076E1,-1.361250019E1,-2.960625076E1
2.626855671E1,-1.284375095E1,-1.361250019E1,-2.926875114E1
2.628855600E1,-1.293750095E1,-1.350000095E1,-2.958750153E1
2.630855049E1,-1.305000019E1,-1.320000076E1,-2.956875038E1
2.632855438E1,-1.325625038E1,-1.301250076E1,-2.925000191E1
2.634855333E1,-1.333125019E1,-1.359375095E1,-2.915625191E1
2.636854834E1,-1.411875057E1,-1.350000095E1,-2.881875038E1
2.638855186E1,-1.342500019E1,-1.359375095E1,-2.925000191E1
2.640855056E1,-1.351875019E1,-1.366875076E1,-2.977500153E1
2.642854589E1,-1.368750095E1,-1.440000057E1,-2.904375076E1
2.644853972E1,-1.408125019E1,-1.419375038E1,-2.881875038E1
2.646854071E1,-1.447500038E1,-1.385625076E1,-2.923125076E1
2.648854882E1,-1.400625038E1,-1.359375095E1,-2.881875038E1
2.650855142E1,-1.372500038E1,-1.350000095E1,-2.893125153E1
2.652859453E1,-1.410000038E1,-1.376250076E1,-2.943750191E1
2.654858982E1,-1.440000057E1,-1.331250095E1,-3.005625153E1
2.656858059E1,-1.393125057E1,-1.293750095E1,-2.996250153E1
2.658856833E1,-1.363125038E1,-1.303125095E1,-3.039375114E1
2.660856574E1,-1.400625038E1,-1.335000038E1,-2.975625038E1
2.662855816E1,-1.411875057E1,-1.314375019E1,-2.996250153E1
2.664856142E1,-1.393125057E1,-1.306875038E1,-2.964375114E1
2.666857127E1,-1.293750095E1,-1.351875019E1,-2.906250191E1
2.668856359E1,-1.419375038E1,-1.331250095E1,-3.037500191E1
2.670855323E1,-1.363125038E1,-1.293750095E1,-3.028125191E1
2.672855281E1,-1.331250095E1,-1.340625095E1,-3.080625153E1
2.674857136E1,-1.381875038E1,-1.301250076E1,-3.058125114E1
2.676855946E1,-1.314375019E1,-1.271250057E1,-3.103125191E1
2.678855671E1,-1.291875076E1,-1.350000095E1,-3.123750114E1
2.680855083E1,-1.331250095E1,-1.331250095E1,-3.080625153E1
2.682855366E1,-1.226250076E1,-1.260000038E1,-3.178125191E1
2.684855109E1,-1.256250095E1,-1.250625038E1,-3.135000038E1
2.686854646E1,-1.235625076E1,-1.288125038E1,-3.198750114E1
2.688855000E1,-1.265625095E1,-1.258125019E1,-3.176250076E1
2.690854915E1,-1.235625076E1,-1.276875019E1,-3.219375229E1
2.692854446E1,-1.226250076E1,-1.269375038E1,-3.166875076E1
2.694854809E1,-1.224375057E1,-1.338750076E1,-3.166875076E1
2.696854730E1,-1.224375057E1,-1.299375057E1,-3.178125191E1
2.698853277E1,-1.186875057E1,-1.286250019E1,-3.241875076E1
2.700853865E1,-1.218750095E1,-1.228125095E1,-3.219375229E1
2.702853956E1,-1.196250057E1,-1.243125057E1,-3.292500305E1
2.704854761E1,-1.149375057E1,-1.246875095E1,-3.262500000E1
2.706860657E1,-1.149375057E1,-1.211250019E1,-3.356250000E1
2.708859143E1,-1.216875076E1,-1.222500038E1,-3.322500229E1
2.710858474E1,-1.171875000E1,-1.111875057E1,-3.354375076E1
2.712857463E1,-1.141875076E1,-1.186875057E1,-3.294375229E1
2.714856253E1,-1.104375076E1,-1.136250019E1,-3.305625153E1
2.716855850E1,-1.141875076E1,-1.177500057E1,-3.273750305E1
2.718855352E1,-1.201875019E1,-1.134375000E1,-3.301875305E1
2.720851335E1,-1.130625057E1,-1.173750019E1,-3.335625076E1
2.722852228E1,-1.123125076E1,-1.168125057E1,-3.283125305E1
2.724852684E1,-1.171875000E1,-1.147500038E1,-3.251250076E1
2.726853801E1,-1.134375000E1,-1.138125038E1,-3.262500000E1
2.728857743E1,-1.192500019E1,-1.106250000E1,-3.281250000E1
2.730856995E1,-1.113750076E1,-1.140000057E1,-3.262500000E1
2.732857006E1,-1.095000076E1,-1.113750076E1,-3.376875305E1
2.734856558E1,-1.126875019E1,-1.078125000E1,-3.271875000E1
2.736855753E1,-1.115625000E1,-1.106250000E1,-3.324375153E1
2.738855716E1,-1.126875019E1,-1.065000057E1,-3.324375153E1
2.740855417E1,-1.087500000E1,-1.076250076E1,-3.335625076E1
2.742854762E1,-1.106250000E1,-1.066875076E1,-3.315000153E1
2.744854998E1,-1.096875000E1,-1.057500076E1,-3.324375153E1
2.746854790E1,-1.076250076E1,-1.096875000E1,-3.315000153E1
2.748855392E1,-1.085625076E1,-1.087500000E1,-3.315000153E1
2.750855476E1,-1.123125076E1,-1.126875019E1,-3.303750229E1
2.752855259E1,-1.115625000E1,-1.106250000E1,-3.303750229E1
2.754855646E1,-1.143750000E1,-1.108125019E1,-3.283125305E1
2.756855553E1,-1.093125057E1,-1.158750057E1,-3.264375305E1
2.758855060E1,-1.123125076E1,-1.136250019E1,-3.303750229E1
2.760861067E1,-1.104375076E1,-1.104375076E1,-3.346875000E1
2.762859662E1,-1.125000000E1,-1.130625057E1,-3.232500076E1
2.764857972E1,-1.134375000E1,-1.117500019E1,-3.294375229E1
2.766857289E1,-1.078125000E1,-1.095000076E1,-3.200625229E1
2.768856359E1,-1.085625076E1,-1.096875000E1,-3.326250076E1
2.770855231E1,-1.096875000E1,-1.087500000E1,-3.305625153E1
2.772854008E1,-1.136250019E1,-1.057500076E1,-3.283125305E1
2.774850620E1,-1.126875019E1,-1.065000057E1,-3.345000076E1
2.776852020E1,-1.125000000E1,-1.083750057E1,-3.365625000E1
2.778852875E1,-1.106250000E1,-1.066875076E1,-3.315000153E1
2.780853195E1,-1.125000000E1,-1.095000076E1,-3.345000076E1
2.782856483E1,-1.104375076E1,-1.106250000E1,-3.315000153E1
2.784856384E1,-1.083750057E1,-1.143750000E1,-3.378750229E1
2.786855788E1,-1.115625000E1,-1.119375038E1,-3.273750305E1
2.788855989E1,-1.153125000E1,-1.134375000E1,-3.313125229E1
2.790855717E1,-1.085625076E1,-1.128750038E1,-3.285000229E1
2.792854922E1,-1.138125038E1,-1.209375095E1,-3.397500229E1
2.794855233E1,-1.104375076E1,-1.093125057E1,-3.376875305E1
2.796855006E1,-1.093125057E1,-1.164375019E1,-3.367500305E1
2.798855558E1,-1.171875000E1,-1.132500076E1,-3.345000076E1
2.800855601E1,-1.134375000E1,-1.111875057E1,-3.365625000E1
2.802855204E1,-1.104375076E1,-1.102500057E1,-3.376875305E1
2.804855629E1,-1.066875076E1,-1.055625057E1,-3.367500305E1
2.806855558E1,-1.074375057E1,-1.102500057E1,-3.399375153E1
2.808855070E1,-1.044375038E1,-1.110000038E1,-3.451875305E1
2.810855392E1,-1.046250057E1,-1.115625000E1,-3.378750229E1
2.812855263E1,-1.076250076E1,-1.085625076E1,-3.367500305E1
2.814854649E1,-9.862500191E0,-1.126875019E1,-3.360000229E1
2.816855056E1,-1.035000038E1,-1.123125076E1,-3.410625076E1
2.818854935E1,-1.066875076E1,-1.095000076E1,-3.367500305E1
2.820854437E1,-1.016250038E1,-1.125000000E1,-3.380625153E1
2.822854775E1,-1.025625038E1,-1.117500019E1,-3.348750305E1
2.824854668E1,-9.975000381E0,-1.102500057E1,-3.433125305E1
2.826855340E1,-1.044375038E1,-1.123125076E1,-3.399375153E1
2.828852199E1,-9.768750191E0,-1.123125076E1,-3.444375229E1
2.830852592E1,-9.675000191E0,-1.123125076E1,-3.453750229E1
2.832853690E1,-9.187500000E0,-1.096875000E1,-3.423750305E1
2.834854199E1,-9.693750381E0,-1.089375019E1,-3.360000229E1
2.836858698E1,-9.393750191E0,-1.081875038E1,-3.476250076E1
2.838857259E1,-9.318750381E0,-1.044375038E1,-3.455625153E1
2.840856687E1,-9.300000191E0,-1.063125038E1,-3.476250076E1
2.842855796E1,-8.906250000E0,-1.051875019E1,-3.528750229E1
2.844855789E1,-8.362500191E0,-9.862500191E0,-3.498750305E1
2.846855226E1,-8.531250000E0,-1.029375076E1,-3.592500305E1
2.848854558E1,-7.162500381E0,-1.003125000E1,-3.605625153E1
2.850855908E1,-7.762500286E0,-9.750000000E0,-3.553125000E1
2.852855422E1,-7.762500286E0,-9.843750000E0,-3.541875076E1
2.854855736E1,-7.293750286E0,-9.243750572E0,-3.594375229E1
2.856855594E1,-7.481250286E0,-9.318750381E0,-3.615000153E1
2.858856238E1,-7.087500095E0,-9.525000572E0,-3.616875076E1
2.860855190E1,-7.106250286E0,-9.150000572E0,-3.585000229E1
2.862855058E1,-6.600000381E0,-9.450000763E0,-3.596250153E1
2.864854574E1,-6.806250095E0,-9.356250763E0,-3.586875153E1
2.866854922E1,-5.550000191E0,-9.412500381E0,-3.547500229E1
2.868854694E1,-5.812500000E0,-9.412500381E0,-3.714375305E1
2.870854292E1,-5.831250191E0,-9.150000572E0,-3.661875153E1
2.872854677E1,-5.925000191E0,-9.431250572E0,-3.671250153E1
2.874854599E1,-5.625000000E0,-9.225000381E0,-3.714375305E1
2.876855265E1,-6.150000095E0,-8.718750000E0,-3.691875076E1
2.878855359E1,-5.456250191E0,-8.831250191E0,-3.703125000E1
2.880855057E1,-5.250000000E0,-9.112500191E0,-3.757500076E1
2.882853385E1,-5.287500381E0,-8.231250763E0,-3.735000229E1
2.884853812E1,-5.212500095E0,-7.725000381E0,-3.746250153E1
2.886853767E1,-5.587500095E0,-7.837500095E0,-3.723750305E1
2.888854497E1,-5.025000095E0,-7.425000191E0,-3.766875076E1
2.890859183E1,-4.631250381E0,-7.125000477E0,-3.787500000E1
2.892859017E1,-4.143750191E0,-7.125000477E0,-3.810000229E1
2.894858309E1,-4.556250095E0,-6.862500191E0,-3.746250153E1
2.896857250E1,-4.256250381E0,-7.031250477E0,-3.800625229E1
2.898857080E1,-4.350000381E0,-6.956250191E0,-3.748125076E1
2.900856506E1,-4.368750095E0,-6.637500286E0,-3.810000229E1
2.902855711E1,-4.368750095E0,-6.768750191E0,-3.757500076E1
2.904851477E1,-4.856250286E0,-6.881250381E0,-3.693750000E1
2.906852197E1,-4.837500095E0,-7.293750286E0,-3.673125076E1
2.908852469E1,-4.912500381E0,-7.668750286E0,-3.684375000E1
2.910853522E1,-4.556250095E0,-7.331250191E0,-3.601875305E1
2.912855133E1,-4.650000095E0,-7.781250477E0,-3.528750229E1
2.914855973E1,-5.306250095E0,-7.950000286E0,-3.547500229E1
2.916856156E1,-5.700000286E0,-8.418750763E0,-3.401250076E1
2.918855837E1,-5.981250286E0,-8.793750763E0,-3.410625076E1
2.920855140E1,-6.150000095E0,-9.187500000E0,-3.410625076E1
2.922855294E1,-6.431250095E0,-9.806250572E0,-3.337500000E1
2.924855073E1,-7.125000477E0,-9.393750191E0,-3.346875000E1
2.926855579E1,-7.668750286E0,-1.050000000E1,-3.271875000E1
2.928855575E1,-7.575000286E0,-1.029375076E1,-3.283125305E1
2.930855157E1,-8.156250000E0,-1.081875038E1,-3.210000229E1
2.932855528E1,-8.418750763E0,-1.130625057E1,-3.208125305E1
2.934855463E1,-8.625000000E0,-1.123125076E1,-3.155625153E1
2.936853966E1,-9.581250191E0,-1.190625000E1,-3.133125114E1
2.938854517E1,-9.281250000E0,-1.215000057E1,-3.091875076E1
2.940854572E1,-1.025625038E1,-1.203750038E1,-3.048750114E1
2.942854236E1,-1.035000038E1,-1.237500095E1,-2.985000038E1
2.944859236E1,-1.081875038E1,-1.306875038E1,-2.932500076E1
2.946858205E1,-1.110000038E1,-1.308750057E1,-2.911875153E1
2.948857964E1,-1.149375057E1,-1.336875057E1,-2.889375114E1
2.950857303E1,-1.198125076E1,-1.351875019E1,-2.784375191E1
2.952856317E1,-1.215000057E1,-1.419375038E1,-2.805000114E1
2.954856127E1,-1.282500076E1,-1.428750038E1,-2.782500076E1
2.956855770E1,-1.293750095E1,-1.415625095E1,-2.677500153E1
2.958850737E1,-1.351875019E1,-1.413750076E1,-2.666250038E1
2.960851953E1,-1.398750019E1,-1.462500095E1,-2.643750191E1
2.962852667E1,-1.447500038E1,-1.475625038E1,-2.570625114E1
2.964852869E1,-1.490625095E1,-1.419375038E1,-2.505000114E1
2.966856080E1,-1.500000095E1,-1.451250076E1,-2.443125153E1
2.968855937E1,-1.518750095E1,-1.453125095E1,-2.390625000E1
2.970855311E1,-1.565625095E1,-1.522500038E1,-2.379375076E1
2.972855510E1,-1.693125153E1,-1.524375057E1,-2.281875038E1
2.974855244E1,-1.625625038E1,-1.498125076E1,-2.253750038E1
2.976855677E1,-1.635000038E1,-1.507500076E1,-2.253750038E1
2.978855708E1,-1.683750153E1,-1.516875076E1,-2.231250000E1
2.980855270E1,-1.681875038E1,-1.580625057E1,-2.158125114E1
2.982855618E1,-1.753125000E1,-1.545000076E1,-2.073750114E1
2.984855501E1,-1.818750000E1,-1.612500000E1,-2.051250076E1
2.986854993E1,-1.798125076E1,-1.623750114E1,-2.051250076E1
2.988855346E1,-1.858125114E1,-1.605000114E1,-1.996875000E1
2.990855241E1,-1.846875000E1,-1.666875076E1,-1.957500076E1
2.992854707E1,-1.914375114E1,-1.676250076E1,-1.923750114E1
2.994855018E1,-1.944375038E1,-1.713750076E1,-1.788750076E1
2.996854859E1,-2.040000153E1,-1.730625153E1,-1.785000038E1
2.998861130E1,-2.090625000E1,-1.721250153E1,-1.741875076E1
3.000859918E1,-2.068125153E1,-1.785000038E1,-1.691250038E1
3.002858378E1,-2.145000076E1,-1.828125000E1,-1.586250019E1
3.004857788E1,-2.146875000E1,-1.786875153E1,-1.616250038E1
3.006856907E1,-2.116875076E1,-1.845000076E1,-1.462500095E1
3.008855806E1,-2.193750000E1,-1.848750114E1,-1.531875038E1
3.010854613E1,-2.253750038E1,-1.850625038E1,-1.468125057E1
3.012851190E1,-2.310000038E1,-1.916250038E1,-1.331250095E1
3.014851472E1,-2.349375153E1,-1.921875000E1,-1.226250076E1
3.016852582E1,-2.341875076E1,-1.905000114E1,-1.164375019E1
3.018853149E1,-2.360625076E1,-1.906875038E1,-1.132500076E1
3.020856612E1,-2.390625000E1,-1.929375076E1,-1.070625019E1
3.022856658E1,-2.450625038E1,-1.920000076E1,-1.006875038E1
3.024856154E1,-2.469375038E1,-1.948125076E1,-8.493750572E0
3.026856443E1,-2.529375076E1,-1.916250038E1,-8.587500572E0
3.028856222E1,-2.521875191E1,-1.901250076E1,-7.743750095E0
3.030855460E1,-2.563125038E1,-1.891875076E1,-5.981250286E0
3.032855749E1,-2.565000153E1,-1.875000000E1,-5.343750000E0
3.034855536E1,-2.651250076E1,-1.895625114E1,-4.800000191E0
3.036854981E1,-2.666250038E1,-1.824375153E1,-3.243750095E0
3.038855275E1,-2.647500038E1,-1.807500076E1,-2.831250191E0
3.040855127E1,-2.649375153E1,-1.801875114E1,-1.987500072E0
3.042854624E1,-2.709375191E1,-1.788750076E1,-6.187500358E-1
3.044855068E1,-2.713125038E1,-1.745625114E1,4.125000238E-1
3.046854884E1,-2.645625114E1,-1.730625153E1,1.125000000E0
3.048855485E1,-2.707500076E1,-1.685625076E1,1.987500072E0
3.050855545E1,-2.709375191E1,-1.650000000E1,2.925000191E0
3.052855139E1,-2.739375114E1,-1.642500114E1,3.337500095E0
3.054855590E1,-2.739375114E1,-1.633125114E1,3.543750048E0
3.056855518E1,-2.713125038E1,-1.608750153E1,4.162500381E0
3.058855060E1,-2.752500153E1,-1.621875000E1,5.212500095E0
3.060855404E1,-2.775000191E1,-1.578750038E1,6.168750286E0
3.062855266E1,-2.805000114E1,-1.528125095E1,6.393750191E0
3.064855939E1,-2.718750191E1,-1.537500095E1,7.406250477E0
3.066852761E1,-2.720625114E1,-1.501875019E1,8.118750572E0
3.068853137E1,-2.810625076E1,-1.473750019E1,8.981250763E0
3.070854232E1,-2.799375153E1,-1.494375038E1,8.981250763E0
3.072854714E1,-2.761875153E1,-1.488750076E1,9.393750191E0
3.074859231E1,-2.761875153E1,-1.520625019E1,1.001250076E1
3.076858900E1,-2.773125076E1,-1.496250057E1,1.083750057E1
3.078858079E1,-2.745000076E1,-1.460625076E1,1.136250019E1
3.080856931E1,-2.746875191E1,-1.432500076E1,1.188750076E1
3.082856731E1,-2.720625114E1,-1.395000076E1,1.207500076E1
3.084855993E1,-2.741250038E1,-1.370625019E1,1.303125095E1
3.086856322E1,-2.694375038E1,-1.344375038E1,1.342500019E1
3.088856171E1,-2.705625153E1,-1.336875057E1,1.374375057E1
3.090855668E1,-2.715000153E1,-1.320000076E1,1.426875019E1
3.092854873E1,-2.658750153E1,-1.305000019E1,1.509375095E1
3.094855010E1,-2.679375076E1,-1.320000076E1,1.582500076E1
3.096855924E1,-2.701875114E1,-1.250625038E1,1.603125000E1
3.098855113E1,-2.623125076E1,-1.273125076E1,1.612500000E1
3.100855169E1,-2.664375114E1,-1.220625019E1,1.738125038E1
3.102854824E1,-2.655000114E1,-1.220625019E1,1.747500038E1
3.104855295E1,-2.685000038E1,-1.215000057E1,1.822500038E1
3.106855193E1,-2.638125038E1,-1.218750095E1,1.873125076E1
3.108854826E1,-2.591250038E1,-1.162500000E1,1.891875076E1
3.110855238E1,-2.583750153E1,-1.147500038E1,1.985625076E1
3.112855172E1,-2.595000076E1,-1.089375019E1,2.017500114E1
3.114854704E1,-2.565000153E1,-1.136250019E1,2.120625114E1
3.116855068E1,-2.538750076E1,-1.102500057E1,2.212500000E1
3.118854987E1,-2.542500114E1,-1.033125019E1,2.203125000E1
3.120853518E1,-2.523750114E1,-9.843750000E0,2.235000038E1
3.122854086E1,-2.516250038E1,-9.787500381E0,2.296875000E1
3.124854159E1,-2.499375153E1,-9.356250763E0,2.390625000E1
3.126854938E1,-2.450625038E1,-9.318750381E0,2.482500076E1
3.128859710E1,-2.463750076E1,-8.775000572E0,2.565000153E1
3.130858439E1,-2.386875153E1,-8.718750000E0,2.583750153E1
3.132857993E1,-2.409375191E1,-8.062500000E0,2.679375076E1
3.134857188E1,-2.353125000E1,-7.462500095E0,2.647500038E1
3.136856101E1,-2.315625000E1,-7.387500286E0,2.666250038E1
3.138855830E1,-2.280000114E1,-6.843750477E0,2.737500191E1
3.140855401E1,-2.300625038E1,-6.787500381E0,2.821875191E1
3.142850375E1,-2.235000038E1,-6.318750381E0,2.831250191E1
3.144851565E1,-2.197500038E1,-5.868750095E0,2.893125153E1
3.146852240E1,-2.122500038E1,-5.343750000E0,2.973750114E1
3.148853562E1,-2.092500114E1,-5.437500000E0,2.951250076E1
3.150855410E1,-2.008125114E1,-5.100000381E0,2.990625191E1
3.152856444E1,-1.961250114E1,-4.500000000E0,2.949375153E1
3.154856727E1,-1.944375038E1,-4.218750000E0,3.135000038E1
3.156856463E1,-1.914375114E1,-4.087500095E0,3.093750191E1
3.158855792E1,-1.888125038E1,-3.881250143E0,3.206250000E1
3.160855840E1,-1.839375114E1,-3.843750238E0,3.133125114E1
3.162855637E1,-1.783125114E1,-3.375000238E0,3.151875114E1
3.164855018E1,-1.745625114E1,-2.943750143E0,3.225000000E1
3.166855255E1,-1.687500000E1,-2.981250048E0,3.273750305E1
3.168855054E1,-1.670625114E1,-2.268750191E0,3.243750000E1
3.170854495E1,-1.635000038E1,-1.668750048E0,3.211875153E1
3.172854846E1,-1.576875019E1,-1.725000024E0,3.262500000E1
3.174853720E1,-1.500000095E1,-1.275000095E0,3.311250305E1
3.176854548E1,-1.453125095E1,-1.218750000E0,3.341250229E1
3.178854847E1,-1.385625076E1,-7.312500477E-1,3.318750000E1
3.180854664E1,-1.271250057E1,-6.562500000E-1,3.481875229E1
3.182859759E1,-1.282500076E1,-9.375000000E-2,3.369375229E1
3.184858784E1,-1.305000019E1,4.312500060E-1,3.515625000E1
3.186857447E1,-1.179375076E1,6.000000238E-1,3.470625305E1
3.188857058E1,-1.085625076E1,1.237500072E0,3.540000153E1
3.190856300E1,-1.036875057E1,1.331250072E0,3.517500305E1
3.192855291E1,-1.042500019E1,2.287500143E0,3.592500305E1
3.194854186E1,-8.850000381E0,2.137500048E0,3.586875153E1
3.196849707E1,-8.681250572E0,2.625000000E0,3.575625229E1
3.198851424E1,-7.931250095E0,3.375000238E0,3.605625153E1
3.200852502E1,-7.387500286E0,4.031250000E0,3.656250000E1
3.202853006E1,-6.412500381E0,4.125000000E0,3.613125229E1
3.204855324E1,-5.756250381E0,4.650000095E0,3.684375000E1
3.206855598E1,-4.612500191E0,5.231250286E0,3.648750305E1
3.208855303E1,-4.050000191E0,5.681250095E0,3.721875000E1
3.210855740E1,-3.562500238E0,5.962500095E0,3.720000076E1
3.212855659E1,-2.925000191E0,6.506250381E0,3.759375000E1
3.214855006E1,-2.062500000E0,7.218750477E0,3.695625305E1
3.216855351E1,-1.687500119E0,7.575000286E0,3.746250153E1
3.218855189E1,-7.312500477E-1,7.837500095E0,3.733125305E1
3.220855784E1,-7.500000000E-1,8.137500763E0,3.744375229E1
3.222855815E1,4.312500060E-1,8.118750572E0,3.720000076E1
3.224855422E1,1.087500095E0,8.700000763E0,3.708750153E1
3.226855886E1,1.368750095E0,9.093750000E0,3.676875305E1
3.228854788E1,2.325000048E0,9.281250000E0,3.663750076E1
3.230854519E1,3.075000048E0,9.918750763E0,3.714375305E1
3.232855056E1,3.468750238E0,1.023750019E1,3.660000229E1
3.234855086E1,4.518750191E0,1.066875076E1,3.699375153E1
3.236860352E1,5.456250191E0,1.156875038E1,3.645000076E1
3.238859498E1,5.737500191E0,1.183125019E1,3.676875305E1
3.240858232E1,6.412500381E0,1.213125038E1,3.643125153E1
3.242856769E1,6.581250191E0,1.243125057E1,3.622500229E1
3.244856334E1,7.556250095E0,1.273125076E1,3.568125153E1
3.246855546E1,7.893750191E0,1.357500076E1,3.639375305E1
3.248855783E1,8.193750381E0,1.370625019E1,3.577500153E1
3.250852334E1,9.450000763E0,1.404375076E1,3.603750229E1
3.252852534E1,9.712500572E0,1.466250038E1,3.530625153E1
3.254853535E1,1.038750076E1,1.470000076E1,3.592500305E1
3.256853984E1,1.085625076E1,1.563750076E1,3.508125305E1
3.258857385E1,1.141875076E1,1.578750038E1,3.558750153E1
3.260856212E1,1.151250076E1,1.608750153E1,3.538125229E1
3.262855909E1,1.256250095E1,1.636875153E1,3.525000000E1
3.264855236E1,1.321875095E1,1.717500114E1,3.450000000E1
3.266855431E1,1.359375095E1,1.775625038E1,3.459375000E1
3.268855052E1,1.443750095E1,1.843125153E1,3.436875153E1
3.270854514E1,1.453125095E1,1.854375076E1,3.425625229E1
3.272854803E1,1.567500019E1,1.921875000E1,3.391875076E1
3.274854661E1,1.558125019E1,1.921875000E1,3.382500076E1
3.276855265E1,1.653750038E1,2.002500153E1,3.307500076E1
3.278855356E1,1.670625114E1,2.041875076E1,3.296250153E1
3.280855021E1,1.689375114E1,2.075625038E1,3.243750000E1
3.282855612E1,1.747500038E1,2.085000038E1,3.221250153E1
3.284855521E1,1.766250038E1,2.118750000E1,3.127500153E1
3.286855025E1,1.781250000E1,2.203125000E1,3.221250153E1
3.288855360E1,1.839375114E1,2.221875000E1,3.189375114E1
3.290855128E1,1.841250038E1,2.225625038E1,3.127500153E1
3.292854655E1,1.848750114E1,2.246250153E1,3.105000114E1
3.294854987E1,1.867500114E1,2.274375153E1,3.136875153E1
3.296854838E1,1.886250114E1,2.321250153E1,3.001875114E1
3.298855461E1,1.944375038E1,2.351250076E1,2.958750153E1
3.300855550E1,2.011875153E1,2.373750114E1,2.883750153E1
3.302855219E1,1.991250038E1,2.405625153E1,2.842500114E1
3.304852400E1,2.098125076E1,2.435625076E1,2.788125038E1
3.306853066E1,2.128125000E1,2.458125114E1,2.724375153E1
3.308853270E1,2.203125000E1,2.508750153E1,2.660625076E1
3.310854186E1,2.270625114E1,2.550000191E1,2.608125114E1
3.312857926E1,2.328750038E1,2.570625114E1,2.553750038E1
3.314858128E1,2.415000153E1,2.621250153E1,2.478750038E1
3.316857726E1,2.461875153E1,2.638125038E1,2.508750153E1
3.318856914E1,2.548125076E1,2.700000191E1,2.424375153E1
3.320855856E1,2.527500153E1,2.750625038E1,2.415000153E1
3.322855621E1,2.613750076E1,2.767500114E1,2.422500038E1
3.324856294E1,2.653125191E1,2.784375191E1,2.431875038E1
3.326856402E1,2.681250191E1,2.805000114E1,2.430000114E1
3.328856073E1,2.745000076E1,2.895000076E1,2.377500153E1
3.330855401E1,2.705625153E1,2.911875153E1,2.441250038E1
3.332855607E1,2.715000153E1,2.910000038E1,2.482500076E1
3.334856553E1,2.754375076E1,2.904375076E1,2.377500153E1
3.336856866E1,2.713125038E1,2.953125191E1,2.409375191E1
3.338856683E1,2.773125076E1,2.930625153E1,2.418750191E1
3.340856093E1,2.760000038E1,3.011250114E1,2.409375191E1
3.342855224E1,2.842500114E1,2.925000191E1,2.311875153E1
3.344855164E1,2.848125076E1,2.990625191E1,2.355000114E1
3.346854891E1,2.850000191E1,2.994375038E1,2.302500153E1
3.348855402E1,2.857500076E1,3.037500191E1,2.240625000E1
3.350855411E1,2.908125114E1,2.996250153E1,2.248125076E1
3.352855027E1,2.906250191E1,3.035625076E1,2.250000000E1
3.354855465E1,2.968125153E1,2.966250038E1,2.205000114E1
3.356855417E1,3.045000076E1,2.971875191E1,2.255625153E1
3.358852838E1,3.018750191E1,2.947500038E1,2.161875153E1
3.360853687E1,2.975625038E1,3.016875076E1,2.195625114E1
3.362854007E1,3.037500191E1,2.966250038E1,2.173125076E1
3.364853893E1,3.065625191E1,2.986875153E1,2.150625038E1
3.366857963E1,2.975625038E1,3.056250191E1,2.028750038E1
3.368857299E1,3.033750153E1,3.050625038E1,2.079375076E1
3.370856245E1,3.043125153E1,3.105000114E1,1.985625076E1
3.372856110E1,3.003750038E1,3.127500153E1,1.966875076E1
3.374855579E1,3.208125305E1,3.091875076E1,2.126250076E1
3.376855765E1,3.121875191E1,3.060000038E1,2.056875038E1
3.378855673E1,3.073125076E1,3.110625076E1,1.891875076E1
3.380856276E1,3.030000114E1,3.178125191E1,1.944375038E1
3.382856351E1,3.071250153E1,3.136875153E1,1.933125114E1
3.384855960E1,3.090000153E1,3.148125076E1,1.912500000E1
3.386855259E1,3.090000153E1,3.170625114E1,1.871250153E1
3.388856584E1,3.050625038E1,3.213750076E1,1.841250038E1
3.390856101E1,3.058125114E1,3.221250153E1,1.861875153E1
3.392855265E1,3.129375076E1,3.166875076E1,1.901250076E1
3.394855348E1,3.048750114E1,3.195000076E1,1.965000153E1
3.396855020E1,2.990625191E1,3.206250000E1,1.978125000E1
3.398855500E1,2.958750153E1,3.273750305E1,1.865625000E1
3.400855518E1,2.981250191E1,3.178125191E1,1.966875076E1
3.402855102E1,3.080625153E1,3.146250153E1,1.944375038E1
3.404855521E1,3.144375038E1,3.026250076E1,1.951875114E1
3.406855438E1,3.075000191E1,3.046875191E1,1.942500114E1
3.408854954E1,3.086250114E1,3.039375114E1,1.901250076E1
3.410855353E1,3.045000076E1,3.069375038E1,1.944375038E1
3.412854235E1,3.035625076E1,3.043125153E1,2.047500038E1
3.414853988E1,3.035625076E1,3.026250076E1,2.006250000E1
3.416854544E1,3.024375153E1,3.082500076E1,2.058750153E1
3.418854591E1,3.110625076E1,3.123750114E1,1.983750153E1
3.420859870E1,3.063750076E1,3.076875114E1,1.965000153E1
3.422859055E1,3.082500076E1,3.073125076E1,2.006250000E1
3.424857837E1,3.114375114E1,3.026250076E1,1.951875114E1
3.426857507E1,3.093750191E1,3.063750076E1,2.015625000E1
3.428856824E1,3.024375153E1,3.097500038E1,1.955625153E1
3.430855748E1,3.103125191E1,3.041250038E1,2.036250114E1
3.432854687E1,3.075000191E1,3.041250038E1,2.068125153E1
3.434850217E1,3.084375191E1,3.043125153E1,2.015625000E1
3.436850804E1,3.082500076E1,3.048750114E1,2.109375000E1
3.438852162E1,3.065625191E1,3.031875038E1,2.068125153E1
3.440852905E1,3.125625038E1,2.992500114E1,2.004375076E1
3.442855432E1,3.112500191E1,3.060000038E1,2.066250038E1
3.444855841E1,3.076875114E1,2.983125114E1,2.045625114E1
3.446855667E1,3.075000191E1,3.018750191E1,2.088750076E1
3.448856203E1,3.082500076E1,3.061875153E1,2.047500038E1
3.450856167E1,3.105000114E1,3.035625076E1,1.963125038E1
3.452855559E1,3.065625191E1,3.009375191E1,2.098125076E1
3.454854795E1,3.131250191E1,3.071250153E1,2.025000000E1
3.456854903E1,3.125625038E1,3.003750038E1,1.993125153E1
3.458854599E1,3.123750114E1,3.007500076E1,2.086875153E1
3.460855071E1,3.095625114E1,2.990625191E1,2.077500153E1
3.462855050E1,3.146250153E1,2.926875114E1,2.105625153E1
3.464854656E1,3.108750153E1,2.913750076E1,2.013750076E1
3.466855194E1,3.129375076E1,2.926875114E1,1.961250114E1
3.468855083E1,3.196875191E1,2.889375114E1,2.053125000E1
3.470854584E1,3.217500305E1,2.893125153E1,1.959375000E1
3.472854890E1,3.264375305E1,2.932500076E1,1.957500076E1
3.474860404E1,3.275625229E1,2.921250153E1,1.978125000E1
3.476859735E1,3.345000076E1,2.902500153E1,1.912500000E1
3.478858604E1,3.333750153E1,2.932500076E1,1.914375114E1
3.480857232E1,3.371250153E1,2.949375153E1,1.953750038E1
3.482856870E1,3.401250076E1,2.958750153E1,1.933125114E1
3.484856168E1,3.350625229E1,2.968125153E1,1.976250076E1
3.486856416E1,3.403125000E1,2.908125114E1,1.942500114E1
3.488851848E1,3.382500076E1,2.943750191E1,1.860000038E1
3.490852292E1,3.412500000E1,2.910000038E1,1.921875000E1
3.492852385E1,3.470625305E1,2.908125114E1,1.920000076E1
3.494853256E1,3.442500305E1,2.936250114E1,1.786875153E1
3.496855878E1,3.442500305E1,2.919375038E1,1.743750000E1
3.498856418E1,3.463125229E1,2.917500114E1,1.743750000E1
3.500856339E1,3.470625305E1,2.936250114E1,1.785000038E1
3.502855816E1,3.461250305E1,2.934375191E1,1.816875076E1
3.504856087E1,3.530625153E1,2.913750076E1,1.783125114E1
3.506855834E1,3.588750076E1,2.949375153E1,1.666875076E1
3.508855270E1,3.500625229E1,2.940000153E1,1.700625038E1
3.510855539E1,3.571875000E1,2.885625076E1,1.751250076E1
3.512855362E1,3.541875076E1,2.876250076E1,1.751250076E1
3.514854806E1,3.541875076E1,2.895000076E1,1.751250076E1
3.516855106E1,3.523125076E1,2.866875076E1,1.741875076E1
3.518854984E1,3.534375000E1,2.840625191E1,1.678125000E1
3.520854615E1,3.506250000E1,2.842500114E1,1.659375000E1
3.522854886E1,3.671250153E1,2.814375114E1,1.726875114E1
3.524854729E1,3.622500229E1,2.816250038E1,1.696875000E1
3.526855327E1,3.547500229E1,2.842500114E1,1.460625076E1
3.528862151E1,3.631875229E1,2.868750191E1,1.665000153E1
3.530860277E1,3.680625153E1,2.835000038E1,1.695000076E1
3.532859273E1,3.660000229E1,2.850000191E1,1.779375076E1
3.534858014E1,3.641250229E1,2.855625153E1,1.717500114E1
3.536856596E1,3.601875305E1,2.857500076E1,1.687500000E1
3.538856146E1,3.547500229E1,2.761875153E1,1.678125000E1
3.540855539E1,3.420000076E1,2.810625076E1,1.588125038E1
3.542851406E1,3.395625305E1,2.688750076E1,1.640625000E1
3.544852257E1,3.375000000E1,2.731875038E1,1.599375057E1
3.546852657E1,3.337500000E1,2.715000153E1,1.558125019E1
3.548853805E1,3.279375076E1,2.720625114E1,1.509375095E1
3.550857751E1,3.253125000E1,2.630625153E1,1.509375095E1
3.552857009E1,3.221250153E1,2.668125153E1,1.582500076E1
3.554857021E1,3.360000229E1,2.615625191E1,1.567500019E1
3.556856574E1,3.230625153E1,2.670000076E1,1.696875000E1
3.558855801E1,3.073125076E1,2.715000153E1,1.691250038E1
3.560855762E1,2.966250038E1,2.675625038E1,1.745625114E1
3.562855481E1,2.979375076E1,2.606250191E1,1.745625114E1
3.564855994E1,2.908125114E1,2.641875076E1,1.841250038E1
3.566855972E1,2.940000153E1,2.602500153E1,1.839375114E1
3.568855548E1,2.985000038E1,2.621250153E1,2.004375076E1
3.570855943E1,2.928750038E1,2.606250191E1,1.933125114E1
3.572855864E1,2.896875191E1,2.638125038E1,1.923750114E1
3.574856534E1,2.893125153E1,2.711250114E1,2.040000153E1
3.576856606E1,2.883750153E1,2.690625191E1,2.040000153E1
3.578856232E1,2.932500076E1,2.700000191E1,2.049375153E1
3.580855529E1,2.923125076E1,2.688750076E1,2.079375076E1
3.582855623E1,2.960625076E1,2.705625153E1,2.088750076E1
3.584855427E1,2.953125191E1,2.664375114E1,2.141250038E1
3.586854851E1,2.915625191E1,2.647500038E1,2.111250114E1
3.588855134E1,2.964375114E1,2.645625114E1,2.120625114E1
3.590854960E1,2.913750076E1,2.662500191E1,2.184375000E1
3.592854454E1,3.005625153E1,2.574375153E1,2.118750000E1
3.594854835E1,2.975625038E1,2.583750153E1,2.139375114E1
3.596852599E1,2.966250038E1,2.572500038E1,2.161875153E1
3.598853738E1,2.985000038E1,2.583750153E1,2.139375114E1
3.600854266E1,3.041250038E1,2.632500076E1,2.107500076E1
3.602854299E1,2.986875153E1,2.580000114E1,2.025000000E1
3.604858448E1,3.005625153E1,2.596875191E1,2.066250038E1
3.606857852E1,2.962500191E1,2.664375114E1,2.141250038E1
3.608856837E1,2.945625114E1,2.619375038E1,2.068125153E1
3.610856719E1,2.966250038E1,2.585625076E1,2.109375000E1
3.612856168E1,3.005625153E1,2.566875076E1,2.077500153E1
3.614855202E1,2.926875114E1,2.589375114E1,2.079375076E1
3.616855348E1,2.968125153E1,2.568750191E1,2.068125153E1
3.618856168E1,2.986875153E1,2.566875076E1,2.098125076E1
3.620856413E1,2.968125153E1,2.568750191E1,2.077500153E1
3.622856186E1,2.936250114E1,2.619375038E1,2.047500038E1
3.624855602E1,2.945625114E1,2.621250153E1,2.017500114E1
3.626855884E1,2.985000038E1,2.640000153E1,2.036250114E1
3.628855713E1,3.016875076E1,2.559375191E1,2.034375000E1
3.630855154E1,2.973750114E1,2.655000114E1,2.109375000E1
3.632855459E1,3.007500076E1,2.568750191E1,2.034375000E1
3.634855294E1,2.938125038E1,2.600625038E1,2.026875114E1
3.636854844E1,2.990625191E1,2.490000153E1,2.034375000E1
3.638855208E1,2.960625076E1,2.533125114E1,2.004375076E1
3.640855073E1,2.998125076E1,2.542500114E1,1.983750153E1
3.642854547E1,2.990625191E1,2.510625076E1,2.025000000E1
3.644854898E1,2.820000076E1,2.610000038E1,2.103750038E1
3.646854775E1,2.896875191E1,2.632500076E1,2.017500114E1
3.648855446E1,2.919375038E1,2.568750191E1,1.912500000E1
3.650853431E1,2.964375114E1,2.653125191E1,1.985625076E1
3.652853551E1,3.056250191E1,2.606250191E1,1.888125038E1
3.654854428E1,3.015000153E1,2.621250153E1,1.983750153E1
3.656854719E1,2.955000114E1,2.677500153E1,1.903125000E1
3.658860207E1,3.000000191E1,2.730000114E1,2.006250000E1
3.660859510E1,2.917500114E1,2.634375191E1,1.976250076E1
3.662858353E1,2.936250114E1,2.643750191E1,1.976250076E1
3.664856948E1,2.955000114E1,2.632500076E1,1.985625076E1
3.666856555E1,2.908125114E1,2.613750076E1,1.985625076E1
3.668855708E1,2.985000038E1,2.593125153E1,2.150625038E1
3.670854821E1,2.921250153E1,2.531250191E1,2.047500038E1
3.672850530E1,2.917500114E1,2.593125153E1,2.006250000E1
3.674851225E1,2.887500191E1,2.634375191E1,2.008125114E1
3.676852641E1,2.895000076E1,2.671875191E1,2.028750038E1
3.678853432E1,2.896875191E1,2.634375191E1,1.987500000E1
3.680857093E1,2.876250076E1,2.685000038E1,1.998750114E1
3.682857247E1,2.816250038E1,2.705625153E1,2.000625038E1
3.684856846E1,2.846250153E1,2.685000038E1,1.989375114E1
3.686856060E1,2.816250038E1,2.694375038E1,2.041875076E1
3.688856123E1,2.795625114E1,2.705625153E1,2.021250153E1
3.690855628E1,2.737500191E1,2.726250076E1,2.023125076E1
3.692854971E1,2.726250076E1,2.758125114E1,2.002500153E1
3.694855163E1,2.698125076E1,2.750625038E1,1.983750153E1
3.696854924E1,2.656875038E1,2.769375038E1,2.026875114E1
3.698855456E1,2.675625038E1,2.808750153E1,1.995000076E1
3.700855471E1,2.688750076E1,2.739375114E1,2.004375076E1
3.702855113E1,2.696250153E1,2.769375038E1,1.993125153E1
3.704854557E1,2.668125153E1,2.737500191E1,2.056875038E1
3.706854714E1,2.707500076E1,2.758125114E1,2.004375076E1
3.708854464E1,2.698125076E1,2.739375114E1,1.993125153E1
3.710854997E1,2.641875076E1,2.668125153E1,2.056875038E1
3.712860675E1,2.623125076E1,2.640000153E1,2.047500038E1
3.714858991E1,2.595000076E1,2.596875191E1,2.109375000E1
3.716858218E1,2.625000191E1,2.574375153E1,2.139375114E1
3.718857145E1,2.647500038E1,2.523750114E1,2.148750114E1
3.720855856E1,2.606250191E1,2.553750038E1,2.171250153E1
3.722855527E1,2.606250191E1,2.544375038E1,2.150625038E1
3.724855011E1,2.568750191E1,2.521875191E1,2.223750114E1
3.726850995E1,2.566875076E1,2.563125038E1,2.214375114E1
3.728851880E1,2.568750191E1,2.536875153E1,2.141250038E1
3.730852347E1,2.615625191E1,2.565000153E1,2.160000038E1
3.732853505E1,2.606250191E1,2.555625153E1,2.150625038E1
3.734856315E1,2.692500114E1,2.546250153E1,2.263125038E1
3.736856977E1,2.641875076E1,2.621250153E1,2.201250076E1
3.738856970E1,2.692500114E1,2.557500076E1,2.231250000E1
3.740856470E1,2.673750114E1,2.580000114E1,2.210625076E1
3.742855652E1,2.602500153E1,2.649375153E1,2.235000038E1
3.744855548E1,2.634375191E1,2.568750191E1,2.253750038E1
3.746855240E1,2.604375076E1,2.559375191E1,2.255625153E1
3.748854577E1,2.585625076E1,2.591250038E1,2.223750114E1
3.750854769E1,2.576250076E1,2.542500114E1,2.223750114E1
3.752854548E1,2.529375076E1,2.561250114E1,2.079375076E1
3.754855136E1,2.666250038E1,2.557500076E1,2.086875153E1
3.756855218E1,2.574375153E1,2.645625114E1,2.131875038E1
3.758854974E1,2.518125153E1,2.587500191E1,2.163750076E1
3.760855375E1,2.495625114E1,2.634375191E1,2.216250038E1
3.762855282E1,2.475000191E1,2.675625038E1,2.197500038E1
3.764854809E1,2.521875191E1,2.677500153E1,2.319375038E1
3.766855109E1,2.482500076E1,2.722500038E1,2.227500153E1
3.768855033E1,2.480625153E1,2.718750191E1,2.291250038E1
3.770854530E1,2.396250153E1,2.673750114E1,2.272500038E1
3.772854872E1,2.386875153E1,2.655000114E1,2.261250114E1
3.774854751E1,2.336250114E1,2.696250153E1,2.242500114E1
3.776855206E1,2.317500114E1,2.673750114E1,2.295000076E1
3.778855337E1,2.298750114E1,2.666250038E1,2.274375153E1
3.780851777E1,2.250000000E1,2.679375076E1,2.255625153E1
3.782852971E1,2.229375076E1,2.666250038E1,2.328750038E1
3.784853577E1,2.287500000E1,2.690625191E1,2.379375076E1
3.786853685E1,2.208750153E1,2.698125076E1,2.298750114E1
3.788857907E1,2.131875038E1,2.711250114E1,2.280000114E1
3.790857378E1,2.141250038E1,2.690625191E1,2.268750000E1
3.792856423E1,2.081250000E1,2.743125153E1,2.261250114E1
3.794856333E1,2.101875114E1,2.707500076E1,2.364375114E1
3.796855806E1,2.071875000E1,2.701875114E1,2.313750076E1
3.798855992E1,2.023125076E1,2.720625114E1,2.345625114E1
3.800855874E1,1.946250153E1,2.679375076E1,2.420625114E1
3.802856478E1,1.916250038E1,2.679375076E1,2.420625114E1
3.804856517E1,1.927500153E1,2.658750153E1,2.431875038E1
3.806856122E1,1.890000153E1,2.621250153E1,2.411250114E1
3.808855407E1,1.831875038E1,2.634375191E1,2.381250000E1
3.810855604E1,1.762500000E1,2.600625038E1,2.488125038E1
3.812855379E1,1.704375076E1,2.636250114E1,2.448750114E1
3.814854783E1,1.683750153E1,2.615625191E1,2.625000191E1
3.816855058E1,1.644375038E1,2.623125076E1,2.512500191E1
3.818854884E1,1.674375153E1,2.610000038E1,2.563125038E1
3.820854238E1,1.642500114E1,2.660625076E1,2.565000153E1
3.822853516E1,1.586250019E1,2.643750191E1,2.535000038E1
3.824853665E1,1.614375114E1,2.619375038E1,2.617500114E1
3.826854551E1,1.732500076E1,2.587500191E1,2.748750114E1
3.828854861E1,1.723125076E1,2.559375191E1,2.716875076E1
3.830854697E1,1.635000038E1,2.589375114E1,2.606250191E1
3.832854194E1,1.618125153E1,2.544375038E1,2.700000191E1
3.834852378E1,1.578750038E1,2.527500153E1,2.668125153E1
3.836852709E1,1.597500038E1,2.533125114E1,2.730000114E1
3.838853744E1,1.539375019E1,2.548125076E1,2.681250191E1
3.840854177E1,1.582500076E1,2.454375076E1,2.741250038E1
3.842858629E1,1.550625038E1,2.514375114E1,2.743125153E1
3.844858232E1,1.533750057E1,2.431875038E1,2.805000114E1
3.846857347E1,1.524375057E1,2.424375153E1,2.763750076E1
3.848857292E1,1.531875038E1,2.441250038E1,2.814375114E1
3.850856794E1,1.550625038E1,2.460000038E1,2.814375114E1
3.852855852E1,1.563750076E1,2.409375191E1,2.823750114E1
3.854854882E1,1.552500057E1,2.433750153E1,2.773125076E1
3.856850484E1,1.552500057E1,2.430000114E1,2.814375114E1
3.858851104E1,1.552500057E1,2.443125153E1,2.773125076E1
3.860852465E1,1.608750153E1,2.478750038E1,2.803125191E1
3.862853209E1,1.580625057E1,2.450625038E1,2.782500076E1
3.864854566E1,1.608750153E1,2.478750038E1,2.812500191E1
3.866855226E1,1.560000038E1,2.478750038E1,2.825625038E1
3.868855247E1,1.683750153E1,2.497500038E1,2.977500153E1
3.870854833E1,1.631250000E1,2.398125076E1,2.812500191E1
3.872855207E1,1.766250038E1,2.420625114E1,2.859375191E1
3.874855049E1,1.603125000E1,2.401875114E1,2.771250153E1
3.876855686E1,1.623750114E1,2.392500114E1,2.750625038E1
3.878855709E1,1.631250000E1,2.433750153E1,2.718750191E1
3.880855301E1,1.640625000E1,2.407500076E1,2.812500191E1
3.882855678E1,1.680000114E1,2.418750191E1,2.790000153E1
3.884855561E1,1.661250114E1,2.373750114E1,2.895000076E1
3.886856199E1,1.672500038E1,2.377500153E1,2.821875191E1
3.888854161E1,1.691250038E1,2.375625038E1,2.840625191E1
3.890854257E1,1.689375114E1,2.403750038E1,2.863125038E1
3.892853956E1,1.663125038E1,2.356875038E1,2.842500114E1
3.894854469E1,1.681875038E1,2.377500153E1,2.820000076E1
3.896860157E1,1.691250038E1,2.368125153E1,2.810625076E1
3.898858473E1,1.768125153E1,2.383125114E1,2.829375076E1
3.900857734E1,1.770000076E1,2.375625038E1,2.797500038E1
3.902856686E1,1.758750153E1,2.407500076E1,2.756250191E1
3.904856558E1,1.828125000E1,2.398125076E1,2.713125038E1
3.906855927E1,1.796250153E1,2.460000038E1,2.692500114E1
3.908855191E1,1.816875076E1,2.420625114E1,2.671875191E1
3.910856484E1,1.816875076E1,2.416875076E1,2.733750153E1
3.912855969E1,1.893750000E1,2.471250153E1,2.617500114E1
3.914855177E1,1.845000076E1,2.439375114E1,2.692500114E1
3.916855296E1,1.826250076E1,2.475000191E1,2.589375114E1
3.918857306E1,1.833750153E1,2.491875076E1,2.619375038E1
3.920856206E1,1.867500114E1,2.411250114E1,2.649375153E1
3.922856002E1,1.895625114E1,2.439375114E1,2.638125038E1
3.924855428E1,1.876875114E1,2.413125038E1,2.617500114E1
3.926855723E1,1.824375153E1,2.482500076E1,2.619375038E1
3.928855450E1,1.863750076E1,2.480625153E1,2.649375153E1
3.930854990E1,1.856250000E1,2.448750114E1,2.670000076E1
3.932855343E1,1.886250114E1,2.431875038E1,2.628750038E1
3.934855218E1,1.983750153E1,2.437500191E1,2.625000191E1
3.936854741E1,1.895625114E1,2.420625114E1,2.626875114E1
3.938855105E1,1.903125000E1,2.460000038E1,2.649375153E1
3.940855032E1,1.865625000E1,2.441250038E1,2.649375153E1
3.942854690E1,1.835625076E1,2.463750076E1,2.619375038E1
3.944855008E1,1.886250114E1,2.435625076E1,2.544375038E1
3.946854861E1,1.865625000E1,2.473125076E1,2.598750114E1
3.948855470E1,1.944375038E1,2.452500153E1,2.553750038E1
3.950861194E1,1.884375000E1,2.471250153E1,2.608125114E1
3.952860662E1,1.916250038E1,2.422500038E1,2.596875191E1
3.954859646E1,1.905000114E1,2.478750038E1,2.482500076E1
3.956858346E1,1.916250038E1,2.420625114E1,2.626875114E1
3.958856862E1,1.867500114E1,2.405625153E1,2.555625153E1
3.960856297E1,1.837500000E1,2.473125076E1,2.443125153E1
3.962855646E1,1.876875114E1,2.426250076E1,2.544375038E1
3.964851524E1,1.788750076E1,2.482500076E1,2.475000191E1
3.966852381E1,1.828125000E1,2.471250153E1,2.463750076E1
3.968852802E1,1.953750038E1,2.441250038E1,2.585625076E1
3.970853942E1,1.856250000E1,2.473125076E1,2.443125153E1
3.972856770E1,1.779375076E1,2.467500114E1,2.381250000E1
3.974856273E1,1.758750153E1,2.476875114E1,2.403750038E1
3.976856532E1,1.798125076E1,2.488125038E1,2.381250000E1
3.978856287E1,1.760625076E1,2.469375038E1,2.383125114E1
3.980855663E1,1.711875153E1,2.480625153E1,2.394375038E1
3.982855730E1,1.749375153E1,2.497500038E1,2.415000153E1
3.984855558E1,1.730625153E1,2.460000038E1,2.373750114E1
3.986854991E1,1.732500076E1,2.428125191E1,2.424375153E1
3.988855263E1,1.702500153E1,2.482500076E1,2.343750000E1
3.990855102E1,1.702500153E1,2.439375114E1,2.426250076E1
3.992854578E1,1.635000038E1,2.430000114E1,2.437500191E1
3.994854950E1,1.685625076E1,2.390625000E1,2.405625153E1
3.996854941E1,1.663125038E1,2.448750114E1,2.446875191E1
3.998855530E1,1.668750000E1,2.341875076E1,2.405625153E1
4.000855567E1,1.666875076E1,2.381250000E1,2.394375038E1
4.002855178E1,1.627500153E1,2.375625038E1,2.364375114E1
4.004861130E1,1.576875019E1,2.422500038E1,2.439375114E1
4.006859826E1,1.636875153E1,2.362500000E1,2.405625153E1
4.008858198E1,1.599375057E1,2.366250038E1,2.366250038E1
4.010857571E1,1.578750038E1,2.362500000E1,2.439375114E1
4.012856652E1,1.520625019E1,2.355000114E1,2.420625114E1
4.014855534E1,1.561875057E1,2.311875153E1,2.450625038E1
4.016855460E1,1.601250076E1,2.300625038E1,2.469375038E1
4.018852901E1,1.571250057E1,2.302500153E1,2.439375114E1
4.020853826E1,1.590000057E1,2.334375000E1,2.418750191E1
4.022854205E1,1.554375076E1,2.263125038E1,2.448750114E1
4.024854155E1,1.561875057E1,2.311875153E1,2.460000038E1
4.026858269E1,1.591875076E1,2.272500038E1,2.437500191E1
4.028857694E1,1.561875057E1,2.291250038E1,2.471250153E1
4.030856728E1,1.513125038E1,2.302500153E1,2.471250153E1
4.032856630E1,1.554375076E1,2.272500038E1,2.450625038E1
4.034856126E1,1.603125000E1,2.270625114E1,2.458125114E1
4.036855184E1,1.522500038E1,2.311875153E1,2.482500076E1
4.038855348E1,1.533750057E1,2.276250076E1,2.409375191E1
4.040856197E1,1.475625038E1,2.263125038E1,2.493750191E1
4.042855349E1,1.550625038E1,2.310000038E1,2.491875076E1
4.044855406E1,1.515000057E1,2.251875114E1,2.491875076E1
4.046855053E1,1.524375057E1,2.272500038E1,2.482500076E1
4.048855570E1,1.531875038E1,2.302500153E1,2.460000038E1
4.050855567E1,1.554375076E1,2.235000038E1,2.428125191E1
4.052855164E1,1.520625019E1,2.332500076E1,2.482500076E1
4.054855567E1,1.522500038E1,2.291250038E1,2.491875076E1
4.056855460E1,1.543125057E1,2.302500153E1,2.450625038E1
4.058854849E1,1.543125057E1,2.281875038E1,2.480625153E1
4.060854137E1,1.513125038E1,2.293125153E1,2.461875153E1
4.062854288E1,1.494375038E1,2.293125153E1,2.482500076E1
4.064854040E1,1.533750057E1,2.283750153E1,2.439375114E1
4.066854578E1,1.533750057E1,2.283750153E1,2.460000038E1
4.068854629E1,1.657500076E1,2.278125000E1,2.643750191E1
4.070854297E1,1.494375038E1,2.291250038E1,2.523750114E1
4.072852616E1,1.522500038E1,2.321250153E1,2.503125191E1
4.074853038E1,1.501875019E1,2.338125038E1,2.388750076E1
4.076854169E1,1.483125019E1,2.300625038E1,2.525625038E1
4.078854639E1,1.550625038E1,2.323125076E1,2.450625038E1
4.080859132E1,1.515000057E1,2.276250076E1,2.430000114E1
4.082858764E1,1.473750019E1,2.313750076E1,2.493750191E1
4.084857901E1,1.503750038E1,2.313750076E1,2.450625038E1
4.086856770E1,1.483125019E1,2.326875114E1,2.431875038E1
4.088856538E1,1.501875019E1,2.332500076E1,2.482500076E1
4.090855874E1,1.513125038E1,2.291250038E1,2.491875076E1
4.092856202E1,1.470000076E1,2.383125114E1,2.493750191E1
4.094857128E1,1.520625019E1,2.353125000E1,2.450625038E1
4.096856334E1,1.531875038E1,2.338125038E1,2.377500153E1
4.098856406E1,1.501875019E1,2.370000076E1,2.347500038E1
4.100856056E1,1.417500019E1,2.326875114E1,2.278125000E1
4.102856565E1,1.539375019E1,2.390625000E1,2.471250153E1
4.104856557E1,1.479375076E1,2.390625000E1,2.505000114E1
4.106856124E1,1.471875095E1,2.375625038E1,2.452500153E1
4.108855344E1,1.441875076E1,2.362500000E1,2.505000114E1
4.110855495E1,1.419375038E1,2.435625076E1,2.454375076E1
4.112855120E1,1.402500057E1,2.407500076E1,2.445000076E1
4.114855744E1,1.417500019E1,2.488125038E1,2.392500114E1
4.116855764E1,1.368750095E1,2.488125038E1,2.426250076E1
4.118855381E1,1.370625019E1,2.460000038E1,2.415000153E1
4.120854692E1,1.361250019E1,2.439375114E1,2.435625076E1
4.122854900E1,1.417500019E1,2.501250076E1,2.362500000E1
4.124854694E1,1.417500019E1,2.497500038E1,2.413125038E1
4.126853149E1,1.406250095E1,2.516250038E1,2.435625076E1
4.128853680E1,1.370625019E1,2.493750191E1,2.332500076E1
4.130853765E1,1.396875095E1,2.572500038E1,2.332500076E1
4.132854566E1,1.350000095E1,2.525625038E1,2.323125076E1
4.134860464E1,1.376250076E1,2.565000153E1,2.311875153E1
4.136858987E1,1.376250076E1,2.583750153E1,2.311875153E1
4.138858353E1,1.346250057E1,2.626875114E1,2.270625114E1
4.140857341E1,1.290000057E1,2.536875153E1,2.302500153E1
4.142856092E1,1.335000038E1,2.632500076E1,2.343750000E1
4.144855797E1,1.306875038E1,2.596875191E1,2.281875038E1
4.146855298E1,1.314375019E1,2.668125153E1,2.261250114E1
4.148851279E1,1.295625019E1,2.647500038E1,2.272500038E1
4.150852159E1,1.344375038E1,2.623125076E1,2.343750000E1
4.152852565E1,1.275000095E1,2.698125076E1,2.283750153E1
4.154853702E1,1.293750095E1,2.701875114E1,2.201250076E1
4.156856515E1,1.293750095E1,2.696250153E1,2.283750153E1
4.158856019E1,1.254375076E1,2.698125076E1,2.285625076E1
4.160856262E1,1.254375076E1,2.743125153E1,2.191875076E1
4.162856004E1,1.205625057E1,2.713125038E1,2.235000038E1
4.164855337E1,1.215000057E1,2.735625076E1,2.161875153E1
4.166855437E1,1.183125019E1,2.784375191E1,2.193750000E1
4.168855243E1,1.213125038E1,2.793750191E1,2.203125000E1
4.170855759E1,1.233750057E1,2.773125076E1,2.191875076E1
4.172855783E1,1.261875057E1,2.805000114E1,2.160000038E1
4.174855369E1,1.215000057E1,2.756250191E1,2.171250153E1
4.176855762E1,1.254375076E1,2.737500191E1,2.130000114E1
4.178855697E1,1.245000076E1,2.760000038E1,2.088750076E1
4.180855358E1,1.213125038E1,2.808750153E1,2.120625114E1
4.182855654E1,1.203750038E1,2.812500191E1,2.058750153E1
4.184855492E1,1.211250019E1,2.859375191E1,2.100000000E1
4.186854944E1,1.213125038E1,2.842500114E1,2.026875114E1
4.188860893E1,1.213125038E1,2.820000076E1,2.100000000E1
4.190860573E1,1.215000057E1,2.818125153E1,1.944375038E1
4.192858617E1,1.310625076E1,2.821875191E1,1.981875038E1
4.194857723E1,1.310625076E1,2.835000038E1,1.951875114E1
4.196856570E1,1.350000095E1,2.851875114E1,1.961250114E1
4.198856345E1,1.321875095E1,2.825625038E1,1.931250000E1
4.200855919E1,1.381875038E1,2.793750191E1,1.938750076E1
4.202853084E1,1.361250019E1,2.823750114E1,1.940625000E1
4.204853788E1,1.359375095E1,2.855625153E1,1.920000076E1
4.206854009E1,1.389375019E1,2.865000153E1,1.888125038E1
4.208853845E1,1.419375038E1,2.850000191E1,1.803750038E1
4.210856753E1,1.456875038E1,2.885625076E1,1.843125153E1
4.212856380E1,1.415625095E1,2.895000076E1,1.886250114E1
4.214855602E1,1.389375019E1,2.831250191E1,1.970625114E1
4.216855715E1,1.408125019E1,2.872500038E1,1.918125153E1
4.218855385E1,1.447500038E1,2.876250076E1,1.854375076E1
4.220854584E1,1.387500095E1,2.874375153E1,1.897500038E1
4.222854851E1,1.438125038E1,2.855625153E1,1.875000000E1
4.224854654E1,1.496250057E1,2.851875114E1,1.893750000E1
4.226855250E1,1.458750057E1,2.836875153E1,1.833750153E1
4.228855304E1,1.458750057E1,2.846250153E1,1.843125153E1
4.230854960E1,1.419375038E1,2.835000038E1,1.875000000E1
4.232855431E1,1.468125057E1,2.833125114E1,1.884375000E1
4.234855399E1,1.456875038E1,2.865000153E1,1.854375076E1
4.236854921E1,1.449375057E1,2.836875153E1,1.843125153E1
4.238855299E1,1.496250057E1,2.874375153E1,1.852500153E1
4.240855169E1,1.545000076E1,2.876250076E1,1.788750076E1
4.242854566E1,1.535625076E1,2.844375038E1,1.820625114E1
4.244854945E1,1.505625057E1,2.887500191E1,1.790625000E1
4.246854822E1,1.575000095E1,2.878125191E1,1.726875114E1
4.248855446E1,1.556250095E1,2.868750191E1,1.726875114E1
4.250855552E1,1.545000076E1,2.866875076E1,1.768125153E1
4.252855190E1,1.554375076E1,2.889375114E1,1.736250114E1
4.254855651E1,1.584375095E1,2.874375153E1,1.809375000E1
4.256852351E1,1.593750095E1,2.878125191E1,1.715625000E1
4.258852632E1,1.603125000E1,2.895000076E1,1.777500153E1
4.260853625E1,1.575000095E1,2.889375114E1,1.726875114E1
4.262854060E1,1.633125114E1,2.887500191E1,1.704375076E1
4.264858542E1,1.691250038E1,2.910000038E1,1.650000000E1
4.266857071E1,1.723125076E1,2.872500038E1,1.597500038E1
4.268856500E1,1.781250000E1,2.881875038E1,1.575000095E1
4.270855596E1,1.790625000E1,2.902500153E1,1.543125057E1
4.272855611E1,1.860000038E1,2.906250191E1,1.426875019E1
4.274855058E1,1.938750076E1,2.889375114E1,1.340625095E1
4.276854418E1,1.998750114E1,2.885625076E1,1.194375038E1
4.278855744E1,2.047500038E1,2.889375114E1,1.119375038E1
4.280855279E1,2.255625153E1,2.904375076E1,7.406250477E0
4.282855620E1,2.388750076E1,2.829375076E1,4.350000381E0
4.284855480E1,2.505000114E1,2.850000191E1,-3.281250238E0
4.286857255E1,2.675625038E1,2.775000191E1,-5.193750381E0
4.288855932E1,2.613750076E1,2.686875153E1,-8.400000572E0
4.290855567E1,2.615625191E1,2.662500191E1,-9.243750572E0
4.292854861E1,2.634375191E1,2.666250038E1,-8.306250572E0
4.294855065E1,2.679375076E1,2.692500114E1,-6.356250286E0
4.296854714E1,2.632500076E1,2.647500038E1,-6.750000477E0
4.298854199E1,2.720625114E1,2.653125191E1,-6.356250286E0
4.300854512E1,2.640000153E1,2.718750191E1,-7.068750381E0
4.302854395E1,2.630625153E1,2.685000038E1,-6.543750286E0
4.304855045E1,2.679375076E1,2.698125076E1,-7.068750381E0
4.306855146E1,2.662500191E1,2.653125191E1,-6.356250286E0
4.308854865E1,2.651250076E1,2.675625038E1,-6.750000477E0
4.310853235E1,2.730000114E1,2.673750114E1,-6.675000191E0
4.312853642E1,2.760000038E1,2.656875038E1,-7.312500477E0
4.314853628E1,2.728125191E1,2.692500114E1,-6.581250191E0
4.316854348E1,2.709375191E1,2.690625191E1,-6.150000095E0
4.318859050E1,2.671875191E1,2.636250114E1,-6.768750191E0
4.320858884E1,2.670000076E1,2.705625153E1,-6.656250477E0
4.322858164E1,2.641875076E1,2.653125191E1,-6.243750095E0
4.324857123E1,2.730000114E1,2.666250038E1,-7.087500095E0
4.326856962E1,2.668125153E1,2.745000076E1,-6.750000477E0
4.328856381E1,2.679375076E1,2.724375153E1,-6.768750191E0
4.330856719E1,2.670000076E1,2.685000038E1,-6.656250477E0
4.332857682E1,2.679375076E1,2.683125114E1,-6.356250286E0
4.334856874E1,2.653125191E1,2.670000076E1,-7.275000095E0
4.336855824E1,2.651250076E1,2.685000038E1,-6.656250477E0
4.338855733E1,2.700000191E1,2.685000038E1,-6.768750191E0
4.340856435E1,2.651250076E1,2.683125114E1,-6.337500095E0
4.342855479E1,2.679375076E1,2.722500038E1,-6.450000286E0
4.344855439E1,2.709375191E1,2.683125114E1,-6.356250286E0
4.346855037E1,2.681250191E1,2.698125076E1,-7.181250095E0
4.348855482E1,2.679375076E1,2.683125114E1,-6.356250286E0
4.350855355E1,2.718750191E1,2.707500076E1,-7.406250477E0
4.352854980E1,2.658750153E1,2.722500038E1,-6.337500095E0
4.354855397E1,2.658750153E1,2.748750114E1,-7.275000095E0
4.356855321E1,2.658750153E1,2.722500038E1,-6.131250381E0
4.358854876E1,2.660625076E1,2.696250153E1,-6.768750191E0
4.360855257E1,2.679375076E1,2.713125038E1,-6.356250286E0
4.362855179E1,2.649375153E1,2.726250076E1,-6.656250477E0
4.364853749E1,2.658750153E1,2.713125038E1,-6.337500095E0
4.366854322E1,2.670000076E1,2.718750191E1,-7.275000095E0
4.368854403E1,2.681250191E1,2.675625038E1,-6.656250477E0
4.370854074E1,2.670000076E1,2.696250153E1,-6.862500191E0
4.372860220E1,2.651250076E1,2.664375114E1,-6.337500095E0
4.374858922E1,2.651250076E1,2.700000191E1,-7.275000095E0
4.376858453E1,2.651250076E1,2.673750114E1,-6.243750095E0
4.378857591E1,2.649375153E1,2.728125191E1,-7.068750381E0
4.380856476E1,2.649375153E1,2.705625153E1,-6.543750286E0
4.382856168E1,2.611875153E1,2.686875153E1,-6.543750286E0
4.384855730E1,2.651250076E1,2.686875153E1,-6.862500191E0
4.386851724E1,2.623125076E1,2.666250038E1,-6.656250477E0
4.388852650E1,2.640000153E1,2.694375038E1,-6.450000286E0
4.390853092E1,2.670000076E1,2.718750191E1,-7.275000095E0
4.392853118E1,2.670000076E1,2.688750076E1,-5.625000000E0
4.394856173E1,2.718750191E1,2.715000153E1,-6.768750191E0
4.396857034E1,2.630625153E1,2.694375038E1,-6.337500095E0
4.398857197E1,2.660625076E1,2.696250153E1,-6.768750191E0
4.400856852E1,2.658750153E1,2.713125038E1,-6.243750095E0
4.402856126E1,2.660625076E1,2.685000038E1,-6.450000286E0
4.404856128E1,2.679375076E1,2.705625153E1,-6.862500191E0
4.406855871E1,2.690625191E1,2.694375038E1,-6.768750191E0
4.408855216E1,2.664375114E1,2.641875076E1,-7.706250191E0
4.410855454E1,2.668125153E1,2.726250076E1,-6.768750191E0
4.412855236E1,2.720625114E1,2.655000114E1,-6.787500381E0
4.414854706E1,2.698125076E1,2.703750038E1,-6.562500477E0
4.416853917E1,2.668125153E1,2.722500038E1,-6.337500095E0
4.418854186E1,2.707500076E1,2.722500038E1,-6.468750477E0
4.420854993E1,2.700000191E1,2.692500114E1,-6.356250286E0
4.422855242E1,2.700000191E1,2.694375038E1,-6.562500477E0
4.424855022E1,2.660625076E1,2.716875076E1,-6.862500191E0
4.426861220E1,2.670000076E1,2.707500076E1,-7.068750381E0
4.428859940E1,2.688750076E1,2.703750038E1,-6.562500477E0
4.430858341E1,2.688750076E1,2.735625076E1,-6.975000381E0
4.432857727E1,2.670000076E1,2.698125076E1,-7.068750381E0
4.434856823E1,2.690625191E1,2.694375038E1,-6.656250477E0
4.436855711E1,2.660625076E1,2.716875076E1,-7.068750381E0
4.438855623E1,2.698125076E1,2.737500191E1,-7.293750286E0
4.440851930E1,2.688750076E1,2.692500114E1,-6.450000286E0
4.442851970E1,2.658750153E1,2.722500038E1,-6.337500095E0
4.444852853E1,2.632500076E1,2.686875153E1,-6.750000477E0
4.446853240E1,2.649375153E1,2.735625076E1,-6.543750286E0
4.448856594E1,2.660625076E1,2.688750076E1,-7.181250095E0
4.450856557E1,2.688750076E1,2.716875076E1,-7.068750381E0
4.452856019E1,2.681250191E1,2.685000038E1,-6.656250477E0
4.454856264E1,2.692500114E1,2.643750191E1,-6.468750477E0
4.456856019E1,2.720625114E1,2.677500153E1,-7.293750286E0
4.458855266E1,2.630625153E1,2.683125114E1,-6.225000381E0
4.460855559E1,2.640000153E1,2.726250076E1,-6.656250477E0
4.462856486E1,2.640000153E1,2.724375153E1,-6.431250095E0
4.464855665E1,2.690625191E1,2.668125153E1,-7.181250095E0
4.466855736E1,2.670000076E1,2.696250153E1,-6.768750191E0
4.468855363E1,2.709375191E1,2.705625153E1,-6.881250381E0
4.470855857E1,2.677500153E1,2.722500038E1,-6.131250381E0
4.472855826E1,2.670000076E1,2.715000153E1,-6.543750286E0
4.474855353E1,2.660625076E1,2.716875076E1,-7.068750381E0
4.476855722E1,2.658750153E1,2.728125191E1,-7.181250095E0
4.478855589E1,2.647500038E1,2.754375076E1,-6.543750286E0
4.480855097E1,2.701875114E1,2.679375076E1,-7.612500191E0
4.482854350E1,2.709375191E1,2.703750038E1,-6.562500477E0
4.484854484E1,2.681250191E1,2.656875038E1,-6.975000381E0
4.486854212E1,2.698125076E1,2.701875114E1,-6.243750095E0
4.488854753E1,2.679375076E1,2.726250076E1,-6.862500191E0
4.490854783E1,2.658750153E1,2.713125038E1,-6.243750095E0
4.492854415E1,2.651250076E1,2.675625038E1,-6.543750286E0
4.494852740E1,2.640000153E1,2.735625076E1,-6.750000477E0
4.496853168E1,2.658750153E1,2.722500038E1,-6.337500095E0
4.498854267E1,2.651250076E1,2.686875153E1,-6.862500191E0
4.500854750E1,2.686875153E1,2.743125153E1,-6.450000286E0
4.502859250E1,2.670000076E1,2.701875114E1,-6.037500381E0
4.504857771E1,2.641875076E1,2.698125076E1,-7.068750381E0
4.506857183E1,2.701875114E1,2.656875038E1,-7.087500095E0
4.508856254E1,2.737500191E1,2.726250076E1,-7.293750286E0
4.510856215E1,2.651250076E1,2.675625038E1,-6.750000477E0
4.512855637E1,2.700000191E1,2.707500076E1,-7.387500286E0
4.514854963E1,2.670000076E1,2.696250153E1,-6.768750191E0
4.516856290E1,2.658750153E1,2.724375153E1,-6.450000286E0
4.518855810E1,2.660625076E1,2.683125114E1,-6.131250381E0
4.520856130E1,2.765625191E1,2.703750038E1,-5.343750000E0
4.522855976E1,2.688750076E1,2.681250191E1,-6.037500381E0
4.524856606E1,2.670000076E1,2.692500114E1,-6.356250286E0
4.526856689E1,2.681250191E1,2.686875153E1,-6.862500191E0
4.528856294E1,2.670000076E1,2.683125114E1,-6.450000286E0
4.530855565E1,2.670000076E1,2.696250153E1,-6.862500191E0
4.532855725E1,2.630625153E1,2.716875076E1,-6.637500286E0
4.534855393E1,2.600625038E1,2.705625153E1,-6.225000381E0
4.536855955E1,2.668125153E1,2.754375076E1,-6.656250477E0
4.538855971E1,2.709375191E1,2.715000153E1,-6.881250381E0
4.540855599E1,2.619375038E1,2.739375114E1,-7.050000191E0
4.542854888E1,2.621250153E1,2.686875153E1,-6.750000477E0
4.544855068E1,2.668125153E1,2.711250114E1,-5.925000191E0
4.546854860E1,2.641875076E1,2.681250191E1,-7.481250286E0
4.548854442E1,2.640000153E1,2.726250076E1,-6.656250477E0
4.550854688E1,2.670000076E1,2.718750191E1,-7.181250095E0
4.552854533E1,2.660625076E1,2.696250153E1,-6.768750191E0
4.554855130E1,2.701875114E1,2.643750191E1,-6.356250286E0
4.556859735E1,2.670000076E1,2.716875076E1,-7.068750381E0
4.558858350E1,2.758125114E1,2.696250153E1,-7.200000286E0
4.560857847E1,2.670000076E1,2.707500076E1,-6.975000381E0
4.562856989E1,2.679375076E1,2.696250153E1,-6.862500191E0
4.564855865E1,2.696250153E1,2.752500153E1,-6.356250286E0
4.566855581E1,2.600625038E1,2.705625153E1,-6.525000095E0
4.568856309E1,2.668125153E1,2.737500191E1,-7.068750381E0
4.570851025E1,2.707500076E1,2.711250114E1,-6.150000095E0
4.572852005E1,2.658750153E1,2.713125038E1,-6.450000286E0
4.574852507E1,2.660625076E1,2.703750038E1,-6.337500095E0
4.576853688E1,2.673750114E1,2.638125038E1,-6.975000381E0
4.578856561E1,2.728125191E1,2.701875114E1,-6.356250286E0
4.580856101E1,2.630625153E1,2.671875191E1,-5.812500000E0
4.582856366E1,2.630625153E1,2.703750038E1,-6.337500095E0
4.584856130E1,2.668125153E1,2.711250114E1,-6.131250381E0
4.586855471E1,2.700000191E1,2.675625038E1,-6.768750191E0
4.588855594E1,2.651250076E1,2.681250191E1,-5.831250191E0
4.590855371E1,2.679375076E1,2.685000038E1,-6.562500477E0
4.592854776E1,2.670000076E1,2.713125038E1,-6.337500095E0
4.594855036E1,2.690625191E1,2.694375038E1,-6.656250477E0
4.596854848E1,2.651250076E1,2.694375038E1,-6.337500095E0
4.598855446E1,2.670000076E1,2.683125114E1,-6.131250381E0
4.600855544E1,2.670000076E1,2.673750114E1,-6.356250286E0
4.602854172E1,2.668125153E1,2.722500038E1,-6.337500095E0
4.604854830E1,2.660625076E1,2.683125114E1,-6.337500095E0
4.606854965E1,2.711250114E1,2.653125191E1,-6.562500477E0
4.608854653E1,2.709375191E1,2.686875153E1,-7.293750286E0
4.610860812E1,2.679375076E1,2.705625153E1,-6.656250477E0
4.612859536E1,2.709375191E1,2.703750038E1,-6.562500477E0
4.614857920E1,2.679375076E1,2.683125114E1,-6.356250286E0
4.616857284E1,2.690625191E1,2.662500191E1,-6.150000095E0
4.618856382E1,2.670000076E1,2.685000038E1,-6.656250477E0
4.620855286E1,2.707500076E1,2.694375038E1,-5.118750095E0
4.622855216E1,2.700000191E1,2.696250153E1,-6.975000381E0
4.624851539E1,2.730000114E1,2.671875191E1,-6.468750477E0
4.626852727E1,2.707500076E1,2.731875038E1,-6.450000286E0
4.628853349E1,2.649375153E1,2.703750038E1,-6.337500095E0
4.630853526E1,2.632500076E1,2.673750114E1,-6.225000381E0
4.632857800E1,2.670000076E1,2.671875191E1,-5.925000191E0
4.634857352E1,2.688750076E1,2.722500038E1,-6.450000286E0
4.636856450E1,2.613750076E1,2.679375076E1,-7.162500381E0
4.638856405E1,2.670000076E1,2.694375038E1,-6.450000286E0
4.640855940E1,2.670000076E1,2.694375038E1,-6.656250477E0
4.642855012E1,2.681250191E1,2.688750076E1,-7.387500286E0
4.644855204E1,2.671875191E1,2.649375153E1,-5.718750000E0
4.646854919E1,2.679375076E1,2.705625153E1,-6.656250477E0
4.648854334E1,2.720625114E1,2.673750114E1,-6.675000191E0
4.650854606E1,2.681250191E1,2.673750114E1,-6.562500477E0
4.652854452E1,2.690625191E1,2.653125191E1,-6.243750095E0
4.654853965E1,2.668125153E1,2.731875038E1,-6.131250381E0
4.656854447E1,2.728125191E1,2.703750038E1,-6.787500381E0
4.658854312E1,2.662500191E1,2.679375076E1,-7.481250286E0
4.660854934E1,2.670000076E1,2.692500114E1,-6.243750095E0
4.662855008E1,2.690625191E1,2.662500191E1,-6.356250286E0
4.664854639E1,2.671875191E1,2.675625038E1,-6.862500191E0
4.666855128E1,2.728125191E1,2.711250114E1,-6.468750477E0
4.668855043E1,2.679375076E1,2.681250191E1,-5.943750381E0
4.670855703E1,2.670000076E1,2.683125114E1,-6.243750095E0
4.672855784E1,2.651250076E1,2.655000114E1,-6.337500095E0
4.674855424E1,2.670000076E1,2.696250153E1,-6.862500191E0
4.676855881E1,2.630625153E1,2.683125114E1,-6.131250381E0
4.678852562E1,2.679375076E1,2.685000038E1,-6.562500477E0
4.680852810E1,2.688750076E1,2.681250191E1,-6.037500381E0
4.682853799E1,2.700000191E1,2.683125114E1,-6.562500477E0
4.684854218E1,2.649375153E1,2.701875114E1,-6.037500381E0
4.686858686E1,2.681250191E1,2.664375114E1,-6.450000286E0
4.688858339E1,2.651250076E1,2.673750114E1,-6.337500095E0
4.690857500E1,2.670000076E1,2.683125114E1,-6.243750095E0
4.692856342E1,2.814375114E1,2.681250191E1,-4.931250095E0
4.694856152E1,2.688750076E1,2.703750038E1,-6.450000286E0
4.696855507E1,2.671875191E1,2.666250038E1,-6.862500191E0
4.698854716E1,2.688750076E1,2.692500114E1,-6.243750095E0
4.700855960E1,2.649375153E1,2.700000191E1,-5.606250286E0
4.702855396E1,2.641875076E1,2.686875153E1,-6.656250477E0
4.704855689E1,2.711250114E1,2.647500038E1,-7.087500095E0
4.706855549E1,2.688750076E1,2.694375038E1,-6.562500477E0
4.708856167E1,2.658750153E1,2.701875114E1,-6.037500381E0
4.710856230E1,2.700000191E1,2.683125114E1,-6.562500477E0
4.712855820E1,2.690625191E1,2.668125153E1,-5.625000000E0
4.714855113E1,2.688750076E1,2.722500038E1,-6.356250286E0
4.716855291E1,2.647500038E1,2.728125191E1,-5.306250095E0
4.718854963E1,2.688750076E1,2.707500076E1,-5.625000000E0
4.720854421E1,2.746875191E1,2.662500191E1,-4.818750381E0
4.722854735E1,2.718750191E1,2.701875114E1,-6.356250286E0
4.724854599E1,2.658750153E1,2.700000191E1,-5.718750000E0
4.726855214E1,2.698125076E1,2.690625191E1,-5.943750381E0
4.728855292E1,2.688750076E1,2.701875114E1,-6.243750095E0
4.730854974E1,2.679375076E1,2.692500114E1,-6.356250286E0
4.732853338E1,2.679375076E1,2.679375076E1,-5.718750000E0
4.734853765E1,2.649375153E1,2.690625191E1,-5.925000191E0
4.736853748E1,2.660625076E1,2.694375038E1,-6.543750286E0
4.738854478E1,2.709375191E1,2.703750038E1,-6.768750191E0
4.740859168E1,2.660625076E1,2.694375038E1,-6.450000286E0
4.742858994E1,2.632500076E1,2.675625038E1,-6.450000286E0
4.744858289E1,2.641875076E1,2.664375114E1,-6.337500095E0
4.746857224E1,2.621250153E1,2.696250153E1,-6.750000477E0
4.748857058E1,2.679375076E1,2.711250114E1,-6.037500381E0
4.750856372E1,2.640000153E1,2.694375038E1,-6.243750095E0
4.752855620E1,2.651250076E1,2.677500153E1,-6.975000381E0
4.754856873E1,2.709375191E1,2.692500114E1,-6.562500477E0
4.756856320E1,2.632500076E1,2.675625038E1,-6.450000286E0
4.758855490E1,2.688750076E1,2.690625191E1,-6.037500381E0
4.760855583E1,2.658750153E1,2.735625076E1,-6.656250477E0
4.762856438E1,2.640000153E1,2.705625153E1,-6.543750286E0
4.764855582E1,2.690625191E1,2.675625038E1,-6.675000191E0
4.766855618E1,2.651250076E1,2.685000038E1,-6.450000286E0
4.768855235E1,2.681250191E1,2.685000038E1,-6.656250477E0
4.770854571E1,2.670000076E1,2.683125114E1,-6.243750095E0
4.772854774E1,2.677500153E1,2.746875191E1,-7.181250095E0
4.774854602E1,2.679375076E1,2.685000038E1,-6.562500477E0
4.776855194E1,2.711250114E1,2.645625114E1,-6.881250381E0
4.778855268E1,2.660625076E1,2.705625153E1,-6.543750286E0
4.780854916E1,2.681250191E1,2.673750114E1,-6.562500477E0
4.782855379E1,2.700000191E1,2.692500114E1,-6.356250286E0
4.784855368E1,2.623125076E1,2.655000114E1,-6.431250095E0
4.786853935E1,2.670000076E1,2.673750114E1,-6.356250286E0
4.788854510E1,2.688750076E1,2.715000153E1,-6.862500191E0
4.790854588E1,2.679375076E1,2.694375038E1,-6.450000286E0
4.792854260E1,2.679375076E1,2.696250153E1,-6.862500191E0
4.794860399E1,2.670000076E1,2.694375038E1,-6.656250477E0
4.796859090E1,2.679375076E1,2.715000153E1,-6.656250477E0
4.798858620E1,2.670000076E1,2.715000153E1,-6.543750286E0
4.800857771E1,2.641875076E1,2.677500153E1,-6.956250191E0
4.802856632E1,2.737500191E1,2.724375153E1,-6.881250381E0
4.804856332E1,2.658750153E1,2.713125038E1,-6.337500095E0
4.806855858E1,2.651250076E1,2.673750114E1,-6.337500095E0
4.808851857E1,2.688750076E1,2.713125038E1,-6.356250286E0
4.810852762E1,2.630625153E1,2.696250153E1,-6.656250477E0
4.812853191E1,2.720625114E1,2.675625038E1,-6.993750095E0
4.814853209E1,2.660625076E1,2.675625038E1,-6.768750191E0
4.816856272E1,2.649375153E1,2.713125038E1,-6.337500095E0
4.818856005E1,2.670000076E1,2.694375038E1,-6.656250477E0
4.820855298E1,2.756250191E1,2.715000153E1,-5.531250000E0
4.822855451E1,2.640000153E1,2.705625153E1,-6.750000477E0
4.824855152E1,2.679375076E1,2.701875114E1,-6.243750095E0
4.826855519E1,2.670000076E1,2.685000038E1,-6.562500477E0
4.828855544E1,2.679375076E1,2.713125038E1,-6.356250286E0
4.830855107E1,2.610000038E1,2.748750114E1,-6.956250191E0
4.832855483E1,2.660625076E1,2.696250153E1,-6.656250477E0
4.834855388E1,2.649375153E1,2.728125191E1,-7.162500381E0
4.836854900E1,2.677500153E1,2.733750153E1,-6.562500477E0
4.838855285E1,2.679375076E1,2.724375153E1,-6.768750191E0
4.840855308E1,2.679375076E1,2.683125114E1,-6.243750095E0
4.842854782E1,2.690625191E1,2.685000038E1,-6.881250381E0
4.844855079E1,2.670000076E1,2.703750038E1,-6.562500477E0
4.846854890E1,2.707500076E1,2.752500153E1,-6.562500477E0
4.848861112E1,2.746875191E1,2.688750076E1,-6.056250095E0
4.850859902E1,2.709375191E1,2.686875153E1,-7.293750286E0
4.852858346E1,2.649375153E1,2.724375153E1,-6.337500095E0
4.854857783E1,2.660625076E1,2.705625153E1,-6.656250477E0
4.856856899E1,2.668125153E1,2.713125038E1,-6.243750095E0
4.858855796E1,2.709375191E1,2.673750114E1,-6.562500477E0
4.860854619E1,2.651250076E1,2.683125114E1,-6.243750095E0
4.862851222E1,2.730000114E1,2.662500191E1,-6.375000477E0
4.864851498E1,2.688750076E1,2.713125038E1,-6.562500477E0
4.866852581E1,2.649375153E1,2.716875076E1,-6.956250191E0
4.868853114E1,2.679375076E1,2.681250191E1,-6.037500381E0
4.870856599E1,2.649375153E1,2.724375153E1,-6.543750286E0
4.872856624E1,2.660625076E1,2.692500114E1,-6.131250381E0
4.874856135E1,2.677500153E1,2.765625191E1,-6.768750191E0
4.876856417E1,2.600625038E1,2.713125038E1,-6.018750191E0
4.878856216E1,2.638125038E1,2.731875038E1,-6.131250381E0
4.880855468E1,2.658750153E1,2.711250114E1,-6.037500381E0
4.882855773E1,2.681250191E1,2.662500191E1,-6.356250286E0
4.884855554E1,2.662500191E1,2.656875038E1,-6.768750191E0
4.886854988E1,2.651250076E1,2.700000191E1,-7.387500286E0
4.888855281E1,2.690625191E1,2.696250153E1,-6.881250381E0
4.890855115E1,2.670000076E1,2.705625153E1,-6.768750191E0
4.892855753E1,2.690625191E1,2.673750114E1,-6.356250286E0
4.894855854E1,2.638125038E1,2.733750153E1,-6.337500095E0
4.896855490E1,2.709375191E1,2.694375038E1,-6.768750191E0
4.898855892E1,2.638125038E1,2.756250191E1,-6.843750477E0
4.900855804E1,2.630625153E1,2.694375038E1,-6.431250095E0
4.902855214E1,2.716875076E1,2.731875038E1,-6.262500286E0
4.904855616E1,2.679375076E1,2.701875114E1,-6.243750095E0
4.906855498E1,2.671875191E1,2.675625038E1,-6.768750191E0
4.908854996E1,2.670000076E1,2.698125076E1,-7.068750381E0
4.910855337E1,2.707500076E1,2.726250076E1,-7.087500095E0
4.912855196E1,2.681250191E1,2.700000191E1,-7.500000477E0
4.914855851E1,2.668125153E1,2.754375076E1,-6.656250477E0
4.916852698E1,2.681250191E1,2.686875153E1,-6.862500191E0
4.918853077E1,2.700000191E1,2.664375114E1,-6.675000191E0
4.920854176E1,2.739375114E1,2.660625076E1,-6.056250095E0
4.922854674E1,2.602500153E1,2.694375038E1,-6.318750381E0
4.924859180E1,2.709375191E1,2.703750038E1,-6.768750191E0
4.926857731E1,2.679375076E1,2.724375153E1,-6.656250477E0
4.928857160E1,2.670000076E1,2.696250153E1,-6.975000381E0
4.930856275E1,2.677500153E1,2.733750153E1,-6.450000286E0
4.932856272E1,2.679375076E1,2.705625153E1,-6.768750191E0
4.934855723E1,2.660625076E1,2.705625153E1,-6.543750286E0
4.936855078E1,2.671875191E1,2.688750076E1,-7.181250095E0
4.938856396E1,2.660625076E1,2.683125114E1,-6.337500095E0
4.940855923E1,2.698125076E1,2.726250076E1,-7.087500095E0
4.942855126E1,2.658750153E1,2.724375153E1,-6.656250477E0
4.944855242E1,2.679375076E1,2.701875114E1,-6.243750095E0
4.946856095E1,2.690625191E1,2.694375038E1,-6.656250477E0
4.948856354E1,2.679375076E1,2.722500038E1,-6.450000286E0
4.950856135E1,2.688750076E1,2.705625153E1,-6.881250381E0
4.952855518E1,2.707500076E1,2.713125038E1,-6.675000191E0
4.954855772E1,2.651250076E1,2.707500076E1,-6.862500191E0
4.956855473E1,2.688750076E1,2.724375153E1,-6.656250477E0
4.958855001E1,2.658750153E1,2.728125191E1,-7.068750381E0
4.960855317E1,2.658750153E1,2.724375153E1,-6.450000286E0
4.962855170E1,2.670000076E1,2.707500076E1,-7.068750381E0
4.964854658E1,2.668125153E1,2.746875191E1,-6.975000381E0
4.966855013E1,2.658750153E1,2.733750153E1,-6.450000286E0
4.968854922E1,2.658750153E1,2.715000153E1,-6.656250477E0
4.970853423E1,2.718750191E1,2.694375038E1,-6.768750191E0
4.972853980E1,2.728125191E1,2.683125114E1,-6.468750477E0
4.974854085E1,2.688750076E1,2.701875114E1,-6.150000095E0
4.976854890E1,2.649375153E1,2.715000153E1,-6.543750286E0
4.978860767E1,2.681250191E1,2.688750076E1,-7.181250095E0
4.980859250E1,2.660625076E1,2.692500114E1,-6.243750095E0
4.982858590E1,2.649375153E1,2.715000153E1,-6.656250477E0
4.984857612E1,2.658750153E1,2.733750153E1,-6.543750286E0
4.986856372E1,2.700000191E1,2.688750076E1,-7.500000477E0
4.988856071E1,2.660625076E1,2.692500114E1,-6.243750095E0
4.990855544E1,2.640000153E1,2.701875114E1,-6.018750191E0
4.992850403E1,2.653125191E1,2.632500076E1,-6.037500381E0
4.994851544E1,2.677500153E1,2.741250038E1,-6.243750095E0
4.996852203E1,2.658750153E1,2.726250076E1,-6.750000477E0
4.998853521E1,2.688750076E1,2.692500114E1,-6.356250286E0
5.000856466E1,2.668125153E1,2.722500038E1,-6.243750095E0
5.002856092E1,2.679375076E1,2.683125114E1,-6.450000286E0
5.004856411E1,2.630625153E1,2.726250076E1,-6.750000477E0
5.006856202E1,2.632500076E1,2.666250038E1,-6.543750286E0
5.008855607E1,2.660625076E1,2.690625191E1,-7.481250286E0
5.010855743E1,2.688750076E1,2.735625076E1,-6.975000381E0
5.012855536E1,2.670000076E1,2.703750038E1,-6.337500095E0
5.014854948E1,2.660625076E1,2.703750038E1,-6.450000286E0
5.016855210E1,2.641875076E1,2.673750114E1,-6.337500095E0
5.018855026E1,2.658750153E1,2.724375153E1,-6.656250477E0
5.020854483E1,2.773125076E1,2.745000076E1,-5.550000191E0
5.022854826E1,2.611875153E1,2.694375038E1,-6.131250381E0
5.024853690E1,2.651250076E1,2.707500076E1,-6.862500191E0
5.026854530E1,2.690625191E1,2.673750114E1,-6.562500477E0
5.028854814E1,2.621250153E1,2.705625153E1,-6.637500286E0
5.030854630E1,2.679375076E1,2.715000153E1,-6.768750191E0
5.032860853E1,2.621250153E1,2.696250153E1,-6.637500286E0
5.034859603E1,2.679375076E1,2.716875076E1,-7.068750381E0
5.036858036E1,2.718750191E1,2.716875076E1,-7.200000286E0
5.038857436E1,2.670000076E1,2.703750038E1,-6.450000286E0
5.040856562E1,2.690625191E1,2.707500076E1,-7.181250095E0
5.042855458E1,2.698125076E1,2.703750038E1,-6.562500477E0
5.044855403E1,2.670000076E1,2.694375038E1,-6.656250477E0
5.046851742E1,2.660625076E1,2.673750114E1,-6.450000286E0
5.048852904E1,2.651250076E1,2.686875153E1,-6.750000477E0
5.050853528E1,2.690625191E1,2.685000038E1,-6.768750191E0
5.052853666E1,2.651250076E1,2.696250153E1,-6.750000477E0
5.054856789E1,2.660625076E1,2.705625153E1,-6.656250477E0
5.056856579E1,2.690625191E1,2.675625038E1,-6.881250381E0
5.058855915E1,2.737500191E1,2.722500038E1,-6.468750477E0
5.060856071E1,2.679375076E1,2.715000153E1,-6.656250477E0
5.062855755E1,2.640000153E1,2.705625153E1,-6.450000286E0
5.064854991E1,2.651250076E1,2.707500076E1,-6.862500191E0
5.066855273E1,2.670000076E1,2.713125038E1,-6.450000286E0
5.068856188E1,2.640000153E1,2.724375153E1,-6.543750286E0
5.070855377E1,2.728125191E1,2.698125076E1,-5.850000381E0
5.072855455E1,2.679375076E1,2.728125191E1,-7.181250095E0
5.074855102E1,2.649375153E1,2.715000153E1,-6.450000286E0
5.076854468E1,2.640000153E1,2.724375153E1,-6.543750286E0
5.078854837E1,2.709375191E1,2.692500114E1,-6.262500286E0
5.080854591E1,2.688750076E1,2.722500038E1,-6.450000286E0
5.082855138E1,2.660625076E1,2.677500153E1,-6.975000381E0
5.084855131E1,2.621250153E1,2.696250153E1,-6.637500286E0
5.086854680E1,2.679375076E1,2.703750038E1,-6.450000286E0
5.088855135E1,2.700000191E1,2.671875191E1,-6.356250286E0
5.090855053E1,2.660625076E1,2.686875153E1,-6.975000381E0
5.092854611E1,2.688750076E1,2.701875114E1,-6.356250286E0
5.094855002E1,2.630625153E1,2.683125114E1,-6.131250381E0
5.096854890E1,2.688750076E1,2.700000191E1,-6.037500381E0
5.098854429E1,2.632500076E1,2.677500153E1,-6.956250191E0
5.100851525E1,2.623125076E1,2.656875038E1,-6.543750286E0
5.102852125E1,2.630625153E1,2.683125114E1,-6.225000381E0
5.104853418E1,2.690625191E1,2.677500153E1,-7.087500095E0
5.106854072E1,2.681250191E1,2.685000038E1,-6.656250477E0
5.108857578E1,2.688750076E1,2.713125038E1,-6.450000286E0
5.110857592E1,2.649375153E1,2.703750038E1,-6.450000286E0
5.112857058E1,2.692500114E1,2.643750191E1,-6.562500477E0
5.114856171E1,2.707500076E1,2.701875114E1,-6.262500286E0
5.116856140E1,2.660625076E1,2.716875076E1,-6.862500191E0
5.118855566E1,2.688750076E1,2.692500114E1,-6.243750095E0
5.120855990E1,2.775000191E1,2.701875114E1,-4.818750381E0
5.122855879E1,2.670000076E1,2.686875153E1,-6.862500191E0
5.124855378E1,2.651250076E1,2.673750114E1,-6.131250381E0
5.126855751E1,2.632500076E1,2.688750076E1,-7.068750381E0
5.128855605E1,2.688750076E1,2.692500114E1,-6.243750095E0
5.130856266E1,2.681250191E1,2.686875153E1,-6.862500191E0
5.132855268E1,2.718750191E1,2.700000191E1,-6.056250095E0
5.134855146E1,2.651250076E1,2.696250153E1,-6.750000477E0
5.136854659E1,2.711250114E1,2.675625038E1,-7.087500095E0
5.138855018E1,2.679375076E1,2.703750038E1,-6.562500477E0
5.140854924E1,2.670000076E1,2.701875114E1,-6.131250381E0
5.142854490E1,2.700000191E1,2.673750114E1,-6.468750477E0
5.144854858E1,2.681250191E1,2.685000038E1,-6.656250477E0
5.146854741E1,2.670000076E1,2.696250153E1,-6.862500191E0
5.148855374E1,2.660625076E1,2.673750114E1,-6.337500095E0
5.150855470E1,2.660625076E1,2.705625153E1,-6.543750286E0
5.152856279E1,2.670000076E1,2.715000153E1,-6.768750191E0
5.154854349E1,2.709375191E1,2.686875153E1,-7.087500095E0
5.156854537E1,2.688750076E1,2.715000153E1,-6.656250477E0
5.158854327E1,2.630625153E1,2.696250153E1,-6.543750286E0
5.160854910E1,2.660625076E1,2.686875153E1,-6.975000381E0
5.162859493E1,2.658750153E1,2.715000153E1,-6.656250477E0
5.164858077E1,2.679375076E1,2.670000076E1,-5.831250191E0
5.166857557E1,2.658750153E1,2.733750153E1,-6.543750286E0
5.168856696E1,2.679375076E1,2.670000076E1,-5.831250191E0
5.170855582E1,2.671875191E1,2.675625038E1,-6.768750191E0
5.172855311E1,2.670000076E1,2.692500114E1,-6.356250286E0
5.174854917E1,2.716875076E1,2.722500038E1,-6.468750477E0
5.176856462E1,2.668125153E1,2.722500038E1,-6.337500095E0
5.178856152E1,2.651250076E1,2.694375038E1,-6.337500095E0
5.180855470E1,2.651250076E1,2.673750114E1,-6.131250381E0
5.182855669E1,2.700000191E1,2.681250191E1,-6.037500381E0
5.184856588E1,2.700000191E1,2.685000038E1,-6.675000191E0
5.186856891E1,2.720625114E1,2.641875076E1,-6.375000477E0
5.188856678E1,2.701875114E1,2.666250038E1,-6.975000381E0
5.190856074E1,2.679375076E1,2.703750038E1,-6.562500477E0
5.192855209E1,2.720625114E1,2.651250076E1,-6.150000095E0
5.194855154E1,2.668125153E1,2.731875038E1,-6.131250381E0
5.196855997E1,2.679375076E1,2.681250191E1,-6.150000095E0
5.198856251E1,2.698125076E1,2.700000191E1,-5.831250191E0
5.200856029E1,2.700000191E1,2.685000038E1,-6.768750191E0
5.202855447E1,2.688750076E1,2.724375153E1,-6.562500477E0
5.204855705E1,2.700000191E1,2.685000038E1,-6.881250381E0
5.206855555E1,2.700000191E1,2.685000038E1,-6.768750191E0
5.208854052E1,2.690625191E1,2.686875153E1,-6.975000381E0
5.210854565E1,2.651250076E1,2.685000038E1,-6.450000286E0
5.212854620E1,2.688750076E1,2.692500114E1,-6.356250286E0
5.214854267E1,2.619375038E1,2.713125038E1,-6.018750191E0
5.216859291E1,2.660625076E1,2.662500191E1,-6.037500381E0
5.218858243E1,2.679375076E1,2.677500153E1,-5.306250095E0
5.220856913E1,2.630625153E1,2.705625153E1,-6.543750286E0
5.222856507E1,2.621250153E1,2.694375038E1,-6.337500095E0
5.224855792E1,2.640000153E1,2.707500076E1,-6.862500191E0
5.226855795E1,2.658750153E1,2.713125038E1,-6.243750095E0
5.228855626E1,2.649375153E1,2.715000153E1,-6.450000286E0
5.230850702E1,2.660625076E1,2.692500114E1,-6.131250381E0
5.232852013E1,2.690625191E1,2.681250191E1,-6.150000095E0
5.234852783E1,2.698125076E1,2.713125038E1,-6.562500477E0
5.236853050E1,2.668125153E1,2.713125038E1,-6.243750095E0
5.238856282E1,2.718750191E1,2.688750076E1,-5.850000381E0
5.240856157E1,2.709375191E1,2.685000038E1,-6.675000191E0
5.242855544E1,2.707500076E1,2.701875114E1,-6.262500286E0
5.244855726E1,2.690625191E1,2.671875191E1,-6.037500381E0
5.246855441E1,2.668125153E1,2.724375153E1,-6.450000286E0
5.248855813E1,2.681250191E1,2.666250038E1,-6.768750191E0
5.250855811E1,2.718750191E1,2.681250191E1,-6.262500286E0
5.252855353E1,2.670000076E1,2.716875076E1,-6.862500191E0
5.254855700E1,2.728125191E1,2.692500114E1,-6.468750477E0
5.256855569E1,2.658750153E1,2.715000153E1,-6.543750286E0
5.258855071E1,2.700000191E1,2.683125114E1,-6.356250286E0
5.260855430E1,2.707500076E1,2.700000191E1,-6.150000095E0
5.262855439E1,2.698125076E1,2.735625076E1,-7.087500095E0
5.264854889E1,2.688750076E1,2.715000153E1,-6.768750191E0
5.266855184E1,2.651250076E1,2.696250153E1,-6.862500191E0
5.268855005E1,2.638125038E1,2.763750076E1,-6.337500095E0
5.270854374E1,2.640000153E1,2.694375038E1,-6.337500095E0
5.272854759E1,2.670000076E1,2.703750038E1,-6.450000286E0
5.274854645E1,2.688750076E1,2.703750038E1,-6.656250477E0
5.276855271E1,2.649375153E1,2.713125038E1,-6.243750095E0
5.278855372E1,2.670000076E1,2.685000038E1,-6.562500477E0
5.280855009E1,2.690625191E1,2.677500153E1,-7.293750286E0
5.282854346E1,2.690625191E1,2.685000038E1,-6.768750191E0
5.284851318E1,2.668125153E1,2.735625076E1,-6.750000477E0
5.286851829E1,2.651250076E1,2.666250038E1,-6.656250477E0
5.288853041E1,2.679375076E1,2.703750038E1,-6.562500477E0
5.290853645E1,2.698125076E1,2.713125038E1,-6.450000286E0
5.292857121E1,2.611875153E1,2.707500076E1,-6.637500286E0
5.294857129E1,2.670000076E1,2.703750038E1,-6.337500095E0
5.296856608E1,2.660625076E1,2.696250153E1,-6.862500191E0
5.298856832E1,2.690625191E1,2.675625038E1,-6.768750191E0
5.300856556E1,2.690625191E1,2.675625038E1,-6.675000191E0
5.302855742E1,2.700000191E1,2.692500114E1,-6.468750477E0
5.304854884E1,2.709375191E1,2.673750114E1,-6.468750477E0
5.306854899E1,2.681250191E1,2.675625038E1,-6.656250477E0
5.308854532E1,2.671875191E1,2.656875038E1,-6.975000381E0
5.310854984E1,2.698125076E1,2.701875114E1,-6.150000095E0
5.312854947E1,2.670000076E1,2.707500076E1,-6.975000381E0
5.314854552E1,2.698125076E1,2.711250114E1,-6.150000095E0
5.316855099E1,2.681250191E1,2.660625076E1,-5.943750381E0
5.318855000E1,2.649375153E1,2.715000153E1,-6.450000286E0
5.320855628E1,2.658750153E1,2.715000153E1,-6.656250477E0
5.322855704E1,2.658750153E1,2.701875114E1,-6.037500381E0
5.324855267E1,2.681250191E1,2.688750076E1,-7.293750286E0
5.326855742E1,2.718750191E1,2.692500114E1,-6.562500477E0
5.328855698E1,2.670000076E1,2.694375038E1,-6.656250477E0
5.330855222E1,2.690625191E1,2.664375114E1,-6.675000191E0
5.332855561E1,2.679375076E1,2.722500038E1,-6.450000286E0
5.334855417E1,2.651250076E1,2.685000038E1,-6.543750286E0
5.336856064E1,2.677500153E1,2.720625114E1,-5.831250191E0
5.338852897E1,2.686875153E1,2.745000076E1,-6.862500191E0
5.340853273E1,2.679375076E1,2.711250114E1,-6.150000095E0
5.342853232E1,2.700000191E1,2.675625038E1,-6.881250381E0
5.344853984E1,2.660625076E1,2.686875153E1,-6.975000381E0
5.346858713E1,2.670000076E1,2.716875076E1,-7.068750381E0
5.348857481E1,2.649375153E1,2.715000153E1,-6.543750286E0
5.350857052E1,2.735625076E1,2.718750191E1,-5.850000381E0
5.352856251E1,2.677500153E1,2.733750153E1,-6.562500477E0
5.354856333E1,2.658750153E1,2.743125153E1,-6.450000286E0
5.356855901E1,2.660625076E1,2.694375038E1,-6.337500095E0
5.358855265E1,2.668125153E1,2.745000076E1,-6.656250477E0
5.360855477E1,2.698125076E1,2.713125038E1,-6.356250286E0
5.362855237E1,2.681250191E1,2.653125191E1,-6.450000286E0
5.364854675E1,2.698125076E1,2.722500038E1,-6.562500477E0
5.366854972E1,2.679375076E1,2.692500114E1,-6.356250286E0
5.368856002E1,2.711250114E1,2.664375114E1,-6.768750191E0
5.370855287E1,2.698125076E1,2.716875076E1,-7.087500095E0
5.372855369E1,2.711250114E1,2.653125191E1,-6.468750477E0
5.374855058E1,2.630625153E1,2.715000153E1,-6.431250095E0
5.376855534E1,2.688750076E1,2.690625191E1,-6.037500381E0
5.378855457E1,2.660625076E1,2.696250153E1,-6.656250477E0
5.380855078E1,2.668125153E1,2.752500153E1,-6.243750095E0
5.382855434E1,2.688750076E1,2.711250114E1,-6.243750095E0
5.384855344E1,2.709375191E1,2.692500114E1,-6.562500477E0
5.386854861E1,2.700000191E1,2.685000038E1,-6.675000191E0
5.388855207E1,2.610000038E1,2.722500038E1,-5.812500000E0
5.390855118E1,2.640000153E1,2.713125038E1,-6.337500095E0
5.392853662E1,2.698125076E1,2.711250114E1,-6.150000095E0
5.394854212E1,2.718750191E1,2.715000153E1,-6.768750191E0
5.396854300E1,2.660625076E1,2.705625153E1,-6.656250477E0
5.398855087E1,2.679375076E1,2.722500038E1,-6.450000286E0
5.400859834E1,2.649375153E1,2.720625114E1,-5.925000191E0
5.402858552E1,2.670000076E1,2.707500076E1,-7.068750381E0
5.404858117E1,2.698125076E1,2.733750153E1,-6.562500477E0
5.406857288E1,2.632500076E1,2.681250191E1,-7.575000286E0
5.408856214E1,2.670000076E1,2.707500076E1,-7.068750381E0
5.410855954E1,2.698125076E1,2.715000153E1,-6.881250381E0
5.412855534E1,2.651250076E1,2.673750114E1,-6.243750095E0
5.414851560E1,2.698125076E1,2.724375153E1,-6.768750191E0
5.416852492E1,2.658750153E1,2.735625076E1,-6.656250477E0
5.418852937E1,2.651250076E1,2.686875153E1,-6.975000381E0
5.420854087E1,2.660625076E1,2.670000076E1,-5.718750000E0
5.422855794E1,2.700000191E1,2.705625153E1,-7.087500095E0
5.424855588E1,2.679375076E1,2.692500114E1,-6.356250286E0
5.426856044E1,2.688750076E1,2.728125191E1,-7.387500286E0
5.428855959E1,2.709375191E1,2.685000038E1,-6.975000381E0
5.430855455E1,2.716875076E1,2.735625076E1,-7.087500095E0
5.432855649E1,2.700000191E1,2.685000038E1,-6.675000191E0
5.434855531E1,2.641875076E1,2.690625191E1,-7.368750095E0
5.436855000E1,2.668125153E1,2.735625076E1,-6.862500191E0
5.438855309E1,2.679375076E1,2.716875076E1,-7.181250095E0
5.440855155E1,2.651250076E1,2.696250153E1,-6.750000477E0
5.442854638E1,2.690625191E1,2.660625076E1,-5.831250191E0
5.444853864E1,2.709375191E1,2.685000038E1,-6.975000381E0
5.446852988E1,2.698125076E1,2.733750153E1,-6.656250477E0
5.448854059E1,2.698125076E1,2.715000153E1,-6.975000381E0
5.450854528E1,2.647500038E1,2.752500153E1,-6.337500095E0
5.452854511E1,2.649375153E1,2.703750038E1,-6.450000286E0
5.454859740E1,2.679375076E1,2.716875076E1,-6.975000381E0
5.456858858E1,2.688750076E1,2.722500038E1,-6.356250286E0
5.458857582E1,2.688750076E1,2.716875076E1,-6.975000381E0
5.460857223E1,2.698125076E1,2.713125038E1,-6.562500477E0
5.462856491E1,2.679375076E1,2.705625153E1,-6.975000381E0
5.464855327E1,2.698125076E1,2.715000153E1,-6.768750191E0
5.466855365E1,2.658750153E1,2.713125038E1,-6.243750095E0
5.468850662E1,2.670000076E1,2.698125076E1,-7.068750381E0
5.470851033E1,2.640000153E1,2.713125038E1,-6.018750191E0
5.472852202E1,2.640000153E1,2.722500038E1,-6.225000381E0
5.474852796E1,2.619375038E1,2.713125038E1,-6.225000381E0
5.476856317E1,2.641875076E1,2.685000038E1,-6.450000286E0
5.478856400E1,2.677500153E1,2.763750076E1,-6.543750286E0
5.480855929E1,2.651250076E1,2.685000038E1,-6.543750286E0
5.482856228E1,2.649375153E1,2.728125191E1,-6.956250191E0
5.484856008E1,2.640000153E1,2.724375153E1,-6.337500095E0
5.486855259E1,2.649375153E1,2.731875038E1,-6.018750191E0
5.488855543E1,2.640000153E1,2.696250153E1,-6.656250477E0
5.490855353E1,2.649375153E1,2.692500114E1,-6.131250381E0
5.492854784E1,2.670000076E1,2.718750191E1,-7.387500286E0
5.494855073E1,2.640000153E1,2.722500038E1,-6.225000381E0
5.496854891E1,2.690625191E1,2.694375038E1,-6.656250477E0
5.498855519E1,2.688750076E1,2.705625153E1,-6.768750191E0
5.500855603E1,2.679375076E1,2.705625153E1,-6.975000381E0
5.502855209E1,2.640000153E1,2.715000153E1,-6.543750286E0
5.504855626E1,2.690625191E1,2.686875153E1,-6.975000381E0
5.506855537E1,2.718750191E1,2.713125038E1,-6.675000191E0
5.508855076E1,2.670000076E1,2.686875153E1,-6.975000381E0
5.510854344E1,2.670000076E1,2.692500114E1,-6.037500381E0
5.512854459E1,2.718750191E1,2.694375038E1,-6.768750191E0
5.514854203E1,2.698125076E1,2.722500038E1,-6.356250286E0
5.516854728E1,2.670000076E1,2.705625153E1,-6.768750191E0
5.518854721E1,2.668125153E1,2.733750153E1,-6.450000286E0
5.520854369E1,2.651250076E1,2.686875153E1,-6.750000477E0
5.522851561E1,2.698125076E1,2.730000114E1,-6.150000095E0
5.524852228E1,2.628750038E1,2.743125153E1,-6.018750191E0
5.526853560E1,2.668125153E1,2.726250076E1,-6.768750191E0
5.528854214E1,2.670000076E1,2.694375038E1,-6.562500477E0
5.530857759E1,2.621250153E1,2.683125114E1,-6.131250381E0
5.532857793E1,2.679375076E1,2.690625191E1,-6.037500381E0
5.534857257E1,2.660625076E1,2.671875191E1,-6.131250381E0
5.536856363E1,2.649375153E1,2.737500191E1,-7.068750381E0
5.538856318E1,2.698125076E1,2.700000191E1,-6.037500381E0
5.540855768E1,2.670000076E1,2.703750038E1,-6.450000286E0
5.542856180E1,2.679375076E1,2.713125038E1,-6.243750095E0
5.544856051E1,2.677500153E1,2.765625191E1,-6.768750191E0
5.546855543E1,2.688750076E1,2.722500038E1,-6.356250286E0
5.548855892E1,2.688750076E1,2.711250114E1,-6.150000095E0
5.550855752E1,2.690625191E1,2.683125114E1,-6.356250286E0
5.552855261E1,2.641875076E1,2.698125076E1,-7.068750381E0
5.554855601E1,2.700000191E1,2.696250153E1,-6.881250381E0
5.556855458E1,2.651250076E1,2.664375114E1,-6.450000286E0
5.558854936E1,2.670000076E1,2.703750038E1,-6.337500095E0
5.560855263E1,2.696250153E1,2.761875153E1,-6.243750095E0
5.562855176E1,2.679375076E1,2.685000038E1,-6.562500477E0
5.564855831E1,2.670000076E1,2.694375038E1,-6.450000286E0
5.566855898E1,2.641875076E1,2.664375114E1,-6.450000286E0
5.568855531E1,2.668125153E1,2.722500038E1,-6.337500095E0
5.570854837E1,2.670000076E1,2.671875191E1,-6.037500381E0
5.572855022E1,2.670000076E1,2.686875153E1,-6.862500191E0
5.574854828E1,2.709375191E1,2.692500114E1,-6.356250286E0
5.576852144E1,2.670000076E1,2.701875114E1,-6.037500381E0
5.578852912E1,2.688750076E1,2.690625191E1,-6.037500381E0
5.580853171E1,2.630625153E1,2.705625153E1,-6.431250095E0
5.582854165E1,2.660625076E1,2.703750038E1,-6.243750095E0
5.584859097E1,2.630625153E1,2.705625153E1,-6.431250095E0
5.586857965E1,2.668125153E1,2.709375191E1,-5.831250191E0
5.588857618E1,2.651250076E1,2.675625038E1,-6.656250477E0
5.590856885E1,2.679375076E1,2.713125038E1,-6.356250286E0
5.592855846E1,2.718750191E1,2.700000191E1,-5.943750381E0
5.594855591E1,2.670000076E1,2.715000153E1,-6.768750191E0
5.596855203E1,2.679375076E1,2.722500038E1,-6.450000286E0
5.598856717E1,2.668125153E1,2.711250114E1,-6.131250381E0
5.600856386E1,2.640000153E1,2.724375153E1,-6.543750286E0
5.602855708E1,2.619375038E1,2.711250114E1,-5.812500000E0
5.604855884E1,2.651250076E1,2.694375038E1,-6.337500095E0
5.606856782E1,2.651250076E1,2.694375038E1,-6.543750286E0
5.608855944E1,2.671875191E1,2.664375114E1,-6.450000286E0
5.610855970E1,2.718750191E1,2.705625153E1,-6.881250381E0
5.612855598E1,2.711250114E1,2.647500038E1,-7.087500095E0
5.614854913E1,2.670000076E1,2.718750191E1,-7.275000095E0
5.616854979E1,2.681250191E1,2.686875153E1,-7.068750381E0
5.618854843E1,2.688750076E1,2.730000114E1,-7.593750477E0
5.620854311E1,2.670000076E1,2.681250191E1,-6.037500381E0
5.622854648E1,2.784375191E1,2.701875114E1,-4.931250095E0
5.624854532E1,2.698125076E1,2.730000114E1,-6.150000095E0
5.626855183E1,2.677500153E1,2.754375076E1,-6.543750286E0
5.628855324E1,2.660625076E1,2.696250153E1,-6.768750191E0
5.630854007E1,2.707500076E1,2.701875114E1,-6.262500286E0
5.632854699E1,2.679375076E1,2.696250153E1,-6.862500191E0
5.634854855E1,2.670000076E1,2.670000076E1,-5.831250191E0
5.636854560E1,2.698125076E1,2.711250114E1,-6.150000095E0
5.638859582E1,2.621250153E1,2.696250153E1,-6.637500286E0
5.640858534E1,2.671875191E1,2.664375114E1,-6.450000286E0
5.642857157E1,2.668125153E1,2.720625114E1,-5.925000191E0
5.644856747E1,2.670000076E1,2.683125114E1,-6.131250381E0
5.646856002E1,2.700000191E1,2.692500114E1,-6.356250286E0
5.648856010E1,2.670000076E1,2.713125038E1,-6.450000286E0
5.650854700E1,2.660625076E1,2.705625153E1,-6.750000477E0
5.652850019E1,2.651250076E1,2.664375114E1,-6.450000286E0
5.654851529E1,2.671875191E1,2.653125191E1,-6.356250286E0
5.656852477E1,2.670000076E1,2.701875114E1,-6.243750095E0
5.658852895E1,2.718750191E1,2.681250191E1,-6.150000095E0
5.660855146E1,2.668125153E1,2.707500076E1,-5.418750286E0
5.662855336E1,2.688750076E1,2.711250114E1,-6.243750095E0
5.664855000E1,2.681250191E1,2.671875191E1,-6.243750095E0
5.666855415E1,2.641875076E1,2.685000038E1,-6.450000286E0
5.668855321E1,2.670000076E1,2.658750153E1,-5.625000000E0
5.670854689E1,2.679375076E1,2.690625191E1,-5.925000191E0
5.672853964E1,2.686875153E1,2.750625038E1,-5.925000191E0
5.674854074E1,2.660625076E1,2.696250153E1,-6.862500191E0
5.676854887E1,2.670000076E1,2.692500114E1,-6.037500381E0
5.678855120E1,2.660625076E1,2.685000038E1,-6.450000286E0
5.680854888E1,2.690625191E1,2.660625076E1,-6.037500381E0
5.682855450E1,2.679375076E1,2.681250191E1,-6.150000095E0
5.684854449E1,2.660625076E1,2.703750038E1,-6.450000286E0
5.686854240E1,2.668125153E1,2.711250114E1,-5.925000191E0
5.688854802E1,2.688750076E1,2.700000191E1,-5.943750381E0
5.690854844E1,2.688750076E1,2.722500038E1,-6.356250286E0
5.692860132E1,2.690625191E1,2.673750114E1,-6.356250286E0
5.694859299E1,2.641875076E1,2.675625038E1,-6.656250477E0
5.696858037E1,2.671875191E1,2.640000153E1,-5.718750000E0
5.698857692E1,2.630625153E1,2.692500114E1,-6.131250381E0
5.700856981E1,2.651250076E1,2.683125114E1,-6.243750095E0
5.702855890E1,2.660625076E1,2.703750038E1,-6.450000286E0
5.704855939E1,2.630625153E1,2.703750038E1,-6.225000381E0
5.706851213E1,2.709375191E1,2.696250153E1,-7.087500095E0
5.708851562E1,2.700000191E1,2.673750114E1,-6.675000191E0
5.710852712E1,2.709375191E1,2.701875114E1,-6.356250286E0
5.712853301E1,2.698125076E1,2.713125038E1,-6.450000286E0
5.714856817E1,2.651250076E1,2.694375038E1,-6.337500095E0
5.716855747E1,2.718750191E1,2.700000191E1,-6.150000095E0
5.718855536E1,2.688750076E1,2.705625153E1,-6.975000381E0
5.720856065E1,2.668125153E1,2.711250114E1,-6.037500381E0
5.722856048E1,2.765625191E1,2.683125114E1,-5.231250286E0
5.724855450E1,2.677500153E1,2.722500038E1,-6.131250381E0
5.726854734E1,2.602500153E1,2.694375038E1,-6.318750381E0
5.728854904E1,2.670000076E1,2.673750114E1,-6.243750095E0
5.730854639E1,2.679375076E1,2.694375038E1,-6.450000286E0
5.732855147E1,2.630625153E1,2.694375038E1,-6.337500095E0
5.734855156E1,2.679375076E1,2.694375038E1,-6.562500477E0
5.736854784E1,2.670000076E1,2.692500114E1,-6.131250381E0
5.738855325E1,2.670000076E1,2.715000153E1,-6.543750286E0
5.740855198E1,2.651250076E1,2.660625076E1,-5.831250191E0
5.742854685E1,2.649375153E1,2.705625153E1,-6.543750286E0
5.744855035E1,2.728125191E1,2.700000191E1,-6.262500286E0
5.746854869E1,2.668125153E1,2.720625114E1,-6.037500381E0
5.748854383E1,2.670000076E1,2.713125038E1,-6.450000286E0
5.750854741E1,2.690625191E1,2.685000038E1,-6.768750191E0
5.752854609E1,2.660625076E1,2.692500114E1,-6.131250381E0
5.754855237E1,2.679375076E1,2.705625153E1,-6.656250477E0
5.756855309E1,2.716875076E1,2.741250038E1,-6.468750477E0
5.758854965E1,2.670000076E1,2.681250191E1,-6.037500381E0
5.760853295E1,2.686875153E1,2.743125153E1,-6.450000286E0
5.762853714E1,2.707500076E1,2.701875114E1,-6.262500286E0
5.764853680E1,2.690625191E1,2.685000038E1,-6.768750191E0
5.766854393E1,2.698125076E1,2.713125038E1,-6.562500477E0
5.768857945E1,2.720625114E1,2.686875153E1,-7.200000286E0
5.770858035E1,2.690625191E1,2.685000038E1,-6.881250381E0
5.772857567E1,2.660625076E1,2.705625153E1,-6.656250477E0
5.774856701E1,2.670000076E1,2.715000153E1,-6.656250477E0
5.776856699E1,2.698125076E1,2.716875076E1,-7.181250095E0
5.778856213E1,2.640000153E1,2.724375153E1,-6.337500095E0
5.780856643E1,2.679375076E1,2.692500114E1,-6.356250286E0
5.782856556E1,2.688750076E1,2.703750038E1,-6.562500477E0
5.784856078E1,2.649375153E1,2.716875076E1,-6.862500191E0
5.786855257E1,2.728125191E1,2.700000191E1,-6.262500286E0
5.788855369E1,2.668125153E1,2.731875038E1,-6.037500381E0
5.790855118E1,2.688750076E1,2.720625114E1,-6.037500381E0
5.792854513E1,2.619375038E1,2.713125038E1,-6.225000381E0
5.794854800E1,2.670000076E1,2.690625191E1,-5.925000191E0
5.796854668E1,2.640000153E1,2.737500191E1,-7.068750381E0
5.798855282E1,2.660625076E1,2.690625191E1,-5.925000191E0
5.800855267E1,2.660625076E1,2.705625153E1,-6.862500191E0
5.802854999E1,2.660625076E1,2.705625153E1,-6.750000477E0
5.804855472E1,2.649375153E1,2.703750038E1,-6.337500095E0
5.806855445E1,2.679375076E1,2.696250153E1,-6.768750191E0
5.808855012E1,2.668125153E1,2.745000076E1,-6.750000477E0
5.810855363E1,2.679375076E1,2.703750038E1,-6.356250286E0
5.812855314E1,2.671875191E1,2.675625038E1,-6.768750191E0
5.814852694E1,2.671875191E1,2.662500191E1,-6.150000095E0
5.816853510E1,2.651250076E1,2.685000038E1,-6.656250477E0
5.818853826E1,2.668125153E1,2.745000076E1,-6.750000477E0
5.820854815E1,2.658750153E1,2.722500038E1,-6.243750095E0
5.822859734E1,2.818125153E1,2.634375191E1,-5.456250191E0
5.824858562E1,2.686875153E1,2.731875038E1,-6.243750095E0
5.826858195E1,2.640000153E1,2.694375038E1,-6.337500095E0
5.828857429E1,2.716875076E1,2.730000114E1,-6.056250095E0
5.830856385E1,2.709375191E1,2.683125114E1,-6.468750477E0
5.832856178E1,2.660625076E1,2.694375038E1,-6.543750286E0
5.834855745E1,2.696250153E1,2.752500153E1,-6.562500477E0
5.836850676E1,2.679375076E1,2.694375038E1,-6.562500477E0
5.838851836E1,2.668125153E1,2.735625076E1,-6.656250477E0
5.840852506E1,2.686875153E1,2.763750076E1,-6.656250477E0
5.842852710E1,2.698125076E1,2.722500038E1,-6.356250286E0
5.844855956E1,2.658750153E1,2.726250076E1,-6.750000477E0
5.846855811E1,2.619375038E1,2.735625076E1,-6.637500286E0
5.848856314E1,2.619375038E1,2.724375153E1,-6.431250095E0
5.850856252E1,2.658750153E1,2.715000153E1,-6.543750286E0
5.852855749E1,2.649375153E1,2.715000153E1,-6.450000286E0
5.854855916E1,2.690625191E1,2.685000038E1,-6.656250477E0
5.856855791E1,2.670000076E1,2.671875191E1,-6.037500381E0
5.858855232E1,2.660625076E1,2.686875153E1,-6.862500191E0
5.860855509E1,2.640000153E1,2.735625076E1,-6.656250477E0
5.862855333E1,2.660625076E1,2.664375114E1,-6.356250286E0
5.864854789E1,2.688750076E1,2.709375191E1,-5.831250191E0
5.866854003E1,2.716875076E1,2.731875038E1,-6.356250286E0
5.868853133E1,2.658750153E1,2.735625076E1,-6.656250477E0
5.870853059E1,2.698125076E1,2.713125038E1,-6.450000286E0
5.872853794E1,2.698125076E1,2.722500038E1,-6.356250286E0
5.874853984E1,2.679375076E1,2.705625153E1,-6.862500191E0
5.876859408E1,2.688750076E1,2.735625076E1,-6.768750191E0
5.878858664E1,2.649375153E1,2.737500191E1,-7.068750381E0
5.880857509E1,2.630625153E1,2.709375191E1,-7.162500381E0
5.882857249E1,2.670000076E1,2.703750038E1,-6.450000286E0
5.884856584E1,2.668125153E1,2.745000076E1,-6.656250477E0
5.886855573E1,2.709375191E1,2.703750038E1,-6.562500477E0
5.888854490E1,2.660625076E1,2.692500114E1,-6.131250381E0
5.890850057E1,2.700000191E1,2.686875153E1,-6.975000381E0
5.892850655E1,2.649375153E1,2.715000153E1,-6.450000286E0
5.894851987E1,2.681250191E1,2.685000038E1,-6.768750191E0
5.896852723E1,2.668125153E1,2.724375153E1,-6.656250477E0
5.898855211E1,2.649375153E1,2.735625076E1,-6.750000477E0
5.900855610E1,2.679375076E1,2.685000038E1,-6.562500477E0
5.902855425E1,2.628750038E1,2.745000076E1,-6.543750286E0
5.904855954E1,2.641875076E1,2.686875153E1,-6.656250477E0
5.906855915E1,2.670000076E1,2.685000038E1,-6.656250477E0
5.908855293E1,2.709375191E1,2.675625038E1,-6.881250381E0
5.910855680E1,2.668125153E1,2.743125153E1,-6.243750095E0
5.912855513E1,2.709375191E1,2.703750038E1,-6.675000191E0
5.914854967E1,2.670000076E1,2.715000153E1,-6.768750191E0
5.916855266E1,2.670000076E1,2.696250153E1,-6.768750191E0
5.918855084E1,2.709375191E1,2.701875114E1,-6.468750477E0
5.920855714E1,2.746875191E1,2.685000038E1,-5.325000286E0
5.922854794E1,2.756250191E1,2.671875191E1,-4.912500381E0
5.924854630E1,2.671875191E1,2.675625038E1,-6.862500191E0
5.926855222E1,2.688750076E1,2.722500038E1,-6.356250286E0
5.928855306E1,2.658750153E1,2.743125153E1,-6.337500095E0
5.930854831E1,2.610000038E1,2.735625076E1,-6.318750381E0
5.932855349E1,2.679375076E1,2.694375038E1,-6.450000286E0
5.934855320E1,2.670000076E1,2.694375038E1,-6.450000286E0
5.936854870E1,2.658750153E1,2.711250114E1,-6.037500381E0
5.938855257E1,2.668125153E1,2.711250114E1,-5.925000191E0
5.940855054E1,2.668125153E1,2.720625114E1,-6.037500381E0
5.942855719E1,2.668125153E1,2.722500038E1,-6.337500095E0
5.944851454E1,2.611875153E1,2.675625038E1,-6.431250095E0
5.946852106E1,2.658750153E1,2.737500191E1,-6.956250191E0
5.948853452E1,2.671875191E1,2.668125153E1,-6.975000381E0
5.950854156E1,2.649375153E1,2.735625076E1,-6.750000477E0
5.952857694E1,2.670000076E1,2.694375038E1,-6.450000286E0
5.954856635E1,2.679375076E1,2.726250076E1,-6.862500191E0
5.956856394E1,2.700000191E1,2.683125114E1,-6.468750477E0
5.958855746E1,2.681250191E1,2.685000038E1,-6.768750191E0
5.960855933E1,2.668125153E1,2.731875038E1,-6.243750095E0
5.962855523E1,2.700000191E1,2.681250191E1,-6.243750095E0
5.964854926E1,2.621250153E1,2.696250153E1,-6.750000477E0
5.966855193E1,2.718750191E1,2.671875191E1,-6.468750477E0
5.968855010E1,2.671875191E1,2.668125153E1,-6.975000381E0
5.970854497E1,2.686875153E1,2.731875038E1,-6.356250286E0
5.972854808E1,2.681250191E1,2.673750114E1,-6.356250286E0
5.974854708E1,2.658750153E1,2.737500191E1,-6.956250191E0
5.976855443E1,2.651250076E1,2.671875191E1,-5.925000191E0
5.978855473E1,2.679375076E1,2.715000153E1,-6.768750191E0
5.980855080E1,2.679375076E1,2.726250076E1,-6.862500191E0
5.982855488E1,2.651250076E1,2.683125114E1,-6.037500381E0
5.984855275E1,2.670000076E1,2.701875114E1,-6.037500381E0
5.986855992E1,2.688750076E1,2.724375153E1,-6.562500477E0
5.988856099E1,2.649375153E1,2.705625153E1,-6.750000477E0
5.990855741E1,2.679375076E1,2.701875114E1,-6.243750095E0
5.992855037E1,2.658750153E1,2.743125153E1,-6.337500095E0
5.994855226E1,2.728125191E1,2.692500114E1,-6.468750477E0
5.996855025E1,2.688750076E1,2.713125038E1,-6.450000286E0
5.998852314E1,2.641875076E1,2.709375191E1,-7.368750095E0
6.000853070E1,2.651250076E1,2.707500076E1,-6.862500191E0
6.002853356E1,2.628750038E1,2.735625076E1,-6.637500286E0
6.004854324E1,2.698125076E1,2.722500038E1,-6.562500477E0
6.006858125E1,2.718750191E1,2.701875114E1,-6.262500286E0
6.008858371E1,2.651250076E1,2.666250038E1,-6.862500191E0
6.010858003E1,2.679375076E1,2.713125038E1,-6.450000286E0
6.012857211E1,2.649375153E1,2.705625153E1,-6.656250477E0
6.014856141E1,2.632500076E1,2.673750114E1,-6.337500095E0
6.016855981E1,2.649375153E1,2.735625076E1,-6.750000477E0
6.018855506E1,2.658750153E1,2.731875038E1,-6.037500381E0
6.020856982E1,2.679375076E1,2.711250114E1,-6.150000095E0
6.022856600E1,2.767500114E1,2.641875076E1,-4.931250095E0
6.024855887E1,2.649375153E1,2.726250076E1,-6.656250477E0
6.026856059E1,2.679375076E1,2.694375038E1,-6.450000286E0
6.028855797E1,2.679375076E1,2.696250153E1,-6.768750191E0
6.030855227E1,2.640000153E1,2.746875191E1,-6.956250191E0
6.032855481E1,2.660625076E1,2.696250153E1,-6.768750191E0
6.034855327E1,2.730000114E1,2.671875191E1,-6.375000477E0
6.036854780E1,2.649375153E1,2.726250076E1,-6.862500191E0
6.038854986E1,2.679375076E1,2.685000038E1,-6.562500477E0
6.040854914E1,2.670000076E1,2.673750114E1,-6.356250286E0
6.042854442E1,2.660625076E1,2.685000038E1,-6.450000286E0
6.044854808E1,2.670000076E1,2.681250191E1,-6.037500381E0
6.046854695E1,2.649375153E1,2.705625153E1,-6.543750286E0
6.048855353E1,2.668125153E1,2.743125153E1,-6.337500095E0
6.050855484E1,2.688750076E1,2.692500114E1,-6.356250286E0
6.052853047E1,2.698125076E1,2.720625114E1,-6.037500381E0
6.054853987E1,2.668125153E1,2.731875038E1,-6.037500381E0
6.056854364E1,2.640000153E1,2.735625076E1,-6.656250477E0
6.058854267E1,2.720625114E1,2.662500191E1,-6.356250286E0
6.060859445E1,2.688750076E1,2.701875114E1,-6.356250286E0
6.062858526E1,2.649375153E1,2.715000153E1,-6.450000286E0
6.064857246E1,2.660625076E1,2.703750038E1,-6.243750095E0
6.066856869E1,2.709375191E1,2.690625191E1,-6.056250095E0
6.068856160E1,2.640000153E1,2.715000153E1,-6.450000286E0
6.070856258E1,2.670000076E1,2.715000153E1,-6.768750191E0
6.072856028E1,2.660625076E1,2.677500153E1,-6.862500191E0
6.074851060E1,2.709375191E1,2.690625191E1,-6.150000095E0
6.076852336E1,2.679375076E1,2.711250114E1,-6.150000095E0
6.078853077E1,2.679375076E1,2.722500038E1,-6.450000286E0
6.080853317E1,2.688750076E1,2.703750038E1,-6.656250477E0
6.082855454E1,2.670000076E1,2.673750114E1,-6.243750095E0
6.084855579E1,2.670000076E1,2.703750038E1,-6.450000286E0
6.086855186E1,2.718750191E1,2.703750038E1,-6.562500477E0
6.088855576E1,2.649375153E1,2.735625076E1,-6.656250477E0
6.090855427E1,2.679375076E1,2.724375153E1,-6.768750191E0
6.092854791E1,2.690625191E1,2.673750114E1,-6.356250286E0
6.094855136E1,2.660625076E1,2.683125114E1,-6.131250381E0
6.096854991E1,2.651250076E1,2.683125114E1,-6.243750095E0
6.098855591E1,2.671875191E1,2.651250076E1,-6.037500381E0
6.100855630E1,2.688750076E1,2.701875114E1,-6.356250286E0
6.102855249E1,2.660625076E1,2.679375076E1,-5.718750000E0
6.104855678E1,2.690625191E1,2.671875191E1,-6.150000095E0
6.106855737E1,2.707500076E1,2.701875114E1,-6.262500286E0
6.108855232E1,2.630625153E1,2.709375191E1,-7.275000095E0
6.110855527E1,2.670000076E1,2.694375038E1,-6.656250477E0
6.112855353E1,2.679375076E1,2.681250191E1,-6.037500381E0
6.114860465E1,2.600625038E1,2.705625153E1,-6.318750381E0
6.116859509E1,2.679375076E1,2.705625153E1,-6.862500191E0
6.118858185E1,2.709375191E1,2.671875191E1,-6.356250286E0
6.120856668E1,2.670000076E1,2.671875191E1,-6.037500381E0
6.122856206E1,2.767500114E1,2.673750114E1,-5.231250286E0
6.124855359E1,2.688750076E1,2.701875114E1,-6.356250286E0
6.126854444E1,2.707500076E1,2.701875114E1,-6.262500286E0
6.128850146E1,2.660625076E1,2.675625038E1,-6.656250477E0
6.130850852E1,2.660625076E1,2.671875191E1,-5.925000191E0
6.132852293E1,2.707500076E1,2.711250114E1,-6.150000095E0
6.134853120E1,2.690625191E1,2.685000038E1,-6.768750191E0
6.136855670E1,2.698125076E1,2.715000153E1,-6.768750191E0
6.138856130E1,2.670000076E1,2.692500114E1,-6.243750095E0
6.140855968E1,2.621250153E1,2.694375038E1,-6.225000381E0
6.142855358E1,2.628750038E1,2.722500038E1,-6.131250381E0
6.144855587E1,2.649375153E1,2.722500038E1,-6.243750095E0
6.146855199E1,2.649375153E1,2.690625191E1,-5.925000191E0
6.148855756E1,2.640000153E1,2.692500114E1,-5.925000191E0
6.150855755E1,2.670000076E1,2.703750038E1,-6.562500477E0
6.152855330E1,2.681250191E1,2.688750076E1,-7.387500286E0
6.154855702E1,2.698125076E1,2.703750038E1,-6.675000191E0
6.156855604E1,2.677500153E1,2.741250038E1,-6.131250381E0
6.158856264E1,2.670000076E1,2.692500114E1,-6.243750095E0
6.160855359E1,2.649375153E1,2.726250076E1,-6.862500191E0
6.162855199E1,2.671875191E1,2.675625038E1,-6.656250477E0
6.164854676E1,2.649375153E1,2.703750038E1,-6.450000286E0
6.166854996E1,2.660625076E1,2.683125114E1,-6.131250381E0
6.168860535E1,2.660625076E1,2.694375038E1,-6.337500095E0
6.170858768E1,2.660625076E1,2.694375038E1,-6.543750286E0
6.172857951E1,2.591250038E1,2.701875114E1,-5.812500000E0
6.174856845E1,2.649375153E1,2.703750038E1,-6.450000286E0
6.176856666E1,2.660625076E1,2.703750038E1,-6.337500095E0
6.178856098E1,2.591250038E1,2.715000153E1,-6.225000381E0
6.180855342E1,2.641875076E1,2.660625076E1,-5.606250286E0
6.182851125E1,2.658750153E1,2.711250114E1,-5.925000191E0
6.184851880E1,2.641875076E1,2.664375114E1,-6.243750095E0
6.186852196E1,2.698125076E1,2.690625191E1,-6.150000095E0
6.188853290E1,2.658750153E1,2.731875038E1,-6.243750095E0
6.190857179E1,2.640000153E1,2.694375038E1,-6.450000286E0
6.192857534E1,2.640000153E1,2.711250114E1,-5.718750000E0
6.194857280E1,2.671875191E1,2.677500153E1,-6.975000381E0
6.196856576E1,2.670000076E1,2.705625153E1,-6.768750191E0
6.198856715E1,2.649375153E1,2.715000153E1,-6.543750286E0
6.200856250E1,2.649375153E1,2.705625153E1,-6.543750286E0
6.202855635E1,2.651250076E1,2.655000114E1,-6.337500095E0
6.204855838E1,2.671875191E1,2.668125153E1,-7.181250095E0
6.206855607E1,2.643750191E1,2.671875191E1,-7.687500477E0
6.208855035E1,2.711250114E1,2.641875076E1,-6.150000095E0
6.210855337E1,2.681250191E1,2.656875038E1,-6.975000381E0
6.212855194E1,2.690625191E1,2.643750191E1,-6.356250286E0
6.214855824E1,2.679375076E1,2.696250153E1,-6.768750191E0
6.216855885E1,2.660625076E1,2.662500191E1,-6.131250381E0
6.218855503E1,2.670000076E1,2.715000153E1,-6.543750286E0
6.220854809E1,2.690625191E1,2.653125191E1,-6.243750095E0
6.222854938E1,2.737500191E1,2.675625038E1,-5.231250286E0
6.224854742E1,2.681250191E1,2.653125191E1,-6.150000095E0
6.226855318E1,2.630625153E1,2.694375038E1,-6.431250095E0
6.228855387E1,2.679375076E1,2.685000038E1,-6.562500477E0
6.230854992E1,2.640000153E1,2.692500114E1,-6.131250381E0
6.232855421E1,2.643750191E1,2.602500153E1,-6.037500381E0
6.234855362E1,2.700000191E1,2.696250153E1,-6.975000381E0
6.236852777E1,2.670000076E1,2.690625191E1,-5.831250191E0
6.238853637E1,2.641875076E1,2.683125114E1,-6.243750095E0
6.240853965E1,2.651250076E1,2.670000076E1,-5.718750000E0
6.242853836E1,2.611875153E1,2.675625038E1,-6.431250095E0
6.244857886E1,2.623125076E1,2.623125076E1,-6.018750191E0
6.246857211E1,2.621250153E1,2.696250153E1,-6.750000477E0
6.248857289E1,2.690625191E1,2.675625038E1,-6.881250381E0
6.250856862E1,2.668125153E1,2.724375153E1,-6.656250477E0
6.252856079E1,2.660625076E1,2.662500191E1,-6.243750095E0
6.254856037E1,2.709375191E1,2.715000153E1,-6.768750191E0
6.256855790E1,2.640000153E1,2.694375038E1,-6.337500095E0
6.258856274E1,2.660625076E1,2.703750038E1,-6.450000286E0
6.260856258E1,2.630625153E1,2.696250153E1,-6.543750286E0
6.262855828E1,2.611875153E1,2.705625153E1,-6.431250095E0
6.264855063E1,2.640000153E1,2.696250153E1,-6.656250477E0
6.266855266E1,2.640000153E1,2.716875076E1,-6.750000477E0
6.268855031E1,2.632500076E1,2.686875153E1,-6.862500191E0
6.270854421E1,2.641875076E1,2.698125076E1,-7.068750381E0
6.272854704E1,2.670000076E1,2.694375038E1,-6.562500477E0
6.274854565E1,2.660625076E1,2.718750191E1,-7.387500286E0
6.276855139E1,2.681250191E1,2.688750076E1,-7.387500286E0
6.278855264E1,2.700000191E1,2.688750076E1,-7.293750286E0
6.280854918E1,2.701875114E1,2.692500114E1,-8.118750572E0
6.282855375E1,2.788125038E1,2.656875038E1,-5.868750095E0
6.284855334E1,2.643750191E1,2.662500191E1,-7.593750477E0
6.286854896E1,2.640000153E1,2.724375153E1,-6.543750286E0
6.288855306E1,2.671875191E1,2.656875038E1,-6.768750191E0
6.290853096E1,2.679375076E1,2.694375038E1,-6.562500477E0
6.292853072E1,2.670000076E1,2.694375038E1,-6.562500477E0
6.294853830E1,2.649375153E1,2.715000153E1,-6.656250477E0
6.296854056E1,2.660625076E1,2.686875153E1,-6.768750191E0
6.298859518E1,2.658750153E1,2.722500038E1,-6.337500095E0
6.300858798E1,2.681250191E1,2.675625038E1,-6.768750191E0
6.302857648E1,2.640000153E1,2.722500038E1,-6.225000381E0
6.304857392E1,2.658750153E1,2.735625076E1,-6.862500191E0
6.306856729E1,2.671875191E1,2.675625038E1,-6.656250477E0
6.308855658E1,2.679375076E1,2.715000153E1,-6.768750191E0
6.310855722E1,2.670000076E1,2.675625038E1,-6.562500477E0
6.312850986E1,2.638125038E1,2.743125153E1,-6.225000381E0
6.314851341E1,2.700000191E1,2.692500114E1,-6.243750095E0
6.316852495E1,2.668125153E1,2.745000076E1,-6.750000477E0
6.318853090E1,2.640000153E1,2.690625191E1,-5.718750000E0
6.320855472E1,2.670000076E1,2.686875153E1,-6.862500191E0
6.322854667E1,2.662500191E1,2.668125153E1,-6.975000381E0
6.324854715E1,2.658750153E1,2.711250114E1,-5.831250191E0
6.326855442E1,2.670000076E1,2.701875114E1,-6.243750095E0
6.328855577E1,2.668125153E1,2.731875038E1,-6.243750095E0
6.330855122E1,2.688750076E1,2.711250114E1,-6.150000095E0
6.332854484E1,2.679375076E1,2.715000153E1,-6.656250477E0
6.334854687E1,2.660625076E1,2.692500114E1,-6.037500381E0
6.336854456E1,2.658750153E1,2.722500038E1,-6.337500095E0
6.338854984E1,2.679375076E1,2.711250114E1,-6.037500381E0
6.340855002E1,2.640000153E1,2.724375153E1,-6.543750286E0
6.342854631E1,2.630625153E1,2.703750038E1,-6.131250381E0
6.344854050E1,2.589375114E1,2.724375153E1,-6.018750191E0
6.346854169E1,2.651250076E1,2.696250153E1,-6.750000477E0
6.348855013E1,2.649375153E1,2.726250076E1,-6.656250477E0
6.350855262E1,2.621250153E1,2.716875076E1,-6.637500286E0
6.352860692E1,2.651250076E1,2.673750114E1,-6.337500095E0
6.354859928E1,2.670000076E1,2.715000153E1,-6.656250477E0
6.356858752E1,2.647500038E1,2.765625191E1,-6.862500191E0
6.358857312E1,2.660625076E1,2.685000038E1,-6.543750286E0
6.360856881E1,2.677500153E1,2.733750153E1,-6.656250477E0
6.362856068E1,2.611875153E1,2.677500153E1,-6.637500286E0
6.364855152E1,2.640000153E1,2.724375153E1,-6.431250095E0
6.366851941E1,2.670000076E1,2.692500114E1,-6.243750095E0
6.368852381E1,2.649375153E1,2.724375153E1,-6.543750286E0
6.370853556E1,2.681250191E1,2.677500153E1,-6.975000381E0
6.372854139E1,2.621250153E1,2.716875076E1,-6.637500286E0
6.374856535E1,2.688750076E1,2.713125038E1,-6.450000286E0
6.376856844E1,2.647500038E1,2.745000076E1,-6.450000286E0
6.378856556E1,2.718750191E1,2.724375153E1,-6.881250381E0
6.380855883E1,2.679375076E1,2.715000153E1,-6.862500191E0
6.382856054E1,2.641875076E1,2.698125076E1,-6.956250191E0
6.384855632E1,2.640000153E1,2.722500038E1,-6.131250381E0
6.386856184E1,2.647500038E1,2.752500153E1,-6.018750191E0
6.388856179E1,2.670000076E1,2.703750038E1,-6.562500477E0
6.390855767E1,2.707500076E1,2.720625114E1,-6.150000095E0
6.392855018E1,2.662500191E1,2.643750191E1,-6.450000286E0
6.394855165E1,2.688750076E1,2.733750153E1,-6.562500477E0
6.396856041E1,2.660625076E1,2.715000153E1,-6.750000477E0
6.398855322E1,2.658750153E1,2.735625076E1,-6.656250477E0
6.400855342E1,2.649375153E1,2.726250076E1,-6.862500191E0
6.402854950E1,2.670000076E1,2.685000038E1,-6.656250477E0
6.404855382E1,2.658750153E1,2.745000076E1,-6.656250477E0
6.406855222E1,2.677500153E1,2.735625076E1,-6.862500191E0
6.408854819E1,2.679375076E1,2.696250153E1,-6.768750191E0
6.410855251E1,2.640000153E1,2.701875114E1,-6.018750191E0
6.412855166E1,2.658750153E1,2.722500038E1,-6.243750095E0
6.414854704E1,2.707500076E1,2.724375153E1,-6.768750191E0
6.416855042E1,2.688750076E1,2.690625191E1,-6.037500381E0
6.418854969E1,2.670000076E1,2.703750038E1,-6.562500477E0
6.420851263E1,2.651250076E1,2.677500153E1,-6.975000381E0
6.422852343E1,2.658750153E1,2.715000153E1,-6.656250477E0
6.424852890E1,2.688750076E1,2.681250191E1,-5.943750381E0
6.426854098E1,2.649375153E1,2.711250114E1,-5.925000191E0
6.428858265E1,2.632500076E1,2.641875076E1,-5.718750000E0
6.430857455E1,2.640000153E1,2.722500038E1,-6.131250381E0
6.432857362E1,2.700000191E1,2.671875191E1,-6.262500286E0
6.434856836E1,2.628750038E1,2.735625076E1,-6.431250095E0
6.436855963E1,2.651250076E1,2.686875153E1,-6.750000477E0
6.438855828E1,2.660625076E1,2.692500114E1,-6.037500381E0
6.440855497E1,2.668125153E1,2.722500038E1,-6.131250381E0
6.442855930E1,2.688750076E1,2.701875114E1,-6.356250286E0
6.444855880E1,2.728125191E1,2.701875114E1,-6.468750477E0
6.446855422E1,2.668125153E1,2.737500191E1,-6.975000381E0
6.448855801E1,2.700000191E1,2.671875191E1,-6.356250286E0
6.450856845E1,2.670000076E1,2.703750038E1,-6.450000286E0
6.452856116E1,2.670000076E1,2.715000153E1,-6.543750286E0
6.454856218E1,2.698125076E1,2.711250114E1,-6.037500381E0
6.456855906E1,2.688750076E1,2.715000153E1,-6.862500191E0
6.458855240E1,2.649375153E1,2.735625076E1,-6.656250477E0
6.460855347E1,2.688750076E1,2.711250114E1,-6.243750095E0
6.462855189E1,2.649375153E1,2.722500038E1,-6.018750191E0
6.464854623E1,2.718750191E1,2.692500114E1,-6.468750477E0
6.466854940E1,2.688750076E1,2.700000191E1,-6.037500381E0
6.468854819E1,2.660625076E1,2.686875153E1,-6.768750191E0
6.470854341E1,2.649375153E1,2.713125038E1,-6.131250381E0
6.472853601E1,2.658750153E1,2.715000153E1,-6.656250477E0
6.474851672E1,2.658750153E1,2.711250114E1,-6.037500381E0
6.476853014E1,2.679375076E1,2.671875191E1,-6.150000095E0
6.478853746E1,2.658750153E1,2.713125038E1,-6.450000286E0
6.480853932E1,2.670000076E1,2.671875191E1,-5.925000191E0
6.482858186E1,2.679375076E1,2.696250153E1,-6.768750191E0
6.484857676E1,2.670000076E1,2.692500114E1,-6.243750095E0
6.486856728E1,2.630625153E1,2.713125038E1,-6.131250381E0
6.488856642E1,2.660625076E1,2.694375038E1,-6.543750286E0
6.490856128E1,2.647500038E1,2.754375076E1,-6.656250477E0
6.492855153E1,2.668125153E1,2.711250114E1,-6.131250381E0
6.494855284E1,2.670000076E1,2.713125038E1,-6.450000286E0
6.496856096E1,2.679375076E1,2.690625191E1,-6.037500381E0
6.498856362E1,2.647500038E1,2.760000038E1,-5.812500000E0
6.500856129E1,2.716875076E1,2.711250114E1,-6.262500286E0
6.502855538E1,2.668125153E1,2.724375153E1,-6.656250477E0
6.504856948E1,2.677500153E1,2.743125153E1,-6.562500477E0
6.506856500E1,2.671875191E1,2.688750076E1,-7.181250095E0
6.508855707E1,2.681250191E1,2.686875153E1,-7.068750381E0
6.510855797E1,2.649375153E1,2.724375153E1,-6.450000286E0
6.512855473E1,2.709375191E1,2.692500114E1,-6.562500477E0
6.514854724E1,2.716875076E1,2.720625114E1,-6.056250095E0
6.516855025E1,2.668125153E1,2.720625114E1,-6.037500381E0
6.518854852E1,2.658750153E1,2.709375191E1,-5.718750000E0
6.520854335E1,2.679375076E1,2.701875114E1,-6.243750095E0
6.522854675E1,2.681250191E1,2.664375114E1,-6.656250477E0
6.524854568E1,2.730000114E1,2.673750114E1,-6.581250191E0
6.526855224E1,2.640000153E1,2.692500114E1,-5.925000191E0
6.528853190E1,2.668125153E1,2.739375114E1,-5.718750000E0
6.530853345E1,2.671875191E1,2.655000114E1,-6.562500477E0
6.532854245E1,2.668125153E1,2.698125076E1,-5.418750286E0
6.534854573E1,2.670000076E1,2.705625153E1,-6.768750191E0
6.536860060E1,2.679375076E1,2.696250153E1,-6.768750191E0
6.538859364E1,2.698125076E1,2.715000153E1,-6.675000191E0
6.540858240E1,2.660625076E1,2.664375114E1,-6.450000286E0
6.542856850E1,2.651250076E1,2.653125191E1,-6.037500381E0
6.544856465E1,2.660625076E1,2.692500114E1,-6.243750095E0
6.546855638E1,2.623125076E1,2.688750076E1,-7.068750381E0
6.548854741E1,2.679375076E1,2.683125114E1,-6.243750095E0
6.550850430E1,2.658750153E1,2.724375153E1,-6.450000286E0
6.552851132E1,2.688750076E1,2.711250114E1,-6.150000095E0
6.554852539E1,2.660625076E1,2.681250191E1,-6.037500381E0
6.556853323E1,2.688750076E1,2.692500114E1,-6.243750095E0
6.558855843E1,2.688750076E1,2.703750038E1,-6.562500477E0
6.560856259E1,2.670000076E1,2.683125114E1,-6.356250286E0
6.562856078E1,2.700000191E1,2.662500191E1,-6.262500286E0
6.564855480E1,2.651250076E1,2.671875191E1,-6.037500381E0
6.566855707E1,2.647500038E1,2.752500153E1,-6.337500095E0
6.568855328E1,2.649375153E1,2.705625153E1,-6.750000477E0
6.570854796E1,2.645625114E1,2.645625114E1,-8.212500572E0
6.572855037E1,2.660625076E1,2.694375038E1,-6.450000286E0
6.574854837E1,2.658750153E1,2.722500038E1,-6.131250381E0
6.576855402E1,2.698125076E1,2.709375191E1,-5.737500191E0
6.578855446E1,2.649375153E1,2.724375153E1,-6.337500095E0
6.580855084E1,2.690625191E1,2.683125114E1,-6.450000286E0
6.582854524E1,2.670000076E1,2.700000191E1,-5.925000191E0
6.584854654E1,2.641875076E1,2.677500153E1,-6.956250191E0
6.586854388E1,2.688750076E1,2.692500114E1,-6.150000095E0
6.588854908E1,2.690625191E1,2.664375114E1,-6.450000286E0
6.590860563E1,2.688750076E1,2.700000191E1,-5.943750381E0
6.592860000E1,2.668125153E1,2.731875038E1,-6.131250381E0
6.594858967E1,2.640000153E1,2.722500038E1,-6.131250381E0
6.596857640E1,2.649375153E1,2.711250114E1,-5.812500000E0
6.598857304E1,2.670000076E1,2.692500114E1,-6.243750095E0
6.600856661E1,2.670000076E1,2.715000153E1,-6.543750286E0
6.602856906E1,2.679375076E1,2.711250114E1,-6.150000095E0
6.604852308E1,2.670000076E1,2.681250191E1,-6.037500381E0
6.606852727E1,2.690625191E1,2.664375114E1,-6.675000191E0
6.608852791E1,2.681250191E1,2.686875153E1,-6.862500191E0
6.610853665E1,2.698125076E1,2.720625114E1,-5.943750381E0
6.612857407E1,2.660625076E1,2.716875076E1,-6.862500191E0
6.614856528E1,2.651250076E1,2.653125191E1,-6.037500381E0
6.616856484E1,2.658750153E1,2.722500038E1,-6.243750095E0
6.618856011E1,2.658750153E1,2.701875114E1,-6.131250381E0
6.620856311E1,2.660625076E1,2.698125076E1,-7.275000095E0
6.622856002E1,2.668125153E1,2.709375191E1,-5.831250191E0
6.624856619E1,2.698125076E1,2.720625114E1,-6.037500381E0
6.626856671E1,2.688750076E1,2.701875114E1,-6.356250286E0
6.628856279E1,2.739375114E1,2.683125114E1,-6.581250191E0
6.630855559E1,2.651250076E1,2.673750114E1,-6.243750095E0
6.632855737E1,2.690625191E1,2.683125114E1,-6.562500477E0
6.634855496E1,2.688750076E1,2.701875114E1,-6.356250286E0
6.636855035E1,2.670000076E1,2.686875153E1,-6.862500191E0
6.638855256E1,2.679375076E1,2.694375038E1,-6.450000286E0
6.640855084E1,2.679375076E1,2.726250076E1,-7.068750381E0
6.642854525E1,2.649375153E1,2.713125038E1,-6.131250381E0
6.644854778E1,2.679375076E1,2.703750038E1,-6.562500477E0
6.646854689E1,2.660625076E1,2.685000038E1,-6.450000286E0
6.648855325E1,2.658750153E1,2.715000153E1,-6.543750286E0
6.650855416E1,2.679375076E1,2.692500114E1,-6.150000095E0
6.652855083E1,2.651250076E1,2.694375038E1,-6.543750286E0
6.654855530E1,2.640000153E1,2.694375038E1,-6.450000286E0
6.656855505E1,2.668125153E1,2.743125153E1,-6.450000286E0
6.658852965E1,2.649375153E1,2.735625076E1,-6.656250477E0
6.660853801E1,2.688750076E1,2.722500038E1,-6.243750095E0
6.662854127E1,2.621250153E1,2.673750114E1,-6.018750191E0
6.664853984E1,2.686875153E1,2.733750153E1,-6.450000286E0
6.666858019E1,2.640000153E1,2.683125114E1,-6.131250381E0
6.668857328E1,2.679375076E1,2.711250114E1,-6.150000095E0
6.670857395E1,2.670000076E1,2.692500114E1,-6.356250286E0
6.672856977E1,2.707500076E1,2.698125076E1,-5.625000000E0
6.674856218E1,2.658750153E1,2.713125038E1,-6.131250381E0
6.676856172E1,2.658750153E1,2.733750153E1,-6.543750286E0
6.678855912E1,2.651250076E1,2.694375038E1,-6.337500095E0
6.680856404E1,2.668125153E1,2.711250114E1,-6.131250381E0
6.682856386E1,2.640000153E1,2.724375153E1,-6.337500095E0
6.684855941E1,2.660625076E1,2.675625038E1,-6.656250477E0
6.686855199E1,2.660625076E1,2.698125076E1,-7.068750381E0
6.688855411E1,2.658750153E1,2.724375153E1,-6.656250477E0
6.690855177E1,2.679375076E1,2.726250076E1,-6.862500191E0
6.692854599E1,2.670000076E1,2.713125038E1,-6.337500095E0
6.694854878E1,2.670000076E1,2.715000153E1,-6.543750286E0
6.696854705E1,2.660625076E1,2.673750114E1,-6.337500095E0
6.698855310E1,2.709375191E1,2.692500114E1,-6.262500286E0
6.700855425E1,2.640000153E1,2.713125038E1,-6.337500095E0
6.702855078E1,2.649375153E1,2.735625076E1,-6.543750286E0
6.704855527E1,2.679375076E1,2.705625153E1,-6.862500191E0
6.706855462E1,2.630625153E1,2.696250153E1,-6.750000477E0
6.708855008E1,2.679375076E1,2.739375114E1,-7.387500286E0
6.710854279E1,2.611875153E1,2.698125076E1,-6.843750477E0
6.712853432E1,2.649375153E1,2.690625191E1,-5.831250191E0
6.714853410E1,2.709375191E1,2.703750038E1,-6.675000191E0
6.716854148E1,2.698125076E1,2.701875114E1,-6.150000095E0
6.718854339E1,2.679375076E1,2.696250153E1,-6.768750191E0
6.720858605E1,2.638125038E1,2.722500038E1,-5.925000191E0
6.722858123E1,2.670000076E1,2.705625153E1,-6.768750191E0
6.724857173E1,2.737500191E1,2.668125153E1,-5.643750191E0
6.726857095E1,2.658750153E1,2.715000153E1,-6.656250477E0
6.728856581E1,2.668125153E1,2.711250114E1,-5.925000191E0
6.730855616E1,2.649375153E1,2.737500191E1,-6.956250191E0
6.732855765E1,2.649375153E1,2.701875114E1,-6.131250381E0
6.734856593E1,2.660625076E1,2.705625153E1,-6.750000477E0
6.736855720E1,2.679375076E1,2.722500038E1,-6.450000286E0
6.738855741E1,2.688750076E1,2.724375153E1,-6.562500477E0
6.740855398E1,2.649375153E1,2.701875114E1,-6.037500381E0
6.742856993E1,2.658750153E1,2.713125038E1,-6.450000286E0
6.744856703E1,2.651250076E1,2.694375038E1,-6.337500095E0
6.746856031E1,2.698125076E1,2.715000153E1,-6.975000381E0
6.748856214E1,2.681250191E1,2.664375114E1,-6.450000286E0
6.750855952E1,2.679375076E1,2.713125038E1,-6.243750095E0
6.752855241E1,2.670000076E1,2.701875114E1,-6.131250381E0
6.754855553E1,2.670000076E1,2.715000153E1,-6.543750286E0
6.756855379E1,2.658750153E1,2.722500038E1,-6.337500095E0
6.758854882E1,2.686875153E1,2.731875038E1,-6.243750095E0
6.760855220E1,2.670000076E1,2.701875114E1,-6.131250381E0
6.762855100E1,2.660625076E1,2.716875076E1,-6.862500191E0
6.764854629E1,2.700000191E1,2.707500076E1,-7.293750286E0
6.766852895E1,2.670000076E1,2.701875114E1,-6.243750095E0
6.768853268E1,2.649375153E1,2.715000153E1,-6.656250477E0
6.770854335E1,2.640000153E1,2.728125191E1,-6.956250191E0
6.772854791E1,2.681250191E1,2.685000038E1,-6.656250477E0
6.774860416E1,2.628750038E1,2.731875038E1,-6.018750191E0
6.776858677E1,2.628750038E1,2.735625076E1,-6.543750286E0
6.778857860E1,2.649375153E1,2.711250114E1,-5.925000191E0
6.780856747E1,2.679375076E1,2.705625153E1,-6.656250477E0
6.782856554E1,2.688750076E1,2.703750038E1,-6.450000286E0
6.784855945E1,2.619375038E1,2.760000038E1,-7.368750095E0
6.786855159E1,2.641875076E1,2.685000038E1,-6.450000286E0
6.788850926E1,2.658750153E1,2.746875191E1,-6.862500191E0
6.790851665E1,2.671875191E1,2.675625038E1,-6.656250477E0
6.792851995E1,2.681250191E1,2.685000038E1,-6.656250477E0
6.794853039E1,2.658750153E1,2.722500038E1,-6.337500095E0
6.796856925E1,2.709375191E1,2.703750038E1,-6.675000191E0
6.798856156E1,2.686875153E1,2.731875038E1,-6.243750095E0
6.800856183E1,2.670000076E1,2.716875076E1,-6.862500191E0
6.802855701E1,2.668125153E1,2.713125038E1,-6.243750095E0
6.804856046E1,2.677500153E1,2.722500038E1,-6.243750095E0
6.806855794E1,2.700000191E1,2.694375038E1,-6.675000191E0
6.808856384E1,2.709375191E1,2.696250153E1,-6.975000381E0
6.810856413E1,2.688750076E1,2.722500038E1,-6.243750095E0
6.812855992E1,2.656875038E1,2.754375076E1,-6.450000286E0
6.814855270E1,2.679375076E1,2.701875114E1,-6.037500381E0
6.816855418E1,2.640000153E1,2.722500038E1,-6.018750191E0
6.818855157E1,2.641875076E1,2.686875153E1,-6.656250477E0
6.820854689E1,2.668125153E1,2.733750153E1,-6.337500095E0
6.822854919E1,2.649375153E1,2.716875076E1,-6.956250191E0
6.824854703E1,2.709375191E1,2.679375076E1,-5.831250191E0
6.826855288E1,2.649375153E1,2.724375153E1,-6.543750286E0
6.828860969E1,2.688750076E1,2.722500038E1,-6.450000286E0
6.830859314E1,2.688750076E1,2.715000153E1,-6.768750191E0
6.832858559E1,2.630625153E1,2.715000153E1,-6.337500095E0
6.834857501E1,2.649375153E1,2.728125191E1,-7.068750381E0
6.836856232E1,2.670000076E1,2.703750038E1,-6.450000286E0
6.838856140E1,2.698125076E1,2.688750076E1,-5.831250191E0
6.840855566E1,2.668125153E1,2.733750153E1,-6.450000286E0
6.842851514E1,2.651250076E1,2.664375114E1,-6.243750095E0
6.844852396E1,2.668125153E1,2.743125153E1,-6.450000286E0
6.846852782E1,2.641875076E1,2.673750114E1,-6.131250381E0
6.848853902E1,2.670000076E1,2.692500114E1,-6.037500381E0
6.850857832E1,2.649375153E1,2.692500114E1,-6.243750095E0
6.852857057E1,2.619375038E1,2.754375076E1,-6.431250095E0
6.854857064E1,2.630625153E1,2.715000153E1,-6.543750286E0
6.856856601E1,2.619375038E1,2.724375153E1,-6.225000381E0
6.858855802E1,2.660625076E1,2.709375191E1,-7.275000095E0
6.860855763E1,2.670000076E1,2.730000114E1,-7.593750477E0
6.862855509E1,2.681250191E1,2.692500114E1,-8.118750572E0
6.864854867E1,2.621250153E1,2.716875076E1,-6.750000477E0
6.866855114E1,2.668125153E1,2.720625114E1,-6.037500381E0
6.868854909E1,2.658750153E1,2.713125038E1,-6.131250381E0
6.870854374E1,2.709375191E1,2.681250191E1,-6.150000095E0
6.872854740E1,2.658750153E1,2.735625076E1,-6.656250477E0
6.874854642E1,2.690625191E1,2.683125114E1,-6.356250286E0
6.876855258E1,2.679375076E1,2.703750038E1,-6.356250286E0
6.878855346E1,2.623125076E1,2.668125153E1,-6.750000477E0
6.880855006E1,2.658750153E1,2.731875038E1,-6.243750095E0
6.882855318E1,2.651250076E1,2.694375038E1,-6.337500095E0
6.884855306E1,2.679375076E1,2.715000153E1,-6.656250477E0
6.886854862E1,2.711250114E1,2.664375114E1,-6.562500477E0
6.888855240E1,2.707500076E1,2.713125038E1,-6.675000191E0
6.890855133E1,2.668125153E1,2.741250038E1,-5.925000191E0
6.892854649E1,2.651250076E1,2.696250153E1,-6.656250477E0
6.894855015E1,2.707500076E1,2.711250114E1,-6.150000095E0
6.896852769E1,2.670000076E1,2.694375038E1,-6.656250477E0
6.898853883E1,2.698125076E1,2.700000191E1,-6.037500381E0
6.900854407E1,2.668125153E1,2.745000076E1,-6.862500191E0
6.902854405E1,2.649375153E1,2.690625191E1,-5.925000191E0
6.904858522E1,2.701875114E1,2.638125038E1,-7.200000286E0
6.906857928E1,2.709375191E1,2.683125114E1,-6.468750477E0
6.908856896E1,2.701875114E1,2.638125038E1,-7.293750286E0
6.910856768E1,2.677500153E1,2.722500038E1,-6.356250286E0
6.912856203E1,2.649375153E1,2.730000114E1,-7.481250286E0
6.914855290E1,2.658750153E1,2.686875153E1,-5.306250095E0
6.916854274E1,2.638125038E1,2.718750191E1,-5.512500286E0
6.918855341E1,2.645625114E1,2.715000153E1,-3.225000143E0
6.920854683E1,2.587500191E1,2.756250191E1,-4.650000095E0
6.922854903E1,2.647500038E1,2.728125191E1,-5.306250095E0
6.924854690E1,2.720625114E1,2.628750038E1,-5.850000381E0
6.926855308E1,2.700000191E1,2.673750114E1,-6.675000191E0
6.928855383E1,2.641875076E1,2.685000038E1,-6.543750286E0
6.930855006E1,2.649375153E1,2.705625153E1,-6.656250477E0
6.932855427E1,2.662500191E1,2.670000076E1,-7.275000095E0
6.934855354E1,2.641875076E1,2.686875153E1,-6.956250191E0
6.936854781E1,2.668125153E1,2.724375153E1,-6.656250477E0
6.938855200E1,2.686875153E1,2.737500191E1,-5.418750286E0
6.940855105E1,2.686875153E1,2.694375038E1,-4.800000191E0
6.942854601E1,2.686875153E1,2.705625153E1,-5.212500095E0
6.944854952E1,2.619375038E1,2.718750191E1,-5.287500381E0
6.946854817E1,2.638125038E1,2.707500076E1,-5.193750381E0
6.948855478E1,2.626875114E1,2.711250114E1,-3.937500238E0
6.950853440E1,2.638125038E1,2.696250153E1,-3.225000143E0
6.952853574E1,2.574375153E1,2.765625191E1,-1.125000000E0
6.954854440E1,2.593125153E1,2.720625114E1,-1.875000000E-1
6.956854750E1,2.581875038E1,2.698125076E1,1.987500072E0
6.958860232E1,2.531250191E1,2.722500038E1,3.262500048E0
6.960859521E1,2.460000038E1,2.763750076E1,5.043750286E0
6.962858397E1,2.416875076E1,2.782500076E1,7.237500191E0
6.964857006E1,2.178750038E1,2.820000076E1,1.033125019E1
6.966856600E1,2.100000000E1,2.801250076E1,1.243125057E1
6.968855727E1,1.908750153E1,2.861250114E1,1.507500076E1
6.970855966E1,1.811250114E1,2.848125076E1,1.614375114E1
6.972851383E1,1.509375095E1,2.990625191E1,1.884375000E1
6.974851857E1,1.312500095E1,3.033750153E1,1.921875000E1
6.976853088E1,1.113750076E1,3.112500191E1,2.053125000E1
6.978853727E1,1.044375038E1,3.142500114E1,2.066250038E1
6.980856134E1,1.053750038E1,3.118125153E1,2.148750114E1
6.982855330E1,1.035000038E1,3.097500038E1,2.169375038E1
6.984855363E1,9.168750763E0,3.090000153E1,2.203125000E1
6.986854943E1,8.887500763E0,3.093750191E1,2.152500153E1
6.988855331E1,8.100000381E0,3.110625076E1,2.227500153E1
6.990855137E1,6.731250286E0,3.084375191E1,2.263125038E1
6.992854692E1,5.887500286E0,2.990625191E1,2.379375076E1
6.994855038E1,6.300000191E0,2.960625076E1,2.356875038E1
6.996854929E1,6.225000381E0,2.865000153E1,2.491875076E1
6.998855525E1,6.525000095E0,2.829375076E1,2.563125038E1
7.000855586E1,6.450000286E0,2.782500076E1,2.531250191E1
7.002855244E1,1.050000000E1,2.718750191E1,2.208750153E1
7.004854682E1,6.168750286E0,2.778750038E1,2.448750114E1
7.006854819E1,6.431250095E0,2.846250153E1,2.460000038E1
7.008854553E1,6.656250477E0,2.790000153E1,2.375625038E1
7.010855070E1,6.356250286E0,2.810625076E1,2.398125076E1
7.012860724E1,6.656250477E0,2.771250153E1,2.364375114E1
7.014859036E1,6.862500191E0,2.748750114E1,2.405625153E1
7.016858264E1,6.675000191E0,2.726250076E1,2.458125114E1
7.018857190E1,7.518750191E0,2.820000076E1,2.332500076E1
7.020855896E1,7.556250095E0,2.752500153E1,2.310000038E1
7.022855510E1,8.043750763E0,2.771250153E1,2.287500000E1
7.024855012E1,7.443750381E0,2.730000114E1,2.538750076E1
7.026850984E1,7.218750477E0,2.833125114E1,2.467500114E1
7.028851906E1,7.425000191E0,2.812500191E1,2.289375114E1
7.030852374E1,7.781250477E0,2.943750191E1,2.227500153E1
7.032853530E1,8.400000572E0,2.887500191E1,2.143125153E1
7.034856352E1,7.875000477E0,2.956875038E1,2.186250114E1
7.036857011E1,8.362500191E0,2.932500076E1,2.216250038E1
7.038856997E1,8.362500191E0,2.947500038E1,2.131875038E1
7.040856501E1,7.893750191E0,2.895000076E1,2.216250038E1
7.042855656E1,7.950000286E0,2.994375038E1,2.195625114E1
7.044855670E1,7.893750191E0,2.904375076E1,2.236875153E1
7.046856461E1,8.175000191E0,2.934375191E1,2.205000114E1
7.048856635E1,8.175000191E0,2.915625191E1,2.175000000E1
7.050856327E1,8.381250381E0,2.925000191E1,2.195625114E1
7.052855682E1,7.987500191E0,2.908125114E1,2.163750076E1
7.054855892E1,8.550000191E0,2.919375038E1,2.287500000E1
7.056855712E1,8.475000381E0,2.925000191E1,2.163750076E1
7.058856260E1,8.287500381E0,2.904375076E1,2.205000114E1
7.060856287E1,8.287500381E0,2.906250191E1,2.163750076E1
7.062855858E1,8.775000572E0,2.915625191E1,2.141250038E1
7.064855112E1,8.568750381E0,2.917500114E1,2.120625114E1
7.066860931E1,8.175000191E0,2.960625076E1,2.101875114E1
7.068859397E1,8.868750572E0,2.940000153E1,2.058750153E1
7.070858765E1,7.687500477E0,2.945625114E1,2.197500038E1
7.072857804E1,6.712500095E0,2.949375153E1,2.190000153E1
7.074856626E1,5.625000000E0,2.911875153E1,2.379375076E1
7.076856680E1,5.062500000E0,2.863125038E1,2.411250114E1
7.078856118E1,5.137500286E0,2.945625114E1,2.328750038E1
7.080852069E1,4.818750381E0,3.009375191E1,2.298750114E1
7.082852913E1,5.006250381E0,3.048750114E1,2.289375114E1
7.084853312E1,4.893750191E0,3.060000038E1,2.278125000E1
7.086853308E1,4.856250286E0,3.148125076E1,2.268750000E1
7.088857492E1,4.575000286E0,3.106875038E1,2.332500076E1
7.090856972E1,4.481250286E0,3.123750114E1,2.197500038E1
7.092856067E1,3.806250095E0,3.091875076E1,2.281875038E1
7.094856026E1,1.612500072E0,3.193125153E1,2.371875000E1
7.096855560E1,-1.181250095E0,3.114375114E1,2.349375153E1
7.098855795E1,-3.037500143E0,3.155625153E1,2.396250153E1
7.100855754E1,-6.150000095E0,3.120000076E1,2.341875076E1
7.102856401E1,-8.025000572E0,3.206250000E1,2.296875000E1
7.104856497E1,-1.044375038E1,3.249375153E1,2.034375000E1
7.106856150E1,-1.173750019E1,3.281250000E1,2.070000076E1
7.108855452E1,-1.443750095E1,3.294375229E1,1.807500076E1
7.110855649E1,-1.627500153E1,3.294375229E1,1.749375153E1
7.112855411E1,-1.880625153E1,3.343125153E1,1.550625038E1
7.114854789E1,-1.929375076E1,3.384375000E1,1.365000057E1
7.116855068E1,-1.800000000E1,3.570000076E1,1.185000038E1
7.118854912E1,-1.747500038E1,3.510000229E1,1.141875076E1
7.120855387E1,-1.785000038E1,3.472500229E1,1.143750000E1
7.122854405E1,-1.807500076E1,3.526875305E1,1.237500095E1
7.124854326E1,-1.891875076E1,3.435000229E1,1.333125019E1
7.126855000E1,-2.079375076E1,3.500625229E1,1.151250076E1
7.128855166E1,-2.203125000E1,3.532500076E1,8.437500000E0
7.130854883E1,-2.317500114E1,3.481875229E1,7.425000191E0
7.132854277E1,-2.441250038E1,3.375000000E1,9.318750381E0
7.134852375E1,-2.448750114E1,3.316875076E1,9.112500191E0
7.136852669E1,-2.476875114E1,3.330000305E1,8.925000191E0
7.138853694E1,-2.508750153E1,3.391875076E1,8.512500763E0
7.140854095E1,-2.281875038E1,3.496875000E1,9.918750763E0
7.142859679E1,-2.182500076E1,3.450000000E1,1.050000000E1
7.144859045E1,-2.045625114E1,3.373125076E1,1.284375095E1
7.146857958E1,-2.023125076E1,3.296250153E1,1.241250038E1
7.148857733E1,-1.983750153E1,3.260625076E1,1.479375076E1
7.150857097E1,-1.993125153E1,3.232500076E1,1.470000076E1
7.152856034E1,-1.920000076E1,3.142500114E1,1.436250019E1
7.154854971E1,-2.006250000E1,3.086250114E1,1.426875019E1
7.156855971E1,-2.148750114E1,3.022500038E1,1.410000038E1
7.158855279E1,-2.223750114E1,2.964375114E1,1.423125076E1
7.160855469E1,-2.334375000E1,2.803125191E1,1.372500038E1
7.162855234E1,-2.383125114E1,2.810625076E1,1.415625095E1
7.164855820E1,-2.341875076E1,2.694375038E1,1.548750019E1
7.166855880E1,-2.229375076E1,2.626875114E1,1.430625057E1
7.168855482E1,-2.306250000E1,2.611875153E1,1.411875057E1
7.170854782E1,-2.373750114E1,2.587500191E1,1.331250095E1
7.172854959E1,-2.503125191E1,2.647500038E1,1.408125019E1
7.174854715E1,-2.503125191E1,2.649375153E1,1.355625057E1
7.176855316E1,-2.503125191E1,2.673750114E1,1.303125095E1
7.178855330E1,-2.446875191E1,2.709375191E1,1.333125019E1
7.180854944E1,-2.473125076E1,2.664375114E1,1.261875057E1
7.182855362E1,-2.368125153E1,2.709375191E1,1.278750038E1
7.184855294E1,-2.381250000E1,2.775000191E1,1.351875019E1
7.186856005E1,-2.341875076E1,2.741250038E1,1.413750076E1
7.188854012E1,-2.360625076E1,2.726250076E1,1.498125076E1
7.190854162E1,-2.283750153E1,2.724375153E1,1.505625057E1
7.192853900E1,-2.274375153E1,2.724375153E1,1.485000038E1
7.194854472E1,-2.283750153E1,2.743125153E1,1.505625057E1
7.196860174E1,-2.283750153E1,2.733750153E1,1.505625057E1
7.198858518E1,-2.281875038E1,2.705625153E1,1.464375019E1
7.200857779E1,-2.283750153E1,2.733750153E1,1.494375038E1
7.202856712E1,-2.321250153E1,2.718750191E1,1.443750095E1
7.204856594E1,-2.364375114E1,2.784375191E1,1.518750095E1
7.206855934E1,-2.311875153E1,2.728125191E1,1.464375019E1
7.208855204E1,-2.293125153E1,2.715000153E1,1.485000038E1
7.210851023E1,-2.311875153E1,2.726250076E1,1.475625038E1
7.212851799E1,-2.313750076E1,2.763750076E1,1.528125095E1
7.214852123E1,-2.341875076E1,2.718750191E1,1.466250038E1
7.216853211E1,-2.216250038E1,2.778750038E1,1.389375019E1
7.218855970E1,-2.175000000E1,2.730000114E1,1.346250057E1
7.220856572E1,-2.216250038E1,2.745000076E1,1.441875076E1
7.222856548E1,-2.274375153E1,2.763750076E1,1.505625057E1
7.224856051E1,-2.362500000E1,2.730000114E1,1.612500000E1
7.226856332E1,-2.293125153E1,2.733750153E1,1.526250076E1
7.228855987E1,-2.293125153E1,2.724375153E1,1.516875076E1
7.230855441E1,-2.293125153E1,2.733750153E1,1.526250076E1
7.232855712E1,-2.311875153E1,2.692500114E1,1.558125019E1
7.234855529E1,-2.315625000E1,2.760000038E1,1.578750038E1
7.236854979E1,-2.302500153E1,2.713125038E1,1.516875076E1
7.238855274E1,-2.325000000E1,2.763750076E1,1.516875076E1
7.240855154E1,-2.313750076E1,2.752500153E1,1.548750019E1
7.242854764E1,-2.334375000E1,2.771250153E1,1.569375038E1
7.244855051E1,-2.255625153E1,2.750625038E1,1.535625076E1
7.246854871E1,-2.304375076E1,2.730000114E1,1.578750038E1
7.248855472E1,-2.265000153E1,2.722500038E1,1.535625076E1
7.250861184E1,-2.266875076E1,2.773125076E1,1.515000057E1
7.252859526E1,-2.295000076E1,2.771250153E1,1.558125019E1
7.254858766E1,-2.304375076E1,2.743125153E1,1.537500095E1
7.256857697E1,-2.293125153E1,2.745000076E1,1.485000038E1
7.258856411E1,-2.295000076E1,2.743125153E1,1.516875076E1
7.260856235E1,-2.341875076E1,2.716875076E1,1.496250057E1
7.262855681E1,-2.274375153E1,2.722500038E1,1.515000057E1
7.264851635E1,-2.330625153E1,2.696250153E1,1.496250057E1
7.266852502E1,-2.313750076E1,2.722500038E1,1.548750019E1
7.268852899E1,-2.313750076E1,2.731875038E1,1.558125019E1
7.270852901E1,-2.285625076E1,2.752500153E1,1.516875076E1
7.272857067E1,-2.281875038E1,2.692500114E1,1.526250076E1
7.274856565E1,-2.300625038E1,2.685000038E1,1.494375038E1
7.276856782E1,-2.293125153E1,2.724375153E1,1.505625057E1
7.278856477E1,-2.332500076E1,2.754375076E1,1.507500076E1
7.280855796E1,-2.328750038E1,2.653125191E1,1.548750019E1
7.282855835E1,-2.317500114E1,2.611875153E1,1.567500019E1
7.284855619E1,-2.345625114E1,2.536875153E1,1.693125153E1
7.286856149E1,-2.334375000E1,2.518125153E1,1.651875114E1
7.288856155E1,-2.411250114E1,2.473125076E1,1.631250000E1
7.290855739E1,-2.360625076E1,2.441250038E1,1.651875114E1
7.292854998E1,-2.418750191E1,2.407500076E1,1.725000000E1
7.294855194E1,-2.439375114E1,2.430000114E1,1.715625000E1
7.296854974E1,-2.416875076E1,2.392500114E1,1.642500114E1
7.298855502E1,-2.418750191E1,2.418750191E1,1.715625000E1
7.300855515E1,-2.428125191E1,2.377500153E1,1.756875038E1
7.302855104E1,-2.475000191E1,2.356875038E1,1.800000000E1
7.304855445E1,-2.405625153E1,2.304375076E1,1.796250153E1
7.306855410E1,-2.475000191E1,2.325000000E1,1.830000114E1
7.308854943E1,-2.520000076E1,2.281875038E1,1.747500038E1
7.310855317E1,-2.523750114E1,2.313750076E1,1.873125076E1
7.312855214E1,-2.551875114E1,2.285625076E1,1.863750076E1
7.314854715E1,-2.484375191E1,2.291250038E1,1.914375114E1
7.316855080E1,-2.490000153E1,2.236875153E1,1.830000114E1
7.318852847E1,-2.491875076E1,2.240625000E1,1.912500000E1
7.320852837E1,-2.491875076E1,2.257500076E1,1.820625114E1
7.322853622E1,-2.512500191E1,2.274375153E1,1.852500153E1
7.324853861E1,-2.454375076E1,2.281875038E1,1.871250153E1
7.326858204E1,-2.435625076E1,2.326875114E1,1.786875153E1
7.328857754E1,-2.435625076E1,2.313750076E1,1.818750000E1
7.330856877E1,-2.437500191E1,2.364375114E1,1.798125076E1
7.332856807E1,-2.407500076E1,2.400000000E1,1.683750153E1
7.334856316E1,-2.418750191E1,2.396250153E1,1.766250038E1
7.336855432E1,-2.439375114E1,2.426250076E1,1.768125153E1
7.338855574E1,-2.418750191E1,2.422500038E1,1.663125038E1
7.340856388E1,-2.437500191E1,2.411250114E1,1.695000076E1
7.342855504E1,-2.388750076E1,2.398125076E1,1.713750076E1
7.344855533E1,-2.400000000E1,2.443125153E1,1.642500114E1
7.346855153E1,-2.362500000E1,2.493750191E1,1.578750038E1
7.348855630E1,-2.373750114E1,2.512500191E1,1.599375057E1
7.350855607E1,-2.364375114E1,2.574375153E1,1.558125019E1
7.352855160E1,-2.355000114E1,2.540625191E1,1.620000076E1
7.354855542E1,-2.373750114E1,2.533125114E1,1.599375057E1
7.356855447E1,-2.355000114E1,2.572500038E1,1.599375057E1
7.358854883E1,-2.401875114E1,2.506875038E1,1.560000038E1
7.360855292E1,-2.452500153E1,2.555625153E1,1.603125000E1
7.362855208E1,-2.411250114E1,2.501250076E1,1.642500114E1
7.364854705E1,-2.375625038E1,2.538750076E1,1.683750153E1
7.366855056E1,-2.345625114E1,2.551875114E1,1.590000057E1
7.368854937E1,-2.355000114E1,2.540625191E1,1.620000076E1
7.370855599E1,-2.392500114E1,2.516250038E1,1.560000038E1
7.372853583E1,-2.353125000E1,2.510625076E1,1.640625000E1
7.374853714E1,-2.385000038E1,2.553750038E1,1.601250076E1
7.376854586E1,-2.362500000E1,2.525625038E1,1.569375038E1
7.378854868E1,-2.431875038E1,2.512500191E1,1.633125114E1
7.380860337E1,-2.411250114E1,2.503125191E1,1.610625076E1
7.382858505E1,-2.433750153E1,2.583750153E1,1.603125000E1
7.384857625E1,-2.362500000E1,2.538750076E1,1.485000038E1
7.386856454E1,-2.355000114E1,2.544375038E1,1.558125019E1
7.388856244E1,-2.371875000E1,2.516250038E1,1.548750019E1
7.390855627E1,-2.355000114E1,2.600625038E1,1.464375019E1
7.392854850E1,-2.287500000E1,2.595000076E1,1.515000057E1
7.394850624E1,-2.351250076E1,2.696250153E1,1.507500076E1
7.396851385E1,-2.272500038E1,2.685000038E1,1.494375038E1
7.398852843E1,-2.274375153E1,2.763750076E1,1.494375038E1
7.400853669E1,-2.332500076E1,2.733750153E1,1.548750019E1
7.402857344E1,-2.272500038E1,2.713125038E1,1.505625057E1
7.404856361E1,-2.272500038E1,2.692500114E1,1.535625076E1
7.406856203E1,-2.272500038E1,2.726250076E1,1.464375019E1
7.408855621E1,-2.240625000E1,2.679375076E1,1.389375019E1
7.410855851E1,-2.253750038E1,2.743125153E1,1.318125057E1
7.412855486E1,-2.261250114E1,2.692500114E1,1.338750076E1
7.414856109E1,-2.310000038E1,2.692500114E1,1.391250038E1
7.416856099E1,-2.313750076E1,2.780625153E1,1.413750076E1
7.418855695E1,-2.319375038E1,2.703750038E1,1.350000095E1
7.420854960E1,-2.244375038E1,2.711250114E1,1.524375057E1
7.422855105E1,-2.311875153E1,2.739375114E1,1.423125076E1
7.424855985E1,-2.341875076E1,2.739375114E1,1.455000019E1
7.426855277E1,-2.323125076E1,2.760000038E1,1.413750076E1
7.428855284E1,-2.302500153E1,2.748750114E1,1.423125076E1
7.430854900E1,-2.283750153E1,2.731875038E1,1.526250076E1
7.432855326E1,-2.283750153E1,2.733750153E1,1.515000057E1
7.434860908E1,-2.313750076E1,2.731875038E1,1.569375038E1
7.436859168E1,-2.360625076E1,2.673750114E1,1.569375038E1
7.438858351E1,-2.351250076E1,2.690625191E1,1.601250076E1
7.440857239E1,-2.398125076E1,2.656875038E1,1.518750095E1
7.442855940E1,-2.445000076E1,2.626875114E1,1.561875057E1
7.444855673E1,-2.426250076E1,2.613750076E1,1.603125000E1
7.446855159E1,-2.452500153E1,2.555625153E1,1.591875076E1
7.448851116E1,-2.443125153E1,2.565000153E1,1.603125000E1
7.450852003E1,-2.471250153E1,2.523750114E1,1.644375038E1
7.452852446E1,-2.461875153E1,2.533125114E1,1.644375038E1
7.454853604E1,-2.413125038E1,2.535000038E1,1.601250076E1
7.456857538E1,-2.443125153E1,2.542500114E1,1.644375038E1
7.458856799E1,-2.490000153E1,2.505000114E1,1.623750114E1
7.460856809E1,-2.431875038E1,2.523750114E1,1.633125114E1
7.462856367E1,-2.452500153E1,2.544375038E1,1.603125000E1
7.464855550E1,-2.441250038E1,2.503125191E1,1.633125114E1
7.466855501E1,-2.413125038E1,2.510625076E1,1.674375153E1
7.468855230E1,-2.452500153E1,2.553750038E1,1.633125114E1
7.470855708E1,-2.460000038E1,2.486250114E1,1.591875076E1
7.472855699E1,-2.433750153E1,2.542500114E1,1.644375038E1
7.474855291E1,-2.490000153E1,2.525625038E1,1.635000038E1
7.476855680E1,-2.471250153E1,2.516250038E1,1.603125000E1
7.478855633E1,-2.441250038E1,2.514375114E1,1.633125114E1
7.480855166E1,-2.452500153E1,2.535000038E1,1.603125000E1
7.482855494E1,-2.439375114E1,2.508750153E1,1.539375019E1
7.484855365E1,-2.422500038E1,2.546250153E1,1.580625057E1
7.486854859E1,-2.469375038E1,2.482500076E1,1.685625076E1
7.488855153E1,-2.433750153E1,2.565000153E1,1.591875076E1
7.490856180E1,-2.441250038E1,2.523750114E1,1.633125114E1
7.492855428E1,-2.452500153E1,2.521875191E1,1.674375153E1
7.494855542E1,-2.431875038E1,2.490000153E1,1.685625076E1
7.496855242E1,-2.431875038E1,2.521875191E1,1.653750038E1
7.498855706E1,-2.448750114E1,2.486250114E1,1.580625057E1
7.500855705E1,-2.422500038E1,2.521875191E1,1.633125114E1
7.502853179E1,-2.469375038E1,2.505000114E1,1.612500000E1
7.504854016E1,-2.501250076E1,2.553750038E1,1.666875076E1
7.506854338E1,-2.467500114E1,2.465625191E1,1.603125000E1
7.508854199E1,-2.443125153E1,2.533125114E1,1.633125114E1
7.510859346E1,-2.448750114E1,2.501250076E1,1.498125076E1
7.512858410E1,-2.499375153E1,2.527500153E1,1.603125000E1
7.514857130E1,-2.450625038E1,2.503125191E1,1.653750038E1
7.516856815E1,-2.441250038E1,2.503125191E1,1.644375038E1
7.518856114E1,-2.403750038E1,2.521875191E1,1.653750038E1
7.520855013E1,-2.441250038E1,2.525625038E1,1.603125000E1
7.522855072E1,-2.461875153E1,2.542500114E1,1.655625153E1
7.524850375E1,-2.450625038E1,2.514375114E1,1.612500000E1
7.526851869E1,-2.431875038E1,2.533125114E1,1.633125114E1
7.528852771E1,-2.460000038E1,2.506875038E1,1.591875076E1
7.530853146E1,-2.441250038E1,2.506875038E1,1.580625057E1
7.532855348E1,-2.510625076E1,2.527500153E1,1.614375114E1
7.534855526E1,-2.461875153E1,2.521875191E1,1.655625153E1
7.536855194E1,-2.480625153E1,2.505000114E1,1.623750114E1
7.538855620E1,-2.471250153E1,2.523750114E1,1.635000038E1
7.540855505E1,-2.471250153E1,2.533125114E1,1.644375038E1
7.542854840E1,-2.441250038E1,2.505000114E1,1.612500000E1
7.544854070E1,-2.473125076E1,2.542500114E1,1.665000153E1
7.546854162E1,-2.471250153E1,2.535000038E1,1.614375114E1
7.548854982E1,-2.460000038E1,2.501250076E1,1.674375153E1
7.550855218E1,-2.441250038E1,2.535000038E1,1.591875076E1
7.552855005E1,-2.499375153E1,2.514375114E1,1.655625153E1
7.554854447E1,-2.433750153E1,2.570625114E1,1.674375153E1
7.556853754E1,-2.461875153E1,2.535000038E1,1.612500000E1
7.558853766E1,-2.450625038E1,2.525625038E1,1.603125000E1
7.560854531E1,-2.441250038E1,2.501250076E1,1.685625076E1
7.562854733E1,-2.431875038E1,2.512500191E1,1.642500114E1
7.564860122E1,-2.490000153E1,2.497500038E1,1.603125000E1
7.566859336E1,-2.415000153E1,2.572500038E1,1.621875000E1
7.568858148E1,-2.490000153E1,2.484375191E1,1.644375038E1
7.570856735E1,-2.422500038E1,2.514375114E1,1.612500000E1
7.572856325E1,-2.441250038E1,2.491875076E1,1.653750038E1
7.574855450E1,-2.431875038E1,2.512500191E1,1.642500114E1
7.576855700E1,-2.431875038E1,2.491875076E1,1.642500114E1
7.578852278E1,-2.461875153E1,2.535000038E1,1.623750114E1
7.580852506E1,-2.461875153E1,2.535000038E1,1.612500000E1
7.582853494E1,-2.422500038E1,2.531250191E1,1.653750038E1
7.584853915E1,-2.433750153E1,2.563125038E1,1.612500000E1
7.586857296E1,-2.422500038E1,2.529375076E1,1.674375153E1
7.588856120E1,-2.448750114E1,2.475000191E1,1.612500000E1
7.590855824E1,-2.431875038E1,2.533125114E1,1.644375038E1
7.592855165E1,-2.460000038E1,2.508750153E1,1.561875057E1
7.594855357E1,-2.375625038E1,2.581875038E1,1.601250076E1
7.596854964E1,-2.401875114E1,2.521875191E1,1.621875000E1
7.598854422E1,-2.441250038E1,2.501250076E1,1.685625076E1
7.600854697E1,-2.431875038E1,2.533125114E1,1.633125114E1
7.602854528E1,-2.424375153E1,2.559375191E1,1.695000076E1
7.604855157E1,-2.392500114E1,2.520000076E1,1.651875114E1
7.606855235E1,-2.422500038E1,2.535000038E1,1.591875076E1
7.608854922E1,-2.450625038E1,2.525625038E1,1.603125000E1
7.610855502E1,-2.424375153E1,2.551875114E1,1.642500114E1
7.612855403E1,-2.482500076E1,2.542500114E1,1.665000153E1
7.614854881E1,-2.452500153E1,2.546250153E1,1.591875076E1
7.616855200E1,-2.420625114E1,2.506875038E1,1.580625057E1
7.618854968E1,-2.422500038E1,2.514375114E1,1.601250076E1
7.620855616E1,-2.422500038E1,2.557500076E1,1.560000038E1
7.622855690E1,-2.461875153E1,2.512500191E1,1.653750038E1
7.624855328E1,-2.381250000E1,2.505000114E1,1.578750038E1
7.626855750E1,-2.385000038E1,2.503125191E1,1.777500153E1
7.628855668E1,-2.364375114E1,2.542500114E1,1.599375057E1
7.630856343E1,-2.396250153E1,2.613750076E1,1.580625057E1
7.632853199E1,-2.358750153E1,2.670000076E1,1.466250038E1
7.634853587E1,-2.340000153E1,2.694375038E1,1.528125095E1
7.636853544E1,-2.340000153E1,2.673750114E1,1.558125019E1
7.638854282E1,-2.332500076E1,2.733750153E1,1.537500095E1
7.640859025E1,-2.311875153E1,2.705625153E1,1.505625057E1
7.642857791E1,-2.311875153E1,2.694375038E1,1.526250076E1
7.644857350E1,-2.343750000E1,2.761875153E1,1.560000038E1
7.646856561E1,-2.321250153E1,2.701875114E1,1.569375038E1
7.648856603E1,-2.272500038E1,2.701875114E1,1.535625076E1
7.650856096E1,-2.323125076E1,2.743125153E1,1.528125095E1
7.652855465E1,-2.274375153E1,2.731875038E1,1.546875095E1
7.654855669E1,-2.323125076E1,2.700000191E1,1.590000057E1
7.656855459E1,-2.302500153E1,2.711250114E1,1.558125019E1
7.658854912E1,-2.343750000E1,2.750625038E1,1.580625057E1
7.660855224E1,-2.281875038E1,2.690625191E1,1.567500019E1
7.662857355E1,-2.293125153E1,2.711250114E1,1.567500019E1
7.664856369E1,-2.351250076E1,2.724375153E1,1.539375019E1
7.666856249E1,-2.313750076E1,2.743125153E1,1.548750019E1
7.668855731E1,-2.313750076E1,2.750625038E1,1.558125019E1
7.670854943E1,-2.313750076E1,2.731875038E1,1.569375038E1
7.672854916E1,-2.302500153E1,2.705625153E1,1.496250057E1
7.674854690E1,-2.313750076E1,2.720625114E1,1.569375038E1
7.676855223E1,-2.263125038E1,2.711250114E1,1.546875095E1
7.678855253E1,-2.313750076E1,2.722500038E1,1.558125019E1
7.680854869E1,-2.343750000E1,2.773125076E1,1.539375019E1
7.682855305E1,-2.343750000E1,2.743125153E1,1.539375019E1
7.684855293E1,-2.353125000E1,2.741250038E1,1.590000057E1
7.686853887E1,-2.302500153E1,2.724375153E1,1.516875076E1
7.688854479E1,-2.323125076E1,2.746875191E1,1.486875057E1
7.690854567E1,-2.244375038E1,2.743125153E1,1.483125019E1
7.692854250E1,-2.323125076E1,2.741250038E1,1.569375038E1
7.694859260E1,-2.321250153E1,2.692500114E1,1.558125019E1
7.696858198E1,-2.323125076E1,2.720625114E1,1.569375038E1
7.698857939E1,-2.304375076E1,2.731875038E1,1.537500095E1
7.700857258E1,-2.313750076E1,2.750625038E1,1.558125019E1
7.702856296E1,-2.313750076E1,2.763750076E1,1.528125095E1
7.704856117E1,-2.304375076E1,2.733750153E1,1.526250076E1
7.706855767E1,-2.323125076E1,2.720625114E1,1.578750038E1
7.708850730E1,-2.285625076E1,2.773125076E1,1.526250076E1
7.710851945E1,-2.302500153E1,2.703750038E1,1.526250076E1
7.712852645E1,-2.332500076E1,2.713125038E1,1.548750019E1
7.714852892E1,-2.293125153E1,2.692500114E1,1.537500095E1
7.716856106E1,-2.283750153E1,2.700000191E1,1.588125038E1
7.718855952E1,-2.353125000E1,2.733750153E1,1.548750019E1
7.720856467E1,-2.302500153E1,2.720625114E1,1.558125019E1
7.722856394E1,-2.362500000E1,2.752500153E1,1.580625057E1
7.724855892E1,-2.313750076E1,2.743125153E1,1.528125095E1
7.726856087E1,-2.334375000E1,2.750625038E1,1.601250076E1
7.728855947E1,-2.343750000E1,2.784375191E1,1.528125095E1
7.730855390E1,-2.343750000E1,2.754375076E1,1.516875076E1
7.732855669E1,-2.274375153E1,2.731875038E1,1.546875095E1
7.734855493E1,-2.353125000E1,2.741250038E1,1.601250076E1
7.736854935E1,-2.341875076E1,2.731875038E1,1.560000038E1
7.738855261E1,-2.362500000E1,2.700000191E1,1.621875000E1
7.740855235E1,-2.323125076E1,2.741250038E1,1.569375038E1
7.742854678E1,-2.341875076E1,2.713125038E1,1.558125019E1
7.744854980E1,-2.362500000E1,2.750625038E1,1.591875076E1
7.746854813E1,-2.351250076E1,2.703750038E1,1.548750019E1
7.748855396E1,-2.321250153E1,2.701875114E1,1.558125019E1
7.750855513E1,-2.283750153E1,2.713125038E1,1.515000057E1
7.752855154E1,-2.293125153E1,2.720625114E1,1.567500019E1
7.754855573E1,-2.330625153E1,2.683125114E1,1.548750019E1
7.756855488E1,-2.311875153E1,2.724375153E1,1.526250076E1
7.758855014E1,-2.332500076E1,2.724375153E1,1.528125095E1
7.760854268E1,-2.283750153E1,2.713125038E1,1.505625057E1
7.762851180E1,-2.274375153E1,2.724375153E1,1.485000038E1
7.764851684E1,-2.295000076E1,2.765625191E1,1.485000038E1
7.766852899E1,-2.323125076E1,2.713125038E1,1.528125095E1
7.768853497E1,-2.302500153E1,2.703750038E1,1.516875076E1
7.770856942E1,-2.321250153E1,2.698125076E1,1.464375019E1
7.772856987E1,-2.302500153E1,2.694375038E1,1.516875076E1
7.774856465E1,-2.330625153E1,2.686875153E1,1.485000038E1
7.776856679E1,-2.283750153E1,2.722500038E1,1.537500095E1
7.778856407E1,-2.310000038E1,2.686875153E1,1.485000038E1
7.780855613E1,-2.311875153E1,2.685000038E1,1.516875076E1
7.782855858E1,-2.311875153E1,2.718750191E1,1.443750095E1
7.784855624E1,-2.349375153E1,2.698125076E1,1.475625038E1
7.786855024E1,-2.317500114E1,2.653125191E1,1.381875038E1
7.788855274E1,-2.289375114E1,2.668125153E1,1.453125095E1
7.790855110E1,-2.321250153E1,2.716875076E1,1.485000038E1
7.792855715E1,-2.381250000E1,2.730000114E1,1.445625019E1
7.794854698E1,-2.300625038E1,2.696250153E1,1.473750019E1
7.796854565E1,-2.302500153E1,2.705625153E1,1.475625038E1
7.798855208E1,-2.330625153E1,2.700000191E1,1.434375095E1
7.800855308E1,-2.291250038E1,2.694375038E1,1.515000057E1
7.802854984E1,-2.321250153E1,2.707500076E1,1.464375019E1
7.804854381E1,-2.302500153E1,2.707500076E1,1.464375019E1
7.806854613E1,-2.330625153E1,2.690625191E1,1.434375095E1
7.808854393E1,-2.321250153E1,2.696250153E1,1.485000038E1
7.810854962E1,-2.328750038E1,2.683125114E1,1.393125057E1
7.812854997E1,-2.347500038E1,2.632500076E1,1.413750076E1
7.814854652E1,-2.308125114E1,2.643750191E1,1.370625019E1
7.816852977E1,-2.338125038E1,2.675625038E1,1.350000095E1
7.818853378E1,-2.266875076E1,2.615625191E1,1.318125057E1
7.820854465E1,-2.326875114E1,2.645625114E1,1.340625095E1
7.822854943E1,-2.345625114E1,2.638125038E1,1.308750057E1
7.824854835E1,-2.285625076E1,2.589375114E1,1.254375076E1
7.826855539E1,-2.206875038E1,2.538750076E1,1.408125019E1
7.828855625E1,-2.340000153E1,2.533125114E1,1.235625076E1
7.830855253E1,-2.319375038E1,2.503125191E1,1.235625076E1
7.832855666E1,-2.368125153E1,2.482500076E1,1.256250095E1
7.834855462E1,-2.377500153E1,2.482500076E1,1.278750038E1
7.836855035E1,-2.386875153E1,2.454375076E1,1.258125019E1
7.838851015E1,-2.424375153E1,2.456250191E1,1.237500095E1
7.840851891E1,-2.413125038E1,2.394375038E1,1.288125038E1
7.842852265E1,-2.413125038E1,2.415000153E1,1.278750038E1
7.844853348E1,-2.445000076E1,2.431875038E1,1.342500019E1
7.846854993E1,-2.422500038E1,2.394375038E1,1.267500019E1
7.848854697E1,-2.413125038E1,2.371875000E1,1.308750057E1
7.850855122E1,-2.471250153E1,2.362500000E1,1.331250095E1
7.852855036E1,-2.448750114E1,2.302500153E1,1.340625095E1
7.854855653E1,-2.450625038E1,2.353125000E1,1.320000076E1
7.856855582E1,-2.486250114E1,2.296875000E1,1.290000057E1
7.858855230E1,-2.495625114E1,2.276250076E1,1.301250076E1
7.860855610E1,-2.512500191E1,2.208750153E1,1.301250076E1
7.862855482E1,-2.533125114E1,2.205000114E1,1.374375057E1
7.864854948E1,-2.531250191E1,2.165625000E1,1.363125038E1
7.866855264E1,-2.550000191E1,2.154375076E1,1.395000076E1
7.868855157E1,-2.548125076E1,2.116875076E1,1.353750038E1
7.870853667E1,-2.536875153E1,2.081250000E1,1.280625057E1
7.872854165E1,-2.548125076E1,2.085000038E1,1.374375057E1
7.874854208E1,-2.595000076E1,2.068125153E1,1.365000057E1
7.876854975E1,-2.563125038E1,1.989375114E1,1.342500019E1
7.878860833E1,-2.591250038E1,2.011875153E1,1.301250076E1
7.880859294E1,-2.638125038E1,1.976250076E1,1.250625038E1
7.882858601E1,-2.610000038E1,1.963125038E1,1.312500095E1
7.884857595E1,-2.626875114E1,1.921875000E1,1.333125019E1
7.886856341E1,-2.598750114E1,1.931250000E1,1.333125019E1
7.888856008E1,-2.589375114E1,1.920000076E1,1.363125038E1
7.890855497E1,-2.638125038E1,1.893750000E1,1.488750076E1
7.892851491E1,-2.638125038E1,1.895625114E1,1.458750057E1
7.894852366E1,-2.647500038E1,1.888125038E1,1.438125038E1
7.896852791E1,-2.634375191E1,1.826250076E1,1.447500038E1
7.898853932E1,-2.643750191E1,1.837500000E1,1.426875019E1
7.900856750E1,-2.692500114E1,1.839375114E1,1.428750038E1
7.902856259E1,-2.715000153E1,1.876875114E1,1.470000076E1
7.904856512E1,-2.681250191E1,1.786875153E1,1.490625095E1
7.906856241E1,-2.720625114E1,1.779375076E1,1.449375057E1
7.908855601E1,-2.670000076E1,1.741875076E1,1.395000076E1
7.910855650E1,-2.641875076E1,1.766250038E1,1.456875038E1
7.912855451E1,-2.728125191E1,1.738125038E1,1.479375076E1
7.914854855E1,-2.700000191E1,1.747500038E1,1.490625095E1
7.916855126E1,-2.698125076E1,1.730625153E1,1.447500038E1
7.918854958E1,-2.709375191E1,1.713750076E1,1.552500057E1
7.920855551E1,-2.658750153E1,1.696875000E1,1.468125057E1
7.922855665E1,-2.668125153E1,1.663125038E1,1.539375019E1
7.924855314E1,-2.675625038E1,1.633125114E1,1.561875057E1
7.926855732E1,-2.638125038E1,1.638750076E1,1.612500000E1
7.928855652E1,-2.745000076E1,1.666875076E1,1.531875038E1
7.930855165E1,-2.713125038E1,1.608750153E1,1.488750076E1
7.932862284E1,-2.726250076E1,1.668750000E1,1.479375076E1
7.934860621E1,-2.703750038E1,1.606875038E1,1.520625019E1
7.936858710E1,-2.668125153E1,1.640625000E1,1.603125000E1
7.938857837E1,-2.713125038E1,1.586250019E1,1.550625038E1
7.940856753E1,-2.686875153E1,1.644375038E1,1.541250038E1
7.942855508E1,-2.743125153E1,1.614375114E1,1.573125076E1
7.944855347E1,-2.694375038E1,1.599375057E1,1.488750076E1
7.946851597E1,-2.703750038E1,1.597500038E1,1.509375095E1
7.948852720E1,-2.752500153E1,1.595625019E1,1.563750076E1
7.950853348E1,-2.821875191E1,1.638750076E1,1.545000076E1
7.952853496E1,-2.715000153E1,1.657500076E1,1.520625019E1
7.954857810E1,-2.769375038E1,1.571250057E1,1.479375076E1
7.956857370E1,-2.801250076E1,1.610625076E1,1.522500038E1
7.958856502E1,-2.780625153E1,1.591875076E1,1.490625095E1
7.960856482E1,-2.735625076E1,1.635000038E1,1.573125076E1
7.962856014E1,-2.791875076E1,1.588125038E1,1.533750057E1
7.964855109E1,-2.763750076E1,1.650000000E1,1.481250095E1
7.966854184E1,-2.715000153E1,1.668750000E1,1.479375076E1
7.968855308E1,-2.679375076E1,1.693125153E1,1.571250057E1
7.970855798E1,-2.649375153E1,1.700625038E1,1.582500076E1
7.972855790E1,-2.583750153E1,1.734375000E1,1.651875114E1
7.974855365E1,-2.555625153E1,1.747500038E1,1.745625114E1
7.976855790E1,-2.488125038E1,1.711875153E1,1.826250076E1
7.978855703E1,-2.465625191E1,1.661250114E1,1.835625076E1
7.980855204E1,-2.476875114E1,1.657500076E1,1.897500038E1
7.982855532E1,-2.416875076E1,1.629375076E1,1.845000076E1
7.984855390E1,-2.448750114E1,1.672500038E1,1.970625114E1
7.986854801E1,-2.456250191E1,1.646250153E1,1.908750153E1
7.988855184E1,-2.411250114E1,1.713750076E1,1.927500153E1
7.990855031E1,-2.400000000E1,1.659375000E1,1.989375114E1
7.992854540E1,-2.343750000E1,1.711875153E1,2.071875000E1
7.994854894E1,-2.364375114E1,1.749375153E1,1.968750000E1
7.996854776E1,-2.373750114E1,1.738125038E1,1.989375114E1
7.998855446E1,-2.355000114E1,1.771875000E1,1.916250038E1
8.000853424E1,-2.355000114E1,1.766250038E1,2.019375038E1
8.002853562E1,-2.373750114E1,1.749375153E1,1.957500076E1
8.004854428E1,-2.385000038E1,1.770000076E1,1.959375000E1
8.006854710E1,-2.371875000E1,1.719375038E1,1.968750000E1
8.008860227E1,-2.345625114E1,1.792500114E1,1.884375000E1
8.010859520E1,-2.345625114E1,1.760625076E1,1.936875153E1
8.012858358E1,-2.364375114E1,1.792500114E1,1.906875038E1
8.014856973E1,-2.433750153E1,1.783125114E1,1.938750076E1
8.016856562E1,-2.465625191E1,1.878750038E1,1.837500000E1
8.018855770E1,-2.525625038E1,1.959375000E1,1.663125038E1
8.020854857E1,-2.527500153E1,2.021250153E1,1.621875000E1
8.022850534E1,-2.566875076E1,2.058750153E1,1.518750095E1
8.024851237E1,-2.602500153E1,1.965000153E1,1.612500000E1
8.026852660E1,-2.475000191E1,1.931250000E1,1.608750153E1
8.028853451E1,-2.551875114E1,1.895625114E1,1.580625057E1
8.030855969E1,-2.580000114E1,1.875000000E1,1.601250076E1
8.032856391E1,-2.570625114E1,1.886250114E1,1.569375038E1
8.034856209E1,-2.591250038E1,1.895625114E1,1.601250076E1
8.036855612E1,-2.636250114E1,1.850625038E1,1.561875057E1
8.038855836E1,-2.685000038E1,1.854375076E1,1.500000095E1
8.040855467E1,-2.745000076E1,1.875000000E1,1.522500038E1
8.042854909E1,-2.715000153E1,1.884375000E1,1.511250019E1
8.044855175E1,-2.677500153E1,1.905000114E1,1.479375076E1
8.046854964E1,-2.656875038E1,1.876875114E1,1.458750057E1
8.048855529E1,-2.675625038E1,1.863750076E1,1.520625019E1
8.050855564E1,-2.696250153E1,1.905000114E1,1.511250019E1
8.052855204E1,-2.726250076E1,1.905000114E1,1.501875019E1
8.054854622E1,-2.724375153E1,1.876875114E1,1.492500019E1
8.056854781E1,-2.685000038E1,1.865625000E1,1.500000095E1
8.058854504E1,-2.696250153E1,1.906875038E1,1.481250095E1
8.060855024E1,-2.668125153E1,1.906875038E1,1.458750057E1
8.062860683E1,-2.656875038E1,1.882500076E1,1.520625019E1
8.064860119E1,-2.656875038E1,1.905000114E1,1.490625095E1
8.066859080E1,-2.647500038E1,1.905000114E1,1.479375076E1
8.068857769E1,-2.703750038E1,1.858125114E1,1.449375057E1
8.070856297E1,-2.638125038E1,1.899375153E1,1.552500057E1
8.072856035E1,-2.656875038E1,1.893750000E1,1.511250019E1
8.074855358E1,-2.638125038E1,1.912500000E1,1.500000095E1
8.076851187E1,-2.677500153E1,1.905000114E1,1.490625095E1
8.078851995E1,-2.658750153E1,1.912500000E1,1.531875038E1
8.080852366E1,-2.677500153E1,1.893750000E1,1.520625019E1
8.082853468E1,-2.707500076E1,1.912500000E1,1.543125057E1
8.084857389E1,-2.668125153E1,1.903125000E1,1.511250019E1
8.086856630E1,-2.638125038E1,1.901250076E1,1.520625019E1
8.088856651E1,-2.685000038E1,1.876875114E1,1.479375076E1
8.090856214E1,-2.696250153E1,1.876875114E1,1.479375076E1
8.092855420E1,-2.763750076E1,1.865625000E1,1.545000076E1
8.094855376E1,-2.685000038E1,1.865625000E1,1.479375076E1
8.096855112E1,-2.666250038E1,1.830000114E1,1.593750095E1
8.098855595E1,-2.724375153E1,1.867500114E1,1.481250095E1
8.100855584E1,-2.694375038E1,1.860000038E1,1.417500019E1
8.102855139E1,-2.713125038E1,1.850625038E1,1.428750038E1
8.104855533E1,-2.752500153E1,1.848750114E1,1.471875095E1
8.106855482E1,-2.741250038E1,1.822500038E1,1.398750019E1
8.108856158E1,-2.769375038E1,1.803750038E1,1.419375038E1
8.110856222E1,-2.701875114E1,1.792500114E1,1.552500057E1
8.112855863E1,-2.795625114E1,1.743750000E1,1.430625057E1
8.114855161E1,-2.765625191E1,1.725000000E1,1.408125019E1
8.116855211E1,-2.754375076E1,1.693125153E1,1.428750038E1
8.118855031E1,-2.786250114E1,1.734375000E1,1.410000038E1
8.120854461E1,-2.793750191E1,1.683750153E1,1.451250076E1
8.122854742E1,-2.805000114E1,1.706250000E1,1.398750019E1
8.124854592E1,-2.833125114E1,1.685625076E1,1.430625057E1
8.126855214E1,-2.776875114E1,1.725000000E1,1.575000095E1
8.128854215E1,-2.825625038E1,1.725000000E1,1.441875076E1
8.130852019E1,-2.793750191E1,1.683750153E1,1.430625057E1
8.132853190E1,-2.823750114E1,1.695000076E1,1.430625057E1
8.134853759E1,-2.776875114E1,1.721250153E1,1.451250076E1
8.136853846E1,-2.851875114E1,1.678125000E1,1.410000038E1
8.138858061E1,-2.833125114E1,1.678125000E1,1.400625038E1
8.140857491E1,-2.851875114E1,1.666875076E1,1.421250057E1
8.142856479E1,-2.821875191E1,1.665000153E1,1.419375038E1
8.144856358E1,-2.842500114E1,1.674375153E1,1.451250076E1
8.146855828E1,-2.773125076E1,1.676250076E1,1.378125095E1
8.148855987E1,-2.863125038E1,1.695000076E1,1.462500095E1
8.150855870E1,-2.816250038E1,1.747500038E1,1.357500076E1
8.152856455E1,-2.851875114E1,1.655625153E1,1.430625057E1
8.154856507E1,-2.812500191E1,1.678125000E1,1.389375019E1
8.156856130E1,-2.821875191E1,1.642500114E1,1.471875095E1
8.158855409E1,-2.823750114E1,1.700625038E1,1.348125076E1
8.160856736E1,-2.816250038E1,1.745625114E1,1.421250057E1
8.162856233E1,-2.835000038E1,1.713750076E1,1.451250076E1
8.164855401E1,-2.821875191E1,1.657500076E1,1.398750019E1
8.166855463E1,-2.803125191E1,1.676250076E1,1.398750019E1
8.168855149E1,-2.754375076E1,1.674375153E1,1.417500019E1
8.170854425E1,-2.805000114E1,1.713750076E1,1.440000057E1
8.172854720E1,-2.793750191E1,1.665000153E1,1.408125019E1
8.174854549E1,-2.812500191E1,1.651875114E1,1.471875095E1
8.176855178E1,-2.793750191E1,1.665000153E1,1.430625057E1
8.178855252E1,-2.805000114E1,1.717500114E1,1.389375019E1
8.180854919E1,-2.782500076E1,1.655625153E1,1.419375038E1
8.182855414E1,-2.786250114E1,1.734375000E1,1.398750019E1
8.184854370E1,-2.784375191E1,1.663125038E1,1.449375057E1
8.186854128E1,-2.805000114E1,1.704375076E1,1.440000057E1
8.188854683E1,-2.793750191E1,1.706250000E1,1.389375019E1
8.190854734E1,-2.795625114E1,1.723125076E1,1.430625057E1
8.192860037E1,-2.795625114E1,1.732500076E1,1.451250076E1
8.194859198E1,-2.788125038E1,1.773750114E1,1.419375038E1
8.196857959E1,-2.797500038E1,1.751250076E1,1.483125019E1
8.198857634E1,-2.780625153E1,1.822500038E1,1.430625057E1
8.200856951E1,-2.763750076E1,1.888125038E1,1.483125019E1
8.202855880E1,-2.745000076E1,1.884375000E1,1.545000076E1
8.204854792E1,-2.716875076E1,1.933125114E1,1.522500038E1
8.206850330E1,-2.731875038E1,1.996875000E1,1.627500153E1
8.208850922E1,-2.692500114E1,2.000625038E1,1.563750076E1
8.210852276E1,-2.793750191E1,2.055000114E1,1.702500153E1
8.212853036E1,-2.795625114E1,2.101875114E1,1.755000114E1
8.214855553E1,-2.786250114E1,2.107500076E1,1.828125000E1
8.216855983E1,-2.855625153E1,2.105625153E1,1.880625153E1
8.218855791E1,-2.925000191E1,2.113125038E1,1.955625153E1
8.220856303E1,-2.955000114E1,2.101875114E1,2.019375038E1
8.222856270E1,-3.011250114E1,2.070000076E1,2.071875000E1
8.224855642E1,-3.020625114E1,2.017500114E1,2.115000153E1
8.226856013E1,-2.979375076E1,1.938750076E1,2.268750000E1
8.228855854E1,-3.105000114E1,1.950000000E1,2.158125114E1
8.230855326E1,-3.129375076E1,1.816875076E1,2.220000076E1
8.232855619E1,-3.168750191E1,1.852500153E1,2.137500000E1
8.234855443E1,-3.146250153E1,1.762500000E1,2.167500114E1
8.236856066E1,-3.125625038E1,1.762500000E1,2.146875000E1
8.238855151E1,-3.144375038E1,1.715625000E1,2.115000153E1
8.240854990E1,-3.142500114E1,1.717500114E1,2.073750114E1
8.242854471E1,-3.140625191E1,1.644375038E1,2.126250076E1
8.244854814E1,-3.161250114E1,1.670625114E1,2.053125000E1
8.246854583E1,-3.196875191E1,1.606875038E1,2.116875076E1
8.248854157E1,-3.159375191E1,1.640625000E1,2.032500076E1
8.250854537E1,-3.176250076E1,1.571250057E1,2.043750000E1
8.252854455E1,-3.135000038E1,1.541250038E1,2.041875076E1
8.254855120E1,-3.148125076E1,1.588125038E1,2.073750114E1
8.256855212E1,-3.204375076E1,1.543125057E1,2.043750000E1
8.258854931E1,-3.174375153E1,1.522500038E1,2.032500076E1
8.260852158E1,-3.136875153E1,1.580625057E1,2.030625153E1
8.262852865E1,-3.095625114E1,1.511250019E1,2.019375038E1
8.264853057E1,-3.127500153E1,1.569375038E1,2.071875000E1
8.266853982E1,-3.174375153E1,1.531875038E1,2.032500076E1
8.268858842E1,-3.153750038E1,1.515000057E1,1.968750000E1
8.270857660E1,-3.121875191E1,1.473750019E1,2.010000038E1
8.272857278E1,-3.153750038E1,1.501875019E1,2.030625153E1
8.274856508E1,-3.112500191E1,1.505625057E1,1.936875153E1
8.276856586E1,-3.084375191E1,1.488750076E1,2.070000076E1
8.278856200E1,-3.024375153E1,1.471875095E1,1.965000153E1
8.280855547E1,-3.035625076E1,1.498125076E1,2.038125038E1
8.282855725E1,-3.015000153E1,1.470000076E1,1.985625076E1
8.284855474E1,-2.986875153E1,1.475625038E1,2.077500153E1
8.286854903E1,-3.015000153E1,1.468125057E1,2.038125038E1
8.288855194E1,-2.985000038E1,1.438125038E1,2.036250114E1
8.290855070E1,-3.013125038E1,1.396875095E1,2.056875038E1
8.292854578E1,-3.045000076E1,1.443750095E1,2.141250038E1
8.294854884E1,-3.016875076E1,1.471875095E1,2.131875038E1
8.296854738E1,-2.968125153E1,1.479375076E1,2.160000038E1
8.298854240E1,-2.986875153E1,1.462500095E1,2.109375000E1
8.300854493E1,-2.949375153E1,1.456875038E1,2.191875076E1
8.302854417E1,-2.986875153E1,1.458750057E1,2.171250153E1
8.304855088E1,-2.921250153E1,1.515000057E1,2.190000153E1
8.306855220E1,-2.919375038E1,1.447500038E1,2.180625153E1
8.308854885E1,-2.863125038E1,1.468125057E1,2.281875038E1
8.310855333E1,-2.891250038E1,1.471875095E1,2.242500114E1
8.312855324E1,-2.921250153E1,1.488750076E1,2.325000000E1
8.314852765E1,-2.900625038E1,1.458750057E1,2.304375076E1
8.316853613E1,-2.883750153E1,1.494375038E1,2.377500153E1
8.318853922E1,-2.900625038E1,1.458750057E1,2.313750076E1
8.320853766E1,-2.823750114E1,1.440000057E1,2.405625153E1
8.322858935E1,-2.823750114E1,1.455000019E1,2.343750000E1
8.324857991E1,-2.853750038E1,1.468125057E1,2.458125114E1
8.326857833E1,-2.805000114E1,1.440000057E1,2.426250076E1
8.328857207E1,-2.746875191E1,1.458750057E1,2.403750038E1
8.330856271E1,-2.709375191E1,1.473750019E1,2.465625191E1
8.332856208E1,-2.806875038E1,1.473750019E1,2.499375153E1
8.334855844E1,-2.718750191E1,1.473750019E1,2.475000191E1
8.336850787E1,-2.720625114E1,1.486875057E1,2.589375114E1
8.338851991E1,-2.720625114E1,1.520625019E1,2.506875038E1
8.340852655E1,-2.656875038E1,1.595625019E1,2.557500076E1
8.342852856E1,-2.625000191E1,1.541250038E1,2.619375038E1
8.344854914E1,-2.566875076E1,1.548750019E1,2.638125038E1
8.346856119E1,-2.587500191E1,1.533750057E1,2.731875038E1
8.348856571E1,-2.540625191E1,1.567500019E1,2.814375114E1
8.350856461E1,-2.482500076E1,1.567500019E1,2.780625153E1
8.352855906E1,-2.473125076E1,1.563750076E1,2.842500114E1
8.354856054E1,-2.385000038E1,1.561875057E1,2.808750153E1
8.356855905E1,-2.386875153E1,1.610625076E1,2.831250191E1
8.358855312E1,-2.368125153E1,1.616250038E1,2.893125153E1
8.360855583E1,-2.289375114E1,1.571250057E1,2.951250076E1
8.362855392E1,-2.274375153E1,1.646250153E1,3.015000153E1
8.364854833E1,-2.233125114E1,1.625625038E1,3.013125038E1
8.366854027E1,-2.148750114E1,1.659375000E1,3.052500153E1
8.368853129E1,-2.169375038E1,1.680000114E1,3.073125076E1
8.370853061E1,-2.066250038E1,1.771875000E1,3.144375038E1
8.372853776E1,-2.064375114E1,1.721250153E1,3.165000153E1
8.374853991E1,-1.931250000E1,1.770000076E1,3.255000305E1
8.376859422E1,-1.929375076E1,1.719375038E1,3.275625229E1
8.378858680E1,-1.803750038E1,1.766250038E1,3.271875000E1
8.380857519E1,-1.775625038E1,1.764375114E1,3.270000076E1
8.382857256E1,-1.758750153E1,1.807500076E1,3.363750076E1
8.384856592E1,-1.689375114E1,1.773750114E1,3.423750305E1
8.386855894E1,-1.623750114E1,1.841250038E1,3.423750305E1
8.388855847E1,-1.593750095E1,1.800000000E1,3.431250000E1
8.390851043E1,-1.567500019E1,1.854375076E1,3.504375076E1
8.392851352E1,-1.535625076E1,1.824375153E1,3.493125153E1
8.394852457E1,-1.440000057E1,1.816875076E1,3.553125000E1
8.396853021E1,-1.391250038E1,1.831875038E1,3.624375153E1
8.398856479E1,-1.314375019E1,1.846875000E1,3.652500153E1
8.400856528E1,-1.246875095E1,1.863750076E1,3.671250153E1
8.402856059E1,-1.188750076E1,1.839375114E1,3.710625076E1
8.404856344E1,-1.149375057E1,1.828125000E1,3.740625000E1
8.406856131E1,-1.051875019E1,1.824375153E1,3.748125076E1
8.408855376E1,-1.033125019E1,1.826250076E1,3.695625305E1
8.410854545E1,-9.731250763E0,1.809375000E1,3.787500000E1
8.412854586E1,-8.962500572E0,1.785000038E1,3.838125229E1
8.414854244E1,-8.606250763E0,1.869375038E1,3.879375076E1
8.416854715E1,-8.381250381E0,1.788750076E1,3.898125076E1
8.418854710E1,-7.425000191E0,1.835625076E1,3.896250153E1
8.420854346E1,-7.031250477E0,1.801875114E1,3.935625076E1
8.422854866E1,-6.262500286E0,1.805625153E1,4.016250229E1
8.424854739E1,-5.756250381E0,1.807500076E1,3.943125153E1
8.426855374E1,-4.781250000E0,1.751250076E1,4.021875000E1
8.428855454E1,-5.100000381E0,1.822500038E1,3.982500076E1
8.430855006E1,-3.731250048E0,1.809375000E1,3.988125229E1
8.432854376E1,-3.618750095E0,1.805625153E1,4.029375076E1
8.434854563E1,-3.037500143E0,1.779375076E1,4.111875153E1
8.436854326E1,-1.781250119E0,1.801875114E1,4.014375305E1
8.438854891E1,-1.293750048E0,1.805625153E1,4.074375153E1
8.440854922E1,-7.687500119E-1,1.736250114E1,4.072500229E1
8.442854572E1,-4.687500298E-1,1.702500153E1,4.102500153E1
8.444852870E1,-9.375000000E-2,1.710000038E1,4.143750000E1
8.446853286E1,2.812500000E-1,1.725000000E1,4.185000229E1
8.448854360E1,8.625000119E-1,1.743750000E1,4.183125305E1
8.450854810E1,9.750000238E-1,1.704375076E1,4.160625076E1
8.452858162E1,2.025000095E0,1.741875076E1,4.158750153E1
8.454858077E1,2.231250048E0,1.736250114E1,4.074375153E1
8.456857443E1,2.943750143E0,1.691250038E1,4.134375000E1
8.458856473E1,3.918750048E0,1.676250076E1,4.173750305E1
8.460856383E1,3.806250095E0,1.674375153E1,4.194375229E1
8.462855756E1,4.387500286E0,1.691250038E1,4.213125229E1
8.464856166E1,5.456250191E0,1.678125000E1,4.209375000E1
8.466856074E1,5.475000381E0,1.650000000E1,4.179375076E1
8.468855595E1,5.587500095E0,1.625625038E1,4.250625229E1
8.470854813E1,6.037500381E0,1.685625076E1,4.218750000E1
8.472854943E1,6.750000477E0,1.603125000E1,4.246875000E1
8.474855833E1,7.143750191E0,1.625625038E1,4.162500000E1
8.476855011E1,7.631250381E0,1.601250076E1,4.224375153E1
8.478855052E1,8.025000572E0,1.603125000E1,4.192500305E1
8.480854705E1,8.325000763E0,1.588125038E1,4.252500153E1
8.482855158E1,8.906250000E0,1.565625095E1,4.261875153E1
8.484855143E1,1.008750057E1,1.571250057E1,4.278750229E1
8.486854744E1,9.975000381E0,1.595625019E1,4.207500076E1
8.488855145E1,1.038750076E1,1.552500057E1,4.258125305E1
8.490855050E1,1.108125019E1,1.530000019E1,4.265625000E1
8.492854579E1,1.224375057E1,1.546875095E1,4.241250229E1
8.494854955E1,1.213125038E1,1.565625095E1,4.252500153E1
8.496854871E1,1.275000095E1,1.486875057E1,4.218750000E1
8.498853394E1,1.301250076E1,1.569375038E1,4.166250229E1
8.500853961E1,1.363125038E1,1.462500095E1,4.258125305E1
8.502854044E1,1.400625038E1,1.518750095E1,4.288125229E1
8.504854842E1,1.460625076E1,1.481250095E1,4.213125229E1
8.506859609E1,1.483125019E1,1.411875057E1,4.201875305E1
8.508858342E1,1.569375038E1,1.453125095E1,4.136250305E1
8.510857899E1,1.636875153E1,1.475625038E1,4.207500076E1
8.512857059E1,1.706250000E1,1.438125038E1,4.164375305E1
8.514855971E1,1.725000000E1,1.456875038E1,4.164375305E1
8.516855718E1,1.764375114E1,1.455000019E1,4.183125305E1
8.518855286E1,1.815000153E1,1.411875057E1,4.192500305E1
8.520856796E1,1.921875000E1,1.430625057E1,4.156875229E1
8.522856475E1,2.010000038E1,1.410000038E1,4.123125076E1
8.524855795E1,2.010000038E1,1.430625057E1,4.102500153E1
8.526855974E1,2.118750000E1,1.361250019E1,4.213125229E1
8.528857996E1,2.128125000E1,1.387500095E1,4.098750305E1
8.530858050E1,2.197500038E1,1.346250057E1,4.087500000E1
8.532857582E1,2.238750076E1,1.342500019E1,3.971250153E1
8.534856770E1,2.336250114E1,1.306875038E1,4.020000076E1
8.536855720E1,2.394375038E1,1.336875057E1,3.988125229E1
8.538855598E1,2.493750191E1,1.282500076E1,4.005000305E1
8.540855223E1,2.473125076E1,1.336875057E1,3.933750153E1
8.542854537E1,2.583750153E1,1.267500019E1,3.888750076E1
8.544854774E1,2.651250076E1,1.288125038E1,3.834375000E1
8.546854599E1,2.701875114E1,1.246875095E1,3.821250153E1
8.548855196E1,2.808750153E1,1.256250095E1,3.798750305E1
8.550855318E1,2.898750114E1,1.216875076E1,3.721875000E1
8.552853994E1,2.996250153E1,1.230000019E1,3.635625076E1
8.554854698E1,3.020625114E1,1.149375057E1,3.635625076E1
8.556854858E1,3.069375038E1,1.158750057E1,3.613125229E1
8.558854584E1,3.131250191E1,1.080000019E1,3.590625000E1
8.560860763E1,3.187500191E1,1.119375038E1,3.536250305E1
8.562859468E1,3.298125076E1,1.040625000E1,3.470625305E1
8.564857894E1,3.350625229E1,1.003125000E1,3.416250229E1
8.566857293E1,3.547500229E1,9.993750572E0,3.202500153E1
8.568856383E1,3.626250076E1,9.881250381E0,3.189375114E1
8.570856264E1,3.678750229E1,9.018750191E0,3.095625114E1
8.572855947E1,3.757500076E1,8.850000381E0,3.185625076E1
8.574852084E1,3.682500076E1,8.118750572E0,3.135000038E1
8.576853080E1,3.759375000E1,8.381250381E0,3.133125114E1
8.578853560E1,3.832500076E1,7.350000381E0,2.996250153E1
8.580853619E1,3.911250305E1,7.518750191E0,3.003750038E1
8.582856689E1,3.986250305E1,6.431250095E0,2.803125191E1
8.584856450E1,4.018125153E1,5.943750381E0,2.760000038E1
8.586855761E1,4.068750000E1,5.531250000E0,2.602500153E1
8.588855904E1,4.098750305E1,5.381250381E0,2.673750114E1
8.590855604E1,4.162500000E1,4.331250191E0,2.548125076E1
8.592854916E1,4.192500305E1,4.368750095E0,2.473125076E1
8.594854043E1,4.248750305E1,3.168750048E0,2.304375076E1
8.596854083E1,4.288125229E1,3.168750048E0,2.263125038E1
8.598854890E1,4.303125000E1,2.137500048E0,2.146875000E1
8.600855132E1,4.344375229E1,1.443750024E0,2.156250000E1
8.602854890E1,4.368750000E1,6.187500358E-1,2.008125114E1
8.604854322E1,4.372500229E1,2.062500119E-1,1.852500153E1
8.606854759E1,4.404375076E1,-2.812500000E-1,1.820625114E1
8.608854535E1,4.411875153E1,-1.743750095E0,1.621875000E1
8.610855082E1,4.395000076E1,-1.931250095E0,1.610625076E1
8.612855086E1,4.396875000E1,-2.268750191E0,1.507500076E1
8.614854656E1,4.370625305E1,-3.150000095E0,1.496250057E1
8.616855115E1,4.501875305E1,-3.225000143E0,1.213125038E1
8.618855021E1,4.531875229E1,-3.450000048E0,1.243125057E1
8.620854540E1,4.496250153E1,-4.050000191E0,1.096875000E1
8.622854904E1,4.398750305E1,-4.350000381E0,1.162500000E1
8.624854776E1,4.372500229E1,-4.818750381E0,1.121250057E1
8.626855426E1,4.385625076E1,-5.418750286E0,9.750000000E0
8.628852257E1,4.348125076E1,-5.587500095E0,9.450000763E0
8.630852636E1,4.351875305E1,-6.150000095E0,8.718750000E0
8.632853729E1,4.355625153E1,-6.693750381E0,7.781250477E0
8.634854211E1,4.336875153E1,-6.937500477E0,6.843750477E0
8.636858708E1,4.243125153E1,-7.368750095E0,6.356250286E0
8.638858373E1,4.215000153E1,-7.387500286E0,5.212500095E0
8.640857546E1,4.179375076E1,-8.250000000E0,4.706250191E0
8.642856403E1,4.151250076E1,-8.193750381E0,4.087500095E0
8.644856193E1,4.125000000E1,-8.756250381E0,3.468750238E0
8.646855602E1,4.087500000E1,-9.206250191E0,2.962500095E0
8.648854787E1,4.050000000E1,-9.375000000E0,2.643750191E0
8.650855997E1,4.042500305E1,-9.412500381E0,1.725000024E0
8.652855443E1,3.995625305E1,-9.675000191E0,1.218750000E0
8.654855732E1,3.967500305E1,-9.918750763E0,4.875000119E-1
8.656855563E1,3.946875000E1,-9.468750000E0,-2.250000089E-1
8.658856190E1,3.960000229E1,-1.048125076E1,1.687500030E-1
8.660856280E1,3.901875305E1,-1.021875000E1,-9.375000596E-1
8.662855895E1,3.901875305E1,-9.881250381E0,-1.350000024E0
8.664855152E1,3.853125000E1,-1.001250076E1,-2.381250143E0
8.666855306E1,3.950625229E1,-9.825000763E0,-2.831250191E0
8.668854916E1,3.913125229E1,-9.937500000E0,-4.068750381E0
8.670854389E1,3.875625229E1,-9.918750763E0,-4.050000191E0
8.672854700E1,3.736875153E1,-1.006875038E1,-2.662500143E0
8.674854552E1,3.766875076E1,-1.003125000E1,-3.187500238E0
8.676855187E1,3.778125000E1,-1.014375019E1,-3.187500238E0
8.678855287E1,3.740625000E1,-1.018125057E1,-4.125000000E0
8.680854995E1,3.721875000E1,-1.053750038E1,-4.631250381E0
8.682853359E1,3.693750000E1,-1.065000057E1,-4.218750000E0
8.684853782E1,3.744375229E1,-1.102500057E1,-4.950000286E0
8.686853748E1,3.684375000E1,-1.057500076E1,-5.343750000E0
8.688854468E1,3.609375000E1,-1.123125076E1,-5.643750191E0
8.690859159E1,3.551250076E1,-1.121250057E1,-5.625000000E0
8.692859010E1,3.571875000E1,-1.171875000E1,-5.737500191E0
8.694858325E1,3.523125076E1,-1.111875057E1,-7.068750381E0
8.696857252E1,3.551250076E1,-1.115625000E1,-6.562500477E0
8.698857090E1,3.532500076E1,-1.121250057E1,-7.387500286E0
8.700856406E1,3.504375076E1,-1.130625057E1,-7.181250095E0
8.702855631E1,3.511875153E1,-1.091250038E1,-7.387500286E0
8.704851385E1,3.521250153E1,-1.080000019E1,-7.481250286E0
8.706852110E1,3.523125076E1,-1.053750038E1,-8.737500191E0
8.708852420E1,3.493125153E1,-1.085625076E1,-8.212500572E0
8.710853476E1,3.562500000E1,-1.102500057E1,-7.293750286E0
8.712856228E1,3.495000076E1,-1.102500057E1,-8.737500191E0
8.714855709E1,3.601875305E1,-1.080000019E1,-9.900000572E0
8.716855926E1,3.583125305E1,-1.085625076E1,-1.042500019E1
8.718855662E1,3.487500000E1,-1.113750076E1,-1.006875038E1
8.720855004E1,3.496875000E1,-1.125000000E1,-1.008750057E1
8.722855107E1,3.343125153E1,-1.171875000E1,-9.731250763E0
8.724854904E1,3.315000153E1,-1.190625000E1,-9.506250381E0
8.726855450E1,3.277500153E1,-1.203750038E1,-1.044375038E1
8.728855501E1,3.363750076E1,-1.222500038E1,-9.525000572E0
8.730855111E1,3.221250153E1,-1.263750076E1,-1.033125019E1
8.732855514E1,3.249375153E1,-1.228125095E1,-1.147500038E1
8.734855442E1,3.180000114E1,-1.186875057E1,-1.113750076E1
8.736855096E1,3.180000114E1,-1.194375038E1,-1.155000019E1
8.738855401E1,3.210000229E1,-1.215000057E1,-1.186875057E1
8.740855234E1,3.131250191E1,-1.171875000E1,-1.205625057E1
8.742854705E1,3.150000191E1,-1.141875076E1,-1.216875076E1
8.744860653E1,3.101250076E1,-1.160625076E1,-1.205625057E1
8.746859222E1,3.093750191E1,-1.194375038E1,-1.288125038E1
8.748858630E1,3.054375076E1,-1.185000038E1,-1.256250095E1
8.750857698E1,3.084375191E1,-1.173750019E1,-1.318125057E1
8.752856524E1,3.065625191E1,-1.201875019E1,-1.318125057E1
8.754856246E1,3.075000191E1,-1.181250000E1,-1.350000095E1
8.756855776E1,3.028125191E1,-1.239375019E1,-1.348125076E1
8.758851790E1,3.018750191E1,-1.216875076E1,-1.380000019E1
8.760852714E1,3.009375191E1,-1.241250038E1,-1.306875038E1
8.762853140E1,2.998125076E1,-1.209375095E1,-1.336875057E1
8.764853167E1,3.146250153E1,-1.231875038E1,-1.518750095E1
8.766856270E1,3.211875153E1,-1.168125057E1,-1.468125057E1
8.768856010E1,3.183750153E1,-1.175625038E1,-1.486875057E1
8.770855318E1,3.073125076E1,-1.141875076E1,-1.350000095E1
8.772855487E1,3.093750191E1,-1.183125019E1,-1.318125057E1
8.774855178E1,3.133125114E1,-1.177500057E1,-1.267500019E1
8.776855508E1,3.170625114E1,-1.177500057E1,-1.278750038E1
8.778855544E1,3.153750038E1,-1.207500076E1,-1.269375038E1
8.780855141E1,3.170625114E1,-1.179375076E1,-1.248750019E1
8.782855538E1,3.142500114E1,-1.164375019E1,-1.310625076E1
8.784855439E1,3.181875038E1,-1.179375076E1,-1.269375038E1
8.786854947E1,3.191250038E1,-1.200000000E1,-1.260000038E1
8.788855307E1,3.221250153E1,-1.213125038E1,-1.218750095E1
8.790855184E1,3.210000229E1,-1.171875000E1,-1.228125095E1
8.792854648E1,3.286875153E1,-1.186875057E1,-1.168125057E1
8.794854961E1,3.266250229E1,-1.158750057E1,-1.147500038E1
8.796854838E1,3.298125076E1,-1.200000000E1,-1.126875019E1
8.798861112E1,3.249375153E1,-1.198125076E1,-1.136250019E1
8.800859908E1,3.273750305E1,-1.132500076E1,-1.095000076E1
8.802858365E1,3.315000153E1,-1.186875057E1,-1.023750019E1
8.804857802E1,3.268125153E1,-1.203750038E1,-1.044375038E1
8.806856923E1,3.277500153E1,-1.224375057E1,-1.033125019E1
8.808855839E1,3.249375153E1,-1.209375095E1,-1.115625000E1
8.810855773E1,3.221250153E1,-1.265625095E1,-9.806250572E0
8.812853240E1,3.230625153E1,-1.252500057E1,-1.053750038E1
8.814853002E1,3.181875038E1,-1.273125076E1,-9.993750572E0
8.816853658E1,3.187500191E1,-1.198125076E1,-9.468750000E0
8.818853828E1,3.163125038E1,-1.282500076E1,-1.010625076E1
8.820858151E1,3.159375191E1,-1.185000038E1,-9.881250381E0
8.822856589E1,3.198750114E1,-1.207500076E1,-9.375000000E0
8.824855972E1,3.232500076E1,-1.121250057E1,-9.075000763E0
8.826856182E1,3.211875153E1,-1.081875038E1,-9.056250572E0
8.828855939E1,3.241875076E1,-1.091250038E1,-9.168750763E0
8.830855194E1,3.178125191E1,-9.937500000E0,-8.737500191E0
8.832854392E1,3.228750229E1,-1.008750057E1,-9.787500381E0
8.834855602E1,3.228750229E1,-1.010625076E1,-9.581250191E0
8.836855033E1,3.208125305E1,-9.750000000E0,-1.050000000E1
8.838855320E1,3.200625229E1,-1.010625076E1,-1.093125057E1
8.840855158E1,3.210000229E1,-9.787500381E0,-1.134375000E1
8.842855761E1,3.258750153E1,-9.825000763E0,-1.113750076E1
8.844855854E1,3.307500076E1,-9.693750381E0,-1.188750076E1
8.846855466E1,3.268125153E1,-9.918750763E0,-1.115625000E1
8.848855886E1,3.213750076E1,-1.036875057E1,-1.166250038E1
8.850855813E1,3.191250038E1,-9.956250191E0,-1.185000038E1
8.852855254E1,3.195000076E1,-1.066875076E1,-1.143750000E1
8.854855649E1,3.253125000E1,-1.070625019E1,-1.125000000E1
8.856855510E1,3.174375153E1,-1.020000076E1,-1.278750038E1
8.858855012E1,3.146250153E1,-1.070625019E1,-1.237500095E1
8.860855348E1,3.166875076E1,-1.091250038E1,-1.237500095E1
8.862855210E1,3.157500076E1,-1.087500000E1,-1.278750038E1
8.864854727E1,3.138750076E1,-1.098750019E1,-1.267500019E1
8.866852943E1,3.131250191E1,-1.158750057E1,-1.246875095E1
8.868853305E1,3.157500076E1,-1.089375019E1,-1.258125019E1
8.870854400E1,3.140625191E1,-1.136250019E1,-1.288125038E1
8.872854850E1,3.131250191E1,-1.181250000E1,-1.194375038E1
8.874860459E1,3.071250153E1,-1.136250019E1,-1.265625095E1
8.876859839E1,3.056250191E1,-1.216875076E1,-1.224375057E1
8.878858748E1,3.035625076E1,-1.215000057E1,-1.245000076E1
8.880857386E1,3.026250076E1,-1.192500019E1,-1.275000095E1
8.882856989E1,3.016875076E1,-1.213125038E1,-1.265625095E1
8.884856139E1,3.046875191E1,-1.222500038E1,-1.286250019E1
8.886855247E1,2.977500153E1,-1.224375057E1,-1.243125057E1
8.888856420E1,2.970000076E1,-1.239375019E1,-1.305000019E1
8.890855829E1,3.056250191E1,-1.207500076E1,-1.380000019E1
8.892854995E1,3.026250076E1,-1.181250000E1,-1.316250038E1
8.894855067E1,3.045000076E1,-1.168125057E1,-1.389375019E1
8.896857065E1,3.037500191E1,-1.209375095E1,-1.338750076E1
8.898855955E1,3.037500191E1,-1.186875057E1,-1.389375019E1
8.900855761E1,3.043125153E1,-1.143750000E1,-1.295625019E1
8.902855208E1,3.056250191E1,-1.209375095E1,-1.350000095E1
8.904855507E1,3.035625076E1,-1.160625076E1,-1.348125076E1
8.906855259E1,3.050625038E1,-1.276875019E1,-1.400625038E1
8.908854831E1,3.000000191E1,-1.246875095E1,-1.368750095E1
8.910855196E1,3.039375114E1,-1.246875095E1,-1.380000019E1
8.912855095E1,2.988750076E1,-1.215000057E1,-1.389375019E1
8.914854616E1,3.048750114E1,-1.235625076E1,-1.400625038E1
8.916854997E1,3.000000191E1,-1.237500095E1,-1.357500076E1
8.918854910E1,3.058125114E1,-1.230000019E1,-1.338750076E1
8.920854562E1,2.988750076E1,-1.207500076E1,-1.368750095E1
8.922854908E1,2.979375076E1,-1.237500095E1,-1.336875057E1
8.924854746E1,3.028125191E1,-1.235625076E1,-1.389375019E1
8.926855348E1,2.981250191E1,-1.265625095E1,-1.389375019E1
8.928861083E1,2.964375114E1,-1.290000057E1,-1.460625076E1
8.930860549E1,2.964375114E1,-1.291875076E1,-1.430625057E1
8.932859536E1,2.962500191E1,-1.239375019E1,-1.460625076E1
8.934858230E1,3.009375191E1,-1.216875076E1,-1.389375019E1
8.936856731E1,2.990625191E1,-1.245000076E1,-1.389375019E1
8.938856294E1,3.039375114E1,-1.243125057E1,-1.453125095E1
8.940855648E1,2.981250191E1,-1.243125057E1,-1.419375038E1
8.942851504E1,2.941875076E1,-1.248750019E1,-1.460625076E1
8.944852336E1,2.971875191E1,-1.261875057E1,-1.430625057E1
8.946852718E1,2.923125076E1,-1.269375038E1,-1.460625076E1
8.948853821E1,2.895000076E1,-1.256250095E1,-1.479375076E1
8.950857729E1,2.913750076E1,-1.267500019E1,-1.481250095E1
8.952856980E1,2.932500076E1,-1.250625038E1,-1.440000057E1
8.954856993E1,2.983125114E1,-1.258125019E1,-1.513125038E1
8.956856560E1,2.923125076E1,-1.246875095E1,-1.490625095E1
8.958855760E1,2.923125076E1,-1.256250095E1,-1.490625095E1
8.960855726E1,2.876250076E1,-1.250625038E1,-1.573125076E1
8.962855460E1,2.906250191E1,-1.293750095E1,-1.522500038E1
8.964855953E1,2.896875191E1,-1.284375095E1,-1.531875038E1
8.966855934E1,2.838750076E1,-1.308750057E1,-1.582500076E1
8.968855520E1,2.810625076E1,-1.295625019E1,-1.623750114E1
8.970854801E1,2.840625191E1,-1.325625038E1,-1.644375038E1
8.972855012E1,2.831250191E1,-1.314375019E1,-1.655625153E1
8.974854778E1,2.827500153E1,-1.237500095E1,-1.591875076E1
8.976855296E1,2.806875038E1,-1.222500038E1,-1.695000076E1
8.978855318E1,2.915625191E1,-1.273125076E1,-1.563750076E1
8.980854939E1,2.771250153E1,-1.278750038E1,-1.715625000E1
8.982855398E1,2.769375038E1,-1.237500095E1,-1.745625114E1
8.984855352E1,2.741250038E1,-1.265625095E1,-1.777500153E1
8.986854894E1,2.720625114E1,-1.216875076E1,-1.734375000E1
8.988855251E1,2.741250038E1,-1.243125057E1,-1.818750000E1
8.990855119E1,2.720625114E1,-1.211250019E1,-1.837500000E1
8.992854603E1,2.741250038E1,-1.222500038E1,-1.818750000E1
8.994854962E1,2.700000191E1,-1.205625057E1,-1.743750000E1
8.996852735E1,2.720625114E1,-1.192500019E1,-1.816875076E1
8.998853865E1,2.788125038E1,-1.186875057E1,-1.768125153E1
9.000854371E1,2.776875114E1,-1.186875057E1,-1.777500153E1
9.002854380E1,2.767500114E1,-1.186875057E1,-1.766250038E1
9.004858517E1,2.848125076E1,-1.218750095E1,-1.770000076E1
9.006857888E1,2.866875076E1,-1.211250019E1,-1.749375153E1
9.008856879E1,2.876250076E1,-1.209375095E1,-1.790625000E1
9.010856732E1,2.893125153E1,-1.151250076E1,-1.770000076E1
9.012856179E1,2.904375076E1,-1.183125019E1,-1.719375038E1
9.014855192E1,2.960625076E1,-1.147500038E1,-1.698750114E1
9.016854200E1,2.981250191E1,-1.175625038E1,-1.730625153E1
9.018855305E1,2.923125076E1,-1.216875076E1,-1.666875076E1
9.020854652E1,2.941875076E1,-1.156875038E1,-1.698750114E1
9.022854894E1,2.960625076E1,-1.164375019E1,-1.730625153E1
9.024854701E1,2.960625076E1,-1.179375076E1,-1.668750000E1
9.026855322E1,2.971875191E1,-1.179375076E1,-1.657500076E1
9.028855409E1,3.028125191E1,-1.162500000E1,-1.650000000E1
9.030855017E1,3.016875076E1,-1.110000038E1,-1.680000114E1
9.032855435E1,3.067500114E1,-1.162500000E1,-1.670625114E1
9.034855354E1,3.007500076E1,-1.098750019E1,-1.700625038E1
9.036854948E1,3.065625191E1,-1.125000000E1,-1.629375076E1
9.038855319E1,3.030000114E1,-1.145625019E1,-1.753125000E1
9.040855191E1,3.039375114E1,-1.162500000E1,-1.659375000E1
9.042854672E1,3.018750191E1,-1.128750038E1,-1.721250153E1
9.044855001E1,3.116250038E1,-1.141875076E1,-1.693125153E1
9.046854871E1,3.106875038E1,-1.153125000E1,-1.661250114E1
9.048854388E1,3.144375038E1,-1.111875057E1,-1.715625000E1
9.050853757E1,3.153750038E1,-1.102500057E1,-1.704375076E1
9.052853853E1,3.151875114E1,-1.074375057E1,-1.704375076E1
9.054854664E1,3.112500191E1,-1.083750057E1,-1.693125153E1
9.056854915E1,3.075000191E1,-1.111875057E1,-1.681875038E1
9.058860343E1,3.103125191E1,-1.093125057E1,-1.681875038E1
9.060858474E1,3.153750038E1,-1.093125057E1,-1.725000000E1
9.062857550E1,3.112500191E1,-1.072500038E1,-1.693125153E1
9.064856367E1,3.112500191E1,-1.053750038E1,-1.672500038E1
9.066856138E1,3.161250114E1,-1.065000057E1,-1.695000076E1
9.068855437E1,3.140625191E1,-1.044375038E1,-1.704375076E1
9.070854672E1,3.103125191E1,-1.065000057E1,-1.672500038E1
9.072850453E1,3.103125191E1,-1.063125038E1,-1.681875038E1
9.074851212E1,3.103125191E1,-1.072500038E1,-1.693125153E1
9.076852681E1,3.084375191E1,-1.081875038E1,-1.681875038E1
9.078853503E1,3.168750191E1,-1.038750076E1,-1.631250000E1
9.080856041E1,3.084375191E1,-1.059375000E1,-1.755000114E1
9.082856465E1,3.121875191E1,-1.048125076E1,-1.775625038E1
9.084856303E1,3.131250191E1,-1.046250057E1,-1.661250114E1
9.086855679E1,3.082500076E1,-1.033125019E1,-1.681875038E1
9.088855877E1,3.033750153E1,-1.065000057E1,-1.618125153E1
9.090855498E1,3.073125076E1,-1.076250076E1,-1.629375076E1
9.092854927E1,3.045000076E1,-1.085625076E1,-1.618125153E1
9.094855175E1,3.054375076E1,-1.081875038E1,-1.691250038E1
9.096854961E1,3.003750038E1,-1.025625038E1,-1.606875038E1
9.098855519E1,3.013125038E1,-1.046250057E1,-1.595625019E1
9.100855551E1,3.052500153E1,-1.025625038E1,-1.638750076E1
9.102855212E1,3.024375153E1,-1.053750038E1,-1.648125076E1
9.104854662E1,3.022500038E1,-1.035000038E1,-1.627500153E1
9.106854810E1,3.022500038E1,-1.046250057E1,-1.595625019E1
9.108854524E1,3.138750076E1,-1.021875000E1,-1.558125019E1
9.110855027E1,2.986875153E1,-1.100625038E1,-1.657500076E1
9.112860684E1,3.003750038E1,-1.031250000E1,-1.657500076E1
9.114859012E1,3.031875038E1,-1.023750019E1,-1.638750076E1
9.116858229E1,3.071250153E1,-1.048125076E1,-1.576875019E1
9.118857151E1,3.013125038E1,-1.018125057E1,-1.721250153E1
9.120855885E1,2.964375114E1,-1.021875000E1,-1.646250153E1
9.122855820E1,2.934375191E1,-1.035000038E1,-1.582500076E1
9.124855227E1,2.926875114E1,-1.051875019E1,-1.614375114E1
9.126851125E1,2.936250114E1,-1.061250019E1,-1.625625038E1
9.128851980E1,2.887500191E1,-1.053750038E1,-1.561875057E1
9.130852404E1,2.943750191E1,-1.023750019E1,-1.593750095E1
9.132853535E1,2.943750191E1,-1.001250076E1,-1.646250153E1
9.134857458E1,2.934375191E1,-9.918750763E0,-1.623750114E1
9.136856707E1,2.895000076E1,-1.008750057E1,-1.676250076E1
9.138856709E1,2.887500191E1,-1.074375057E1,-1.561875057E1
9.140856246E1,2.885625076E1,-1.018125057E1,-1.653750038E1
9.142855456E1,2.915625191E1,-1.038750076E1,-1.655625153E1
9.144855399E1,2.850000191E1,-1.074375057E1,-1.695000076E1
9.146855143E1,2.906250191E1,-1.050000000E1,-1.635000038E1
9.148855630E1,2.915625191E1,-1.018125057E1,-1.687500000E1
9.150855604E1,2.904375076E1,-1.021875000E1,-1.603125000E1
9.152855175E1,2.915625191E1,-1.021875000E1,-1.614375114E1
9.154855581E1,2.866875076E1,-1.036875057E1,-1.665000153E1
9.156855518E1,2.831250191E1,-1.093125057E1,-1.706250000E1
9.158856189E1,2.859375191E1,-1.076250076E1,-1.665000153E1
9.160856251E1,2.850000191E1,-1.095000076E1,-1.695000076E1
9.162855891E1,2.889375114E1,-1.100625038E1,-1.623750114E1
9.164855189E1,2.866875076E1,-1.038750076E1,-1.653750038E1
9.166855250E1,2.866875076E1,-1.040625000E1,-1.612500000E1
9.168855052E1,2.898750114E1,-1.070625019E1,-1.635000038E1
9.170854464E1,2.850000191E1,-1.066875076E1,-1.653750038E1
9.172854774E1,2.851875114E1,-1.134375000E1,-1.696875000E1
9.174854621E1,2.930625153E1,-1.143750000E1,-1.728750038E1
9.176855246E1,2.891250038E1,-1.113750076E1,-1.728750038E1
9.178854234E1,2.975625038E1,-1.106250000E1,-1.554375076E1
9.180852037E1,2.917500114E1,-1.059375000E1,-1.655625153E1
9.182853191E1,2.926875114E1,-1.080000019E1,-1.635000038E1
9.184853764E1,2.917500114E1,-1.081875038E1,-1.614375114E1
9.186853820E1,2.926875114E1,-1.063125038E1,-1.582500076E1
9.188857985E1,2.906250191E1,-1.050000000E1,-1.635000038E1
9.190857440E1,2.870625114E1,-1.087500000E1,-1.653750038E1
9.192856463E1,2.908125114E1,-1.089375019E1,-1.644375038E1
9.194856361E1,2.956875038E1,-1.072500038E1,-1.605000114E1
9.196855837E1,2.904375076E1,-1.010625076E1,-1.623750114E1
9.198855984E1,2.915625191E1,-1.035000038E1,-1.561875057E1
9.200855883E1,2.887500191E1,-1.051875019E1,-1.582500076E1
9.202856458E1,2.968125153E1,-1.132500076E1,-1.605000114E1
9.204856500E1,2.926875114E1,-1.081875038E1,-1.625625038E1
9.206856118E1,2.975625038E1,-1.108125019E1,-1.543125057E1
9.208855425E1,3.007500076E1,-1.117500019E1,-1.710000038E1
9.210856739E1,2.985000038E1,-1.096875000E1,-1.554375076E1
9.212856239E1,2.975625038E1,-1.085625076E1,-1.584375095E1
9.214855396E1,2.983125114E1,-1.048125076E1,-1.554375076E1
9.216855482E1,3.015000153E1,-1.078125000E1,-1.554375076E1
9.218855141E1,2.977500153E1,-1.117500019E1,-1.522500038E1
9.220855633E1,2.996250153E1,-1.106250000E1,-1.575000095E1
9.222855645E1,2.986875153E1,-1.136250019E1,-1.565625095E1
9.224855236E1,3.093750191E1,-1.110000038E1,-1.558125019E1
9.226855637E1,3.093750191E1,-1.108125019E1,-1.578750038E1
9.228855553E1,3.045000076E1,-1.119375038E1,-1.524375057E1
9.230855096E1,3.043125153E1,-1.093125057E1,-1.471875095E1
9.232855487E1,3.043125153E1,-1.096875000E1,-1.421250057E1
9.234854384E1,3.026250076E1,-1.145625019E1,-1.410000038E1
9.236854105E1,2.968125153E1,-1.164375019E1,-1.387500095E1
9.238854651E1,3.084375191E1,-1.177500057E1,-1.402500057E1
9.240854694E1,3.063750076E1,-1.130625057E1,-1.348125076E1
9.242860004E1,3.071250153E1,-1.081875038E1,-1.327500057E1
9.244859168E1,3.086250114E1,-1.008750057E1,-1.254375076E1
9.246857946E1,3.144375038E1,-9.975000381E0,-1.308750057E1
9.248857617E1,3.191250038E1,-9.468750000E0,-1.340625095E1
9.250856955E1,3.232500076E1,-9.543750763E0,-1.425000095E1
9.252855943E1,3.230625153E1,-9.562500000E0,-1.372500038E1
9.254854858E1,3.243750000E1,-9.900000572E0,-1.477500057E1
9.256850389E1,3.232500076E1,-9.393750191E0,-1.498125076E1
9.258850953E1,3.279375076E1,-9.450000763E0,-1.426875019E1
9.260852309E1,3.281250000E1,-9.506250381E0,-1.509375095E1
9.262853039E1,3.243750000E1,-1.001250076E1,-1.447500038E1
9.264855548E1,3.230625153E1,-9.337500572E0,-1.415625095E1
9.266855956E1,3.262500000E1,-9.975000381E0,-1.365000057E1
9.268855780E1,3.213750076E1,-1.001250076E1,-1.445625019E1
9.270855173E1,3.185625076E1,-1.012500000E1,-1.404375076E1
9.272855392E1,3.178125191E1,-1.050000000E1,-1.445625019E1
9.274854994E1,3.215625000E1,-1.023750019E1,-1.415625095E1
9.276855575E1,3.223125076E1,-1.005000019E1,-1.383750057E1
9.278855577E1,3.309375000E1,-9.900000572E0,-1.188750076E1
9.280855164E1,3.281250000E1,-1.025625038E1,-1.239375019E1
9.282855551E1,3.264375305E1,-1.036875057E1,-1.353750038E1
9.284855471E1,3.303750229E1,-1.048125076E1,-1.365000057E1
9.286856117E1,3.243750000E1,-1.046250057E1,-1.353750038E1
9.288855212E1,3.189375114E1,-1.102500057E1,-1.383750057E1
9.290855057E1,3.277500153E1,-1.104375076E1,-1.396875095E1
9.292854543E1,3.225000000E1,-1.033125019E1,-1.404375076E1
9.294854882E1,3.273750305E1,-1.027500057E1,-1.374375057E1
9.296860396E1,3.196875191E1,-1.072500038E1,-1.415625095E1
9.298858634E1,3.196875191E1,-1.057500076E1,-1.477500057E1
9.300857818E1,3.208125305E1,-1.089375019E1,-1.445625019E1
9.302856704E1,3.217500305E1,-1.061250019E1,-1.445625019E1
9.304856546E1,3.187500191E1,-1.070625019E1,-1.425000095E1
9.306856014E1,3.178125191E1,-1.059375000E1,-1.445625019E1
9.308856377E1,3.217500305E1,-1.036875057E1,-1.509375095E1
9.310853025E1,3.174375153E1,-9.693750381E0,-1.464375019E1
9.312853276E1,3.204375076E1,-1.012500000E1,-1.425000095E1
9.314853177E1,3.166875076E1,-1.020000076E1,-1.443750095E1
9.316853910E1,3.157500076E1,-1.038750076E1,-1.455000019E1
9.318857509E1,3.125625038E1,-9.750000000E0,-1.494375038E1
9.320856528E1,3.078750038E1,-1.014375019E1,-1.473750019E1
9.322856377E1,3.118125153E1,-9.956250191E0,-1.485000038E1
9.324855801E1,3.125625038E1,-9.825000763E0,-1.380000019E1
9.326856079E1,3.114375114E1,-9.468750000E0,-1.462500095E1
9.328855745E1,3.123750114E1,-9.281250000E0,-1.464375019E1
9.330855196E1,3.105000114E1,-9.712500572E0,-1.391250038E1
9.332855494E1,3.095625114E1,-9.656250000E0,-1.483125019E1
9.334855338E1,2.998125076E1,-9.506250381E0,-1.511250019E1
9.336854827E1,3.009375191E1,-9.731250763E0,-1.470000076E1
9.338855163E1,3.039375114E1,-9.918750763E0,-1.503750038E1
9.340855056E1,3.048750114E1,-9.487500191E0,-1.565625095E1
9.342855696E1,3.016875076E1,-9.562500000E0,-1.440000057E1
9.344855774E1,2.996250153E1,-8.925000191E0,-1.490625095E1
9.346855413E1,3.007500076E1,-9.262500763E0,-1.440000057E1
9.348855840E1,2.975625038E1,-9.056250572E0,-1.417500019E1
9.350855714E1,2.900625038E1,-9.487500191E0,-1.498125076E1
9.352855292E1,2.958750153E1,-9.431250572E0,-1.470000076E1
9.354855666E1,2.930625153E1,-9.506250381E0,-1.479375076E1
9.356855556E1,2.930625153E1,-9.618750572E0,-1.447500038E1
9.358855042E1,2.930625153E1,-9.393750191E0,-1.500000095E1
9.360855376E1,2.936250114E1,-8.962500572E0,-1.395000076E1
9.362855269E1,2.919375038E1,-9.431250572E0,-1.436250019E1
9.364852663E1,2.898750114E1,-9.281250000E0,-1.353750038E1
9.366853480E1,2.891250038E1,-9.543750763E0,-1.395000076E1
9.368853768E1,2.910000038E1,-9.431250572E0,-1.426875019E1
9.370853651E1,2.833125114E1,-9.581250191E0,-1.486875057E1
9.372857688E1,2.881875038E1,-9.506250381E0,-1.466250038E1
9.374857031E1,2.891250038E1,-9.412500381E0,-1.466250038E1
9.376857102E1,2.900625038E1,-9.412500381E0,-1.468125057E1
9.378856690E1,2.960625076E1,-9.993750572E0,-1.355625057E1
9.380855950E1,2.900625038E1,-9.731250763E0,-1.415625095E1
9.382855901E1,2.911875153E1,-9.787500381E0,-1.488750076E1
9.384855657E1,2.893125153E1,-1.010625076E1,-1.456875038E1
9.386850704E1,2.881875038E1,-9.693750381E0,-1.486875057E1
9.388851952E1,2.846250153E1,-1.018125057E1,-1.486875057E1
9.390852664E1,2.883750153E1,-9.862500191E0,-1.530000019E1
9.392852875E1,2.881875038E1,-9.675000191E0,-1.509375095E1
9.394856109E1,2.900625038E1,-9.618750572E0,-1.436250019E1
9.396855929E1,2.900625038E1,-9.487500191E0,-1.498125076E1
9.398856413E1,2.921250153E1,-9.487500191E0,-1.500000095E1
9.400856333E1,2.881875038E1,-9.487500191E0,-1.486875057E1
9.402855809E1,2.893125153E1,-1.008750057E1,-1.498125076E1
9.404855978E1,2.853750038E1,-9.975000381E0,-1.498125076E1
9.406855821E1,2.878125191E1,-1.051875019E1,-1.603125000E1
9.408855263E1,2.865000153E1,-9.900000572E0,-1.621875000E1
9.410855540E1,2.923125076E1,-9.900000572E0,-1.500000095E1
9.412855343E1,2.911875153E1,-9.881250381E0,-1.500000095E1
9.414854802E1,2.932500076E1,-9.750000000E0,-1.561875057E1
9.416855122E1,2.883750153E1,-1.003125000E1,-1.415625095E1
9.418854001E1,2.895000076E1,-9.918750763E0,-1.612500000E1
9.420853694E1,2.876250076E1,-1.044375038E1,-1.550625038E1
9.422854242E1,2.904375076E1,-1.014375019E1,-1.550625038E1
9.424854280E1,2.868750191E1,-1.072500038E1,-1.571250057E1
9.426859575E1,2.915625191E1,-1.055625057E1,-1.552500057E1
9.428858746E1,2.953125191E1,-1.027500057E1,-1.543125057E1
9.430857525E1,2.934375191E1,-1.027500057E1,-1.520625019E1
9.432857220E1,2.953125191E1,-1.029375076E1,-1.490625095E1
9.434856544E1,2.971875191E1,-1.008750057E1,-1.531875038E1
9.436855610E1,2.945625114E1,-1.074375057E1,-1.584375095E1
9.438855646E1,2.857500076E1,-1.044375038E1,-1.550625038E1
9.440850937E1,2.945625114E1,-1.066875076E1,-1.531875038E1
9.442851266E1,2.936250114E1,-1.065000057E1,-1.573125076E1
9.444852408E1,2.936250114E1,-1.074375057E1,-1.584375095E1
9.446852992E1,2.913750076E1,-1.012500000E1,-1.593750095E1
9.448855342E1,2.915625191E1,-1.066875076E1,-1.520625019E1
9.450855651E1,2.953125191E1,-1.027500057E1,-1.531875038E1
9.452855399E1,2.925000191E1,-1.055625057E1,-1.541250038E1
9.454855885E1,2.947500038E1,-1.096875000E1,-1.522500038E1
9.456855838E1,2.906250191E1,-1.055625057E1,-1.550625038E1
9.458855203E1,2.938125038E1,-1.095000076E1,-1.563750076E1
9.460855591E1,2.917500114E1,-1.106250000E1,-1.541250038E1
9.462855456E1,2.966250038E1,-1.108125019E1,-1.511250019E1
9.464854938E1,2.956875038E1,-1.096875000E1,-1.543125057E1
9.466855229E1,3.024375153E1,-1.091250038E1,-1.513125038E1
9.468855056E1,2.985000038E1,-1.068750000E1,-1.522500038E1
9.470855704E1,2.975625038E1,-1.081875038E1,-1.481250095E1
9.472854773E1,3.024375153E1,-1.093125057E1,-1.471875095E1
9.474854621E1,3.013125038E1,-1.061250019E1,-1.492500019E1
9.476855226E1,2.968125153E1,-1.115625000E1,-1.575000095E1
9.478855311E1,3.054375076E1,-1.102500057E1,-1.503750038E1
9.480854837E1,3.016875076E1,-1.149375057E1,-1.524375057E1
9.482855352E1,3.005625153E1,-1.121250057E1,-1.483125019E1
9.484855305E1,3.026250076E1,-1.141875076E1,-1.492500019E1
9.486854852E1,3.033750153E1,-1.106250000E1,-1.430625057E1
9.488855232E1,3.054375076E1,-1.111875057E1,-1.515000057E1
9.490855125E1,3.031875038E1,-1.053750038E1,-1.471875095E1
9.492854667E1,3.091875076E1,-1.095000076E1,-1.473750019E1
9.494851776E1,3.061875153E1,-1.076250076E1,-1.441875076E1
9.496852389E1,3.065625191E1,-1.140000057E1,-1.535625076E1
9.498853673E1,2.998125076E1,-1.134375000E1,-1.586250019E1
9.500854318E1,3.065625191E1,-1.117500019E1,-1.576875019E1
9.502857814E1,3.005625153E1,-1.141875076E1,-1.483125019E1
9.504857832E1,3.084375191E1,-1.162500000E1,-1.485000038E1
9.506857298E1,3.103125191E1,-1.091250038E1,-1.537500095E1
9.508856392E1,3.133125114E1,-1.113750076E1,-1.516875076E1
9.510856347E1,3.082500076E1,-1.085625076E1,-1.473750019E1
9.512855889E1,3.129375076E1,-1.070625019E1,-1.411875057E1
9.514856287E1,3.121875191E1,-1.117500019E1,-1.455000019E1
9.516856162E1,3.101250076E1,-1.108125019E1,-1.432500076E1
9.518855661E1,3.123750114E1,-1.156875038E1,-1.443750095E1
9.520854855E1,3.133125114E1,-1.136250019E1,-1.464375019E1
9.522854976E1,3.135000038E1,-1.181250000E1,-1.537500095E1
9.524854739E1,3.095625114E1,-1.173750019E1,-1.475625038E1
9.526854164E1,3.144375038E1,-1.183125019E1,-1.516875076E1
9.528854438E1,3.142500114E1,-1.138125038E1,-1.455000019E1
9.530854295E1,3.140625191E1,-1.106250000E1,-1.464375019E1
9.532854936E1,3.151875114E1,-1.117500019E1,-1.455000019E1
9.534854925E1,3.140625191E1,-1.085625076E1,-1.496250057E1
9.536854633E1,3.114375114E1,-1.177500057E1,-1.434375095E1
9.538855106E1,3.133125114E1,-1.125000000E1,-1.496250057E1
9.540855071E1,3.084375191E1,-1.164375019E1,-1.464375019E1
9.542854623E1,3.114375114E1,-1.140000057E1,-1.558125019E1
9.544855002E1,3.093750191E1,-1.155000019E1,-1.453125095E1
9.546854934E1,3.105000114E1,-1.155000019E1,-1.485000038E1
9.548852344E1,3.093750191E1,-1.134375000E1,-1.485000038E1
9.550853151E1,3.112500191E1,-1.113750076E1,-1.516875076E1
9.552853448E1,3.159375191E1,-1.087500000E1,-1.466250038E1
9.554854430E1,3.093750191E1,-1.102500057E1,-1.526250076E1
9.556859362E1,3.101250076E1,-1.053750038E1,-1.515000057E1
9.558858187E1,3.159375191E1,-1.085625076E1,-1.496250057E1
9.560857845E1,3.168750191E1,-1.057500076E1,-1.486875057E1
9.562857064E1,3.110625076E1,-1.083750057E1,-1.496250057E1
9.564855998E1,3.084375191E1,-1.143750000E1,-1.473750019E1
9.566855756E1,3.045000076E1,-1.121250057E1,-1.494375038E1
9.568855346E1,3.075000191E1,-1.119375038E1,-1.556250095E1
9.570851375E1,3.035625076E1,-1.108125019E1,-1.545000076E1
9.572852290E1,3.121875191E1,-1.093125057E1,-1.526250076E1
9.574852741E1,3.103125191E1,-1.089375019E1,-1.567500019E1
9.576853874E1,3.112500191E1,-1.091250038E1,-1.558125019E1
9.578855550E1,3.150000191E1,-1.031250000E1,-1.590000057E1
9.580856446E1,3.118125153E1,-1.003125000E1,-1.537500095E1
9.582856655E1,3.138750076E1,-1.033125019E1,-1.526250076E1
9.584856357E1,3.159375191E1,-1.046250057E1,-1.507500076E1
9.586855658E1,3.187500191E1,-1.046250057E1,-1.507500076E1
9.588855688E1,3.120000076E1,-1.046250057E1,-1.485000038E1
9.590856565E1,3.110625076E1,-1.042500019E1,-1.526250076E1
9.592855690E1,3.069375038E1,-1.020000076E1,-1.545000076E1
9.594855692E1,3.189375114E1,-1.063125038E1,-1.548750019E1
9.596855287E1,3.129375076E1,-1.053750038E1,-1.526250076E1
9.598855707E1,3.208125305E1,-1.078125000E1,-1.477500057E1
9.600854544E1,3.159375191E1,-1.065000057E1,-1.528125095E1
9.602853376E1,3.155625153E1,-9.862500191E0,-1.496250057E1
9.604854202E1,3.136875153E1,-1.016250038E1,-1.496250057E1
9.606854469E1,3.213750076E1,-9.750000000E0,-1.560000038E1
9.608854307E1,3.202500153E1,-9.581250191E0,-1.486875057E1
9.610859447E1,3.200625229E1,-9.018750191E0,-1.445625019E1
9.612858490E1,3.172500038E1,-9.506250381E0,-1.434375095E1
9.614857175E1,3.241875076E1,-9.731250763E0,-1.425000095E1
9.616856808E1,3.200625229E1,-9.337500572E0,-1.393125057E1
9.618856116E1,3.193125153E1,-9.618750572E0,-1.425000095E1
9.620854973E1,3.213750076E1,-9.843750000E0,-1.393125057E1
9.622855024E1,3.183750153E1,-9.843750000E0,-1.393125057E1
9.624850333E1,3.155625153E1,-9.937500000E0,-1.361250019E1
9.626851837E1,3.165000153E1,-9.731250763E0,-1.402500057E1
9.628852744E1,3.193125153E1,-1.006875038E1,-1.331250095E1
9.630853140E1,3.165000153E1,-9.900000572E0,-1.434375095E1
9.632856595E1,3.155625153E1,-1.001250076E1,-1.423125076E1
9.634856495E1,3.127500153E1,-9.975000381E0,-1.453125095E1
9.636855900E1,3.146250153E1,-9.993750572E0,-1.432500076E1
9.638856085E1,3.116250038E1,-9.993750572E0,-1.432500076E1
9.640855792E1,3.144375038E1,-9.806250572E0,-1.432500076E1
9.642854996E1,3.183750153E1,-9.637500763E0,-1.402500057E1
9.644855248E1,3.176250076E1,-9.993750572E0,-1.455000019E1
9.646855002E1,3.185625076E1,-1.012500000E1,-1.413750076E1
9.648855553E1,3.144375038E1,-9.918750763E0,-1.391250038E1
9.650855588E1,3.144375038E1,-9.712500572E0,-1.411875057E1
9.652855191E1,3.165000153E1,-9.825000763E0,-1.402500057E1
9.654855641E1,3.135000038E1,-9.825000763E0,-1.391250038E1
9.656855572E1,3.076875114E1,-9.712500572E0,-1.380000019E1
9.658855075E1,3.065625191E1,-9.712500572E0,-1.378125095E1
9.660855405E1,3.039375114E1,-1.025625038E1,-1.451250076E1
9.662855262E1,3.060000038E1,-1.048125076E1,-1.410000038E1
9.664854750E1,3.020625114E1,-1.025625038E1,-1.451250076E1
9.666855109E1,2.913750076E1,-1.033125019E1,-1.426875019E1
9.668854984E1,2.934375191E1,-1.050000000E1,-1.479375076E1
9.670855602E1,2.964375114E1,-1.070625019E1,-1.490625095E1
9.672855667E1,2.915625191E1,-1.059375000E1,-1.468125057E1
9.674855297E1,2.866875076E1,-1.076250076E1,-1.509375095E1
9.676854623E1,2.859375191E1,-1.089375019E1,-1.633125114E1
9.678851587E1,2.878125191E1,-1.085625076E1,-1.520625019E1
9.680852105E1,2.878125191E1,-1.083750057E1,-1.550625038E1
9.682853322E1,2.820000076E1,-1.081875038E1,-1.569375038E1
9.684853905E1,2.778750038E1,-1.038750076E1,-1.590000057E1
9.686857372E1,2.778750038E1,-1.050000000E1,-1.569375038E1
9.688857367E1,2.739375114E1,-1.038750076E1,-1.556250095E1
9.690856836E1,2.752500153E1,-1.065000057E1,-1.629375076E1
9.692855930E1,2.662500191E1,-1.042500019E1,-1.636875153E1
9.694855931E1,2.615625191E1,-1.078125000E1,-1.678125000E1
9.696855354E1,2.557500076E1,-1.068750000E1,-1.635000038E1
9.698855798E1,2.559375191E1,-1.106250000E1,-1.666875076E1
9.700855706E1,2.559375191E1,-1.080000019E1,-1.781250000E1
9.702855223E1,2.473125076E1,-1.149375057E1,-1.747500038E1
9.704855579E1,2.445000076E1,-1.155000019E1,-1.798125076E1
9.706855442E1,2.411250114E1,-1.228125095E1,-1.901250076E1
9.708856102E1,2.400000000E1,-1.200000000E1,-1.869375038E1
9.710855066E1,2.325000000E1,-1.284375095E1,-1.899375153E1
9.712854969E1,2.278125000E1,-1.299375057E1,-1.950000000E1
9.714854491E1,2.259375000E1,-1.336875057E1,-1.981875038E1
9.716854880E1,2.233125114E1,-1.381875038E1,-2.043750000E1
9.718854662E1,2.212500000E1,-1.348125076E1,-2.094375038E1
9.720854289E1,2.244375038E1,-1.385625076E1,-2.178750038E1
9.722854675E1,2.255625153E1,-1.395000076E1,-2.190000153E1
9.724854586E1,2.255625153E1,-1.391250038E1,-2.231250000E1
9.726855256E1,2.280000114E1,-1.479375076E1,-2.283750153E1
9.728855372E1,2.338125038E1,-1.458750057E1,-2.306250000E1
9.730855071E1,2.437500191E1,-1.505625057E1,-2.424375153E1
9.732853396E1,2.409375191E1,-1.537500095E1,-2.360625076E1
9.734853824E1,2.486250114E1,-1.530000019E1,-2.373750114E1
9.736853800E1,2.476875114E1,-1.541250038E1,-2.353125000E1
9.738854512E1,2.662500191E1,-1.526250076E1,-2.368125153E1
9.740860326E1,2.670000076E1,-1.496250057E1,-2.368125153E1
9.742858758E1,2.728125191E1,-1.500000095E1,-2.340000153E1
9.744858083E1,2.775000191E1,-1.466250038E1,-2.266875076E1
9.746857056E1,2.825625038E1,-1.530000019E1,-2.218125153E1
9.748856934E1,2.833125114E1,-1.479375076E1,-2.227500153E1
9.750856297E1,2.908125114E1,-1.413750076E1,-2.197500038E1
9.752855565E1,2.878125191E1,-1.419375038E1,-2.094375038E1
9.754856845E1,2.904375076E1,-1.353750038E1,-2.053125000E1
9.756856307E1,2.923125076E1,-1.342500019E1,-2.083125114E1
9.758855499E1,2.979375076E1,-1.280625057E1,-1.981875038E1
9.760855587E1,2.958750153E1,-1.261875057E1,-1.950000000E1
9.762856441E1,2.955000114E1,-1.226250076E1,-1.876875114E1
9.764856709E1,2.962500191E1,-1.179375076E1,-1.833750153E1
9.766856464E1,3.011250114E1,-1.164375019E1,-1.783125114E1
9.768855884E1,2.951250076E1,-1.132500076E1,-1.781250000E1
9.770855004E1,2.949375153E1,-1.128750038E1,-1.666875076E1
9.772854955E1,2.908125114E1,-1.074375057E1,-1.728750038E1
9.774854686E1,2.889375114E1,-1.078125000E1,-1.665000153E1
9.776855197E1,2.887500191E1,-1.068750000E1,-1.635000038E1
9.778855226E1,2.866875076E1,-1.061250019E1,-1.582500076E1
9.780854849E1,2.829375076E1,-1.036875057E1,-1.642500114E1
9.782855280E1,2.846250153E1,-9.993750572E0,-1.612500000E1
9.784855277E1,2.799375153E1,-1.048125076E1,-1.621875000E1
9.786853862E1,2.758125114E1,-1.008750057E1,-1.588125038E1
9.788854460E1,2.730000114E1,-9.956250191E0,-1.618125153E1
9.790854554E1,2.718750191E1,-1.006875038E1,-1.588125038E1
9.792854253E1,2.662500191E1,-1.035000038E1,-1.586250019E1
9.794859259E1,2.681250191E1,-1.023750019E1,-1.627500153E1
9.796858206E1,2.653125191E1,-1.023750019E1,-1.627500153E1
9.798857935E1,2.709375191E1,-9.731250763E0,-1.670625114E1
9.800857276E1,2.690625191E1,-1.001250076E1,-1.680000114E1
9.802856290E1,2.679375076E1,-9.506250381E0,-1.680000114E1
9.804856191E1,2.698125076E1,-9.300000191E0,-1.721250153E1
9.806855845E1,2.688750076E1,-9.187500000E0,-1.741875076E1
9.808851918E1,2.788125038E1,-9.712500572E0,-1.745625114E1
9.810852871E1,2.737500191E1,-9.300000191E0,-1.753125000E1
9.812853315E1,2.795625114E1,-9.318750381E0,-1.734375000E1
9.814853326E1,2.844375038E1,-9.150000572E0,-1.725000000E1
9.816856390E1,2.874375153E1,-9.468750000E0,-1.706250000E1
9.818856117E1,2.910000038E1,-8.775000572E0,-1.695000076E1
9.820855410E1,2.932500076E1,-9.281250000E0,-1.696875000E1
9.822855530E1,2.900625038E1,-8.850000381E0,-1.738125038E1
9.824855228E1,2.979375076E1,-9.187500000E0,-1.719375038E1
9.826855562E1,3.028125191E1,-9.243750572E0,-1.657500076E1
9.828855567E1,3.088125038E1,-9.468750000E0,-1.638750076E1
9.830856254E1,3.163125038E1,-9.243750572E0,-1.558125019E1
9.832856364E1,3.136875153E1,-9.675000191E0,-1.661250114E1
9.834856027E1,3.146250153E1,-9.600000381E0,-1.610625076E1
9.836855333E1,3.225000000E1,-9.656250000E0,-1.726875114E1
9.838854431E1,3.273750305E1,-9.918750763E0,-1.635000038E1
9.840854570E1,3.285000229E1,-1.012500000E1,-1.635000038E1
9.842854171E1,3.382500076E1,-1.018125057E1,-1.595625019E1
9.844854586E1,3.361875153E1,-9.975000381E0,-1.606875038E1
9.846854544E1,3.421875000E1,-1.044375038E1,-1.494375038E1
9.848860918E1,3.481875229E1,-1.063125038E1,-1.558125019E1
9.850859797E1,3.468750000E1,-1.006875038E1,-1.485000038E1
9.852858293E1,3.538125229E1,-1.053750038E1,-1.404375076E1
9.854857762E1,3.603750229E1,-1.016250038E1,-1.406250095E1
9.856856918E1,3.652500153E1,-1.008750057E1,-1.365000057E1
9.858855844E1,3.652500153E1,-1.040625000E1,-1.335000038E1
9.860855792E1,3.757500076E1,-1.001250076E1,-1.222500038E1
9.862852119E1,3.796875000E1,-9.806250572E0,-1.265625095E1
9.864852150E1,3.834375000E1,-9.825000763E0,-1.235625076E1
9.866853042E1,3.900000000E1,-9.393750191E0,-1.173750019E1
9.868853411E1,3.819375229E1,-9.018750191E0,-1.098750019E1
9.870856747E1,3.870000076E1,-9.375000000E0,-1.027500057E1
9.872856686E1,3.907500076E1,-9.168750763E0,-1.038750076E1
9.874856131E1,3.924375153E1,-8.831250191E0,-9.562500000E0
9.876856379E1,3.875625229E1,-8.925000191E0,-9.450000763E0
9.878856143E1,3.931875229E1,-8.475000381E0,-9.056250572E0
9.880855391E1,3.873750305E1,-8.475000381E0,-8.606250763E0
9.882855681E1,3.873750305E1,-8.662500381E0,-8.625000000E0
9.884856609E1,3.834375000E1,-8.568750381E0,-8.287500381E0
9.886855796E1,3.806250000E1,-8.906250000E0,-7.762500286E0
9.888855875E1,3.776250076E1,-8.681250572E0,-7.856250286E0
9.890855520E1,3.808125305E1,-9.375000000E0,-8.081250191E0
9.892856005E1,3.825000000E1,-8.906250000E0,-7.668750286E0
9.894854848E1,3.643125153E1,-8.943750381E0,-9.375000000E0
9.896854653E1,3.643125153E1,-9.262500763E0,-9.281250000E0
9.898855248E1,3.616875076E1,-9.506250381E0,-9.993750572E0
9.900855310E1,3.598125076E1,-9.900000572E0,-9.900000572E0
9.902854848E1,3.609375000E1,-1.029375076E1,-1.001250076E1
9.904854243E1,3.532500076E1,-1.044375038E1,-1.050000000E1
9.906854472E1,3.435000229E1,-1.029375076E1,-1.089375019E1
9.908854259E1,3.476250076E1,-1.036875057E1,-1.153125000E1
9.910854846E1,3.408750153E1,-1.051875019E1,-1.192500019E1
9.912854919E1,3.358125305E1,-1.031250000E1,-1.158750057E1
9.914855732E1,3.371250153E1,-1.065000057E1,-1.284375095E1
9.916854949E1,3.283125305E1,-1.050000000E1,-1.312500095E1
9.918854875E1,3.294375229E1,-1.070625019E1,-1.314375019E1
9.920854413E1,3.253125000E1,-9.975000381E0,-1.363125038E1
9.922854775E1,3.275625229E1,-1.074375057E1,-1.406250095E1
9.924859201E1,3.168750191E1,-1.083750057E1,-1.372500038E1
9.926858829E1,3.118125153E1,-1.020000076E1,-1.423125076E1
9.928857964E1,3.118125153E1,-1.038750076E1,-1.443750095E1
9.930856816E1,3.178125191E1,-1.050000000E1,-1.445625019E1
9.932856603E1,3.041250038E1,-1.033125019E1,-1.503750038E1
9.934855963E1,3.003750038E1,-1.046250057E1,-1.595625019E1
9.936856302E1,2.973750114E1,-1.014375019E1,-1.605000114E1
9.938857289E1,2.904375076E1,-9.900000572E0,-1.635000038E1
9.940856515E1,2.876250076E1,-1.018125057E1,-1.653750038E1
9.942855498E1,2.923125076E1,-9.787500381E0,-1.696875000E1
9.944855428E1,2.838750076E1,-1.023750019E1,-1.715625000E1
9.946856180E1,2.831250191E1,-1.072500038E1,-1.715625000E1
9.948855230E1,2.810625076E1,-1.036875057E1,-1.818750000E1
9.950855195E1,2.752500153E1,-1.023750019E1,-1.837500000E1
9.952854798E1,2.701875114E1,-9.881250381E0,-1.908750153E1
9.954855243E1,2.692500114E1,-9.825000763E0,-1.835625076E1
9.956855100E1,2.673750114E1,-9.900000572E0,-1.856250000E1
9.958854711E1,2.722500038E1,-9.918750763E0,-1.858125114E1
9.960855125E1,2.634375191E1,-1.005000019E1,-1.918125153E1
9.962855078E1,2.653125191E1,-9.543750763E0,-1.959375000E1
9.964854628E1,2.604375076E1,-9.543750763E0,-1.925625038E1
9.966854992E1,2.613750076E1,-9.468750000E0,-1.905000114E1
9.968854922E1,2.585625076E1,-9.525000572E0,-1.966875076E1
9.970853457E1,2.583750153E1,-9.412500381E0,-1.978125000E1
9.972854045E1,2.518125153E1,-9.768750191E0,-1.996875000E1
9.974854126E1,2.476875114E1,-9.506250381E0,-1.933125114E1
9.976854932E1,2.458125114E1,-9.675000191E0,-1.963125038E1
9.978860825E1,2.467500114E1,-9.487500191E0,-1.953750038E1
9.980859307E1,2.458125114E1,-9.450000763E0,-2.026875114E1
9.982858632E1,2.439375114E1,-9.562500000E0,-1.995000076E1
9.984857616E1,2.420625114E1,-9.712500572E0,-2.056875038E1
9.986856381E1,2.362500000E1,-9.487500191E0,-2.064375114E1
9.988856007E1,2.323125076E1,-9.375000000E0,-2.085000038E1
9.990855484E1,2.401875114E1,-9.900000572E0,-2.077500153E1
9.992851455E1,2.351250076E1,-9.150000572E0,-2.126250076E1
9.994852338E1,2.351250076E1,-9.168750763E0,-2.105625153E1
9.996852782E1,2.347500038E1,-8.587500572E0,-2.073750114E1
9.998853918E1,2.379375076E1,-8.981250763E0,-2.116875076E1
1.000085785E2,2.338125038E1,-8.812500000E0,-2.021250153E1
1.000285709E2,2.358750153E1,-8.700000763E0,-2.064375114E1
1.000485711E2,2.356875038E1,-8.418750763E0,-2.043750000E1
1.000685665E2,2.368125153E1,-8.475000381E0,-2.116875076E1
1.000885585E2,2.368125153E1,-8.700000763E0,-2.064375114E1
1.001085581E2,2.319375038E1,-8.925000191E0,-1.991250038E1
1.001285552E2,2.326875114E1,-8.418750763E0,-2.032500076E1
1.001485487E2,2.340000153E1,-9.150000572E0,-1.970625114E1
1.001685509E2,2.340000153E1,-9.056250572E0,-1.950000000E1
1.001885489E2,2.319375038E1,-9.037500381E0,-1.980000114E1
1.002085547E2,2.388750076E1,-9.356250763E0,-1.961250114E1
1.002285442E2,2.358750153E1,-9.262500763E0,-1.950000000E1
1.002485450E2,2.377500153E1,-8.981250763E0,-1.920000076E1
1.002685513E2,2.398125076E1,-9.262500763E0,-1.951875114E1
1.002885524E2,2.435625076E1,-9.018750191E0,-1.899375153E1
1.003085490E2,2.512500191E1,-9.131250381E0,-1.747500038E1
1.003286104E2,2.386875153E1,-8.943750381E0,-1.835625076E1
1.003485970E2,2.430000114E1,-9.918750763E0,-1.860000038E1
1.003685808E2,2.405625153E1,-8.962500572E0,-1.805625153E1
1.003885745E2,2.465625191E1,-9.375000000E0,-1.818750000E1
1.004085653E2,2.428125191E1,-9.581250191E0,-1.786875153E1
1.004285542E2,2.439375114E1,-9.918750763E0,-1.890000153E1
1.004485534E2,2.450625038E1,-1.023750019E1,-1.839375114E1
1.004685168E2,2.460000038E1,-1.014375019E1,-1.830000114E1
1.004885284E2,2.456250191E1,-9.450000763E0,-1.860000038E1
1.005085345E2,2.448750114E1,-9.956250191E0,-1.828125000E1
1.005285362E2,2.478750038E1,-9.843750000E0,-1.871250153E1
1.005485790E2,2.495625114E1,-9.675000191E0,-1.818750000E1
1.005685744E2,2.497500038E1,-9.975000381E0,-1.798125076E1
1.005885655E2,2.523750114E1,-9.431250572E0,-1.747500038E1
1.006085652E2,2.505000114E1,-9.600000381E0,-1.768125153E1
1.006285606E2,2.505000114E1,-9.600000381E0,-1.768125153E1
1.006485515E2,2.497500038E1,-1.010625076E1,-1.756875038E1
1.006685534E2,2.555625153E1,-9.993750572E0,-1.800000000E1
1.006885619E2,2.527500153E1,-1.040625000E1,-1.779375076E1
1.007085532E2,2.506875038E1,-9.937500000E0,-1.726875114E1
1.007285537E2,2.516250038E1,-1.001250076E1,-1.768125153E1
1.007485501E2,2.499375153E1,-1.038750076E1,-1.788750076E1
1.007685550E2,2.510625076E1,-1.068750000E1,-1.779375076E1
1.007885549E2,2.538750076E1,-1.083750057E1,-1.708125114E1
1.008085504E2,2.480625153E1,-1.059375000E1,-1.756875038E1
1.008285541E2,2.546250153E1,-1.021875000E1,-1.758750153E1
1.008485533E2,2.527500153E1,-1.021875000E1,-1.738125038E1
1.008685473E2,2.576250076E1,-1.048125076E1,-1.655625153E1
1.008885401E2,2.557500076E1,-1.061250019E1,-1.770000076E1
1.009085418E2,2.566875076E1,-1.055625057E1,-1.696875000E1
1.009285393E2,2.548125076E1,-1.081875038E1,-1.749375153E1
1.009485448E2,2.536875153E1,-1.023750019E1,-1.738125038E1
1.009685454E2,2.482500076E1,-1.115625000E1,-1.830000114E1
1.009885419E2,2.482500076E1,-1.138125038E1,-1.768125153E1
1.010085253E2,2.490000153E1,-1.066875076E1,-1.820625114E1
1.010285295E2,2.482500076E1,-1.110000038E1,-1.756875038E1
1.010485404E2,2.491875076E1,-1.081875038E1,-1.882500076E1
1.010685452E2,2.463750076E1,-1.113750076E1,-1.850625038E1
1.010885900E2,2.521875191E1,-1.104375076E1,-1.873125076E1
1.011085863E2,2.521875191E1,-1.138125038E1,-1.811250114E1
1.011285781E2,2.512500191E1,-1.115625000E1,-1.820625114E1
1.011485663E2,2.490000153E1,-1.068750000E1,-1.788750076E1
1.011685639E2,2.542500114E1,-1.125000000E1,-1.873125076E1
1.011885566E2,2.550000191E1,-1.080000019E1,-1.801875114E1
1.012085597E2,2.484375191E1,-1.143750000E1,-1.861875153E1
1.012285697E2,2.452500153E1,-1.095000076E1,-1.830000114E1
1.012485618E2,2.445000076E1,-1.113750076E1,-1.839375114E1
1.012685628E2,2.493750191E1,-1.113750076E1,-1.873125076E1
1.012885594E2,2.475000191E1,-1.130625057E1,-1.914375114E1
1.013085756E2,2.570625114E1,-1.134375000E1,-1.698750114E1
1.013285618E2,2.482500076E1,-1.089375019E1,-1.923750114E1
1.013485574E2,2.473125076E1,-1.093125057E1,-1.871250153E1
1.013685502E2,2.493750191E1,-1.110000038E1,-1.935000038E1
1.013885521E2,2.521875191E1,-1.093125057E1,-1.905000114E1
1.014085489E2,2.570625114E1,-1.093125057E1,-1.916250038E1
1.014285438E2,2.538750076E1,-1.036875057E1,-1.841250038E1
1.014485471E2,2.540625191E1,-1.083750057E1,-1.884375000E1
1.014685458E2,2.531250191E1,-1.076250076E1,-1.852500153E1
1.014885525E2,2.559375191E1,-1.080000019E1,-1.790625000E1
1.015085535E2,2.570625114E1,-1.093125057E1,-1.916250038E1
1.015285507E2,2.521875191E1,-1.126875019E1,-1.800000000E1
1.015485454E2,2.535000038E1,-1.194375038E1,-1.852500153E1
1.015685470E2,2.503125191E1,-1.117500019E1,-1.800000000E1
1.015885445E2,2.493750191E1,-1.132500076E1,-1.861875153E1
1.016085499E2,2.535000038E1,-1.185000038E1,-1.852500153E1
1.016286068E2,2.523750114E1,-1.151250076E1,-1.905000114E1
1.016485903E2,2.533125114E1,-1.130625057E1,-1.914375114E1
1.016685826E2,2.581875038E1,-1.123125076E1,-1.906875038E1
1.016885718E2,2.581875038E1,-1.115625000E1,-1.884375000E1
1.017085590E2,2.568750191E1,-1.076250076E1,-1.854375076E1
1.017285559E2,2.658750153E1,-1.098750019E1,-1.867500114E1
1.017485506E2,2.621250153E1,-1.138125038E1,-1.835625076E1
1.017685213E2,2.610000038E1,-1.106250000E1,-1.875000000E1
1.017885278E2,2.610000038E1,-1.104375076E1,-1.906875038E1
1.018085300E2,2.600625038E1,-1.115625000E1,-1.886250114E1
1.018285394E2,2.572500038E1,-1.123125076E1,-1.895625114E1
1.018485659E2,2.611875153E1,-1.177500057E1,-1.856250000E1
1.018685710E2,2.619375038E1,-1.096875000E1,-1.875000000E1
1.018885702E2,2.593125153E1,-1.155000019E1,-1.886250114E1
1.019085646E2,2.572500038E1,-1.125000000E1,-1.875000000E1
1.019285559E2,2.604375076E1,-1.158750057E1,-2.000625038E1
1.019485548E2,2.630625153E1,-1.145625019E1,-1.906875038E1
1.019685517E2,2.640000153E1,-1.134375000E1,-1.929375076E1
1.019885561E2,2.668125153E1,-1.108125019E1,-1.867500114E1
1.020085557E2,2.658750153E1,-1.117500019E1,-1.876875114E1
1.020285513E2,2.688750076E1,-1.119375038E1,-1.858125114E1
1.020485554E2,2.718750191E1,-1.140000057E1,-1.869375038E1
1.020685548E2,2.758125114E1,-1.147500038E1,-1.921875000E1
1.020885515E2,2.746875191E1,-1.130625057E1,-1.869375038E1
1.021085544E2,2.698125076E1,-1.138125038E1,-1.878750038E1
1.021285528E2,2.775000191E1,-1.104375076E1,-1.818750000E1
1.021485475E2,2.737500191E1,-1.136250019E1,-1.931250000E1
1.021686074E2,2.716875076E1,-1.123125076E1,-1.826250076E1
1.021885931E2,2.720625114E1,-1.194375038E1,-1.942500114E1
1.022085763E2,2.720625114E1,-1.222500038E1,-1.807500076E1
1.022285698E2,2.739375114E1,-1.147500038E1,-1.910625076E1
1.022485607E2,2.760000038E1,-1.207500076E1,-1.912500000E1
1.022685608E2,2.769375038E1,-1.200000000E1,-1.880625153E1
1.022885574E2,2.786250114E1,-1.140000057E1,-1.912500000E1
1.023085187E2,2.863125038E1,-1.153125000E1,-1.726875114E1
1.023285285E2,2.746875191E1,-1.141875076E1,-1.848750114E1
1.023485334E2,2.795625114E1,-1.113750076E1,-1.860000038E1
1.023685338E2,2.784375191E1,-1.126875019E1,-1.798125076E1
1.023885759E2,2.823750114E1,-1.104375076E1,-1.861875153E1
1.024085708E2,2.805000114E1,-1.132500076E1,-1.860000038E1
1.024285614E2,2.806875038E1,-1.153125000E1,-1.861875153E1
1.024485608E2,2.784375191E1,-1.115625000E1,-1.798125076E1
1.024685562E2,2.844375038E1,-1.143750000E1,-1.861875153E1
1.024885588E2,2.846250153E1,-1.141875076E1,-1.893750000E1
1.025085467E2,2.827500153E1,-1.181250000E1,-1.893750000E1
1.025285554E2,2.806875038E1,-1.153125000E1,-1.871250153E1
1.025485584E2,2.848125076E1,-1.192500019E1,-1.873125076E1
1.025685566E2,2.806875038E1,-1.164375019E1,-1.850625038E1
1.025885511E2,2.827500153E1,-1.158750057E1,-1.935000038E1
1.026085656E2,2.855625153E1,-1.160625076E1,-1.925625038E1
1.026285617E2,2.865000153E1,-1.175625038E1,-1.831875038E1
1.026485540E2,2.872500038E1,-1.098750019E1,-1.800000000E1
1.026685552E2,2.891250038E1,-1.106250000E1,-1.852500153E1
1.026885523E2,2.891250038E1,-1.085625076E1,-1.863750076E1
1.027085456E2,2.881875038E1,-1.087500000E1,-1.831875038E1
1.027285482E2,2.889375114E1,-1.048125076E1,-1.841250038E1
1.027485465E2,2.900625038E1,-1.068750000E1,-1.831875038E1
1.027685523E2,2.831250191E1,-1.068750000E1,-1.798125076E1
1.027885528E2,2.910000038E1,-1.093125057E1,-1.760625076E1
1.028085492E2,2.840625191E1,-1.070625019E1,-1.756875038E1
1.028285539E2,2.853750038E1,-1.119375038E1,-1.779375076E1
1.028485322E2,2.812500191E1,-1.076250076E1,-1.809375000E1
1.028685326E2,2.805000114E1,-1.115625000E1,-1.818750000E1
1.028885406E2,2.833125114E1,-1.083750057E1,-1.871250153E1
1.029085433E2,2.812500191E1,-1.085625076E1,-1.818750000E1
1.029285865E2,2.823750114E1,-1.113750076E1,-1.871250153E1
1.029485822E2,2.754375076E1,-1.083750057E1,-1.816875076E1
1.029685731E2,2.805000114E1,-1.093125057E1,-1.871250153E1
1.029885724E2,2.775000191E1,-1.111875057E1,-1.860000038E1
1.030085674E2,2.756250191E1,-1.102500057E1,-1.860000038E1
1.030285578E2,2.726250076E1,-1.091250038E1,-1.869375038E1
1.030485593E2,2.775000191E1,-1.102500057E1,-1.848750114E1
1.030685126E2,2.754375076E1,-1.080000019E1,-1.901250076E1
1.030885168E2,2.763750076E1,-1.040625000E1,-1.890000153E1
1.031085285E2,2.722500038E1,-1.033125019E1,-1.846875000E1
1.031285344E2,2.683125114E1,-1.003125000E1,-1.803750038E1
1.031485580E2,2.673750114E1,-1.003125000E1,-1.824375153E1
1.031685498E2,2.730000114E1,-9.525000572E0,-1.858125114E1
1.031885498E2,2.671875191E1,-9.693750381E0,-1.865625000E1
1.032085570E2,2.688750076E1,-9.000000000E0,-1.886250114E1
1.032285583E2,2.688750076E1,-9.018750191E0,-1.856250000E1
1.032485536E2,2.698125076E1,-9.000000000E0,-1.897500038E1
1.032685473E2,2.688750076E1,-8.906250000E0,-1.886250114E1
1.032885491E2,2.671875191E1,-9.393750191E0,-1.897500038E1
1.033085468E2,2.660625076E1,-9.318750381E0,-1.824375153E1
1.033285520E2,2.595000076E1,-9.637500763E0,-1.946250153E1
1.033485521E2,2.565000153E1,-9.450000763E0,-1.905000114E1
1.033685483E2,2.536875153E1,-9.637500763E0,-1.903125000E1
1.033885425E2,2.529375076E1,-1.021875000E1,-1.925625038E1
1.034085440E2,2.490000153E1,-1.038750076E1,-1.944375038E1
1.034285412E2,2.456250191E1,-1.113750076E1,-2.017500114E1
1.034485464E2,2.437500191E1,-1.132500076E1,-2.006250000E1
1.034685468E2,2.398125076E1,-1.145625019E1,-1.953750038E1
1.034885430E2,2.426250076E1,-1.123125076E1,-1.995000076E1
1.035085468E2,2.340000153E1,-1.126875019E1,-2.055000114E1
1.035285458E2,2.407500076E1,-1.100625038E1,-2.025000000E1
1.035485524E2,2.321250153E1,-1.151250076E1,-1.961250114E1
1.035685529E2,2.358750153E1,-1.100625038E1,-2.013750076E1
1.035885497E2,2.326875114E1,-1.066875076E1,-2.055000114E1
1.036085104E2,2.375625038E1,-1.063125038E1,-1.993125153E1
1.036285202E2,2.356875038E1,-1.078125000E1,-2.075625038E1
1.036485244E2,2.364375114E1,-1.029375076E1,-2.034375000E1
1.036685354E2,2.343750000E1,-9.937500000E0,-1.981875038E1
1.036885630E2,2.422500038E1,-9.918750763E0,-2.045625114E1
1.037085573E2,2.364375114E1,-1.018125057E1,-2.086875153E1
1.037285594E2,2.390625000E1,-9.731250763E0,-2.013750076E1
1.037485563E2,2.381250000E1,-9.600000381E0,-2.066250038E1
1.037685607E2,2.439375114E1,-9.431250572E0,-2.056875038E1
1.037885583E2,2.418750191E1,-9.225000381E0,-2.045625114E1
1.038085539E2,2.383125114E1,-9.750000000E0,-2.137500000E1
1.038285571E2,2.362500000E1,-9.712500572E0,-2.013750076E1
1.038485555E2,2.371875000E1,-9.693750381E0,-2.075625038E1
1.038685501E2,2.347500038E1,-1.031250000E1,-2.169375038E1
1.038885532E2,2.334375000E1,-9.975000381E0,-2.075625038E1
1.039085519E2,2.321250153E1,-9.412500381E0,-2.000625038E1
1.039285477E2,2.313750076E1,-9.450000763E0,-2.105625153E1
1.039485505E2,2.300625038E1,-8.962500572E0,-2.103750038E1
1.039685490E2,2.323125076E1,-9.656250000E0,-2.115000153E1
1.039885549E2,2.323125076E1,-9.300000191E0,-2.199375153E1
1.040086231E2,2.263125038E1,-8.981250763E0,-2.227500153E1
1.040286042E2,2.311875153E1,-8.587500572E0,-2.229375076E1
1.040485942E2,2.272500038E1,-8.662500381E0,-2.248125076E1
1.040685813E2,2.251875114E1,-8.437500000E0,-2.289375114E1
1.040885671E2,2.263125038E1,-8.475000381E0,-2.415000153E1
1.041085632E2,2.235000038E1,-8.850000381E0,-2.257500076E1
1.041285569E2,2.193750000E1,-8.512500763E0,-2.298750114E1
1.041485272E2,2.158125114E1,-8.756250381E0,-2.379375076E1
1.041685330E2,2.137500000E1,-8.625000000E0,-2.411250114E1
1.041885348E2,2.071875000E1,-9.131250381E0,-2.368125153E1
1.042085330E2,2.081250000E1,-8.906250000E0,-2.420625114E1
1.042285731E2,2.036250114E1,-9.787500381E0,-2.418750191E1
1.042485669E2,2.015625000E1,-9.562500000E0,-2.439375114E1
1.042685680E2,1.966875076E1,-9.787500381E0,-2.375625038E1
1.042885645E2,1.929375076E1,-1.001250076E1,-2.488125038E1
1.043085576E2,1.936875153E1,-9.956250191E0,-2.250000000E1
1.043285577E2,1.833750153E1,-1.005000019E1,-2.518125153E1
1.043485554E2,1.815000153E1,-1.025625038E1,-2.495625114E1
1.043685061E2,1.736250114E1,-1.001250076E1,-2.535000038E1
1.043885186E2,1.678125000E1,-1.040625000E1,-2.512500191E1
1.044085261E2,1.698750114E1,-1.040625000E1,-2.514375114E1
1.044285284E2,1.640625000E1,-1.057500076E1,-2.553750038E1
1.044485384E2,1.620000076E1,-1.003125000E1,-2.625000191E1
1.044685420E2,1.591875076E1,-1.033125019E1,-2.604375076E1
1.044885514E2,1.591875076E1,-9.975000381E0,-2.718750191E1
1.045085545E2,1.545000076E1,-1.078125000E1,-2.655000114E1
1.045285527E2,1.503750038E1,-1.005000019E1,-2.705625153E1
1.045485567E2,1.526250076E1,-1.063125038E1,-2.737500191E1
1.045685570E2,1.498125076E1,-1.096875000E1,-2.664375114E1
1.045885524E2,1.438125038E1,-1.025625038E1,-2.838750076E1
1.046085560E2,1.410000038E1,-1.063125038E1,-2.859375191E1
1.046285547E2,1.400625038E1,-1.063125038E1,-2.827500153E1
1.046485493E2,1.344375038E1,-1.117500019E1,-2.887500191E1
1.046685527E2,1.342500019E1,-1.057500076E1,-2.919375038E1
1.046885299E2,1.316250038E1,-1.117500019E1,-2.876250076E1
1.047085294E2,1.314375019E1,-1.087500000E1,-2.896875191E1
1.047285369E2,1.297500038E1,-1.147500038E1,-2.855625153E1
1.047485392E2,1.276875019E1,-1.091250038E1,-2.958750153E1
1.047685937E2,1.237500095E1,-1.115625000E1,-2.885625076E1
1.047885868E2,1.239375019E1,-1.095000076E1,-3.061875153E1
1.048085755E2,1.151250076E1,-1.115625000E1,-2.986875153E1
1.048285728E2,1.141875076E1,-1.102500057E1,-3.058125114E1
1.048485661E2,1.173750019E1,-1.153125000E1,-3.048750114E1
1.048685551E2,1.113750076E1,-1.119375038E1,-3.099375153E1
1.048885557E2,1.065000057E1,-1.123125076E1,-2.983125114E1
1.049085087E2,1.044375038E1,-1.106250000E1,-3.108750153E1
1.049285123E2,1.016250038E1,-1.136250019E1,-3.086250114E1
1.049485238E2,9.393750191E0,-1.138125038E1,-3.187500191E1
1.049685298E2,8.943750381E0,-1.218750095E1,-3.146250153E1
1.049885537E2,8.662500381E0,-1.211250019E1,-3.238125229E1
1.050085567E2,8.081250191E0,-1.224375057E1,-3.153750038E1
1.050285543E2,7.500000477E0,-1.216875076E1,-3.245625305E1
1.050485593E2,6.825000286E0,-1.245000076E1,-3.255000305E1
1.050685588E2,6.918750286E0,-1.211250019E1,-3.316875076E1
1.050885528E2,6.150000095E0,-1.275000095E1,-3.221250153E1
1.051085453E2,5.475000381E0,-1.246875095E1,-3.301875305E1
1.051285463E2,4.875000000E0,-1.258125019E1,-3.249375153E1
1.051485430E2,4.593750000E0,-1.235625076E1,-3.300000000E1
1.051685479E2,3.825000048E0,-1.293750095E1,-3.277500153E1
1.051885478E2,3.225000143E0,-1.241250038E1,-3.285000229E1
1.052085439E2,3.112500191E0,-1.201875019E1,-3.273750305E1
1.052285494E2,2.437500000E0,-1.207500076E1,-3.313125229E1
1.052485482E2,2.137500048E0,-1.211250019E1,-3.240000153E1
1.052685543E2,1.537500024E0,-1.170000076E1,-3.226875305E1
1.052885552E2,7.875000238E-1,-1.256250095E1,-3.256875229E1
1.053086080E2,2.625000179E-1,-1.155000019E1,-3.266250229E1
1.053285993E2,0.000000000E0,-1.245000076E1,-3.213750076E1
1.053485865E2,-1.106250048E0,-1.171875000E1,-3.230625153E1
1.053685719E2,-1.556250095E0,-1.233750057E1,-3.178125191E1
1.053885671E2,-1.856250048E0,-1.241250038E1,-3.208125305E1
1.054085612E2,-2.531250000E0,-1.260000038E1,-3.174375153E1
1.054285628E2,-2.512500048E0,-1.299375057E1,-3.174375153E1
1.054485163E2,-3.206250191E0,-1.246875095E1,-3.193125153E1
1.054685205E2,-3.300000191E0,-1.256250095E1,-3.204375076E1
1.054885323E2,-4.031250000E0,-1.156875038E1,-3.170625114E1
1.055085384E2,-3.918750048E0,-1.205625057E1,-3.170625114E1
1.055285736E2,-4.425000191E0,-1.134375000E1,-3.198750114E1
1.055485629E2,-4.237500191E0,-1.136250019E1,-3.159375191E1
1.055685609E2,-5.343750000E0,-1.063125038E1,-3.185625076E1
1.055885549E2,-5.437500000E0,-1.070625019E1,-3.206250000E1
1.056085573E2,-6.018750191E0,-1.061250019E1,-3.183750153E1
1.056285536E2,-5.925000191E0,-1.053750038E1,-3.121875191E1
1.056485484E2,-6.637500286E0,-1.023750019E1,-3.108750153E1
1.056685514E2,-7.387500286E0,-1.083750057E1,-3.045000076E1
1.056885498E2,-8.175000191E0,-1.059375000E1,-3.093750191E1
1.057085446E2,-8.475000381E0,-1.048125076E1,-3.103125191E1
1.057285479E2,-8.962500572E0,-1.029375076E1,-3.060000038E1
1.057485471E2,-9.543750763E0,-1.068750000E1,-3.028125191E1
1.057685433E2,-1.050000000E1,-1.061250019E1,-3.108750153E1
1.057885465E2,-1.051875019E1,-1.063125038E1,-3.056250191E1
1.058085451E2,-1.140000057E1,-1.027500057E1,-3.116250038E1
1.058285511E2,-1.198125076E1,-1.038750076E1,-3.073125076E1
1.058485513E2,-1.231875038E1,-9.731250763E0,-2.988750076E1
1.058685481E2,-1.290000057E1,-9.937500000E0,-2.955000114E1
1.058885524E2,-1.290000057E1,-9.506250381E0,-3.007500076E1
1.059085517E2,-1.351875019E1,-9.243750572E0,-2.921250153E1
1.059285470E2,-1.342500019E1,-8.606250763E0,-2.985000038E1
1.059485505E2,-1.432500076E1,-8.625000000E0,-2.908125114E1
1.059685493E2,-1.421250057E1,-8.793750763E0,-2.951250076E1
1.059885230E2,-1.537500095E1,-8.662500381E0,-2.947500038E1
1.060085312E2,-1.530000019E1,-8.156250000E0,-2.968125153E1
1.060285342E2,-1.578750038E1,-8.475000381E0,-2.904375076E1
1.060485442E2,-1.659375000E1,-7.968750477E0,-2.902500153E1
1.060685932E2,-1.708125114E1,-7.837500095E0,-2.930625153E1
1.060885929E2,-1.756875038E1,-7.706250191E0,-2.940000153E1
1.061085867E2,-1.816875076E1,-7.631250381E0,-2.887500191E1
1.061285768E2,-1.865625000E1,-7.312500477E0,-2.885625076E1
1.061485643E2,-1.867500114E1,-7.050000191E0,-2.842500114E1
1.061685603E2,-1.916250038E1,-6.900000095E0,-2.883750153E1
1.061885550E2,-1.929375076E1,-6.562500477E0,-2.767500114E1
1.062085583E2,-1.998750114E1,-6.037500381E0,-2.806875038E1
1.062285569E2,-1.998750114E1,-6.037500381E0,-2.786250114E1
1.062485517E2,-2.011875153E1,-5.793750286E0,-2.683125114E1
1.062685552E2,-2.081250000E1,-5.400000095E0,-2.658750153E1
1.062885656E2,-2.071875000E1,-5.268750191E0,-2.700000191E1
1.063085585E2,-2.160000038E1,-5.268750191E0,-2.656875038E1
1.063285598E2,-2.139375114E1,-5.381250381E0,-2.668125153E1
1.063485569E2,-2.238750076E1,-4.837500095E0,-2.675625038E1
1.063685503E2,-2.280000114E1,-4.706250191E0,-2.548125076E1
1.063885513E2,-2.310000038E1,-4.443750381E0,-2.641875076E1
1.064085500E2,-2.328750038E1,-4.462500095E0,-2.598750114E1
1.064285448E2,-2.330625153E1,-4.012500286E0,-2.681250191E1
1.064485480E2,-2.400000000E1,-3.843750238E0,-2.596875191E1
1.064685466E2,-2.390625000E1,-3.843750238E0,-2.617500114E1
1.064885532E2,-2.366250038E1,-2.887500048E0,-2.576250076E1
1.065085545E2,-2.424375153E1,-2.925000191E0,-2.450625038E1
1.065285410E2,-2.454375076E1,-2.718750000E0,-2.460000038E1
1.065485479E2,-2.476875114E1,-2.100000143E0,-2.510625076E1
1.065685494E2,-2.465625191E1,-2.325000048E0,-2.448750114E1
1.065885467E2,-2.546250153E1,-1.893750072E0,-2.476875114E1
1.066085968E2,-2.535000038E1,-2.306250095E0,-2.435625076E1
1.066285864E2,-2.576250076E1,-1.781250119E0,-2.465625191E1
1.066485726E2,-2.596875191E1,-1.650000095E0,-2.360625076E1
1.066685684E2,-2.636250114E1,-1.331250072E0,-2.370000076E1
1.066885610E2,-2.617500114E1,-1.350000024E0,-2.349375153E1
1.067085501E2,-2.677500153E1,-8.250000477E-1,-2.379375076E1
1.067285393E2,-2.707500076E1,-8.062500358E-1,-2.388750076E1
1.067484950E2,-2.707500076E1,-6.000000238E-1,-2.409375191E1
1.067685122E2,-2.760000038E1,-2.437500060E-1,-2.281875038E1
1.067885232E2,-2.722500038E1,4.687500298E-1,-2.334375000E1
1.068085286E2,-2.685000038E1,5.437500477E-1,-2.325000000E1
1.068285518E2,-2.715000153E1,7.125000358E-1,-2.272500038E1
1.068485547E2,-2.782500076E1,8.812500238E-1,-2.332500076E1
1.068685518E2,-2.812500191E1,9.187500477E-1,-2.403750038E1
1.068885565E2,-2.788125038E1,1.856250048E0,-2.300625038E1
1.069085554E2,-2.836875153E1,1.968750119E0,-2.298750114E1
1.069285498E2,-2.818125153E1,2.137500048E0,-2.268750000E1
1.069485419E2,-2.850000191E1,2.775000095E0,-2.340000153E1
1.069685429E2,-2.859375191E1,2.587500095E0,-2.340000153E1
1.069885510E2,-2.831250191E1,2.962500095E0,-2.308125114E1
1.070085532E2,-2.872500038E1,3.468750238E0,-2.308125114E1
1.070285505E2,-2.814375114E1,3.393750191E0,-2.236875153E1
1.070485559E2,-2.810625076E1,4.762500286E0,-2.205000114E1
1.070685460E2,-2.842500114E1,5.512500286E0,-2.265000153E1
1.070885438E2,-2.820000076E1,4.593750000E0,-2.225625038E1
1.071085494E2,-2.803125191E1,5.606250286E0,-2.276250076E1
1.071285497E2,-2.743125153E1,5.156250000E0,-2.236875153E1
1.071485447E2,-2.775000191E1,5.906250000E0,-2.298750114E1
1.071685497E2,-2.795625114E1,6.000000000E0,-2.296875000E1
1.071885491E2,-2.775000191E1,5.812500000E0,-2.308125114E1
1.072085448E2,-2.823750114E1,5.700000286E0,-2.276250076E1
1.072285486E2,-2.786250114E1,6.225000381E0,-2.349375153E1
1.072485475E2,-2.765625191E1,5.906250000E0,-2.298750114E1
1.072685540E2,-2.767500114E1,6.412500381E0,-2.319375038E1
1.072885115E2,-2.728125191E1,6.506250381E0,-2.340000153E1
1.073085179E2,-2.737500191E1,6.187500477E0,-2.298750114E1
1.073285312E2,-2.662500191E1,6.862500191E0,-2.311875153E1
1.073485382E2,-2.739375114E1,6.543750286E0,-2.216250038E1
1.073685735E2,-2.711250114E1,6.806250095E0,-2.362500000E1
1.073885625E2,-2.761875153E1,7.143750191E0,-2.235000038E1
1.074085602E2,-2.730000114E1,6.768750191E0,-2.266875076E1
1.074285538E2,-2.750625038E1,6.993750095E0,-2.298750114E1
1.074485556E2,-2.748750114E1,6.618750095E0,-2.340000153E1
1.074685515E2,-2.797500038E1,6.375000477E0,-2.244375038E1
1.074885460E2,-2.690625191E1,6.468750477E0,-2.310000038E1
1.075085486E2,-2.730000114E1,6.600000381E0,-2.330625153E1
1.075285466E2,-2.701875114E1,6.975000381E0,-2.319375038E1
1.075485523E2,-2.703750038E1,7.162500381E0,-2.278125000E1
1.075685530E2,-2.715000153E1,7.537500381E0,-2.257500076E1
1.075885494E2,-2.715000153E1,7.743750095E0,-2.266875076E1
1.076085539E2,-2.673750114E1,7.350000381E0,-2.300625038E1
1.076285530E2,-2.656875038E1,7.725000381E0,-2.259375000E1
1.076485482E2,-2.685000038E1,7.668750286E0,-2.330625153E1
1.076685516E2,-2.716875076E1,7.931250095E0,-2.246250153E1
1.076885497E2,-2.696250153E1,7.837500095E0,-2.257500076E1
1.077085560E2,-2.685000038E1,7.537500381E0,-2.248125076E1
1.077285569E2,-2.685000038E1,7.687500477E0,-2.341875076E1
1.077485533E2,-2.686875153E1,7.968750477E0,-2.319375038E1
1.077685575E2,-2.619375038E1,7.931250095E0,-2.280000114E1
1.077885567E2,-2.600625038E1,8.343750000E0,-2.323125076E1
1.078085522E2,-2.572500038E1,8.606250763E0,-2.291250038E1
1.078285347E2,-2.570625114E1,8.306250572E0,-2.291250038E1
1.078485381E2,-2.551875114E1,8.512500763E0,-2.302500153E1
1.078685373E2,-2.600625038E1,8.437500000E0,-2.323125076E1
1.078885441E2,-2.610000038E1,8.250000000E0,-2.343750000E1
1.079085798E2,-2.589375114E1,7.818750381E0,-2.302500153E1
1.079285694E2,-2.617500114E1,7.968750477E0,-2.373750114E1
1.079485672E2,-2.540625191E1,8.231250763E0,-2.355000114E1
1.079685610E2,-2.527500153E1,7.575000286E0,-2.407500076E1
1.079885522E2,-2.482500076E1,8.250000000E0,-2.388750076E1
1.080085521E2,-2.471250153E1,8.043750763E0,-2.398125076E1
1.080285487E2,-2.433750153E1,8.325000763E0,-2.388750076E1
1.080485644E2,-2.461875153E1,8.268750191E0,-2.461875153E1
1.080685615E2,-2.424375153E1,8.362500191E0,-2.473125076E1
1.080885548E2,-2.471250153E1,8.400000572E0,-2.512500191E1
1.081085567E2,-2.480625153E1,7.781250477E0,-2.450625038E1
1.081285657E2,-2.480625153E1,8.118750572E0,-2.533125114E1
1.081485575E2,-2.467500114E1,7.425000191E0,-2.535000038E1
1.081685577E2,-2.497500038E1,7.312500477E0,-2.503125191E1
1.081885539E2,-2.476875114E1,7.481250286E0,-2.617500114E1
1.082085472E2,-2.411250114E1,7.837500095E0,-2.587500191E1
1.082285480E2,-2.441250038E1,8.062500000E0,-2.608125114E1
1.082485465E2,-2.448750114E1,7.668750286E0,-2.628750038E1
1.082685522E2,-2.398125076E1,7.575000286E0,-2.660625076E1
1.082885529E2,-2.430000114E1,7.893750191E0,-2.670000076E1
1.083085493E2,-2.418750191E1,7.893750191E0,-2.681250191E1
1.083285537E2,-2.465625191E1,7.331250191E0,-2.701875114E1
1.083485536E2,-2.446875191E1,7.425000191E0,-2.722500038E1
1.083685391E2,-2.505000114E1,7.575000286E0,-2.773125076E1
1.083885451E2,-2.512500191E1,7.293750286E0,-2.793750191E1
1.084085459E2,-2.591250038E1,7.331250191E0,-2.812500191E1
1.084285426E2,-2.540625191E1,7.237500191E0,-2.844375038E1
1.084485926E2,-2.535000038E1,7.987500191E0,-2.791875076E1
1.084685822E2,-2.521875191E1,7.218750477E0,-2.823750114E1
1.084885797E2,-2.555625153E1,8.118750572E0,-2.833125114E1
1.085085731E2,-2.535000038E1,8.025000572E0,-2.844375038E1
1.085285634E2,-2.557500076E1,8.493750572E0,-2.801250076E1
1.085485619E2,-2.535000038E1,8.118750572E0,-2.844375038E1
1.085685582E2,-2.643750191E1,8.550000191E0,-2.850000191E1
1.085885077E2,-2.632500076E1,8.062500000E0,-2.861250114E1
1.086085197E2,-2.653125191E1,8.381250381E0,-2.870625114E1
1.086285266E2,-2.711250114E1,7.968750477E0,-2.818125153E1
1.086485287E2,-2.670000076E1,7.875000477E0,-2.850000191E1
1.086685612E2,-2.692500114E1,8.400000572E0,-2.900625038E1
1.086885599E2,-2.741250038E1,8.381250381E0,-2.827500153E1
1.087085538E2,-2.724375153E1,8.962500572E0,-2.827500153E1
1.087285555E2,-2.726250076E1,9.262500763E0,-2.827500153E1
1.087485527E2,-2.765625191E1,9.487500191E0,-2.846250153E1
1.087685566E2,-2.756250191E1,9.450000763E0,-2.805000114E1
1.087885564E2,-2.735625076E1,9.337500572E0,-2.784375191E1
1.088085521E2,-2.814375114E1,9.675000191E0,-2.823750114E1
1.088285557E2,-2.855625153E1,9.656250000E0,-2.750625038E1
1.088485546E2,-2.825625038E1,9.412500381E0,-2.700000191E1
1.088685495E2,-2.825625038E1,9.750000000E0,-2.761875153E1
1.088885532E2,-2.805000114E1,9.243750572E0,-2.752500153E1
1.089085419E2,-2.720625114E1,9.975000381E0,-2.692500114E1
1.089285390E2,-2.731875038E1,1.027500057E1,-2.701875114E1
1.089485443E2,-2.731875038E1,1.046250057E1,-2.681250191E1
1.089685446E2,-2.655000114E1,1.040625000E1,-2.600625038E1
1.089886087E2,-2.653125191E1,1.014375019E1,-2.671875191E1
1.090085976E2,-2.655000114E1,1.042500019E1,-2.651250076E1
1.090285831E2,-2.643750191E1,1.010625076E1,-2.610000038E1
1.090485778E2,-2.664375114E1,1.031250000E1,-2.621250153E1
1.090685694E2,-2.634375191E1,1.008750057E1,-2.600625038E1
1.090885587E2,-2.606250191E1,1.018125057E1,-2.591250038E1
1.091085468E2,-2.613750076E1,9.768750191E0,-2.570625114E1
1.091285128E2,-2.574375153E1,9.768750191E0,-2.570625114E1
1.091485155E2,-2.546250153E1,1.005000019E1,-2.581875038E1
1.091685264E2,-2.495625114E1,9.637500763E0,-2.574375153E1
1.091885316E2,-2.503125191E1,9.150000572E0,-2.563125038E1
1.092085664E2,-2.460000038E1,1.012500000E1,-2.565000153E1
1.092285668E2,-2.460000038E1,1.008750057E1,-2.501250076E1
1.092485619E2,-2.448750114E1,9.675000191E0,-2.503125191E1
1.092685646E2,-2.437500191E1,9.281250000E0,-2.503125191E1
1.092885621E2,-2.437500191E1,9.375000000E0,-2.482500076E1
1.093085545E2,-2.356875038E1,8.756250381E0,-2.484375191E1
1.093285575E2,-2.310000038E1,8.793750763E0,-2.403750038E1
1.093485555E2,-2.424375153E1,8.812500000E0,-2.544375038E1
1.093685498E2,-2.386875153E1,9.168750763E0,-2.514375114E1
1.093885527E2,-2.347500038E1,9.056250572E0,-2.505000114E1
1.094085512E2,-2.319375038E1,9.168750763E0,-2.548125076E1
1.094285462E2,-2.319375038E1,9.375000000E0,-2.557500076E1
1.094485494E2,-2.340000153E1,9.225000381E0,-2.463750076E1
1.094685480E2,-2.289375114E1,8.925000191E0,-2.486250114E1
1.094885542E2,-2.287500000E1,8.643750191E0,-2.508750153E1
1.095085549E2,-2.328750038E1,8.962500572E0,-2.516250038E1
1.095285503E2,-2.285625076E1,8.025000572E0,-2.476875114E1
1.095485552E2,-2.276250076E1,8.250000000E0,-2.518125153E1
1.095685547E2,-2.300625038E1,7.162500381E0,-2.497500038E1
1.095885503E2,-2.300625038E1,7.293750286E0,-2.570625114E1
1.096085539E2,-2.281875038E1,7.256250381E0,-2.520000076E1
1.096285526E2,-2.214375114E1,7.368750095E0,-2.563125038E1
1.096485479E2,-2.212500000E1,7.068750381E0,-2.551875114E1
1.096685189E2,-2.163750076E1,7.162500381E0,-2.585625076E1
1.096885251E2,-2.156250000E1,7.537500381E0,-2.544375038E1
1.097085379E2,-2.124375153E1,7.143750191E0,-2.565000153E1
1.097285442E2,-2.203125000E1,6.937500477E0,-2.512500191E1
1.097485902E2,-2.133750153E1,6.506250381E0,-2.503125191E1
1.097685766E2,-2.180625153E1,6.243750095E0,-2.523750114E1
1.097885715E2,-2.218125153E1,6.168750286E0,-2.542500114E1
1.098085627E2,-2.236875153E1,5.962500095E0,-2.531250191E1
1.098285628E2,-2.197500038E1,5.775000095E0,-2.565000153E1
1.098485574E2,-2.195625114E1,5.606250286E0,-2.617500114E1
1.098685510E2,-2.225625038E1,5.831250191E0,-2.647500038E1
1.098885642E2,-2.197500038E1,5.681250095E0,-2.574375153E1
1.099085593E2,-2.126250076E1,5.268750191E0,-2.578125191E1
1.099285513E2,-2.206875038E1,5.343750000E0,-2.491875076E1
1.099485524E2,-2.197500038E1,5.662500381E0,-2.544375038E1
1.099685611E2,-2.188125038E1,5.550000191E0,-2.503125191E1
1.099885637E2,-2.216250038E1,5.531250000E0,-2.460000038E1
1.100085613E2,-2.186250114E1,5.137500286E0,-2.491875076E1
1.100285552E2,-2.235000038E1,5.250000000E0,-2.501250076E1
1.100485578E2,-2.263125038E1,4.875000000E0,-2.501250076E1
1.100685552E2,-2.242500114E1,4.893750191E0,-2.542500114E1
1.100885616E2,-2.268750000E1,4.106250286E0,-2.563125038E1
1.101085619E2,-2.281875038E1,4.762500286E0,-2.490000153E1
1.101285580E2,-2.349375153E1,4.593750000E0,-2.476875114E1
1.101485510E2,-2.310000038E1,4.668750286E0,-2.469375038E1
1.101685527E2,-2.311875153E1,4.987500191E0,-2.499375153E1
1.101885506E2,-2.319375038E1,4.481250286E0,-2.467500114E1
1.102085350E2,-2.291250038E1,4.687500000E0,-2.510625076E1
1.102285401E2,-2.311875153E1,4.762500286E0,-2.467500114E1
1.102485406E2,-2.300625038E1,4.650000095E0,-2.458125114E1
1.102685484E2,-2.313750076E1,5.343750000E0,-2.446875191E1
1.102885959E2,-2.293125153E1,4.968750000E0,-2.490000153E1
1.103085946E2,-2.323125076E1,5.175000191E0,-2.478750038E1
1.103285878E2,-2.321250153E1,4.406250000E0,-2.355000114E1
1.103485775E2,-2.409375191E1,4.950000286E0,-2.392500114E1
1.103685647E2,-2.398125076E1,4.556250095E0,-2.403750038E1
1.103885607E2,-2.379375076E1,4.650000095E0,-2.415000153E1
1.104085554E2,-2.465625191E1,4.406250000E0,-2.443125153E1
1.104285149E2,-2.428125191E1,4.575000286E0,-2.401875114E1
1.104485237E2,-2.396250153E1,4.218750000E0,-2.486250114E1
1.104685280E2,-2.409375191E1,4.893750191E0,-2.465625191E1
1.104885391E2,-2.439375114E1,4.893750191E0,-2.454375076E1
1.105085670E2,-2.439375114E1,4.968750000E0,-2.401875114E1
1.105285621E2,-2.437500191E1,4.368750095E0,-2.413125038E1
1.105485646E2,-2.441250038E1,5.343750000E0,-2.381250000E1
1.105685620E2,-2.409375191E1,4.950000286E0,-2.383125114E1
1.105885554E2,-2.478750038E1,4.931250095E0,-2.308125114E1
1.106085563E2,-2.497500038E1,4.968750000E0,-2.358750153E1
1.106285544E2,-2.499375153E1,5.137500286E0,-2.326875114E1
1.106485488E2,-2.529375076E1,5.381250381E0,-2.379375076E1
1.106685515E2,-2.518125153E1,4.950000286E0,-2.338125038E1
1.106885497E2,-2.527500153E1,4.912500381E0,-2.253750038E1
1.107085443E2,-2.538750076E1,5.343750000E0,-2.306250000E1
1.107285479E2,-2.557500076E1,4.950000286E0,-2.295000076E1
1.107485485E2,-2.604375076E1,4.593750000E0,-2.345625114E1
1.107685543E2,-2.529375076E1,5.250000000E0,-2.326875114E1
1.107885547E2,-2.585625076E1,4.875000000E0,-2.325000000E1
1.108085508E2,-2.548125076E1,5.137500286E0,-2.306250000E1
1.108286115E2,-2.587500191E1,5.081250191E0,-2.336250114E1
1.108485977E2,-2.501250076E1,5.756250381E0,-2.347500038E1
1.108685812E2,-2.540625191E1,5.512500286E0,-2.253750038E1
1.108885746E2,-2.521875191E1,5.962500095E0,-2.368125153E1
1.109085653E2,-2.501250076E1,5.662500381E0,-2.368125153E1
1.109285539E2,-2.463750076E1,5.925000191E0,-2.317500114E1
1.109485420E2,-2.471250153E1,5.681250095E0,-2.420625114E1
1.109685078E2,-2.501250076E1,5.643750191E0,-2.347500038E1
1.109885217E2,-2.531250191E1,5.868750095E0,-2.356875038E1
1.110085301E2,-2.501250076E1,5.775000095E0,-2.388750076E1
1.110285336E2,-2.510625076E1,5.756250381E0,-2.358750153E1
1.110485665E2,-2.566875076E1,5.156250000E0,-2.304375076E1
1.110685653E2,-2.536875153E1,4.875000000E0,-2.356875038E1
1.110885593E2,-2.580000114E1,5.756250381E0,-2.313750076E1
1.111085613E2,-2.615625191E1,5.100000381E0,-2.355000114E1
1.111285586E2,-2.617500114E1,5.437500000E0,-2.272500038E1
1.111485508E2,-2.647500038E1,5.231250286E0,-2.240625000E1
1.111685534E2,-2.606250191E1,5.081250191E0,-2.334375000E1
1.111885511E2,-2.576250076E1,4.875000000E0,-2.345625114E1
1.112085455E2,-2.613750076E1,4.687500000E0,-2.334375000E1
1.112285483E2,-2.604375076E1,4.481250286E0,-2.313750076E1
1.112485467E2,-2.595000076E1,4.743750095E0,-2.263125038E1
1.112685531E2,-2.634375191E1,4.687500000E0,-2.313750076E1
1.112885540E2,-2.585625076E1,4.837500095E0,-2.283750153E1
1.113085503E2,-2.613750076E1,4.668750286E0,-2.304375076E1
1.113285545E2,-2.536875153E1,4.162500381E0,-2.150625038E1
1.113485538E2,-2.604375076E1,4.312500000E0,-2.201250076E1
1.113685489E2,-2.634375191E1,4.650000095E0,-2.261250114E1
1.113885529E2,-2.611875153E1,3.937500238E0,-2.231250000E1
1.114085517E2,-2.670000076E1,3.956250191E0,-2.240625000E1
1.114285466E2,-2.621250153E1,3.731250048E0,-2.210625076E1
1.114485498E2,-2.651250076E1,4.050000191E0,-2.251875114E1
1.114685486E2,-2.658750153E1,3.450000048E0,-2.240625000E1
1.114885437E2,-2.718750191E1,3.637500048E0,-2.165625000E1
1.115085260E2,-2.668125153E1,3.431250095E0,-2.199375153E1
1.115285294E2,-2.698125076E1,3.225000143E0,-2.176875114E1
1.115485403E2,-2.718750191E1,3.768750191E0,-2.229375076E1
1.115685449E2,-2.681250191E1,4.012500286E0,-2.167500114E1
1.115885898E2,-2.651250076E1,4.031250000E0,-2.199375153E1
1.116085862E2,-2.671875191E1,4.106250286E0,-2.146875000E1
1.116285775E2,-2.641875076E1,3.693750143E0,-2.137500000E1
1.116485659E2,-2.671875191E1,4.125000000E0,-2.176875114E1
1.116685635E2,-2.701875114E1,4.087500095E0,-2.115000153E1
1.116885571E2,-2.621250153E1,3.337500095E0,-2.055000114E1
1.117085488E2,-2.698125076E1,3.393750191E0,-2.126250076E1
1.117285609E2,-2.739375114E1,3.993750095E0,-2.113125038E1
1.117485554E2,-2.737500191E1,3.525000095E0,-2.145000076E1
1.117685581E2,-2.728125191E1,3.618750095E0,-2.156250000E1
1.117885566E2,-2.767500114E1,3.450000048E0,-2.165625000E1
1.118085627E2,-2.745000076E1,3.150000095E0,-2.165625000E1
1.118285634E2,-2.696250153E1,3.018750191E0,-2.146875000E1
1.118485596E2,-2.660625076E1,3.487500191E0,-2.137500000E1
1.118685522E2,-2.688750076E1,3.281250238E0,-2.105625153E1
1.118885540E2,-2.677500153E1,3.112500191E0,-2.137500000E1
1.119085518E2,-2.679375076E1,3.412500143E0,-2.146875000E1
1.119285576E2,-2.728125191E1,3.300000191E0,-2.103750038E1
1.119485578E2,-2.726250076E1,3.037500143E0,-2.156250000E1
1.119685538E2,-2.709375191E1,3.412500143E0,-2.124375153E1
1.119885578E2,-2.814375114E1,3.131250143E0,-2.111250114E1
1.120085570E2,-2.771250153E1,2.100000143E0,-2.071875000E1
1.120285529E2,-2.833125114E1,2.756250143E0,-2.143125153E1
1.120485353E2,-2.805000114E1,2.887500048E0,-2.028750038E1
1.120685390E2,-2.737500191E1,3.093750238E0,-2.094375038E1
1.120885384E2,-2.803125191E1,2.718750000E0,-2.101875114E1
1.121085453E2,-2.795625114E1,3.018750191E0,-2.081250000E1
1.121286036E2,-2.776875114E1,3.281250238E0,-2.040000153E1
1.121485880E2,-2.780625153E1,3.731250048E0,-1.966875076E1
1.121685811E2,-2.820000076E1,3.975000143E0,-2.028750038E1
1.121885709E2,-2.818125153E1,3.862500191E0,-1.987500000E1
1.122085699E2,-2.790000153E1,3.843750238E0,-1.976250076E1
1.122285635E2,-2.801250076E1,4.237500191E0,-1.966875076E1
1.122485562E2,-2.857500076E1,3.975000143E0,-2.006250000E1
1.122685141E2,-2.790000153E1,4.143750191E0,-1.996875000E1
1.122885215E2,-2.840625191E1,4.406250000E0,-2.058750153E1
1.123085248E2,-2.870625114E1,4.556250095E0,-1.974375153E1
1.123285356E2,-2.692500114E1,3.787500143E0,-1.938750076E1
1.123485632E2,-2.831250191E1,4.687500000E0,-2.038125038E1
1.123685694E2,-2.812500191E1,4.875000000E0,-2.047500038E1
1.123885691E2,-2.805000114E1,5.156250000E0,-2.017500114E1
1.124085644E2,-2.775000191E1,5.081250191E0,-2.081250000E1
1.124285560E2,-2.814375114E1,5.100000381E0,-2.079375076E1
1.124485553E2,-2.746875191E1,5.325000286E0,-1.987500000E1
1.124685521E2,-2.735625076E1,5.175000191E0,-2.071875000E1
1.124885568E2,-2.726250076E1,5.268750191E0,-2.081250000E1
1.125085563E2,-2.835000038E1,5.381250381E0,-2.036250114E1
1.125285517E2,-2.840625191E1,4.706250191E0,-2.068125153E1
1.125485556E2,-2.842500114E1,5.137500286E0,-2.141250038E1
1.125685434E2,-2.803125191E1,5.250000000E0,-2.173125076E1
1.125885424E2,-2.833125114E1,5.118750095E0,-2.100000000E1
1.126085477E2,-2.840625191E1,4.650000095E0,-2.141250038E1
1.126285480E2,-2.891250038E1,5.250000000E0,-2.128125000E1
1.126485445E2,-2.831250191E1,4.875000000E0,-2.193750000E1
1.126686058E2,-2.863125038E1,5.362500191E0,-2.171250153E1
1.126885925E2,-2.893125153E1,5.643750191E0,-2.118750000E1
1.127085875E2,-2.893125153E1,5.643750191E0,-2.118750000E1
1.127285788E2,-2.848125076E1,6.431250095E0,-2.160000038E1
1.127485673E2,-2.885625076E1,6.262500286E0,-2.160000038E1
1.127685675E2,-2.893125153E1,5.850000381E0,-2.148750114E1
1.127885624E2,-2.913750076E1,5.868750095E0,-2.180625153E1
1.128085216E2,-2.953125191E1,6.075000286E0,-2.146875000E1
1.128285303E2,-2.934375191E1,6.056250095E0,-2.148750114E1
1.128485341E2,-2.981250191E1,5.756250381E0,-2.105625153E1
1.128685340E2,-2.970000076E1,5.400000095E0,-2.178750038E1
1.128885755E2,-2.973750114E1,6.468750477E0,-2.146875000E1
1.129085702E2,-2.973750114E1,5.943750381E0,-2.085000038E1
1.129285607E2,-3.015000153E1,6.656250477E0,-2.113125038E1
1.129485603E2,-3.052500153E1,6.487500191E0,-2.122500038E1
1.129685556E2,-3.024375153E1,6.881250381E0,-2.154375076E1
1.129885578E2,-2.986875153E1,6.843750477E0,-2.094375038E1
1.130085571E2,-2.986875153E1,6.825000286E0,-2.053125000E1
1.130285636E2,-2.979375076E1,7.518750191E0,-2.062500000E1
1.130485645E2,-2.979375076E1,7.406250477E0,-2.051250076E1
1.130685608E2,-2.998125076E1,7.125000477E0,-2.062500000E1
1.130885539E2,-3.016875076E1,7.350000381E0,-2.103750038E1
1.131085561E2,-3.009375191E1,7.406250477E0,-2.040000153E1
1.131285539E2,-3.037500191E1,7.443750381E0,-2.071875000E1
1.131485479E2,-3.028125191E1,7.331250191E0,-2.071875000E1
1.131685510E2,-3.067500114E1,7.443750381E0,-2.060625076E1
1.131885492E2,-3.067500114E1,7.631250381E0,-2.060625076E1
1.132085543E2,-3.106875038E1,7.875000477E0,-2.100000000E1
1.132285440E2,-3.048750114E1,7.818750381E0,-2.040000153E1
1.132485435E2,-3.022500038E1,8.306250572E0,-2.040000153E1
1.132685503E2,-3.061875153E1,8.643750191E0,-2.090625000E1
1.132885516E2,-3.003750038E1,8.287500381E0,-2.030625153E1
1.133085487E2,-3.031875038E1,8.400000572E0,-2.008125114E1
1.133285426E2,-2.955000114E1,8.456250191E0,-1.989375114E1
1.133485238E2,-2.934375191E1,8.362500191E0,-2.011875153E1
1.133685265E2,-2.917500114E1,8.662500381E0,-2.021250153E1
1.133885366E2,-2.953125191E1,8.081250191E0,-2.021250153E1
1.134085408E2,-2.955000114E1,8.437500000E0,-1.948125076E1
1.134285856E2,-2.925000191E1,8.175000191E0,-2.041875076E1
1.134485818E2,-2.943750191E1,8.175000191E0,-2.021250153E1
1.134685731E2,-2.934375191E1,8.400000572E0,-2.083125114E1
1.134885726E2,-2.906250191E1,8.343750000E0,-1.991250038E1
1.135085680E2,-2.990625191E1,7.893750191E0,-2.019375038E1
1.135285586E2,-2.973750114E1,8.325000763E0,-2.092500114E1
1.135485600E2,-2.923125076E1,7.837500095E0,-1.970625114E1
1.135685681E2,-3.031875038E1,7.987500191E0,-1.998750114E1
1.135885592E2,-3.001875114E1,7.987500191E0,-2.019375038E1
1.136085593E2,-3.030000114E1,7.912500381E0,-2.028750038E1
1.136285555E2,-2.971875191E1,8.006250381E0,-2.071875000E1
1.136485714E2,-2.983125114E1,8.193750381E0,-2.030625153E1
1.136685686E2,-2.983125114E1,8.531250000E0,-2.103750038E1
1.136885617E2,-2.913750076E1,7.856250286E0,-1.991250038E1
1.137085523E2,-2.810625076E1,8.662500381E0,-1.910625076E1
1.137285523E2,-2.878125191E1,8.437500000E0,-1.835625076E1
1.137485478E2,-2.821875191E1,8.775000572E0,-1.755000114E1
1.137685416E2,-2.870625114E1,8.812500000E0,-1.805625153E1
1.137885441E2,-2.801250076E1,8.512500763E0,-1.828125000E1
1.138085424E2,-2.840625191E1,8.512500763E0,-1.816875076E1
1.138285486E2,-2.859375191E1,8.325000763E0,-1.826250076E1
1.138485495E2,-2.898750114E1,8.606250763E0,-1.950000000E1
1.138685578E2,-2.945625114E1,8.306250572E0,-1.897500038E1
1.138885499E2,-2.973750114E1,8.231250763E0,-1.936875153E1
1.139085494E2,-2.964375114E1,8.156250000E0,-1.968750000E1
1.139285452E2,-2.799375153E1,8.325000763E0,-1.860000038E1
1.139485492E2,-2.808750153E1,7.818750381E0,-1.839375114E1
1.139686047E2,-2.885625076E1,8.006250381E0,-1.929375076E1
1.139885870E2,-2.866875076E1,8.175000191E0,-1.899375153E1
1.140085788E2,-2.913750076E1,7.631250381E0,-1.950000000E1
1.140285677E2,-2.825625038E1,7.725000381E0,-2.004375076E1
1.140485659E2,-2.960625076E1,7.668750286E0,-2.156250000E1
1.140685591E2,-2.895000076E1,8.081250191E0,-2.043750000E1
1.140885516E2,-2.816250038E1,7.762500286E0,-1.901250076E1
1.141085096E2,-2.829375076E1,8.156250000E0,-1.890000153E1
1.141285173E2,-2.876250076E1,8.212500572E0,-1.961250114E1
1.141485206E2,-2.782500076E1,8.643750191E0,-1.880625153E1
1.141685314E2,-2.973750114E1,8.531250000E0,-2.124375153E1
1.141885592E2,-2.844375038E1,8.250000000E0,-2.210625076E1
1.142085655E2,-2.776875114E1,8.268750191E0,-2.120625114E1
1.142285652E2,-2.778750038E1,8.325000763E0,-2.026875114E1
1.142485604E2,-2.936250114E1,8.756250381E0,-2.021250153E1
1.142685634E2,-2.898750114E1,8.906250000E0,-1.938750076E1
1.142885598E2,-2.917500114E1,8.850000381E0,-1.991250038E1
1.143085545E2,-2.900625038E1,9.300000191E0,-1.938750076E1
1.143285571E2,-2.986875153E1,8.850000381E0,-1.957500076E1
1.143485552E2,-2.938125038E1,8.718750000E0,-1.948125076E1
1.143685495E2,-2.908125114E1,8.625000000E0,-1.980000114E1
1.143885524E2,-2.986875153E1,8.718750000E0,-1.916250038E1
1.144085510E2,-3.026250076E1,9.037500381E0,-1.914375114E1
1.144285470E2,-2.919375038E1,8.512500763E0,-1.762500000E1
1.144485501E2,-2.878125191E1,8.456250191E0,-1.846875000E1
1.144685487E2,-2.878125191E1,8.025000572E0,-1.794375038E1
1.144885547E2,-2.838750076E1,8.062500000E0,-1.878750038E1
1.145085545E2,-2.895000076E1,7.781250477E0,-1.899375153E1
1.145285514E2,-2.827500153E1,7.818750381E0,-1.816875076E1
1.145485560E2,-2.964375114E1,8.231250763E0,-1.936875153E1
1.145685553E2,-3.000000191E1,7.462500095E0,-1.968750000E1
1.145885506E2,-2.962500191E1,7.950000286E0,-1.968750000E1
1.146085541E2,-2.971875191E1,7.743750095E0,-1.959375000E1
1.146285530E2,-2.945625114E1,8.437500000E0,-1.959375000E1
1.146485269E2,-2.992500114E1,8.081250191E0,-1.998750114E1
1.146685350E2,-3.005625153E1,8.531250000E0,-1.905000114E1
1.146885381E2,-3.013125038E1,8.212500572E0,-1.884375000E1
1.147085368E2,-3.003750038E1,8.306250572E0,-1.884375000E1
1.147285770E2,-2.878125191E1,7.893750191E0,-1.753125000E1
1.147485702E2,-2.926875114E1,7.912500381E0,-1.751250076E1
1.147685711E2,-2.904375076E1,7.368750095E0,-1.856250000E1
1.147885671E2,-2.874375153E1,7.200000286E0,-1.732500076E1
1.148085593E2,-2.902500153E1,7.012500286E0,-1.743750000E1
1.148285597E2,-2.874375153E1,7.218750477E0,-1.785000038E1
1.148485569E2,-3.009375191E1,7.218750477E0,-1.863750076E1
1.148685619E2,-3.069375038E1,7.312500477E0,-1.820625114E1
1.148885616E2,-2.943750191E1,7.368750095E0,-1.668750000E1
1.149085572E2,-2.943750191E1,7.181250095E0,-1.668750000E1
1.149285498E2,-2.981250191E1,7.125000477E0,-1.740000153E1
1.149485517E2,-3.080625153E1,7.481250286E0,-1.779375076E1
1.149685494E2,-2.945625114E1,7.443750381E0,-1.627500153E1
1.149885547E2,-2.964375114E1,7.256250381E0,-1.627500153E1
1.150085548E2,-2.966250038E1,7.968750477E0,-1.646250153E1
1.150285508E2,-2.994375038E1,7.781250477E0,-1.657500076E1
1.150485539E2,-2.949375153E1,8.231250763E0,-1.595625019E1
1.150685538E2,-2.956875038E1,7.762500286E0,-1.648125076E1
1.150885492E2,-3.001875114E1,8.981250763E0,-1.488750076E1
1.151085532E2,-2.988750076E1,8.418750763E0,-1.573125076E1
1.151285522E2,-3.030000114E1,8.793750763E0,-1.488750076E1
1.151485474E2,-3.037500191E1,8.437500000E0,-1.571250057E1
1.151685512E2,-3.067500114E1,8.475000381E0,-1.601250076E1
1.151885286E2,-3.127500153E1,8.850000381E0,-1.548750019E1
1.152085285E2,-3.166875076E1,9.206250191E0,-1.620000076E1
1.152285361E2,-3.093750191E1,1.005000019E1,-1.578750038E1
1.152485386E2,-3.127500153E1,8.718750000E0,-1.507500076E1
1.152685933E2,-3.022500038E1,9.375000000E0,-1.468125057E1
1.152885860E2,-3.189375114E1,9.675000191E0,-1.565625095E1
1.153085746E2,-3.189375114E1,9.956250191E0,-1.711875153E1
1.153285723E2,-3.142500114E1,1.050000000E1,-1.650000000E1
1.153485659E2,-3.121875191E1,1.040625000E1,-1.672500038E1
1.153685552E2,-3.118125153E1,1.145625019E1,-1.620000076E1
1.153885446E2,-3.088125038E1,1.145625019E1,-1.631250000E1
1.154085004E2,-3.138750076E1,1.175625038E1,-1.608750153E1
1.154285062E2,-3.101250076E1,1.226250076E1,-1.650000000E1
1.154485198E2,-3.024375153E1,1.185000038E1,-1.496250057E1
1.154685272E2,-3.103125191E1,1.252500057E1,-1.588125038E1
1.154885520E2,-3.091875076E1,1.220625019E1,-1.556250095E1
1.155085561E2,-3.103125191E1,1.254375076E1,-1.597500038E1
1.155285543E2,-3.105000114E1,1.295625019E1,-1.629375076E1
1.155485596E2,-3.056250191E1,1.295625019E1,-1.651875114E1
1.155685593E2,-3.086250114E1,1.305000019E1,-1.629375076E1
1.155885535E2,-3.046875191E1,1.318125057E1,-1.713750076E1
1.156085458E2,-3.016875076E1,1.329375076E1,-1.745625114E1
1.156285467E2,-2.988750076E1,1.314375019E1,-1.695000076E1
1.156485435E2,-3.000000191E1,1.351875019E1,-1.631250000E1
1.156685485E2,-2.941875076E1,1.393125057E1,-1.695000076E1
1.156885484E2,-2.943750191E1,1.402500057E1,-1.695000076E1
1.157085557E2,-2.962500191E1,1.404375076E1,-1.725000000E1
1.157285472E2,-2.983125114E1,1.419375038E1,-1.610625076E1
1.157485460E2,-2.960625076E1,1.376250076E1,-1.736250114E1
1.157685524E2,-3.020625114E1,1.385625076E1,-1.681875038E1
1.157885535E2,-2.919375038E1,1.320000076E1,-1.820625114E1
1.158086177E2,-2.943750191E1,1.408125019E1,-1.621875000E1
1.158285956E2,-2.851875114E1,1.329375076E1,-1.687500000E1
1.158485835E2,-2.910000038E1,1.293750095E1,-1.696875000E1
1.158685694E2,-2.823750114E1,1.350000095E1,-1.689375114E1
1.158885651E2,-2.838750076E1,1.470000076E1,-1.708125114E1
1.159085581E2,-2.844375038E1,1.378125095E1,-1.666875076E1
1.159285491E2,-2.730000114E1,1.396875095E1,-1.524375057E1
1.159485175E2,-2.788125038E1,1.366875076E1,-1.501875019E1
1.159685221E2,-2.748750114E1,1.380000019E1,-1.586250019E1
1.159885340E2,-2.801250076E1,1.475625038E1,-1.657500076E1
1.160085400E2,-2.707500076E1,1.361250019E1,-1.775625038E1
1.160285751E2,-2.775000191E1,1.396875095E1,-1.845000076E1
1.160485754E2,-2.754375076E1,1.331250095E1,-1.764375114E1
1.160685704E2,-2.786250114E1,1.389375019E1,-1.730625153E1
1.160885618E2,-2.776875114E1,1.366875076E1,-1.680000114E1
1.161085619E2,-2.754375076E1,1.340625095E1,-1.741875076E1
1.161285575E2,-2.724375153E1,1.318125057E1,-1.702500153E1
1.161485621E2,-2.722500038E1,1.486875057E1,-1.711875153E1
1.161685613E2,-2.769375038E1,1.441875076E1,-1.771875000E1
1.161885564E2,-2.739375114E1,1.438125038E1,-1.741875076E1
1.162085488E2,-2.767500114E1,1.413750076E1,-1.815000153E1
1.162285500E2,-2.731875038E1,1.455000019E1,-1.670625114E1
1.162485599E2,-2.835000038E1,1.411875057E1,-1.728750038E1
1.162685514E2,-2.865000153E1,1.471875095E1,-1.905000114E1
1.162885518E2,-2.902500153E1,1.423125076E1,-1.882500076E1
1.163085479E2,-2.921250153E1,1.404375076E1,-1.914375114E1
1.163285523E2,-2.921250153E1,1.395000076E1,-1.923750114E1
1.163485507E2,-2.863125038E1,1.434375095E1,-1.946250153E1
1.163685469E2,-2.951250076E1,1.426875019E1,-1.933125114E1
1.163885509E2,-2.923125076E1,1.453125095E1,-1.891875076E1
1.164085504E2,-2.857500076E1,1.500000095E1,-1.893750000E1
1.164285454E2,-2.883750153E1,1.453125095E1,-1.914375114E1
1.164485492E2,-2.902500153E1,1.423125076E1,-1.905000114E1
1.164685485E2,-2.842500114E1,1.402500057E1,-1.927500153E1
1.164885335E2,-2.863125038E1,1.447500038E1,-2.008125114E1
1.165085392E2,-2.844375038E1,1.447500038E1,-1.998750114E1
1.165285400E2,-2.844375038E1,1.423125076E1,-1.927500153E1
1.165485480E2,-2.921250153E1,1.434375095E1,-2.070000076E1
1.165685955E2,-2.891250038E1,1.445625019E1,-2.111250114E1
1.165885828E2,-2.850000191E1,1.378125095E1,-2.019375038E1
1.166085786E2,-2.874375153E1,1.483125019E1,-2.081250000E1
1.166285705E2,-2.872500038E1,1.441875076E1,-2.071875000E1
1.166485598E2,-2.851875114E1,1.445625019E1,-2.145000076E1
1.166685581E2,-2.911875153E1,1.456875038E1,-2.143125153E1
1.166885535E2,-2.919375038E1,1.417500019E1,-2.143125153E1
1.167085031E2,-2.930625153E1,1.456875038E1,-2.120625114E1
1.167285148E2,-2.928750038E1,1.400625038E1,-2.184375000E1
1.167485214E2,-2.949375153E1,1.443750095E1,-2.225625038E1
1.167685348E2,-2.943750191E1,1.344375038E1,-2.214375114E1
1.167885532E2,-2.947500038E1,1.393125057E1,-2.205000114E1
1.168085522E2,-2.926875114E1,1.417500019E1,-2.319375038E1
1.168285575E2,-2.986875153E1,1.406250095E1,-2.235000038E1
1.168485573E2,-2.947500038E1,1.430625057E1,-2.340000153E1
1.168685527E2,-2.908125114E1,1.425000095E1,-2.257500076E1
1.168885551E2,-2.908125114E1,1.434375095E1,-2.278125000E1
1.169085539E2,-2.900625038E1,1.464375019E1,-2.266875076E1
1.169285486E2,-2.947500038E1,1.460625076E1,-2.338125038E1
1.169485514E2,-2.947500038E1,1.419375038E1,-2.328750038E1
1.169685495E2,-2.913750076E1,1.365000057E1,-2.424375153E1
1.169885555E2,-2.966250038E1,1.410000038E1,-2.338125038E1
1.170085561E2,-3.020625114E1,1.323750019E1,-2.338125038E1
1.170285428E2,-2.953125191E1,1.372500038E1,-2.360625076E1
1.170485492E2,-2.990625191E1,1.336875057E1,-2.422500038E1
1.170685503E2,-2.971875191E1,1.344375038E1,-2.401875114E1
1.170885470E2,-2.955000114E1,1.411875057E1,-2.349375153E1
1.171086085E2,-2.915625191E1,1.370625019E1,-2.360625076E1
1.171285952E2,-2.895000076E1,1.357500076E1,-2.321250153E1
1.171485790E2,-2.983125114E1,1.350000095E1,-2.317500114E1
1.171685729E2,-2.971875191E1,1.331250095E1,-2.317500114E1
1.171885638E2,-3.001875114E1,1.331250095E1,-2.306250000E1
1.172085530E2,-3.007500076E1,1.252500057E1,-2.308125114E1
1.172285522E2,-3.007500076E1,1.233750057E1,-2.328750038E1
1.172485155E2,-3.037500191E1,1.256250095E1,-2.379375076E1
1.172685270E2,-2.986875153E1,1.213125038E1,-2.340000153E1
1.172885334E2,-2.926875114E1,1.201875019E1,-2.351250076E1
1.173085352E2,-2.958750153E1,1.230000019E1,-2.287500000E1
1.173285782E2,-2.977500153E1,1.213125038E1,-2.340000153E1
1.173485736E2,-2.956875038E1,1.190625000E1,-2.289375114E1
1.173685647E2,-2.968125153E1,1.220625019E1,-2.298750114E1
1.173885644E2,-2.936250114E1,1.132500076E1,-2.175000000E1
1.174085596E2,-2.947500038E1,1.164375019E1,-2.205000114E1
1.174285508E2,-2.971875191E1,1.087500000E1,-2.236875153E1
1.174485523E2,-2.925000191E1,1.115625000E1,-2.218125153E1
1.174685609E2,-3.060000038E1,1.048125076E1,-2.182500076E1
1.174885633E2,-3.018750191E1,1.029375076E1,-2.214375114E1
1.175085610E2,-2.947500038E1,9.918750763E0,-2.289375114E1
1.175285550E2,-3.039375114E1,1.055625057E1,-2.152500153E1
1.175485580E2,-2.958750153E1,9.843750000E0,-2.175000000E1
1.175685565E2,-3.016875076E1,9.862500191E0,-2.173125076E1
1.175885507E2,-2.921250153E1,1.014375019E1,-2.186250114E1
1.176085535E2,-3.009375191E1,1.012500000E1,-2.111250114E1
1.176285517E2,-2.968125153E1,9.750000000E0,-2.165625000E1
1.176485460E2,-2.951250076E1,1.014375019E1,-2.175000000E1
1.176685499E2,-2.977500153E1,9.637500763E0,-2.122500038E1
1.176885487E2,-3.018750191E1,9.712500572E0,-2.060625076E1
1.177085438E2,-2.968125153E1,9.562500000E0,-2.186250114E1
1.177285473E2,-2.968125153E1,9.206250191E0,-2.083125114E1
1.177485462E2,-2.928750038E1,9.506250381E0,-2.094375038E1
1.177685529E2,-2.968125153E1,9.300000191E0,-2.083125114E1
1.177885331E2,-2.938125038E1,9.543750763E0,-2.156250000E1
1.178085344E2,-2.940000153E1,9.675000191E0,-2.051250076E1
1.178285431E2,-2.911875153E1,9.768750191E0,-2.041875076E1
1.178485461E2,-2.902500153E1,9.843750000E0,-2.011875153E1
1.178685896E2,-2.919375038E1,9.562500000E0,-2.053125000E1
1.178885851E2,-2.930625153E1,9.431250572E0,-1.989375114E1
1.179085761E2,-2.940000153E1,9.487500191E0,-2.083125114E1
1.179285642E2,-3.007500076E1,9.375000000E0,-2.019375038E1
1.179485618E2,-2.930625153E1,9.787500381E0,-2.083125114E1
1.179685555E2,-2.986875153E1,9.187500000E0,-2.030625153E1
1.179885476E2,-2.947500038E1,9.056250572E0,-2.010000038E1
1.180085052E2,-2.977500153E1,9.056250572E0,-1.989375114E1
1.180285124E2,-2.936250114E1,8.868750572E0,-2.032500076E1
1.180485265E2,-2.960625076E1,9.543750763E0,-1.989375114E1
1.180685345E2,-2.881875038E1,9.843750000E0,-2.021250153E1
1.180885599E2,-2.878125191E1,8.756250381E0,-2.043750000E1
1.181085638E2,-2.947500038E1,9.281250000E0,-2.041875076E1
1.181285618E2,-2.940000153E1,9.225000381E0,-1.948125076E1
1.181485556E2,-2.928750038E1,8.831250191E0,-1.968750000E1
1.181685575E2,-2.926875114E1,8.568750381E0,-2.021250153E1
1.181885535E2,-2.934375191E1,8.250000000E0,-1.991250038E1
1.182085478E2,-2.934375191E1,8.062500000E0,-2.000625038E1
1.182285504E2,-3.020625114E1,8.006250381E0,-2.019375038E1
1.182485485E2,-2.925000191E1,8.175000191E0,-2.032500076E1
1.182685542E2,-2.973750114E1,8.381250381E0,-2.030625153E1
1.182885545E2,-3.013125038E1,8.250000000E0,-1.957500076E1
1.183085622E2,-2.947500038E1,8.925000191E0,-1.959375000E1
1.183285539E2,-3.003750038E1,8.231250763E0,-1.916250038E1
1.183485528E2,-2.985000038E1,8.231250763E0,-1.927500153E1
1.183685478E2,-3.030000114E1,7.668750286E0,-1.946250153E1
1.183885515E2,-2.990625191E1,7.331250191E0,-1.906875038E1
1.184086180E2,-3.041250038E1,7.931250095E0,-1.884375000E1
1.184285977E2,-3.043125153E1,8.250000000E0,-1.935000038E1
1.184485869E2,-3.030000114E1,7.462500095E0,-1.936875153E1
1.184685738E2,-3.011250114E1,7.856250286E0,-1.957500076E1
1.184885705E2,-3.041250038E1,8.175000191E0,-1.966875076E1
1.185085642E2,-3.041250038E1,7.950000286E0,-1.914375114E1
1.185285557E2,-3.007500076E1,8.793750763E0,-1.873125076E1
1.185485240E2,-3.058125114E1,9.262500763E0,-1.800000000E1
1.185685284E2,-2.998125076E1,8.981250763E0,-1.831875038E1
1.185885292E2,-3.000000191E1,9.468750000E0,-1.820625114E1
1.186085379E2,-2.955000114E1,1.001250076E1,-1.760625076E1
1.186285753E2,-2.973750114E1,9.956250191E0,-1.822500038E1
1.186485776E2,-2.947500038E1,1.025625038E1,-1.676250076E1
1.186685741E2,-2.962500191E1,9.618750572E0,-1.770000076E1
1.186885668E2,-2.936250114E1,1.025625038E1,-1.678125000E1
1.187085565E2,-2.908125114E1,1.081875038E1,-1.822500038E1
1.187285553E2,-2.880000114E1,1.087500000E1,-1.762500000E1
1.187485511E2,-2.911875153E1,1.145625019E1,-1.708125114E1
1.187685548E2,-2.904375076E1,1.207500076E1,-1.760625076E1
1.187885539E2,-2.896875191E1,1.237500095E1,-1.760625076E1
1.188085496E2,-2.829375076E1,1.263750076E1,-1.741875076E1
1.188285532E2,-2.855625153E1,1.205625057E1,-1.760625076E1
1.188485526E2,-2.806875038E1,1.220625019E1,-1.867500114E1
1.188685482E2,-2.820000076E1,1.093125057E1,-1.897500038E1
1.188885517E2,-2.778750038E1,1.027500057E1,-1.983750153E1
1.189085505E2,-2.718750191E1,9.975000381E0,-2.015625000E1
1.189285454E2,-2.716875076E1,9.675000191E0,-1.995000076E1
1.189485477E2,-2.720625114E1,8.268750191E0,-1.965000153E1
1.189685472E2,-2.692500114E1,8.456250191E0,-1.946250153E1
1.189885537E2,-2.720625114E1,8.156250000E0,-1.955625153E1
1.190085548E2,-2.767500114E1,7.650000095E0,-1.891875076E1
1.190285514E2,-2.700000191E1,7.631250381E0,-1.893750000E1
1.190485558E2,-2.690625191E1,7.931250095E0,-1.925625038E1
1.190685555E2,-2.705625153E1,6.618750095E0,-1.873125076E1
1.190885410E2,-2.705625153E1,6.637500286E0,-1.893750000E1
1.191085467E2,-2.722500038E1,6.262500286E0,-1.925625038E1
1.191285475E2,-2.769375038E1,5.756250381E0,-1.873125076E1
1.191485440E2,-2.778750038E1,5.475000381E0,-1.893750000E1
1.191685941E2,-2.844375038E1,5.193750381E0,-1.901250076E1
1.191885835E2,-2.853750038E1,5.137500286E0,-1.953750038E1
1.192085697E2,-2.863125038E1,4.800000191E0,-1.880625153E1
1.192285654E2,-2.782500076E1,4.537500381E0,-1.976250076E1
1.192485579E2,-2.821875191E1,4.293750286E0,-1.882500076E1
1.192685581E2,-2.773125076E1,4.256250381E0,-1.863750076E1
1.192885448E2,-2.782500076E1,4.200000286E0,-1.914375114E1
1.193084981E2,-2.763750076E1,4.481250286E0,-1.884375000E1
1.193285138E2,-2.761875153E1,4.068750381E0,-1.884375000E1
1.193485234E2,-2.831250191E1,4.162500381E0,-1.830000114E1
1.193685277E2,-2.848125076E1,3.281250238E0,-1.830000114E1
1.193885503E2,-2.857500076E1,3.262500048E0,-1.809375000E1
1.194085524E2,-2.895000076E1,3.112500191E0,-1.860000038E1
1.194285491E2,-2.956875038E1,3.693750143E0,-1.805625153E1
1.194485533E2,-2.973750114E1,3.243750095E0,-1.878750038E1
1.194685521E2,-3.003750038E1,3.637500048E0,-1.867500114E1
1.194885573E2,-2.983125114E1,3.337500095E0,-1.858125114E1
1.195085583E2,-2.966250038E1,3.862500191E0,-1.931250000E1
1.195285544E2,-2.983125114E1,3.468750238E0,-1.929375076E1
1.195485584E2,-2.986875153E1,4.218750000E0,-1.846875000E1
1.195685574E2,-3.046875191E1,4.443750381E0,-1.865625000E1
1.195885521E2,-3.028125191E1,4.406250000E0,-1.792500114E1
1.196085555E2,-3.095625114E1,4.256250381E0,-1.831875038E1
1.196285440E2,-3.114375114E1,4.462500095E0,-1.863750076E1
1.196485409E2,-3.148125076E1,4.931250095E0,-1.779375076E1
1.196685460E2,-3.236250305E1,5.043750286E0,-1.775625038E1
1.196885462E2,-3.245625305E1,5.362500191E0,-1.796250153E1
1.197085415E2,-3.322500229E1,4.987500191E0,-1.783125114E1
1.197285466E2,-3.285000229E1,5.287500381E0,-1.816875076E1
1.197485460E2,-3.346875000E1,5.962500095E0,-1.751250076E1
1.197685529E2,-3.345000076E1,5.512500286E0,-1.668750000E1
1.197885542E2,-3.339375305E1,6.243750095E0,-1.710000038E1
1.198085510E2,-3.350625229E1,6.656250477E0,-1.740000153E1
1.198285446E2,-3.410625076E1,7.012500286E0,-1.655625153E1
1.198485142E2,-3.361875153E1,7.143750191E0,-1.728750038E1
1.198685192E2,-3.414375305E1,7.931250095E0,-1.676250076E1
1.198885312E2,-3.405000305E1,7.687500477E0,-1.614375114E1
1.199085369E2,-3.388125229E1,8.568750381E0,-1.591875076E1
1.199285829E2,-3.408750153E1,8.981250763E0,-1.633125114E1
1.199485804E2,-3.459375000E1,9.281250000E0,-1.599375057E1
1.199685725E2,-3.500625229E1,9.562500000E0,-1.567500019E1
1.199885728E2,-3.500625229E1,9.637500763E0,-1.515000057E1
1.200085684E2,-3.465000153E1,1.025625038E1,-1.578750038E1
1.200285598E2,-3.493125153E1,1.025625038E1,-1.556250095E1
1.200485611E2,-3.534375000E1,1.085625076E1,-1.545000076E1
1.200685580E2,-3.534375000E1,1.065000057E1,-1.545000076E1
1.200885514E2,-3.440625000E1,1.160625076E1,-1.505625057E1
1.201085537E2,-3.481875229E1,1.207500076E1,-1.462500095E1
1.201285516E2,-3.457500076E1,1.305000019E1,-1.430625057E1
1.201485577E2,-3.448125076E1,1.318125057E1,-1.515000057E1
1.201685471E2,-3.410625076E1,1.365000057E1,-1.473750019E1
1.201885463E2,-3.421875000E1,1.396875095E1,-1.515000057E1
1.202085418E2,-3.386250305E1,1.451250076E1,-1.443750095E1
1.202285457E2,-3.397500229E1,1.470000076E1,-1.421250057E1
1.202485437E2,-3.369375229E1,1.522500038E1,-1.485000038E1
1.202685398E2,-3.360000229E1,1.520625019E1,-1.453125095E1
1.202885440E2,-3.352500153E1,1.576875019E1,-1.391250038E1
1.203085431E2,-3.361875153E1,1.601250076E1,-1.485000038E1
1.203285498E2,-3.296250153E1,1.672500038E1,-1.537500095E1
1.203485510E2,-3.230625153E1,1.710000038E1,-1.539375019E1
1.203685481E2,-3.215625000E1,1.785000038E1,-1.486875057E1
1.203885312E2,-3.215625000E1,1.798125076E1,-1.528125095E1
1.204085356E2,-3.136875153E1,1.816875076E1,-1.541250038E1
1.204285352E2,-3.112500191E1,1.905000114E1,-1.541250038E1
1.204485426E2,-3.131250191E1,1.927500153E1,-1.603125000E1
1.204685896E2,-3.050625038E1,1.880625153E1,-1.668750000E1
1.204885880E2,-3.005625153E1,1.936875153E1,-1.657500076E1
1.205085808E2,-3.013125038E1,1.910625076E1,-1.700625038E1
1.205285702E2,-2.975625038E1,1.916250038E1,-1.659375000E1
1.205485686E2,-2.955000114E1,1.935000038E1,-1.805625153E1
1.205685617E2,-2.973750114E1,1.912500000E1,-1.741875076E1
1.205885539E2,-2.906250191E1,1.935000038E1,-1.828125000E1
1.206085663E2,-2.943750191E1,1.906875038E1,-1.837500000E1
1.206285609E2,-2.872500038E1,1.891875076E1,-1.974375153E1
1.206485526E2,-2.863125038E1,1.876875114E1,-1.891875076E1
1.206685534E2,-2.851875114E1,1.882500076E1,-2.006250000E1
1.206885731E2,-2.823750114E1,1.867500114E1,-1.914375114E1
1.207085619E2,-2.810625076E1,1.826250076E1,-2.060625076E1
1.207285599E2,-2.838750076E1,1.773750114E1,-2.008125114E1
1.207485541E2,-2.799375153E1,1.777500153E1,-2.101875114E1
1.207685572E2,-2.835000038E1,1.715625000E1,-2.017500114E1
1.207885543E2,-2.782500076E1,1.651875114E1,-2.154375076E1
1.208085497E2,-2.820000076E1,1.627500153E1,-2.216250038E1
1.208285532E2,-2.778750038E1,1.561875057E1,-2.124375153E1
1.208485522E2,-2.739375114E1,1.535625076E1,-2.043750000E1
1.208685476E2,-2.805000114E1,1.507500076E1,-2.206875038E1
1.208885512E2,-2.835000038E1,1.518750095E1,-2.227500153E1
1.209085505E2,-2.835000038E1,1.522500038E1,-2.280000114E1
1.209285468E2,-2.805000114E1,1.479375076E1,-2.229375076E1
1.209485500E2,-2.833125114E1,1.449375057E1,-2.206875038E1
1.209685487E2,-2.784375191E1,1.443750095E1,-2.156250000E1
1.209885550E2,-2.859375191E1,1.391250038E1,-2.227500153E1
1.210086121E2,-2.917500114E1,1.370625019E1,-2.175000000E1
1.210285955E2,-2.857500076E1,1.359375095E1,-2.186250114E1
1.210485879E2,-2.915625191E1,1.351875019E1,-2.216250038E1
1.210685773E2,-2.883750153E1,1.286250019E1,-2.280000114E1
1.210885646E2,-2.921250153E1,1.252500057E1,-2.184375000E1
1.211085637E2,-2.930625153E1,1.254375076E1,-2.236875153E1
1.211285577E2,-2.921250153E1,1.245000076E1,-2.236875153E1
1.211485166E2,-2.911875153E1,1.271250057E1,-2.186250114E1
1.211685251E2,-2.930625153E1,1.252500057E1,-2.175000000E1
1.211885292E2,-2.960625076E1,1.267500019E1,-2.257500076E1
1.212085292E2,-2.911875153E1,1.261875057E1,-2.186250114E1
1.212285710E2,-2.943750191E1,1.312500095E1,-2.205000114E1
1.212485657E2,-2.970000076E1,1.235625076E1,-2.225625038E1
1.212685677E2,-2.977500153E1,1.230000019E1,-2.287500000E1
1.212885648E2,-2.900625038E1,1.201875019E1,-2.197500038E1
1.213085580E2,-2.956875038E1,1.186875057E1,-2.246250153E1
1.213285584E2,-2.966250038E1,1.168125057E1,-2.236875153E1
1.213485562E2,-2.994375038E1,1.156875038E1,-2.225625038E1
1.213685614E2,-2.925000191E1,1.149375057E1,-2.289375114E1
1.213885613E2,-2.938125038E1,1.196250057E1,-2.236875153E1
1.214085570E2,-2.947500038E1,1.196250057E1,-2.225625038E1
1.214285498E2,-2.949375153E1,1.192500019E1,-2.163750076E1
1.214485505E2,-2.938125038E1,1.194375038E1,-2.206875038E1
1.214685485E2,-2.921250153E1,1.230000019E1,-2.133750153E1
1.214885430E2,-2.968125153E1,1.213125038E1,-2.163750076E1
1.215085459E2,-2.981250191E1,1.273125076E1,-2.182500076E1
1.215285446E2,-2.958750153E1,1.211250019E1,-2.152500153E1
1.215485495E2,-2.970000076E1,1.233750057E1,-2.173125076E1
1.215685510E2,-2.971875191E1,1.286250019E1,-2.225625038E1
1.215885477E2,-2.941875076E1,1.282500076E1,-2.195625114E1
1.216085524E2,-2.900625038E1,1.228125095E1,-2.300625038E1
1.216285520E2,-2.951250076E1,1.284375095E1,-2.225625038E1
1.216485477E2,-2.885625076E1,1.342500019E1,-2.236875153E1
1.216685515E2,-2.962500191E1,1.336875057E1,-2.255625153E1
1.216885403E2,-2.896875191E1,1.395000076E1,-2.278125000E1
1.217085490E2,-2.868750191E1,1.400625038E1,-2.227500153E1
1.217285516E2,-2.850000191E1,1.410000038E1,-2.227500153E1
1.217485498E2,-2.898750114E1,1.423125076E1,-2.236875153E1
1.217686007E2,-2.806875038E1,1.346250057E1,-2.343750000E1
1.217885907E2,-2.889375114E1,1.423125076E1,-2.257500076E1
1.218085773E2,-2.904375076E1,1.335000038E1,-2.268750000E1
1.218285733E2,-2.868750191E1,1.408125019E1,-2.330625153E1
1.218485659E2,-2.893125153E1,1.318125057E1,-2.330625153E1
1.218685543E2,-2.844375038E1,1.321875095E1,-2.426250076E1
1.218885548E2,-2.865000153E1,1.353750038E1,-2.446875191E1
1.219085078E2,-2.883750153E1,1.323750019E1,-2.424375153E1
1.219285113E2,-2.754375076E1,1.284375095E1,-2.480625153E1
1.219485228E2,-2.745000076E1,1.291875076E1,-2.460000038E1
1.219685290E2,-2.803125191E1,1.303125095E1,-2.458125114E1
1.219885530E2,-2.812500191E1,1.265625095E1,-2.478750038E1
1.220085563E2,-2.791875076E1,1.243125057E1,-2.460000038E1
1.220285541E2,-2.827500153E1,1.177500057E1,-2.478750038E1
1.220485591E2,-2.835000038E1,1.117500019E1,-2.490000153E1
1.220685585E2,-2.823750114E1,1.115625000E1,-2.625000191E1
1.220885531E2,-2.821875191E1,1.042500019E1,-2.553750038E1
1.221085568E2,-2.859375191E1,1.003125000E1,-2.542500114E1
1.221285553E2,-2.850000191E1,9.993750572E0,-2.490000153E1
1.221485497E2,-2.836875153E1,9.431250572E0,-2.553750038E1
1.221685527E2,-2.915625191E1,9.562500000E0,-2.561250114E1
1.221885510E2,-2.874375153E1,9.356250763E0,-2.563125038E1
1.222085458E2,-2.895000076E1,9.318750381E0,-2.478750038E1
1.222285392E2,-2.851875114E1,8.643750191E0,-2.542500114E1
1.222485398E2,-2.908125114E1,7.968750477E0,-2.551875114E1
1.222685480E2,-2.964375114E1,7.575000286E0,-2.531250191E1
1.222885504E2,-3.003750038E1,7.350000381E0,-2.467500114E1
1.223086161E2,-3.058125114E1,6.393750191E0,-2.476875114E1
1.223286060E2,-3.078750038E1,6.356250286E0,-2.403750038E1
1.223485918E2,-3.035625076E1,5.531250000E0,-2.385000038E1
1.223685757E2,-3.103125191E1,5.306250095E0,-2.454375076E1
1.223885699E2,-3.101250076E1,4.968750000E0,-2.403750038E1
1.224085614E2,-3.161250114E1,5.193750381E0,-2.422500038E1
1.224285512E2,-3.131250191E1,5.043750286E0,-2.351250076E1
1.224485071E2,-3.140625191E1,4.931250095E0,-2.319375038E1
1.224685133E2,-3.170625114E1,4.818750381E0,-2.266875076E1
1.224885271E2,-3.226875305E1,4.312500000E0,-2.223750114E1
1.225085351E2,-3.255000305E1,4.031250000E0,-2.223750114E1
1.225285828E2,-3.292500305E1,3.318750143E0,-2.171250153E1
1.225485705E2,-3.339375305E1,3.243750095E0,-2.190000153E1
1.225685671E2,-3.348750305E1,2.925000191E0,-2.148750114E1
1.225885595E2,-3.406875229E1,2.850000143E0,-2.146875000E1
1.226085605E2,-3.457500076E1,2.943750143E0,-2.124375153E1
1.226285569E2,-3.485625076E1,2.831250191E0,-2.092500114E1
1.226485506E2,-3.457500076E1,2.793750048E0,-2.030625153E1
1.226685527E2,-3.480000305E1,3.468750238E0,-1.998750114E1
1.226885505E2,-3.528750229E1,3.356250048E0,-1.955625153E1
1.227085447E2,-3.540000153E1,3.543750048E0,-1.914375114E1
1.227285476E2,-3.541875076E1,4.031250000E0,-1.891875076E1
1.227485463E2,-3.510000229E1,3.731250048E0,-1.914375114E1
1.227685530E2,-3.530625153E1,3.693750143E0,-1.852500153E1
1.227885536E2,-3.558750153E1,3.393750191E0,-1.820625114E1
1.228085500E2,-3.645000076E1,3.112500191E0,-1.796250153E1
1.228285543E2,-3.598125076E1,3.618750095E0,-1.828125000E1
1.228485536E2,-3.620625305E1,4.087500095E0,-1.775625038E1
1.228685491E2,-3.650625229E1,4.068750381E0,-1.743750000E1
1.228885527E2,-3.583125305E1,4.162500381E0,-1.766250038E1
1.229085514E2,-3.555000305E1,4.612500191E0,-1.704375076E1
1.229285464E2,-3.624375153E1,4.687500000E0,-1.629375076E1
1.229485499E2,-3.586875153E1,5.212500095E0,-1.681875038E1
1.229685490E2,-3.626250076E1,4.912500381E0,-1.670625114E1
1.229885226E2,-3.628125000E1,5.587500095E0,-1.638750076E1
1.230085309E2,-3.540000153E1,5.325000286E0,-1.569375038E1
1.230285339E2,-3.605625153E1,4.800000191E0,-1.651875114E1
1.230485438E2,-3.585000229E1,3.993750095E0,-1.475625038E1
1.230685930E2,-3.558750153E1,5.212500095E0,-1.704375076E1
1.230885816E2,-3.609375000E1,5.475000381E0,-1.629375076E1
1.231085781E2,-3.601875305E1,6.168750286E0,-1.620000076E1
1.231285706E2,-3.622500229E1,6.375000477E0,-1.629375076E1
1.231485602E2,-3.568125153E1,7.162500381E0,-1.650000000E1
1.231685576E2,-3.564375305E1,6.562500477E0,-1.651875114E1
1.231885536E2,-3.615000153E1,6.975000381E0,-1.650000000E1
1.232085687E2,-3.615000153E1,6.750000477E0,-1.608750153E1
1.232285652E2,-3.585000229E1,6.675000191E0,-1.650000000E1
1.232485585E2,-3.645000076E1,6.993750095E0,-1.659375000E1
1.232685603E2,-3.624375153E1,6.675000191E0,-1.629375076E1
1.232885693E2,-3.573750305E1,6.693750381E0,-1.702500153E1
1.233085720E2,-3.517500305E1,7.087500095E0,-1.704375076E1
1.233285697E2,-3.540000153E1,7.537500381E0,-1.640625000E1
1.233485637E2,-3.472500229E1,7.312500477E0,-1.434375095E1
1.233685549E2,-3.558750153E1,7.668750286E0,-1.670625114E1
1.233885539E2,-3.553125000E1,8.306250572E0,-1.576875019E1
1.234085625E2,-3.536250305E1,8.700000763E0,-1.576875019E1
1.234285536E2,-3.525000000E1,8.625000000E0,-1.620000076E1
1.234485540E2,-3.601875305E1,8.550000191E0,-1.648125076E1
1.234685504E2,-3.493125153E1,7.818750381E0,-1.631250000E1
1.234885550E2,-3.555000305E1,8.625000000E0,-1.629375076E1
1.235085551E2,-3.545625305E1,8.831250191E0,-1.618125153E1
1.235285409E2,-3.476250076E1,8.925000191E0,-1.672500038E1
1.235485473E2,-3.478125000E1,9.075000763E0,-1.578750038E1
1.235685485E2,-3.450000000E1,9.356250763E0,-1.558125019E1
1.235885454E2,-3.442500305E1,9.993750572E0,-1.631250000E1
1.236086070E2,-3.465000153E1,1.038750076E1,-1.620000076E1
1.236285941E2,-3.453750229E1,1.029375076E1,-1.640625000E1
1.236485782E2,-3.476250076E1,1.065000057E1,-1.558125019E1
1.236685724E2,-3.444375229E1,1.038750076E1,-1.631250000E1
1.236885635E2,-3.455625153E1,1.070625019E1,-1.681875038E1
1.237085629E2,-3.476250076E1,1.108125019E1,-1.620000076E1
1.237285598E2,-3.455625153E1,1.087500000E1,-1.620000076E1
1.237485210E2,-3.496875000E1,1.110000038E1,-1.650000000E1
1.237685310E2,-3.461250305E1,1.188750076E1,-1.650000000E1
1.237885360E2,-3.384375000E1,1.226250076E1,-1.672500038E1
1.238085368E2,-3.425625229E1,1.288125038E1,-1.670625114E1
1.238285677E2,-3.395625305E1,1.267500019E1,-1.672500038E1
1.238485650E2,-3.358125305E1,1.284375095E1,-1.642500114E1
1.238685578E2,-3.376875305E1,1.318125057E1,-1.713750076E1
1.238885591E2,-3.388125229E1,1.327500057E1,-1.704375076E1
1.239085559E2,-3.331875229E1,1.385625076E1,-1.715625000E1
1.239285480E2,-3.330000305E1,1.357500076E1,-1.736250114E1
1.239485396E2,-3.320625305E1,1.380000019E1,-1.798125076E1
1.239685401E2,-3.313125229E1,1.395000076E1,-1.695000076E1
1.239885483E2,-3.266250229E1,1.445625019E1,-1.747500038E1
1.240085507E2,-3.294375229E1,1.456875038E1,-1.768125153E1
1.240285486E2,-3.226875305E1,1.455000019E1,-1.758750153E1
1.240485545E2,-3.260625076E1,1.554375076E1,-1.736250114E1
1.240685552E2,-3.219375229E1,1.518750095E1,-1.852500153E1
1.240885509E2,-3.202500153E1,1.554375076E1,-1.779375076E1
1.241085548E2,-3.210000229E1,1.537500095E1,-1.811250114E1
1.241285536E2,-3.240000153E1,1.541250038E1,-1.882500076E1
1.241485475E2,-3.208125305E1,1.535625076E1,-1.957500076E1
1.241685511E2,-3.168750191E1,1.492500019E1,-1.936875153E1
1.241885498E2,-3.180000114E1,1.520625019E1,-1.905000114E1
1.242085449E2,-3.198750114E1,1.513125038E1,-1.925625038E1
1.242285483E2,-3.151875114E1,1.571250057E1,-1.927500153E1
1.242485472E2,-3.133125114E1,1.561875057E1,-1.938750076E1
1.242685538E2,-3.101250076E1,1.528125095E1,-1.897500038E1
1.242885332E2,-3.121875191E1,1.575000095E1,-2.010000038E1
1.243085343E2,-3.082500076E1,1.545000076E1,-2.011875153E1
1.243285430E2,-3.082500076E1,1.545000076E1,-2.032500076E1
1.243485461E2,-2.925000191E1,1.505625057E1,-1.955625153E1
1.243685896E2,-3.060000038E1,1.516875076E1,-2.075625038E1
1.243885852E2,-3.058125114E1,1.492500019E1,-2.169375038E1
1.244085761E2,-3.028125191E1,1.475625038E1,-2.242500114E1
1.244285640E2,-2.988750076E1,1.477500057E1,-2.296875000E1
1.244485616E2,-2.988750076E1,1.500000095E1,-2.317500114E1
1.244685544E2,-3.005625153E1,1.451250076E1,-2.326875114E1
1.244885463E2,-2.936250114E1,1.432500076E1,-2.390625000E1
1.245085587E2,-2.998125076E1,1.458750057E1,-2.295000076E1
1.245285535E2,-3.015000153E1,1.398750019E1,-2.265000153E1
1.245485564E2,-3.026250076E1,1.436250019E1,-2.221875000E1
1.245685548E2,-3.005625153E1,1.406250095E1,-2.244375038E1
1.245885610E2,-2.945625114E1,1.378125095E1,-2.298750114E1
1.246085619E2,-3.031875038E1,1.359375095E1,-2.274375153E1
1.246285581E2,-2.934375191E1,1.368750095E1,-2.328750038E1
1.246485511E2,-2.876250076E1,1.378125095E1,-2.351250076E1
1.246685529E2,-2.896875191E1,1.387500095E1,-2.330625153E1
1.246885495E2,-2.876250076E1,1.348125076E1,-2.321250153E1
1.247085555E2,-2.876250076E1,1.387500095E1,-2.341875076E1
1.247285559E2,-2.865000153E1,1.340625095E1,-2.383125114E1
1.247485520E2,-2.865000153E1,1.342500019E1,-2.424375153E1
1.247685563E2,-2.872500038E1,1.308750057E1,-2.508750153E1
1.247885557E2,-2.634375191E1,1.218750095E1,-2.463750076E1
1.248085513E2,-2.713125038E1,1.245000076E1,-2.523750114E1
1.248285339E2,-2.701875114E1,1.205625057E1,-2.523750114E1
1.248485376E2,-2.615625191E1,1.209375095E1,-2.475000191E1
1.248685370E2,-2.604375076E1,1.200000000E1,-2.486250114E1
1.248885441E2,-2.653125191E1,1.170000076E1,-2.443125153E1
1.249086026E2,-2.681250191E1,1.201875019E1,-2.660625076E1
1.249285867E2,-2.718750191E1,1.173750019E1,-2.670000076E1
1.249485799E2,-2.656875038E1,1.111875057E1,-2.640000153E1
1.249685698E2,-2.645625114E1,1.066875076E1,-2.745000076E1
1.249885578E2,-2.645625114E1,1.042500019E1,-2.641875076E1
1.250085540E2,-2.611875153E1,9.656250000E0,-2.726250076E1
1.250285491E2,-2.662500191E1,1.010625076E1,-2.765625191E1
1.250485090E2,-2.512500191E1,9.168750763E0,-2.604375076E1
1.250685180E2,-2.521875191E1,9.262500763E0,-2.771250153E1
1.250885225E2,-2.491875076E1,8.700000763E0,-2.656875038E1
1.251085339E2,-2.610000038E1,9.262500763E0,-2.705625153E1
1.251285732E2,-2.587500191E1,8.587500572E0,-2.748750114E1
1.251485658E2,-2.585625076E1,8.287500381E0,-2.760000038E1
1.251685660E2,-2.636250114E1,8.381250381E0,-2.705625153E1
1.251885615E2,-2.576250076E1,7.818750381E0,-2.634375191E1
1.252085535E2,-2.613750076E1,7.668750286E0,-2.716875076E1
1.252285529E2,-2.623125076E1,7.631250381E0,-2.634375191E1
1.252485500E2,-2.660625076E1,7.293750286E0,-2.705625153E1
1.252685547E2,-2.640000153E1,6.843750477E0,-2.634375191E1
1.252885546E2,-2.660625076E1,7.256250381E0,-2.653125191E1
1.253085503E2,-2.610000038E1,6.768750191E0,-2.698125076E1
1.253285542E2,-2.598750114E1,6.675000191E0,-2.707500076E1
1.253485534E2,-2.514375114E1,7.162500381E0,-2.565000153E1
1.253685501E2,-2.640000153E1,6.862500191E0,-2.664375114E1
1.253885532E2,-2.640000153E1,7.181250095E0,-2.696250153E1
1.254085517E2,-2.638125038E1,6.356250286E0,-2.634375191E1
1.254285465E2,-2.668125153E1,6.562500477E0,-2.643750191E1
1.254485492E2,-2.645625114E1,6.075000286E0,-2.655000114E1
1.254685482E2,-2.686875153E1,6.356250286E0,-2.611875153E1
1.254885543E2,-2.675625038E1,6.300000191E0,-2.685000038E1
1.255085551E2,-2.701875114E1,5.625000000E0,-2.726250076E1
1.255285516E2,-2.655000114E1,6.000000000E0,-2.716875076E1
1.255485560E2,-2.673750114E1,5.906250000E0,-2.705625153E1
1.255685557E2,-2.645625114E1,6.187500477E0,-2.707500076E1
1.255885299E2,-2.664375114E1,5.775000095E0,-2.643750191E1
1.256085381E2,-2.724375153E1,6.300000191E0,-2.683125114E1
1.256285412E2,-2.686875153E1,6.356250286E0,-2.611875153E1
1.256485400E2,-2.655000114E1,5.775000095E0,-2.655000114E1
1.256685804E2,-2.685000038E1,6.168750286E0,-2.632500076E1
1.256885738E2,-2.716875076E1,6.468750477E0,-2.621250153E1
1.257085743E2,-2.743125153E1,6.187500477E0,-2.641875076E1
1.257285701E2,-2.735625076E1,6.262500286E0,-2.589375114E1
1.257485624E2,-2.733750153E1,6.093750477E0,-2.653125191E1
1.257685619E2,-2.743125153E1,5.887500286E0,-2.641875076E1
1.257885593E2,-2.761875153E1,6.112500191E0,-2.683125114E1
1.258085640E2,-2.705625153E1,6.056250095E0,-2.591250038E1
1.258285638E2,-2.715000153E1,6.243750095E0,-2.570625114E1
1.258485595E2,-2.688750076E1,6.825000286E0,-2.570625114E1
1.258685519E2,-2.686875153E1,6.356250286E0,-2.602500153E1
1.258885649E2,-2.668125153E1,6.300000191E0,-2.529375076E1
1.259085598E2,-2.754375076E1,6.600000381E0,-2.651250076E1
1.259285514E2,-2.715000153E1,5.943750381E0,-2.580000114E1
1.259485524E2,-2.724375153E1,5.962500095E0,-2.611875153E1
1.259685495E2,-2.715000153E1,6.225000381E0,-2.559375191E1
1.259885547E2,-2.694375038E1,5.962500095E0,-2.632500076E1
1.260085549E2,-2.733750153E1,5.625000000E0,-2.538750076E1
1.260285509E2,-2.692500114E1,5.381250381E0,-2.655000114E1
1.260485549E2,-2.602500153E1,5.006250381E0,-2.563125038E1
1.260685542E2,-2.604375076E1,5.325000286E0,-2.583750153E1
1.260885497E2,-2.675625038E1,5.943750381E0,-2.591250038E1
1.261085536E2,-2.628750038E1,6.281250477E0,-2.531250191E1
1.261285426E2,-2.666250038E1,5.906250000E0,-2.529375076E1
1.261485399E2,-2.675625038E1,6.112500191E0,-2.550000191E1
1.261685452E2,-2.739375114E1,4.781250000E0,-2.424375153E1
1.261885459E2,-2.705625153E1,6.000000000E0,-2.497500038E1
1.262085990E2,-2.750625038E1,5.118750095E0,-2.506875038E1
1.262285904E2,-2.690625191E1,4.762500286E0,-2.426250076E1
1.262485782E2,-2.701875114E1,4.762500286E0,-2.426250076E1
1.262685751E2,-2.701875114E1,4.743750095E0,-2.405625153E1
1.262885679E2,-2.711250114E1,5.006250381E0,-2.488125038E1
1.263085584E2,-2.651250076E1,4.650000095E0,-2.428125191E1
1.263285474E2,-2.711250114E1,4.762500286E0,-2.426250076E1
1.263485029E2,-2.664375114E1,5.175000191E0,-2.302500153E1
1.263685087E2,-2.701875114E1,4.631250381E0,-2.364375114E1
1.263885219E2,-2.739375114E1,4.443750381E0,-2.373750114E1
1.264085294E2,-2.748750114E1,4.312500000E0,-2.300625038E1
1.264285658E2,-2.709375191E1,4.237500191E0,-2.364375114E1
1.264485672E2,-2.716875076E1,3.675000191E0,-2.415000153E1
1.264685631E2,-2.775000191E1,3.656250238E0,-2.351250076E1
1.264885665E2,-2.733750153E1,3.187500238E0,-2.415000153E1
1.265085645E2,-2.754375076E1,3.450000048E0,-2.341875076E1
1.265285569E2,-2.791875076E1,3.187500238E0,-2.383125114E1
1.265485485E2,-2.716875076E1,3.543750048E0,-2.364375114E1
1.265685489E2,-2.745000076E1,3.356250048E0,-2.353125000E1
1.265885456E2,-2.728125191E1,3.712500095E0,-2.311875153E1
1.266085502E2,-2.745000076E1,3.225000143E0,-2.321250153E1
1.266285500E2,-2.737500191E1,3.825000048E0,-2.311875153E1
1.266485461E2,-2.746875191E1,3.712500095E0,-2.280000114E1
1.266685516E2,-2.823750114E1,3.506250143E0,-2.246250153E1
1.266885504E2,-2.814375114E1,3.637500048E0,-2.308125114E1
1.267085568E2,-2.872500038E1,3.656250238E0,-2.296875000E1
1.267285575E2,-2.793750191E1,3.337500095E0,-2.298750114E1
1.267485531E2,-2.842500114E1,3.431250095E0,-2.266875076E1
1.267685465E2,-2.853750038E1,3.450000048E0,-2.296875000E1
1.267885484E2,-2.835000038E1,3.693750143E0,-2.214375114E1
1.268085458E2,-2.842500114E1,3.356250048E0,-2.298750114E1
1.268285513E2,-2.823750114E1,3.412500143E0,-2.257500076E1
1.268485515E2,-2.805000114E1,3.618750095E0,-2.278125000E1
1.268685479E2,-2.805000114E1,3.412500143E0,-2.246250153E1
1.268885312E2,-2.844375038E1,3.581250191E0,-2.173125076E1
1.269085353E2,-2.857500076E1,4.087500095E0,-2.182500076E1
1.269285349E2,-2.883750153E1,3.618750095E0,-2.244375038E1
1.269485419E2,-2.906250191E1,4.162500381E0,-2.130000114E1
1.269685778E2,-2.885625076E1,3.975000143E0,-2.171250153E1
1.269885674E2,-2.904375076E1,3.675000191E0,-2.139375114E1
1.270085655E2,-2.906250191E1,4.293750286E0,-2.191875076E1
1.270285592E2,-2.936250114E1,4.200000286E0,-2.169375038E1
1.270485612E2,-2.904375076E1,3.918750048E0,-2.212500000E1
1.270685576E2,-2.945625114E1,4.312500000E0,-2.210625076E1
1.270885521E2,-2.915625191E1,4.218750000E0,-2.212500000E1
1.271085660E2,-2.938125038E1,4.781250000E0,-2.169375038E1
1.271285615E2,-2.956875038E1,4.725000381E0,-2.210625076E1
1.271485536E2,-2.911875153E1,5.381250381E0,-2.180625153E1
1.271685547E2,-2.921250153E1,5.681250095E0,-2.169375038E1
1.271885632E2,-2.958750153E1,5.175000191E0,-2.126250076E1
1.272085656E2,-2.934375191E1,6.131250381E0,-2.096250153E1
1.272285631E2,-2.915625191E1,6.225000381E0,-2.086875153E1
1.272485569E2,-2.955000114E1,6.450000286E0,-2.126250076E1
1.272685593E2,-2.983125114E1,6.150000095E0,-2.115000153E1
1.272885574E2,-2.994375038E1,6.562500477E0,-2.115000153E1
1.273085633E2,-2.885625076E1,6.056250095E0,-2.148750114E1
1.273285634E2,-2.876250076E1,6.337500095E0,-2.139375114E1
1.273485594E2,-2.829375076E1,6.337500095E0,-2.004375076E1
1.273685522E2,-2.926875114E1,6.637500286E0,-2.105625153E1
1.273885537E2,-2.896875191E1,6.468750477E0,-2.169375038E1
1.274085516E2,-2.887500191E1,6.750000477E0,-2.148750114E1
1.274285362E2,-2.925000191E1,6.487500191E0,-2.190000153E1
1.274485412E2,-2.848125076E1,6.862500191E0,-2.212500000E1
1.274685418E2,-2.866875076E1,6.525000095E0,-2.139375114E1
1.274885497E2,-2.850000191E1,6.956250191E0,-2.191875076E1
1.275085972E2,-2.851875114E1,7.218750477E0,-2.118750000E1
1.275285846E2,-2.814375114E1,7.725000381E0,-2.160000038E1
1.275485803E2,-2.833125114E1,7.518750191E0,-2.139375114E1
1.275685723E2,-2.805000114E1,7.781250477E0,-2.098125076E1
1.275885615E2,-2.782500076E1,7.200000286E0,-2.130000114E1
1.276085588E2,-2.833125114E1,7.612500191E0,-2.150625038E1
1.276285547E2,-2.861250114E1,7.537500381E0,-2.160000038E1
1.276485046E2,-2.870625114E1,7.462500095E0,-2.190000153E1
1.276685164E2,-2.881875038E1,7.556250095E0,-2.178750038E1
1.276885232E2,-2.840625191E1,7.256250381E0,-2.212500000E1
1.277085367E2,-2.870625114E1,7.481250286E0,-2.242500114E1
1.277285775E2,-2.859375191E1,7.087500095E0,-2.242500114E1
1.277485713E2,-2.840625191E1,7.200000286E0,-2.285625076E1
1.277685723E2,-2.868750191E1,6.993750095E0,-2.242500114E1
1.277885683E2,-2.896875191E1,6.918750286E0,-2.283750153E1
1.278085606E2,-2.840625191E1,7.200000286E0,-2.274375153E1
1.278285605E2,-2.840625191E1,7.181250095E0,-2.233125114E1
1.278485577E2,-2.790000153E1,7.068750381E0,-2.255625153E1
1.278685512E2,-2.771250153E1,6.843750477E0,-2.214375114E1
1.278885533E2,-2.782500076E1,7.350000381E0,-2.214375114E1
1.279085511E2,-2.801250076E1,7.237500191E0,-2.182500076E1
1.279285456E2,-2.773125076E1,7.312500477E0,-2.173125076E1
1.279485376E2,-2.761875153E1,7.125000477E0,-2.193750000E1
1.279685402E2,-2.782500076E1,7.200000286E0,-2.152500153E1
1.279885486E2,-2.780625153E1,6.956250191E0,-2.244375038E1
1.280085510E2,-2.788125038E1,6.450000286E0,-2.203125000E1
1.280285489E2,-2.780625153E1,6.862500191E0,-2.246250153E1
1.280486108E2,-2.771250153E1,6.825000286E0,-2.193750000E1
1.280685979E2,-2.838750076E1,6.956250191E0,-2.212500000E1
1.280885819E2,-2.761875153E1,7.050000191E0,-2.225625038E1
1.281085759E2,-2.752500153E1,6.918750286E0,-2.193750000E1
1.281285667E2,-2.790000153E1,6.637500286E0,-2.193750000E1
1.281485556E2,-2.778750038E1,6.375000477E0,-2.246250153E1
1.281685548E2,-2.771250153E1,7.068750381E0,-2.246250153E1
1.281885181E2,-2.752500153E1,7.031250477E0,-2.193750000E1
1.282085298E2,-2.761875153E1,6.825000286E0,-2.173125076E1
1.282285362E2,-2.763750076E1,7.087500095E0,-2.131875038E1
1.282485376E2,-2.775000191E1,7.631250381E0,-2.193750000E1
1.282685803E2,-2.754375076E1,7.500000477E0,-2.152500153E1
1.282885760E2,-2.743125153E1,7.181250095E0,-2.120625114E1
1.283085669E2,-2.705625153E1,7.275000095E0,-2.133750153E1
1.283285667E2,-2.745000076E1,7.500000477E0,-2.161875153E1
1.283485622E2,-2.724375153E1,7.387500286E0,-2.143125153E1
1.283685528E2,-2.754375076E1,7.406250477E0,-2.173125076E1
1.283885433E2,-2.735625076E1,7.556250095E0,-2.079375076E1
1.284085543E2,-2.733750153E1,6.881250381E0,-2.111250114E1
1.284285481E2,-2.754375076E1,7.293750286E0,-2.152500153E1
1.284485505E2,-2.829375076E1,6.806250095E0,-2.118750000E1
1.284685486E2,-2.754375076E1,7.500000477E0,-2.173125076E1
1.284885548E2,-2.771250153E1,6.768750191E0,-2.090625000E1
1.285085556E2,-2.810625076E1,6.600000381E0,-2.100000000E1
1.285285516E2,-2.801250076E1,6.993750095E0,-2.109375000E1
1.285485558E2,-2.829375076E1,6.787500381E0,-2.088750076E1
1.285685550E2,-2.865000153E1,6.018750191E0,-2.107500076E1
1.285885490E2,-2.876250076E1,6.225000381E0,-2.128125000E1
1.286085531E2,-2.876250076E1,6.431250095E0,-2.139375114E1
1.286285522E2,-2.887500191E1,6.506250381E0,-2.075625038E1
1.286485472E2,-2.836875153E1,6.225000381E0,-2.150625038E1
1.286685507E2,-2.838750076E1,6.412500381E0,-2.118750000E1
1.286885494E2,-2.865000153E1,6.037500381E0,-2.139375114E1
1.287085560E2,-2.857500076E1,6.300000191E0,-2.086875153E1
1.287285355E2,-2.885625076E1,6.093750477E0,-2.066250038E1
1.287485368E2,-2.866875076E1,6.300000191E0,-2.086875153E1
1.287685455E2,-2.857500076E1,6.637500286E0,-2.160000038E1
1.287885486E2,-2.885625076E1,6.206250191E0,-2.066250038E1
1.288086036E2,-2.887500191E1,6.300000191E0,-2.075625038E1
1.288285853E2,-2.908125114E1,6.712500095E0,-2.075625038E1
1.288485763E2,-2.908125114E1,6.787500381E0,-2.055000114E1
1.288685646E2,-2.866875076E1,6.093750477E0,-2.066250038E1
1.288885626E2,-2.919375038E1,6.900000095E0,-2.075625038E1
1.289085564E2,-2.898750114E1,6.768750191E0,-2.023125076E1
1.289285487E2,-2.908125114E1,6.581250191E0,-2.034375000E1
1.289485062E2,-2.947500038E1,6.468750477E0,-1.970625114E1
1.289685136E2,-2.966250038E1,6.731250286E0,-2.073750114E1
1.289885280E2,-2.936250114E1,6.375000477E0,-2.011875153E1
1.290085362E2,-2.968125153E1,6.543750286E0,-1.938750076E1
1.290285616E2,-3.005625153E1,6.731250286E0,-2.062500000E1
1.290485658E2,-2.985000038E1,6.618750095E0,-2.041875076E1
1.290685641E2,-2.985000038E1,6.318750381E0,-2.032500076E1
1.290885580E2,-2.996250153E1,6.731250286E0,-2.062500000E1
1.291085601E2,-3.037500191E1,7.106250286E0,-1.998750114E1
1.291285561E2,-3.056250191E1,7.012500286E0,-1.998750114E1
1.291485614E2,-3.037500191E1,6.881250381E0,-1.966875076E1
1.291685614E2,-3.058125114E1,7.593750477E0,-1.996875000E1
1.291885571E2,-3.067500114E1,7.387500286E0,-1.966875076E1
1.292085496E2,-3.060000038E1,7.443750381E0,-1.893750000E1
1.292285513E2,-3.067500114E1,7.350000381E0,-1.914375114E1
1.292485488E2,-3.099375153E1,8.100000381E0,-1.976250076E1
1.292685441E2,-3.129375076E1,7.856250286E0,-1.871250153E1
1.292885465E2,-3.121875191E1,8.343750000E0,-1.891875076E1
1.293085445E2,-3.084375191E1,8.831250191E0,-1.871250153E1
1.293285503E2,-3.114375114E1,8.737500191E0,-1.880625153E1
1.293485510E2,-3.048750114E1,9.825000763E0,-1.912500000E1
1.293685475E2,-2.964375114E1,9.881250381E0,-1.717500114E1
1.293885518E2,-3.022500038E1,1.006875038E1,-1.830000114E1
1.294085510E2,-3.035625076E1,1.065000057E1,-1.809375000E1
1.294285462E2,-3.028125191E1,1.125000000E1,-1.830000114E1
1.294485498E2,-3.016875076E1,1.111875057E1,-1.777500153E1
1.294685489E2,-3.039375114E1,1.164375019E1,-1.798125076E1
1.294885228E2,-2.990625191E1,1.181250000E1,-1.768125153E1
1.295085313E2,-2.960625076E1,1.132500076E1,-1.800000000E1
1.295285345E2,-2.932500076E1,1.201875019E1,-1.831875038E1
1.295485444E2,-2.932500076E1,1.205625057E1,-1.873125076E1
1.295685821E2,-2.925000191E1,1.230000019E1,-1.811250114E1
1.295885843E2,-2.895000076E1,1.256250095E1,-1.916250038E1
1.296085805E2,-2.925000191E1,1.246875095E1,-1.914375114E1
1.296285726E2,-2.866875076E1,1.286250019E1,-1.948125076E1
1.296485616E2,-2.915625191E1,1.265625095E1,-1.893750000E1
1.296685589E2,-2.846250153E1,1.250625038E1,-2.021250153E1
1.296885544E2,-2.788125038E1,1.243125057E1,-1.920000076E1
1.297085580E2,-2.776875114E1,1.237500095E1,-2.023125076E1
1.297285569E2,-2.750625038E1,1.284375095E1,-1.981875038E1
1.297485522E2,-2.767500114E1,1.267500019E1,-2.013750076E1
1.297685557E2,-2.737500191E1,1.235625076E1,-1.993125153E1
1.297885662E2,-2.728125191E1,1.258125019E1,-2.055000114E1
1.298085590E2,-2.698125076E1,1.246875095E1,-2.056875038E1
1.298285602E2,-2.679375076E1,1.235625076E1,-2.047500038E1
1.298485570E2,-2.679375076E1,1.256250095E1,-2.047500038E1
1.298685505E2,-2.686875153E1,1.183125019E1,-1.963125038E1
1.298885522E2,-2.668125153E1,1.185000038E1,-2.017500114E1
1.299085506E2,-2.655000114E1,1.115625000E1,-2.038125038E1
1.299285451E2,-2.724375153E1,1.151250076E1,-2.077500153E1
1.299485484E2,-2.683125114E1,1.121250057E1,-2.100000000E1
1.299685471E2,-2.692500114E1,1.119375038E1,-2.079375076E1
1.299885534E2,-2.720625114E1,1.081875038E1,-2.088750076E1
1.300085546E2,-2.718750191E1,1.044375038E1,-2.120625114E1
1.300285416E2,-2.718750191E1,1.063125038E1,-2.109375000E1
1.300485486E2,-2.709375191E1,1.055625057E1,-2.161875153E1
1.300685497E2,-2.748750114E1,1.042500019E1,-2.088750076E1
1.300885469E2,-2.696250153E1,9.956250191E0,-2.152500153E1
1.301085970E2,-2.677500153E1,1.012500000E1,-2.120625114E1
1.301285868E2,-2.696250153E1,9.975000381E0,-2.205000114E1
1.301485730E2,-2.726250076E1,1.003125000E1,-2.109375000E1
1.301685687E2,-2.733750153E1,9.543750763E0,-2.120625114E1
1.301885611E2,-2.726250076E1,9.862500191E0,-2.161875153E1
1.302085610E2,-2.754375076E1,9.562500000E0,-2.139375114E1
1.302285589E2,-2.761875153E1,9.262500763E0,-2.118750000E1
1.302485094E2,-2.769375038E1,8.362500191E0,-2.088750076E1
1.302685225E2,-2.820000076E1,8.887500763E0,-2.118750000E1
1.302885300E2,-2.788125038E1,8.287500381E0,-2.118750000E1
1.303085326E2,-2.808750153E1,8.812500000E0,-2.160000038E1
1.303285650E2,-2.865000153E1,8.193750381E0,-2.086875153E1
1.303485636E2,-2.915625191E1,8.625000000E0,-2.146875000E1
1.303685575E2,-2.913750076E1,8.437500000E0,-2.158125114E1
1.303885595E2,-2.838750076E1,8.568750381E0,-2.066250038E1
1.304085567E2,-2.857500076E1,8.606250763E0,-2.128125000E1
1.304285490E2,-2.848125076E1,8.475000381E0,-2.075625038E1
1.304485517E2,-2.896875191E1,8.493750572E0,-2.085000038E1
1.304685498E2,-2.868750191E1,8.775000572E0,-2.075625038E1
1.304885554E2,-2.915625191E1,8.700000763E0,-2.094375038E1
1.305085558E2,-2.896875191E1,8.775000572E0,-2.043750000E1
1.305285521E2,-2.906250191E1,8.493750572E0,-2.073750114E1
1.305485565E2,-2.947500038E1,8.962500572E0,-2.021250153E1
1.305685570E2,-2.919375038E1,8.925000191E0,-1.970625114E1
1.305885516E2,-2.947500038E1,8.981250763E0,-2.041875076E1
1.306085547E2,-2.947500038E1,9.281250000E0,-2.062500000E1
1.306285533E2,-2.930625153E1,9.450000763E0,-2.021250153E1
1.306485467E2,-2.900625038E1,9.581250191E0,-2.073750114E1
1.306685504E2,-2.893125153E1,9.843750000E0,-2.032500076E1
1.306885491E2,-2.874375153E1,1.014375019E1,-2.053125000E1
1.307085555E2,-2.896875191E1,1.074375057E1,-2.041875076E1
1.307285564E2,-2.865000153E1,1.055625057E1,-2.073750114E1
1.307485528E2,-2.874375153E1,1.023750019E1,-2.041875076E1
1.307685463E2,-2.865000153E1,1.014375019E1,-2.032500076E1
1.307885159E2,-2.878125191E1,1.068750000E1,-1.959375000E1
1.308085209E2,-2.925000191E1,1.065000057E1,-2.030625153E1
1.308285330E2,-2.923125076E1,1.027500057E1,-2.062500000E1
1.308485389E2,-2.853750038E1,9.956250191E0,-2.053125000E1
1.308685736E2,-2.883750153E1,1.018125057E1,-2.094375038E1
1.308885737E2,-2.835000038E1,1.018125057E1,-2.137500000E1
1.309085684E2,-2.895000076E1,1.046250057E1,-2.062500000E1
1.309285593E2,-2.876250076E1,1.074375057E1,-2.062500000E1
1.309485590E2,-2.806875038E1,1.076250076E1,-2.116875076E1
1.309685539E2,-2.795625114E1,1.023750019E1,-2.086875153E1
1.309885581E2,-2.836875153E1,1.050000000E1,-2.002500153E1
1.310085573E2,-2.820000076E1,1.091250038E1,-2.023125076E1
1.310285525E2,-2.859375191E1,1.102500057E1,-2.021250153E1
1.310485561E2,-2.823750114E1,9.937500000E0,-2.055000114E1
1.310685550E2,-2.786250114E1,1.035000038E1,-2.107500076E1
1.310885614E2,-2.816250038E1,1.036875057E1,-2.116875076E1
1.311085509E2,-2.823750114E1,9.956250191E0,-2.086875153E1
1.311285499E2,-2.893125153E1,1.029375076E1,-2.103750038E1
1.311485453E2,-2.788125038E1,1.051875019E1,-2.066250038E1
1.311685490E2,-2.823750114E1,1.020000076E1,-2.178750038E1
1.311885474E2,-2.825625038E1,1.035000038E1,-2.085000038E1
1.312085432E2,-2.730000114E1,1.081875038E1,-2.098125076E1
1.312285470E2,-2.778750038E1,1.085625076E1,-2.128125000E1
1.312485462E2,-2.799375153E1,1.093125057E1,-2.075625038E1
1.312685528E2,-2.799375153E1,1.083750057E1,-2.075625038E1
1.312885537E2,-2.739375114E1,1.083750057E1,-2.098125076E1
1.313085506E2,-2.818125153E1,1.076250076E1,-2.105625153E1
1.313285340E2,-2.806875038E1,1.068750000E1,-2.148750114E1
1.313485381E2,-2.806875038E1,1.048125076E1,-2.137500000E1
1.313685378E2,-2.797500038E1,1.074375057E1,-2.086875153E1
1.313885451E2,-2.848125076E1,1.074375057E1,-2.053125000E1
1.314085921E2,-2.739375114E1,1.063125038E1,-2.098125076E1
1.314285789E2,-2.788125038E1,1.083750057E1,-2.075625038E1
1.314485744E2,-2.731875038E1,1.123125076E1,-2.118750000E1
1.314685661E2,-2.778750038E1,1.066875076E1,-2.139375114E1
1.314885666E2,-2.750625038E1,1.113750076E1,-2.098125076E1
1.315085613E2,-2.750625038E1,1.102500057E1,-2.077500153E1
1.315285551E2,-2.748750114E1,1.063125038E1,-2.086875153E1
1.315485685E2,-2.790000153E1,1.106250000E1,-2.128125000E1
1.315685637E2,-2.808750153E1,1.104375076E1,-2.105625153E1
1.315885557E2,-2.827500153E1,1.083750057E1,-2.064375114E1
1.316085567E2,-2.906250191E1,1.085625076E1,-2.071875000E1
1.316285764E2,-2.889375114E1,1.136250019E1,-2.083125114E1
1.316485655E2,-2.898750114E1,1.145625019E1,-2.062500000E1
1.316685633E2,-2.808750153E1,1.104375076E1,-2.096250153E1
1.316885573E2,-2.870625114E1,1.164375019E1,-2.062500000E1
1.317085488E2,-2.821875191E1,1.196250057E1,-2.115000153E1
1.317285486E2,-2.863125038E1,1.231875038E1,-2.051250076E1
1.317485460E2,-2.853750038E1,1.254375076E1,-2.094375038E1
1.317685513E2,-2.835000038E1,1.233750057E1,-2.094375038E1
1.317885518E2,-2.833125114E1,1.205625057E1,-2.126250076E1
1.318085482E2,-2.814375114E1,1.243125057E1,-2.073750114E1
1.318285527E2,-2.844375038E1,1.256250095E1,-2.124375153E1
1.318485519E2,-2.872500038E1,1.237500095E1,-2.135625076E1
1.318685493E2,-2.795625114E1,1.209375095E1,-2.032500076E1
1.318885527E2,-2.872500038E1,1.218750095E1,-2.156250000E1
1.319085514E2,-2.833125114E1,1.230000019E1,-2.197500038E1
1.319285466E2,-2.784375191E1,1.239375019E1,-2.199375153E1
1.319486064E2,-2.786250114E1,1.280625057E1,-2.240625000E1
1.319685921E2,-2.784375191E1,1.237500095E1,-2.178750038E1
1.319885865E2,-2.816250038E1,1.299375057E1,-2.208750153E1
1.320085774E2,-2.788125038E1,1.316250038E1,-2.167500114E1
1.320285656E2,-2.775000191E1,1.256250095E1,-2.178750038E1
1.320485644E2,-2.814375114E1,1.228125095E1,-2.178750038E1
1.320685593E2,-2.820000076E1,1.194375038E1,-2.272500038E1
1.320885303E2,-2.790000153E1,1.175625038E1,-2.304375076E1
1.321085365E2,-2.820000076E1,1.194375038E1,-2.272500038E1
1.321285383E2,-2.808750153E1,1.143750000E1,-2.261250114E1
1.321485364E2,-2.773125076E1,1.203750038E1,-2.272500038E1
1.321685765E2,-2.741250038E1,1.173750019E1,-2.306250000E1
1.321885703E2,-2.761875153E1,1.201875019E1,-2.263125038E1
1.322085602E2,-2.733750153E1,1.211250019E1,-2.274375153E1
1.322285589E2,-2.754375076E1,1.231875038E1,-2.283750153E1
1.322485539E2,-2.713125038E1,1.171875000E1,-2.295000076E1
1.322685559E2,-2.692500114E1,1.170000076E1,-2.265000153E1
1.322885553E2,-2.760000038E1,1.110000038E1,-2.221875000E1
1.323085619E2,-2.760000038E1,1.123125076E1,-2.274375153E1
1.323285630E2,-2.728125191E1,1.093125057E1,-2.274375153E1
1.323485593E2,-2.758125114E1,1.115625000E1,-2.315625000E1
1.323685522E2,-2.775000191E1,1.036875057E1,-2.326875114E1
1.323885544E2,-2.756250191E1,1.046250057E1,-2.306250000E1
1.324085523E2,-2.707500076E1,1.053750038E1,-2.308125114E1
1.324285463E2,-2.718750191E1,1.083750057E1,-2.285625076E1
1.324485490E2,-2.677500153E1,1.044375038E1,-2.340000153E1
1.324685476E2,-2.765625191E1,1.048125076E1,-2.336250114E1
1.324885536E2,-2.716875076E1,1.065000057E1,-2.326875114E1
1.325085545E2,-2.763750076E1,1.018125057E1,-2.326875114E1
1.325285511E2,-2.745000076E1,9.900000572E0,-2.212500000E1
1.325485555E2,-2.763750076E1,9.806250572E0,-2.212500000E1
1.325685549E2,-2.733750153E1,9.618750572E0,-2.244375038E1
1.325885503E2,-2.731875038E1,9.562500000E0,-2.328750038E1
1.326085428E2,-2.769375038E1,8.850000381E0,-2.276250076E1
1.326285231E2,-2.799375153E1,8.962500572E0,-2.265000153E1
1.326485253E2,-2.748750114E1,8.962500572E0,-2.296875000E1
1.326685350E2,-2.760000038E1,9.150000572E0,-2.276250076E1
1.326885390E2,-2.767500114E1,8.887500763E0,-2.338125038E1
1.327085835E2,-2.855625153E1,8.906250000E0,-2.304375076E1
1.327285798E2,-2.827500153E1,8.756250381E0,-2.233125114E1
1.327485712E2,-2.827500153E1,8.850000381E0,-2.233125114E1
1.327685711E2,-2.780625153E1,9.131250381E0,-2.223750114E1
1.327885664E2,-2.816250038E1,8.475000381E0,-2.274375153E1
1.328085572E2,-2.855625153E1,8.681250572E0,-2.263125038E1
1.328285588E2,-2.904375076E1,8.681250572E0,-2.229375076E1
1.328485670E2,-2.885625076E1,8.887500763E0,-2.251875114E1
1.328685580E2,-2.806875038E1,7.968750477E0,-2.088750076E1
1.328885581E2,-2.876250076E1,8.662500381E0,-2.220000076E1
1.329085542E2,-2.913750076E1,8.287500381E0,-2.229375076E1
1.329285700E2,-2.885625076E1,8.868750572E0,-2.231250000E1
1.329485675E2,-2.906250191E1,8.756250381E0,-2.188125038E1
1.329685607E2,-2.906250191E1,9.037500381E0,-2.176875114E1
1.329885624E2,-2.896875191E1,8.943750381E0,-2.188125038E1
1.330085600E2,-2.917500114E1,9.131250381E0,-2.135625076E1
1.330285525E2,-2.919375038E1,9.431250572E0,-2.167500114E1
1.330485444E2,-2.878125191E1,8.925000191E0,-2.158125114E1
1.330685454E2,-2.917500114E1,9.037500381E0,-2.146875000E1
1.330885427E2,-2.925000191E1,8.643750191E0,-2.167500114E1
1.331085478E2,-2.945625114E1,9.056250572E0,-2.186250114E1
1.331285482E2,-2.977500153E1,9.225000381E0,-2.103750038E1
1.331485448E2,-2.915625191E1,8.981250763E0,-2.240625000E1
1.331685396E2,-2.928750038E1,9.431250572E0,-2.145000076E1
1.331885413E2,-2.964375114E1,8.981250763E0,-2.206875038E1
1.332085390E2,-2.878125191E1,9.225000381E0,-2.146875000E1
1.332285445E2,-2.878125191E1,9.150000572E0,-2.210625076E1
1.332486013E2,-2.891250038E1,9.787500381E0,-2.105625153E1
1.332685960E2,-2.919375038E1,9.506250381E0,-2.124375153E1
1.332885858E2,-2.911875153E1,9.881250381E0,-2.083125114E1
1.333085726E2,-2.940000153E1,9.712500572E0,-2.113125038E1
1.333285693E2,-2.911875153E1,1.006875038E1,-2.073750114E1
1.333485611E2,-2.910000038E1,9.618750572E0,-2.135625076E1
1.333685525E2,-2.947500038E1,9.206250191E0,-2.103750038E1
1.333885095E2,-2.919375038E1,9.487500191E0,-2.083125114E1
1.334085165E2,-2.940000153E1,9.581250191E0,-2.062500000E1
1.334285196E2,-2.880000114E1,9.243750572E0,-2.023125076E1
1.334485300E2,-2.919375038E1,9.562500000E0,-2.053125000E1
1.334685688E2,-2.908125114E1,9.300000191E0,-2.105625153E1
1.334885614E2,-2.923125076E1,1.006875038E1,-2.062500000E1
1.335085614E2,-2.913750076E1,1.014375019E1,-2.030625153E1
1.335285568E2,-2.844375038E1,9.825000763E0,-2.023125076E1
1.335485601E2,-2.895000076E1,1.035000038E1,-2.032500076E1
1.335685570E2,-2.913750076E1,1.021875000E1,-1.980000114E1
1.335885523E2,-2.911875153E1,9.956250191E0,-2.030625153E1
1.336085554E2,-2.902500153E1,1.016250038E1,-2.053125000E1
1.336285535E2,-2.953125191E1,1.016250038E1,-2.019375038E1
1.336485482E2,-2.941875076E1,9.881250381E0,-2.062500000E1
1.336685511E2,-2.921250153E1,9.675000191E0,-2.062500000E1
1.336885499E2,-2.949375153E1,9.693750381E0,-2.092500114E1
1.337085562E2,-2.911875153E1,1.008750057E1,-2.083125114E1
1.337285569E2,-2.910000038E1,9.487500191E0,-2.073750114E1
1.337485532E2,-2.921250153E1,9.862500191E0,-2.041875076E1
1.337685574E2,-2.913750076E1,1.046250057E1,-2.051250076E1
1.337885560E2,-2.866875076E1,1.063125038E1,-2.041875076E1
1.338085515E2,-2.913750076E1,1.021875000E1,-1.980000114E1
1.338285552E2,-2.925000191E1,1.053750038E1,-2.010000038E1
1.338485539E2,-2.876250076E1,1.040625000E1,-1.980000114E1
1.338685489E2,-2.846250153E1,1.023750019E1,-1.876875114E1
1.338885520E2,-2.906250191E1,1.061250019E1,-1.980000114E1
1.339085510E2,-2.895000076E1,1.033125019E1,-2.000625038E1
1.339285247E2,-2.955000114E1,1.053750038E1,-1.978125000E1
1.339485332E2,-2.943750191E1,9.975000381E0,-1.895625114E1
1.339685362E2,-2.906250191E1,1.051875019E1,-1.980000114E1
1.339885461E2,-2.923125076E1,1.021875000E1,-1.978125000E1
1.340085954E2,-2.913750076E1,1.023750019E1,-2.000625038E1
1.340285838E2,-2.943750191E1,1.033125019E1,-1.989375114E1
1.340485807E2,-2.902500153E1,1.005000019E1,-2.021250153E1
1.340685731E2,-2.855625153E1,1.012500000E1,-2.011875153E1
1.340885627E2,-2.883750153E1,1.012500000E1,-2.000625038E1
1.341085601E2,-2.880000114E1,1.119375038E1,-1.959375000E1
1.341285558E2,-2.898750114E1,1.106250000E1,-1.906875038E1
1.341485053E2,-2.859375191E1,1.106250000E1,-1.938750076E1
1.341685171E2,-2.829375076E1,1.098750019E1,-1.981875038E1
1.341885239E2,-2.820000076E1,1.104375076E1,-1.920000076E1
1.342085259E2,-2.771250153E1,1.104375076E1,-1.931250000E1
1.342285472E2,-2.827500153E1,1.059375000E1,-1.981875038E1
1.342485482E2,-2.878125191E1,1.089375019E1,-1.948125076E1
1.342685558E2,-2.850000191E1,1.110000038E1,-1.980000114E1
1.342885572E2,-2.866875076E1,1.051875019E1,-2.000625038E1
1.343085538E2,-2.848125076E1,1.078125000E1,-1.959375000E1
1.343285578E2,-2.878125191E1,1.096875000E1,-1.938750076E1
1.343485570E2,-2.866875076E1,1.059375000E1,-1.959375000E1
1.343685517E2,-2.868750191E1,1.108125019E1,-1.948125076E1
1.343885548E2,-2.778750038E1,1.027500057E1,-1.963125038E1
1.344085530E2,-2.769375038E1,1.050000000E1,-2.013750076E1
1.344285475E2,-2.838750076E1,1.068750000E1,-1.970625114E1
1.344485511E2,-2.806875038E1,1.040625000E1,-2.002500153E1
1.344685394E2,-2.799375153E1,1.055625057E1,-1.920000076E1
1.344885476E2,-2.771250153E1,1.100625038E1,-2.034375000E1
1.345085500E2,-2.748750114E1,1.048125076E1,-2.004375076E1
1.345285479E2,-2.750625038E1,1.110000038E1,-2.045625114E1
1.345485989E2,-2.761875153E1,1.096875000E1,-1.993125153E1
1.345685890E2,-2.722500038E1,1.110000038E1,-2.068125153E1
1.345885755E2,-2.761875153E1,1.085625076E1,-1.972500038E1
1.346085716E2,-2.771250153E1,1.098750019E1,-2.004375076E1
1.346285642E2,-2.750625038E1,1.068750000E1,-2.015625000E1
1.346485543E2,-2.761875153E1,1.087500000E1,-1.983750153E1
1.346685545E2,-2.778750038E1,1.036875057E1,-1.972500038E1
1.346885182E2,-2.700000191E1,1.018125057E1,-2.017500114E1
1.347085191E2,-2.816250038E1,1.012500000E1,-2.023125076E1
1.347285282E2,-2.788125038E1,1.042500019E1,-2.045625114E1
1.347485321E2,-2.778750038E1,1.050000000E1,-2.025000000E1
1.347685657E2,-2.797500038E1,1.029375076E1,-2.004375076E1
1.347885540E2,-2.795625114E1,1.014375019E1,-2.096250153E1
1.348085509E2,-2.795625114E1,1.012500000E1,-2.055000114E1
1.348285556E2,-2.735625076E1,9.843750000E0,-2.109375000E1
1.348485551E2,-2.728125191E1,1.010625076E1,-2.047500038E1
1.348685496E2,-2.671875191E1,1.027500057E1,-1.861875153E1
1.348885422E2,-2.748750114E1,1.040625000E1,-2.056875038E1
1.349085436E2,-2.688750076E1,1.025625038E1,-2.173125076E1
1.349285408E2,-2.788125038E1,1.031250000E1,-2.045625114E1
1.349485458E2,-2.756250191E1,1.023750019E1,-2.109375000E1
1.349685459E2,-2.739375114E1,1.048125076E1,-2.004375076E1
1.349885424E2,-2.748750114E1,1.063125038E1,-2.109375000E1
1.350085481E2,-2.786250114E1,1.033125019E1,-2.055000114E1
1.350285469E2,-2.707500076E1,1.025625038E1,-2.152500153E1
1.350485532E2,-2.728125191E1,1.021875000E1,-2.077500153E1
1.350685541E2,-2.677500153E1,1.012500000E1,-2.120625114E1
1.350885492E2,-2.698125076E1,1.033125019E1,-2.100000000E1
1.351085538E2,-2.696250153E1,9.881250381E0,-2.205000114E1
1.351285530E2,-2.716875076E1,9.825000763E0,-2.100000000E1
1.351485482E2,-2.696250153E1,9.956250191E0,-2.161875153E1
1.351685516E2,-2.675625038E1,9.637500763E0,-2.143125153E1
1.351885503E2,-2.675625038E1,9.600000381E0,-2.236875153E1
1.352085568E2,-2.643750191E1,8.981250763E0,-2.216250038E1
1.352285250E2,-2.685000038E1,9.581250191E0,-2.193750000E1
1.352485288E2,-2.683125114E1,8.981250763E0,-2.205000114E1
1.352685397E2,-2.701875114E1,9.131250381E0,-2.278125000E1
1.352885446E2,-2.632500076E1,8.831250191E0,-2.289375114E1
1.353085897E2,-2.634375191E1,9.112500191E0,-2.280000114E1
1.353285752E2,-2.664375114E1,9.206250191E0,-2.236875153E1
1.353485696E2,-2.641875076E1,9.056250572E0,-2.341875076E1
1.353685603E2,-2.662500191E1,8.906250000E0,-2.257500076E1
1.353885602E2,-2.632500076E1,8.793750763E0,-2.248125076E1
1.354085546E2,-2.671875191E1,8.700000763E0,-2.225625038E1
1.354285479E2,-2.632500076E1,8.831250191E0,-2.289375114E1
1.354485611E2,-2.641875076E1,8.493750572E0,-2.238750076E1
1.354685564E2,-2.641875076E1,8.812500000E0,-2.248125076E1
1.354885598E2,-2.630625153E1,8.493750572E0,-2.227500153E1
1.355085581E2,-2.653125191E1,8.737500191E0,-2.133750153E1
1.355285757E2,-2.686875153E1,7.931250095E0,-2.248125076E1
1.355485739E2,-2.716875076E1,7.818750381E0,-2.216250038E1
1.355685676E2,-2.690625191E1,8.381250381E0,-2.184375000E1
1.355885584E2,-2.688750076E1,8.137500763E0,-2.257500076E1
1.356085583E2,-2.696250153E1,7.950000286E0,-2.266875076E1
1.356285542E2,-2.677500153E1,7.912500381E0,-2.236875153E1
1.356485589E2,-2.685000038E1,7.518750191E0,-2.216250038E1
1.356685585E2,-2.707500076E1,7.931250095E0,-2.236875153E1
1.356885543E2,-2.713125038E1,7.143750191E0,-2.248125076E1
1.357085470E2,-2.726250076E1,7.725000381E0,-2.236875153E1
1.357285488E2,-2.675625038E1,7.537500381E0,-2.268750000E1
1.357485580E2,-2.636250114E1,7.425000191E0,-2.259375000E1
1.357685401E2,-2.666250038E1,7.612500191E0,-2.236875153E1
1.357885430E2,-2.666250038E1,7.725000381E0,-2.248125076E1
1.358085417E2,-2.675625038E1,7.443750381E0,-2.268750000E1
1.358285482E2,-2.685000038E1,7.425000191E0,-2.227500153E1
1.358485946E2,-2.668125153E1,7.800000191E0,-2.216250038E1
1.358685812E2,-2.628750038E1,7.200000286E0,-2.041875076E1
1.358885765E2,-2.677500153E1,7.575000286E0,-2.154375076E1
1.359085682E2,-2.743125153E1,7.312500477E0,-2.193750000E1
1.359285572E2,-2.743125153E1,7.106250286E0,-2.163750076E1
1.359485546E2,-2.715000153E1,7.162500381E0,-2.101875114E1
1.359685508E2,-2.731875038E1,6.600000381E0,-2.154375076E1
1.359885111E2,-2.799375153E1,6.712500095E0,-2.130000114E1
1.360085207E2,-2.812500191E1,7.218750477E0,-2.139375114E1
1.360285255E2,-2.831250191E1,7.031250477E0,-2.150625038E1
1.360485372E2,-2.726250076E1,7.593750477E0,-2.152500153E1
1.360685654E2,-2.724375153E1,7.368750095E0,-2.111250114E1
1.360885718E2,-2.735625076E1,7.631250381E0,-2.214375114E1
1.361085716E2,-2.698125076E1,7.950000286E0,-2.122500038E1
1.361285669E2,-2.707500076E1,7.950000286E0,-2.111250114E1
1.361485582E2,-2.686875153E1,7.781250477E0,-2.175000000E1
1.361685573E2,-2.728125191E1,8.137500763E0,-2.079375076E1
1.361885542E2,-2.716875076E1,7.556250095E0,-2.090625000E1
1.362085473E2,-2.709375191E1,8.062500000E0,-2.143125153E1
1.362285493E2,-2.716875076E1,7.556250095E0,-2.111250114E1
1.362485471E2,-2.726250076E1,7.462500095E0,-2.122500038E1
1.362685528E2,-2.726250076E1,7.668750286E0,-2.122500038E1
1.362885421E2,-2.754375076E1,7.575000286E0,-2.131875038E1
1.363085425E2,-2.775000191E1,7.818750381E0,-2.182500076E1
1.363285490E2,-2.746875191E1,8.081250191E0,-2.152500153E1
1.363485501E2,-2.735625076E1,7.706250191E0,-2.184375000E1
1.363685466E2,-2.758125114E1,8.081250191E0,-2.141250038E1
1.363885501E2,-2.707500076E1,7.893750191E0,-2.184375000E1
1.364085502E2,-2.737500191E1,8.306250572E0,-2.182500076E1
1.364285459E2,-2.746875191E1,7.912500381E0,-2.193750000E1
1.364485498E2,-2.758125114E1,8.268750191E0,-2.100000000E1
1.364685488E2,-2.767500114E1,8.100000381E0,-2.173125076E1
1.364885544E2,-2.758125114E1,8.381250381E0,-2.150625038E1
1.365085557E2,-2.786250114E1,8.137500763E0,-2.223750114E1
1.365285310E2,-2.786250114E1,8.212500572E0,-2.161875153E1
1.365485403E2,-2.825625038E1,8.043750763E0,-2.191875076E1
1.365685437E2,-2.844375038E1,8.137500763E0,-2.180625153E1
1.365885428E2,-2.844375038E1,8.250000000E0,-2.201250076E1
1.366085832E2,-2.881875038E1,7.968750477E0,-2.210625076E1
1.366285877E2,-2.876250076E1,8.550000191E0,-2.210625076E1
1.366485744E2,-2.902500153E1,8.062500000E0,-2.199375153E1
1.366685706E2,-2.904375076E1,8.493750572E0,-2.240625000E1
1.366885630E2,-2.885625076E1,8.793750763E0,-2.261250114E1
1.367085517E2,-2.908125114E1,9.262500763E0,-2.208750153E1
1.367285521E2,-2.926875114E1,8.962500572E0,-2.188125038E1
1.367485596E2,-2.887500191E1,9.168750763E0,-2.240625000E1
1.367685614E2,-2.908125114E1,9.543750763E0,-2.197500038E1
1.367885590E2,-2.958750153E1,9.768750191E0,-2.195625114E1
1.368085529E2,-2.915625191E1,9.056250572E0,-2.208750153E1
1.368285558E2,-2.917500114E1,9.300000191E0,-2.281875038E1
1.368485542E2,-2.945625114E1,9.206250191E0,-2.259375000E1
1.368685487E2,-2.925000191E1,8.981250763E0,-2.229375076E1
1.368885516E2,-2.941875076E1,8.400000572E0,-2.250000000E1
1.369085502E2,-2.964375114E1,8.793750763E0,-2.227500153E1
1.369285452E2,-2.983125114E1,8.812500000E0,-2.259375000E1
1.369485488E2,-2.971875191E1,8.606250763E0,-2.238750076E1
1.369685474E2,-2.962500191E1,8.700000763E0,-2.238750076E1
1.369885538E2,-2.975625038E1,8.850000381E0,-2.145000076E1
1.370085548E2,-2.945625114E1,9.187500000E0,-2.250000000E1
1.370285514E2,-2.936250114E1,9.168750763E0,-2.218125153E1
1.370485562E2,-2.973750114E1,8.887500763E0,-2.218125153E1
1.370685348E2,-2.866875076E1,9.168750763E0,-2.251875114E1
1.370885350E2,-2.895000076E1,8.756250381E0,-2.188125038E1
1.371085427E2,-2.975625038E1,9.075000763E0,-2.206875038E1
1.371285450E2,-3.013125038E1,9.000000000E0,-2.216250038E1
1.371485993E2,-3.003750038E1,8.775000572E0,-2.165625000E1
1.371685806E2,-2.994375038E1,8.831250191E0,-2.113125038E1
1.371885717E2,-2.938125038E1,9.318750381E0,-2.115000153E1
1.372085603E2,-2.973750114E1,8.756250381E0,-2.154375076E1
1.372285585E2,-3.005625153E1,9.150000572E0,-2.143125153E1
1.372485517E2,-2.923125076E1,8.475000381E0,-2.208750153E1
1.372685553E2,-2.936250114E1,8.962500572E0,-2.176875114E1
1.372885105E2,-2.966250038E1,9.075000763E0,-2.186250114E1
1.373085161E2,-2.919375038E1,9.450000763E0,-2.176875114E1
1.373285287E2,-2.938125038E1,9.318750381E0,-2.115000153E1
1.373485354E2,-2.917500114E1,9.243750572E0,-2.167500114E1
1.373685597E2,-2.919375038E1,9.656250000E0,-2.197500038E1
1.373885631E2,-2.947500038E1,9.093750000E0,-2.083125114E1
1.374085605E2,-2.919375038E1,9.525000572E0,-2.145000076E1
1.374285539E2,-2.919375038E1,9.600000381E0,-2.094375038E1
1.374485558E2,-2.955000114E1,8.943750381E0,-2.156250000E1
1.374685527E2,-2.891250038E1,9.600000381E0,-2.115000153E1
1.374885579E2,-2.917500114E1,9.131250381E0,-2.146875000E1
1.375085577E2,-2.949375153E1,9.637500763E0,-2.145000076E1
1.375285533E2,-2.968125153E1,9.431250572E0,-2.133750153E1
1.375485570E2,-2.988750076E1,9.506250381E0,-2.071875000E1
1.375685558E2,-2.947500038E1,9.431250572E0,-2.145000076E1
1.375885623E2,-2.889375114E1,9.506250381E0,-2.115000153E1
1.376085533E2,-2.881875038E1,1.001250076E1,-2.167500114E1
1.376285518E2,-2.900625038E1,9.581250191E0,-2.085000038E1
1.376485465E2,-2.930625153E1,9.862500191E0,-2.051250076E1
1.376685499E2,-2.911875153E1,9.656250000E0,-2.021250153E1
1.376886052E2,-2.863125038E1,9.656250000E0,-2.053125000E1
1.377085875E2,-2.949375153E1,9.693750381E0,-2.092500114E1
1.377285791E2,-2.900625038E1,9.806250572E0,-2.126250076E1
1.377485679E2,-2.910000038E1,9.375000000E0,-2.073750114E1
1.377685664E2,-2.911875153E1,9.843750000E0,-2.021250153E1
1.377885611E2,-2.910000038E1,9.393750191E0,-2.105625153E1
1.378085535E2,-2.910000038E1,9.693750381E0,-2.115000153E1
1.378285224E2,-2.945625114E1,8.906250000E0,-2.103750038E1
1.378485275E2,-2.919375038E1,9.187500000E0,-2.073750114E1
1.378685286E2,-2.887500191E1,8.868750572E0,-2.043750000E1
1.378885372E2,-2.900625038E1,9.487500191E0,-2.085000038E1
1.379085771E2,-2.870625114E1,9.581250191E0,-2.105625153E1
1.379285789E2,-2.913750076E1,1.014375019E1,-2.010000038E1
1.379485748E2,-2.940000153E1,9.562500000E0,-2.030625153E1
1.379685669E2,-2.949375153E1,9.675000191E0,-2.062500000E1
1.379885562E2,-2.938125038E1,9.187500000E0,-2.062500000E1
1.380085537E2,-2.917500114E1,9.187500000E0,-2.083125114E1
1.380285494E2,-2.956875038E1,8.775000572E0,-2.041875076E1
1.380485533E2,-2.986875153E1,9.206250191E0,-2.071875000E1
1.380685525E2,-2.915625191E1,8.475000381E0,-2.032500076E1
1.380885479E2,-3.003750038E1,8.831250191E0,-2.113125038E1
1.381085516E2,-2.994375038E1,8.625000000E0,-2.081250000E1
1.381285623E2,-2.986875153E1,9.187500000E0,-2.051250076E1
1.381485668E2,-2.956875038E1,8.868750572E0,-2.021250153E1
1.381685653E2,-2.938125038E1,8.943750381E0,-1.989375114E1
1.381885600E2,-2.947500038E1,9.000000000E0,-2.094375038E1
1.382085514E2,-2.958750153E1,9.581250191E0,-2.040000153E1
1.382285510E2,-2.977500153E1,8.962500572E0,-2.010000038E1
1.382485483E2,-2.958750153E1,9.112500191E0,-1.936875153E1
1.382685532E2,-3.016875076E1,9.393750191E0,-2.028750038E1
1.382885534E2,-3.016875076E1,9.000000000E0,-1.884375000E1
1.383085494E2,-3.046875191E1,9.281250000E0,-1.996875000E1
1.383285538E2,-3.045000076E1,9.093750000E0,-2.028750038E1
1.383485534E2,-3.016875076E1,9.243750572E0,-1.946250153E1
1.383685280E2,-3.056250191E1,9.337500572E0,-1.923750114E1
1.383885363E2,-3.095625114E1,8.943750381E0,-1.891875076E1
1.384085395E2,-3.026250076E1,9.018750191E0,-1.893750000E1
1.384285380E2,-3.045000076E1,8.962500572E0,-1.976250076E1
1.384485896E2,-3.086250114E1,9.431250572E0,-1.891875076E1
1.384685805E2,-3.005625153E1,8.962500572E0,-1.966875076E1
1.384885791E2,-3.088125038E1,9.637500763E0,-1.891875076E1
1.385085731E2,-3.058125114E1,9.506250381E0,-1.861875153E1
1.385285638E2,-3.058125114E1,9.618750572E0,-1.882500076E1
1.385485620E2,-3.090000153E1,1.020000076E1,-1.848750114E1
1.385685582E2,-3.108750153E1,9.581250191E0,-1.798125076E1
1.385885077E2,-3.090000153E1,9.975000381E0,-1.807500076E1
1.386085198E2,-3.060000038E1,9.562500000E0,-1.798125076E1
1.386285266E2,-3.129375076E1,9.881250381E0,-1.786875153E1
1.386485287E2,-3.069375038E1,9.543750763E0,-1.768125153E1
1.386685496E2,-3.146250153E1,9.281250000E0,-1.786875153E1
1.386885509E2,-3.136875153E1,9.243750572E0,-1.713750076E1
1.387085471E2,-3.144375038E1,8.906250000E0,-1.816875076E1
1.387285511E2,-3.088125038E1,9.356250763E0,-1.745625114E1
1.387485499E2,-3.108750153E1,9.787500381E0,-1.798125076E1
1.387685547E2,-3.127500153E1,9.581250191E0,-1.775625038E1
1.387885558E2,-3.127500153E1,9.450000763E0,-1.725000000E1
1.388085522E2,-3.080625153E1,9.637500763E0,-1.745625114E1
1.388285563E2,-3.138750076E1,9.843750000E0,-1.734375000E1
1.388485553E2,-3.138750076E1,9.675000191E0,-1.764375114E1
1.388685503E2,-3.121875191E1,1.001250076E1,-1.681875038E1
1.388885537E2,-3.099375153E1,9.618750572E0,-1.704375076E1
1.389085424E2,-3.090000153E1,9.731250763E0,-1.736250114E1
1.389285394E2,-3.099375153E1,9.600000381E0,-1.651875114E1
1.389485446E2,-3.114375114E1,1.068750000E1,-1.651875114E1
1.389685449E2,-3.159375191E1,9.900000572E0,-1.650000000E1
1.389886087E2,-3.095625114E1,1.076250076E1,-1.620000076E1
1.390085976E2,-3.103125191E1,9.956250191E0,-1.599375057E1
1.390285831E2,-3.151875114E1,1.036875057E1,-1.608750153E1
1.390485777E2,-3.150000191E1,9.975000381E0,-1.608750153E1
1.390685694E2,-3.123750114E1,1.035000038E1,-1.588125038E1
1.390885587E2,-3.131250191E1,1.020000076E1,-1.650000000E1
1.391085579E2,-3.200625229E1,1.040625000E1,-1.618125153E1
1.391285210E2,-3.163125038E1,1.080000019E1,-1.659375000E1
1.391485217E2,-3.151875114E1,1.038750076E1,-1.618125153E1
1.391685306E2,-3.112500191E1,1.031250000E1,-1.681875038E1
1.391885344E2,-3.105000114E1,1.087500000E1,-1.640625000E1
1.392085680E2,-3.125625038E1,1.108125019E1,-1.640625000E1
1.392285673E2,-3.076875114E1,1.085625076E1,-1.620000076E1
1.392485617E2,-3.086250114E1,1.085625076E1,-1.599375057E1
1.392685642E2,-3.090000153E1,1.173750019E1,-1.588125038E1
1.392885617E2,-3.097500038E1,1.138125038E1,-1.661250114E1
1.393085544E2,-3.099375153E1,1.164375019E1,-1.608750153E1
1.393285462E2,-3.060000038E1,1.175625038E1,-1.651875114E1
1.393485467E2,-3.060000038E1,1.160625076E1,-1.558125019E1
1.393685433E2,-3.060000038E1,1.145625019E1,-1.631250000E1
1.393885481E2,-3.031875038E1,1.179375076E1,-1.560000038E1
1.394085481E2,-3.003750038E1,1.203750038E1,-1.633125114E1
1.394285442E2,-3.013125038E1,1.211250019E1,-1.601250076E1
1.394485486E2,-3.003750038E1,1.215000057E1,-1.653750038E1
1.394685477E2,-3.041250038E1,1.183125019E1,-1.610625076E1
1.394885543E2,-3.024375153E1,1.230000019E1,-1.590000057E1
1.395085554E2,-3.031875038E1,1.183125019E1,-1.621875000E1
1.395285508E2,-3.033750153E1,1.233750057E1,-1.642500114E1
1.395485559E2,-3.024375153E1,1.213125038E1,-1.621875000E1
1.395685554E2,-3.033750153E1,1.254375076E1,-1.651875114E1
1.395885507E2,-3.035625076E1,1.273125076E1,-1.620000076E1
1.396085542E2,-3.003750038E1,1.233750057E1,-1.663125038E1
1.396285530E2,-2.968125153E1,1.282500076E1,-1.642500114E1
1.396485597E2,-2.975625038E1,1.245000076E1,-1.706250000E1
1.396685280E2,-2.956875038E1,1.243125057E1,-1.665000153E1
1.396885316E2,-2.947500038E1,1.305000019E1,-1.715625000E1
1.397085310E2,-2.938125038E1,1.303125095E1,-1.674375153E1
1.397285382E2,-2.870625114E1,1.312500095E1,-1.719375038E1
1.397485857E2,-2.870625114E1,1.327500057E1,-1.790625000E1
1.397685732E2,-2.823750114E1,1.366875076E1,-1.824375153E1
1.397885693E2,-2.810625076E1,1.276875019E1,-1.824375153E1
1.398085613E2,-2.791875076E1,1.327500057E1,-1.845000076E1
1.398285620E2,-2.750625038E1,1.312500095E1,-1.940625000E1
1.398485570E2,-2.720625114E1,1.261875057E1,-1.951875114E1
1.398685509E2,-2.739375114E1,1.284375095E1,-1.993125153E1
1.398885094E2,-2.641875076E1,1.293750095E1,-2.038125038E1
1.399085174E2,-2.593125153E1,1.252500057E1,-2.017500114E1
1.399285211E2,-2.583750153E1,1.275000095E1,-2.070000076E1
1.399485320E2,-2.610000038E1,1.215000057E1,-2.049375153E1
1.399685483E2,-2.550000191E1,1.205625057E1,-2.083125114E1
1.399885568E2,-2.501250076E1,1.185000038E1,-2.115000153E1
1.400085587E2,-2.520000076E1,1.196250057E1,-2.115000153E1
1.400285555E2,-2.413125038E1,1.185000038E1,-2.169375038E1
1.400485599E2,-2.488125038E1,1.151250076E1,-2.208750153E1
1.400685585E2,-2.476875114E1,1.121250057E1,-2.208750153E1
1.400885649E2,-2.430000114E1,1.162500000E1,-2.263125038E1
1.401085654E2,-2.486250114E1,1.111875057E1,-2.220000076E1
1.401285614E2,-2.439375114E1,1.117500019E1,-2.190000153E1
1.401485539E2,-2.409375191E1,1.123125076E1,-2.283750153E1
1.401685552E2,-2.405625153E1,1.038750076E1,-2.212500000E1
1.401885525E2,-2.415000153E1,1.051875019E1,-2.242500114E1
1.402085363E2,-2.356875038E1,1.048125076E1,-2.214375114E1
1.402285409E2,-2.355000114E1,9.918750763E0,-2.276250076E1
1.402485410E2,-2.345625114E1,9.918750763E0,-2.266875076E1
1.402685485E2,-2.293125153E1,9.337500572E0,-2.319375038E1
1.402886073E2,-2.332500076E1,9.543750763E0,-2.328750038E1
1.403085919E2,-2.281875038E1,9.168750763E0,-2.392500114E1
1.403285852E2,-2.302500153E1,9.356250763E0,-2.360625076E1
1.403485752E2,-2.259375000E1,8.475000381E0,-2.405625153E1
1.403685629E2,-2.250000000E1,8.606250763E0,-2.456250191E1
1.403885590E2,-2.197500038E1,8.118750572E0,-2.490000153E1
1.404085542E2,-2.190000153E1,8.287500381E0,-2.460000038E1
1.404285139E2,-2.178750038E1,7.781250477E0,-2.448750114E1
1.404485228E2,-2.218125153E1,7.875000477E0,-2.416875076E1
1.404685274E2,-2.175000000E1,7.425000191E0,-2.501250076E1
1.404885389E2,-2.116875076E1,7.518750191E0,-2.523750114E1
1.405085674E2,-2.165625000E1,7.331250191E0,-2.512500191E1
1.405285738E2,-2.139375114E1,7.800000191E0,-2.503125191E1
1.405485737E2,-2.163750076E1,7.012500286E0,-2.491875076E1
1.405685685E2,-2.116875076E1,7.406250477E0,-2.514375114E1
1.405885602E2,-2.163750076E1,7.050000191E0,-2.544375038E1
1.406085593E2,-2.163750076E1,7.012500286E0,-2.491875076E1
1.406285561E2,-2.135625076E1,7.031250477E0,-2.523750114E1
1.406485493E2,-2.133750153E1,6.693750381E0,-2.482500076E1
1.406685515E2,-2.122500038E1,6.450000286E0,-2.555625153E1
1.406885494E2,-2.105625153E1,7.031250477E0,-2.566875076E1
1.407085438E2,-2.045625114E1,6.525000095E0,-2.557500076E1
1.407285471E2,-2.103750038E1,6.393750191E0,-2.493750191E1
1.407485461E2,-2.071875000E1,6.131250381E0,-2.548125076E1
1.407685521E2,-2.055000114E1,6.825000286E0,-2.557500076E1
1.407885529E2,-2.026875114E1,6.600000381E0,-2.527500153E1
1.408085495E2,-2.023125076E1,6.018750191E0,-2.548125076E1
1.408286106E2,-1.955625153E1,6.112500191E0,-2.593125153E1
1.408485971E2,-1.981875038E1,5.850000381E0,-2.623125076E1
1.408685806E2,-1.983750153E1,6.000000000E0,-2.559375191E1
1.408885744E2,-1.933125114E1,5.531250000E0,-2.625000191E1
1.409085651E2,-1.895625114E1,6.131250381E0,-2.645625114E1
1.409285540E2,-1.895625114E1,5.831250191E0,-2.656875038E1
1.409485533E2,-1.923750114E1,5.625000000E0,-2.613750076E1
1.409685279E2,-1.845000076E1,5.625000000E0,-2.658750153E1
1.409885369E2,-1.854375076E1,5.531250000E0,-2.668125153E1
1.410085410E2,-1.835625076E1,5.512500286E0,-2.638125038E1
1.410285405E2,-1.833750153E1,5.306250095E0,-2.638125038E1
1.410485817E2,-1.775625038E1,5.531250000E0,-2.690625191E1
1.410685758E2,-1.803750038E1,5.212500095E0,-2.658750153E1
1.410885659E2,-1.751250076E1,4.593750000E0,-2.827500153E1
1.411085649E2,-1.756875038E1,5.531250000E0,-2.722500038E1
1.411285599E2,-1.723125076E1,4.743750095E0,-2.745000076E1
1.411485505E2,-1.715625000E1,5.118750095E0,-2.715000153E1
1.411685409E2,-1.695000076E1,4.837500095E0,-2.746875191E1
1.411885524E2,-1.723125076E1,4.575000286E0,-2.786250114E1
1.412085575E2,-1.715625000E1,4.931250095E0,-2.735625076E1
1.412285574E2,-1.704375076E1,4.725000381E0,-2.715000153E1
1.412485532E2,-1.691250038E1,4.237500191E0,-2.756250191E1
1.412685574E2,-1.693125153E1,4.518750191E0,-2.705625153E1
1.412885568E2,-1.680000114E1,3.881250143E0,-2.820000076E1
1.413085517E2,-1.670625114E1,3.656250238E0,-2.790000153E1
1.413285550E2,-1.621875000E1,3.618750095E0,-2.748750114E1
1.413485536E2,-1.666875076E1,3.168750048E0,-2.790000153E1
1.413685480E2,-1.666875076E1,2.962500095E0,-2.769375038E1
1.413885518E2,-1.599375057E1,2.568750143E0,-2.647500038E1
1.414085505E2,-1.666875076E1,2.756250143E0,-2.758125114E1
1.414285456E2,-1.646250153E1,2.418750048E0,-2.698125076E1
1.414485490E2,-1.685625076E1,2.456250191E0,-2.737500191E1
1.414685480E2,-1.685625076E1,2.306250095E0,-2.664375114E1
1.414885547E2,-1.674375153E1,2.268750191E0,-2.758125114E1
1.415085343E2,-1.663125038E1,1.837500095E0,-2.707500076E1
1.415285357E2,-1.721250153E1,1.650000095E0,-2.696250153E1
1.415485442E2,-1.732500076E1,2.043750048E0,-2.685000038E1
1.415685472E2,-1.680000114E1,1.256250024E0,-2.728125191E1
1.415886021E2,-1.741875076E1,1.837500095E0,-2.685000038E1
1.416085952E2,-1.710000038E1,1.443750024E0,-2.707500076E1
1.416285838E2,-1.719375038E1,1.462500095E0,-2.726250076E1
1.416485699E2,-1.719375038E1,1.256250024E0,-2.696250153E1
1.416685660E2,-1.749375153E1,1.350000024E0,-2.685000038E1
1.416885573E2,-1.728750038E1,1.125000000E0,-2.655000114E1
1.417085486E2,-1.717500114E1,8.437500596E-1,-2.686875153E1
1.417285054E2,-1.717500114E1,1.050000072E0,-2.707500076E1
1.417485126E2,-1.736250114E1,9.750000238E-1,-2.726250076E1
1.417685267E2,-1.728750038E1,1.125000000E0,-2.664375114E1
1.417885345E2,-1.775625038E1,5.625000000E-1,-2.685000038E1
1.418085598E2,-1.715625000E1,5.437500477E-1,-2.666250038E1
1.418285641E2,-1.755000114E1,6.375000477E-1,-2.653125191E1
1.418485625E2,-1.766250038E1,5.250000358E-1,-2.611875153E1
1.418685564E2,-1.785000038E1,5.437500477E-1,-2.653125191E1
1.418885584E2,-1.768125153E1,9.937500358E-1,-2.580000114E1
1.419085549E2,-1.756875038E1,8.625000119E-1,-2.694375038E1
1.419285491E2,-1.764375114E1,3.187500238E-1,-2.623125076E1
1.419485514E2,-1.766250038E1,8.437500596E-1,-2.673750114E1
1.419685496E2,-1.785000038E1,5.625000000E-1,-2.685000038E1
1.419885551E2,-1.796250153E1,8.625000119E-1,-2.662500191E1
1.420085557E2,-1.775625038E1,8.625000119E-1,-2.685000038E1
1.420285634E2,-1.815000153E1,9.750000238E-1,-2.683125114E1
1.420485550E2,-1.816875076E1,1.143750072E0,-2.641875076E1
1.420685541E2,-1.775625038E1,6.750000119E-1,-2.694375038E1
1.420885493E2,-1.745625114E1,7.687500119E-1,-2.716875076E1
1.421085528E2,-1.755000114E1,7.687500119E-1,-2.716875076E1
1.421286081E2,-1.747500038E1,9.562500119E-1,-2.705625153E1
1.421485905E2,-1.755000114E1,9.187500477E-1,-2.799375153E1
1.421685820E2,-1.708125114E1,8.062500358E-1,-2.623125076E1
1.421885708E2,-1.745625114E1,9.000000358E-1,-2.767500114E1
1.422085691E2,-1.728750038E1,1.237500072E0,-2.685000038E1
1.422285633E2,-1.756875038E1,9.937500358E-1,-2.737500191E1
1.422485560E2,-1.775625038E1,1.087500095E0,-2.735625076E1
1.422685252E2,-1.719375038E1,1.256250024E0,-2.716875076E1
1.422885300E2,-1.747500038E1,1.256250024E0,-2.705625153E1
1.423085312E2,-1.747500038E1,1.181250095E0,-2.737500191E1
1.423285396E2,-1.777500153E1,1.293750048E0,-2.756250191E1
1.423485770E2,-1.738125038E1,9.562500119E-1,-2.705625153E1
1.423685681E2,-1.708125114E1,1.068750024E0,-2.737500191E1
1.423885673E2,-1.698750114E1,1.162500024E0,-2.737500191E1
1.424085624E2,-1.691250038E1,1.575000048E0,-2.748750114E1
1.424285542E2,-1.648125076E1,7.875000238E-1,-2.803125191E1
1.424485535E2,-1.670625114E1,1.575000048E0,-2.760000038E1
1.424685507E2,-1.670625114E1,1.518750072E0,-2.842500114E1
1.424885668E2,-1.650000000E1,1.481250048E0,-2.780625153E1
1.425085640E2,-1.631250000E1,1.575000048E0,-2.791875076E1
1.425285576E2,-1.670625114E1,1.575000048E0,-2.769375038E1
1.425485598E2,-1.650000000E1,1.593750119E0,-2.833125114E1
1.425685575E2,-1.593750095E1,1.781250119E0,-2.823750114E1
1.425885515E2,-1.620000076E1,1.293750048E0,-2.833125114E1
1.426085540E2,-1.601250076E1,1.200000048E0,-2.844375038E1
1.426285520E2,-1.582500076E1,1.575000048E0,-2.823750114E1
1.426485466E2,-1.552500057E1,1.481250048E0,-2.857500076E1
1.426685487E2,-1.573125076E1,1.800000072E0,-2.876250076E1
1.426885481E2,-1.541250038E1,1.425000072E0,-2.930625153E1
1.427085434E2,-1.563750076E1,1.818750024E0,-2.896875191E1
1.427285472E2,-1.620000076E1,1.312500000E0,-2.876250076E1
1.427485461E2,-1.552500057E1,1.631250024E0,-2.949375153E1
1.427685525E2,-1.580625057E1,1.556250095E0,-2.970000076E1
1.427885537E2,-1.620000076E1,1.650000095E0,-2.938125038E1
1.428085292E2,-1.561875057E1,1.762500048E0,-2.981250191E1
1.428285386E2,-1.563750076E1,1.800000072E0,-2.887500191E1
1.428485422E2,-1.601250076E1,1.331250072E0,-2.896875191E1
1.428685413E2,-1.563750076E1,1.875000119E0,-2.835000038E1
1.428885930E2,-1.612500000E1,1.593750119E0,-2.835000038E1
1.429085839E2,-1.565625095E1,2.043750048E0,-2.793750191E1
1.429285709E2,-1.593750095E1,1.875000119E0,-2.823750114E1
1.429485673E2,-1.631250000E1,1.687500119E0,-2.812500191E1
1.429685603E2,-1.623750114E1,1.950000048E0,-2.771250153E1
1.429885604E2,-1.623750114E1,2.175000191E0,-2.801250076E1
1.430085582E2,-1.614375114E1,1.968750119E0,-2.812500191E1
1.430285089E2,-1.698750114E1,1.368750095E0,-2.737500191E1
1.430485219E2,-1.648125076E1,1.106250048E0,-2.833125114E1
1.430685293E2,-1.601250076E1,1.293750048E0,-2.844375038E1
1.430885318E2,-1.670625114E1,1.575000048E0,-2.769375038E1
1.431085530E2,-1.681875038E1,1.556250095E0,-2.728125191E1
1.431285542E2,-1.640625000E1,1.181250095E0,-2.782500076E1
1.431485505E2,-1.640625000E1,1.162500024E0,-2.760000038E1
1.431685544E2,-1.668750000E1,1.181250095E0,-2.780625153E1
1.431885532E2,-1.678125000E1,7.875000238E-1,-2.780625153E1
1.432085466E2,-1.678125000E1,7.687500119E-1,-2.748750114E1
1.432285501E2,-1.680000114E1,1.256250024E0,-2.739375114E1
1.432485486E2,-1.670625114E1,1.387500048E0,-2.801250076E1
1.432685545E2,-1.698750114E1,9.562500119E-1,-2.707500076E1
1.432885551E2,-1.696875000E1,6.750000119E-1,-2.748750114E1
1.433085512E2,-1.648125076E1,7.500000000E-1,-2.739375114E1
1.433285444E2,-1.680000114E1,1.237500072E0,-2.698125076E1
1.433485477E2,-1.747500038E1,1.275000095E0,-2.737500191E1
1.433685447E2,-1.747500038E1,1.387500048E0,-2.737500191E1
1.433885497E2,-1.661250114E1,1.068750024E0,-2.604375076E1
1.434085496E2,-1.768125153E1,1.143750072E0,-2.673750114E1
1.434286021E2,-1.786875153E1,1.181250095E0,-2.715000153E1
1.434485932E2,-1.815000153E1,9.750000238E-1,-2.694375038E1
1.434685805E2,-1.786875153E1,1.087500095E0,-2.726250076E1
1.434885773E2,-1.856250000E1,1.481250048E0,-2.681250191E1
1.435085701E2,-1.835625076E1,1.050000072E0,-2.640000153E1
1.435285600E2,-1.875000000E1,1.143750072E0,-2.608125114E1
1.435485600E2,-1.843125153E1,5.812500119E-1,-2.671875191E1
1.435685239E2,-1.875000000E1,1.050000072E0,-2.619375038E1
1.435885247E2,-1.923750114E1,1.275000095E0,-2.626875114E1
1.436085336E2,-1.905000114E1,1.331250072E0,-2.565000153E1
1.436285375E2,-1.882500076E1,5.625000000E-1,-2.619375038E1
1.436485707E2,-1.893750000E1,8.625000119E-1,-2.608125114E1
1.436685588E2,-1.923750114E1,1.162500024E0,-2.606250191E1
1.436885562E2,-1.921875000E1,8.812500238E-1,-2.649375153E1
1.437085494E2,-1.884375000E1,8.812500238E-1,-2.649375153E1
1.437285515E2,-1.916250038E1,1.331250072E0,-2.576250076E1
1.437485476E2,-1.931250000E1,8.062500358E-1,-2.670000076E1
1.437685423E2,-1.991250038E1,7.875000238E-1,-2.604375076E1
1.437885453E2,-1.963125038E1,1.087500095E0,-2.626875114E1
1.438085438E2,-2.011875153E1,1.106250048E0,-2.636250114E1
1.438285500E2,-1.970625114E1,9.000000358E-1,-2.636250114E1
1.438485510E2,-1.989375114E1,7.312500477E-1,-2.677500153E1
1.438685478E2,-1.980000114E1,7.875000238E-1,-2.626875114E1
1.438885525E2,-1.993125153E1,9.562500119E-1,-2.542500114E1
1.439085519E2,-1.993125153E1,1.068750024E0,-2.595000076E1
1.439285471E2,-1.961250114E1,9.937500358E-1,-2.647500038E1
1.439485506E2,-1.981875038E1,1.087500095E0,-2.615625191E1
1.439685497E2,-2.002500153E1,1.181250095E0,-2.615625191E1
1.439885561E2,-2.000625038E1,8.062500358E-1,-2.647500038E1
1.440085566E2,-1.991250038E1,6.937500238E-1,-2.615625191E1
1.440285527E2,-1.912500000E1,7.875000238E-1,-2.638125038E1
1.440485568E2,-1.980000114E1,8.062500358E-1,-2.636250114E1
1.440685562E2,-1.923750114E1,9.750000238E-1,-2.628750038E1
1.440885628E2,-1.980000114E1,6.562500000E-1,-2.730000114E1
1.441085311E2,-1.953750038E1,1.181250095E0,-2.638125038E1
1.441285349E2,-1.991250038E1,8.812500238E-1,-2.583750153E1
1.441485343E2,-1.991250038E1,6.750000119E-1,-2.595000076E1
1.441685417E2,-1.953750038E1,1.087500095E0,-2.626875114E1
1.441885889E2,-1.940625000E1,8.250000477E-1,-2.711250114E1
1.442085764E2,-1.981875038E1,1.087500095E0,-2.606250191E1
1.442285720E2,-1.983750153E1,1.481250048E0,-2.625000191E1
1.442485640E2,-2.049375153E1,6.750000119E-1,-2.551875114E1
1.442685646E2,-1.951875114E1,8.812500238E-1,-2.606250191E1
1.442885595E2,-1.972500038E1,1.200000048E0,-2.647500038E1
1.443085533E2,-1.940625000E1,4.687500298E-1,-2.606250191E1
1.443285666E2,-1.961250114E1,6.562500000E-1,-2.585625076E1
1.443485619E2,-1.953750038E1,1.068750024E0,-2.606250191E1
1.443685541E2,-1.981875038E1,9.750000238E-1,-2.585625076E1
1.443885551E2,-1.886250114E1,1.181250095E0,-2.493750191E1
1.444085639E2,-1.970625114E1,7.875000238E-1,-2.615625191E1
1.444285666E2,-2.002500153E1,1.181250095E0,-2.604375076E1
1.444485639E2,-1.981875038E1,1.181250095E0,-2.604375076E1
1.444685578E2,-1.983750153E1,1.368750095E0,-2.595000076E1
1.444885603E2,-1.981875038E1,1.068750024E0,-2.595000076E1
1.445085571E2,-1.933125114E1,1.293750048E0,-2.658750153E1
1.445285635E2,-1.944375038E1,1.031250000E0,-2.544375038E1
1.445485640E2,-1.974375153E1,1.368750095E0,-2.583750153E1
1.445685603E2,-1.972500038E1,1.200000048E0,-2.647500038E1
1.445885532E2,-1.935000038E1,1.387500048E0,-2.638125038E1
1.446085550E2,-1.974375153E1,1.481250048E0,-2.626875114E1
1.446285526E2,-1.965000153E1,1.500000000E0,-2.647500038E1
1.446485371E2,-1.944375038E1,1.275000095E0,-2.638125038E1
1.446685424E2,-1.935000038E1,1.462500095E0,-2.606250191E1
1.446885430E2,-1.951875114E1,8.812500238E-1,-2.617500114E1
1.447085398E2,-1.981875038E1,1.068750024E0,-2.583750153E1
1.447285899E2,-1.972500038E1,1.312500000E0,-2.656875038E1
1.447485798E2,-1.965000153E1,1.593750119E0,-2.636250114E1
1.447685774E2,-1.983750153E1,1.612500072E0,-2.677500153E1
1.447885710E2,-1.983750153E1,1.293750048E0,-2.636250114E1
1.448085613E2,-1.816875076E1,9.187500477E-1,-2.589375114E1
1.448285605E2,-1.786875153E1,8.625000119E-1,-2.506875038E1
1.448485571E2,-1.884375000E1,9.562500119E-1,-2.619375038E1
1.448685176E2,-1.906875038E1,1.518750072E0,-2.555625153E1
1.448885272E2,-1.972500038E1,1.293750048E0,-2.626875114E1
1.449085318E2,-1.993125153E1,1.500000000E0,-2.636250114E1
1.449285318E2,-1.974375153E1,1.481250048E0,-2.615625191E1
1.449485625E2,-2.034375000E1,1.687500119E0,-2.613750076E1
1.449685597E2,-1.974375153E1,1.481250048E0,-2.604375076E1
1.449885639E2,-1.974375153E1,1.500000000E0,-2.647500038E1
1.450085626E2,-2.006250000E1,2.100000143E0,-2.645625114E1
1.450285571E2,-2.013750076E1,1.818750024E0,-2.666250038E1
1.450485586E2,-2.023125076E1,1.406250000E0,-2.625000191E1
1.450685571E2,-1.995000076E1,1.687500119E0,-2.636250114E1
1.450885631E2,-2.043750000E1,2.006250143E0,-2.623125076E1
1.451085633E2,-2.083125114E1,1.800000072E0,-2.611875153E1
1.451285592E2,-2.034375000E1,2.006250143E0,-2.634375191E1
1.451485520E2,-2.034375000E1,1.968750119E0,-2.572500038E1
1.451685424E2,-2.045625114E1,2.268750191E0,-2.581875038E1
1.451885438E2,-2.043750000E1,2.025000095E0,-2.664375114E1
1.452085398E2,-2.045625114E1,2.268750191E0,-2.561250114E1
1.452285441E2,-2.006250000E1,2.006250143E0,-2.490000153E1
1.452485438E2,-2.058750153E1,2.775000095E0,-2.581875038E1
1.452686076E2,-2.056875038E1,2.381250143E0,-2.591250038E1
1.452885964E2,-2.075625038E1,2.381250143E0,-2.591250038E1
1.453085817E2,-2.026875114E1,2.362500191E0,-2.572500038E1
1.453285765E2,-2.118750000E1,2.943750143E0,-2.506875038E1
1.453485679E2,-2.118750000E1,3.168750048E0,-2.557500076E1
1.453685573E2,-2.128125000E1,2.850000143E0,-2.506875038E1
1.453885569E2,-2.146875000E1,3.093750238E0,-2.568750191E1
1.454085201E2,-2.118750000E1,3.187500238E0,-2.568750191E1
1.454285205E2,-2.137500000E1,3.150000095E0,-2.516250038E1
1.454485295E2,-2.130000114E1,3.787500143E0,-2.578125191E1
1.454685332E2,-2.139375114E1,3.375000238E0,-2.557500076E1
1.454885779E2,-2.236875153E1,3.693750143E0,-2.533125114E1
1.455085634E2,-2.139375114E1,3.543750048E0,-2.484375191E1
1.455285582E2,-2.169375038E1,3.881250143E0,-2.566875076E1
1.455485609E2,-2.161875153E1,4.387500286E0,-2.576250076E1
1.455685588E2,-2.210625076E1,4.275000095E0,-2.535000038E1
1.455885516E2,-2.210625076E1,4.368750095E0,-2.533125114E1
1.456085436E2,-2.259375000E1,4.106250286E0,-2.553750038E1
1.456285559E2,-2.220000076E1,4.293750286E0,-2.565000153E1
1.456485502E2,-2.263125038E1,4.875000000E0,-2.501250076E1
1.456685530E2,-2.229375076E1,3.975000143E0,-2.503125191E1
1.456885510E2,-2.251875114E1,4.875000000E0,-2.521875191E1
1.457085573E2,-2.251875114E1,4.875000000E0,-2.512500191E1
1.457285579E2,-2.274375153E1,5.475000381E0,-2.510625076E1
1.457485538E2,-2.274375153E1,5.568750381E0,-2.499375153E1
1.457685576E2,-2.272500038E1,5.175000191E0,-2.521875191E1
1.457885568E2,-2.265000153E1,5.381250381E0,-2.542500114E1
1.458085509E2,-2.265000153E1,5.512500286E0,-2.593125153E1
1.458285548E2,-2.266875076E1,6.112500191E0,-2.593125153E1
1.458485537E2,-2.255625153E1,5.681250095E0,-2.551875114E1
1.458685487E2,-2.248125076E1,5.850000381E0,-2.490000153E1
1.458885522E2,-2.199375153E1,6.243750095E0,-2.512500191E1
1.459085509E2,-2.238750076E1,6.375000477E0,-2.531250191E1
1.459285463E2,-2.210625076E1,6.468750477E0,-2.553750038E1
1.459485397E2,-2.180625153E1,6.356250286E0,-2.553750038E1
1.459685407E2,-2.173125076E1,6.862500191E0,-2.565000153E1
1.459885489E2,-2.231250000E1,6.768750191E0,-2.551875114E1
1.460085515E2,-2.248125076E1,6.412500381E0,-2.593125153E1
1.460286059E2,-2.156250000E1,7.575000286E0,-2.595000076E1
1.460485873E2,-2.124375153E1,6.918750286E0,-2.535000038E1
1.460685781E2,-2.103750038E1,6.862500191E0,-2.619375038E1
1.460885661E2,-2.124375153E1,6.993750095E0,-2.649375153E1
1.461085639E2,-2.126250076E1,7.350000381E0,-2.565000153E1
1.461285566E2,-2.105625153E1,7.481250286E0,-2.649375153E1
1.461485489E2,-2.128125000E1,7.650000095E0,-2.585625076E1
1.461685071E2,-2.116875076E1,7.481250286E0,-2.628750038E1
1.461885146E2,-2.107500076E1,7.556250095E0,-2.608125114E1
1.462085179E2,-2.077500153E1,7.650000095E0,-2.598750114E1
1.462285287E2,-2.079375076E1,7.837500095E0,-2.608125114E1
1.462485565E2,-2.070000076E1,7.931250095E0,-2.598750114E1
1.462685627E2,-2.041875076E1,8.343750000E0,-2.628750038E1
1.462885626E2,-2.068125153E1,7.668750286E0,-2.649375153E1
1.463085579E2,-2.071875000E1,8.362500191E0,-2.649375153E1
1.463285606E2,-2.040000153E1,7.931250095E0,-2.619375038E1
1.463485574E2,-2.049375153E1,7.856250286E0,-2.651250076E1
1.463685631E2,-2.028750038E1,7.650000095E0,-2.651250076E1
1.463885632E2,-2.058750153E1,7.837500095E0,-2.619375038E1
1.464085590E2,-2.021250153E1,7.968750477E0,-2.671875191E1
1.464285513E2,-2.030625153E1,8.043750763E0,-2.640000153E1
1.464485528E2,-2.098125076E1,7.556250095E0,-2.617500114E1
1.464685502E2,-2.028750038E1,7.762500286E0,-2.651250076E1
1.464885456E2,-1.981875038E1,7.856250286E0,-2.673750114E1
1.465085480E2,-2.040000153E1,7.837500095E0,-2.630625153E1
1.465285459E2,-2.000625038E1,7.725000381E0,-2.600625038E1
1.465485516E2,-2.081250000E1,8.118750572E0,-2.566875076E1
1.465686088E2,-2.056875038E1,7.462500095E0,-2.651250076E1
1.465885924E2,-2.030625153E1,7.912500381E0,-2.568750191E1
1.466085848E2,-2.086875153E1,7.293750286E0,-2.514375114E1
1.466285740E2,-2.070000076E1,7.706250191E0,-2.555625153E1
1.466485613E2,-2.058750153E1,7.631250381E0,-2.587500191E1
1.466685586E2,-2.096250153E1,7.125000477E0,-2.535000038E1
1.466885532E2,-2.145000076E1,7.237500191E0,-2.544375038E1
1.467085128E2,-2.098125076E1,7.181250095E0,-2.473125076E1
1.467285217E2,-2.193750000E1,7.106250286E0,-2.480625153E1
1.467485261E2,-2.163750076E1,6.843750477E0,-2.533125114E1
1.467685376E2,-2.203125000E1,6.825000286E0,-2.501250076E1
1.467885884E2,-2.193750000E1,6.993750095E0,-2.448750114E1
1.468085783E2,-2.231250000E1,6.843750477E0,-2.490000153E1
1.468285760E2,-2.201250076E1,6.637500286E0,-2.501250076E1
1.468485695E2,-2.291250038E1,6.937500477E0,-2.456250191E1
1.468685600E2,-2.270625114E1,6.806250095E0,-2.426250076E1
1.468885582E2,-2.154375076E1,6.637500286E0,-2.368125153E1
1.469085546E2,-2.210625076E1,6.656250477E0,-2.533125114E1
1.469285588E2,-2.293125153E1,7.331250191E0,-2.467500114E1
1.469485580E2,-2.311875153E1,7.350000381E0,-2.488125038E1
1.469685536E2,-2.280000114E1,6.843750477E0,-2.467500114E1
1.469885574E2,-2.300625038E1,7.068750381E0,-2.518125153E1
1.470085567E2,-2.263125038E1,7.275000095E0,-2.540625191E1
1.470285522E2,-2.261250114E1,6.956250191E0,-2.510625076E1
1.470485557E2,-2.205000114E1,7.106250286E0,-2.460000038E1
1.470685543E2,-2.221875000E1,6.862500191E0,-2.542500114E1
1.470885495E2,-2.263125038E1,7.218750477E0,-2.446875191E1
1.471085520E2,-2.330625153E1,7.368750095E0,-2.497500038E1
1.471285513E2,-2.274375153E1,7.406250477E0,-2.426250076E1
1.471485464E2,-2.253750038E1,7.650000095E0,-2.508750153E1
1.471685499E2,-2.265000153E1,7.762500286E0,-2.540625191E1
1.471885488E2,-2.195625114E1,7.687500477E0,-2.604375076E1
1.472085552E2,-2.255625153E1,7.968750477E0,-2.540625191E1
1.472285565E2,-2.225625038E1,7.856250286E0,-2.563125038E1
1.472485321E2,-2.199375153E1,8.418750763E0,-2.521875191E1
1.472685414E2,-2.199375153E1,8.456250191E0,-2.572500038E1
1.472885451E2,-2.178750038E1,8.456250191E0,-2.574375153E1
1.473085439E2,-2.111250114E1,8.550000191E0,-2.596875191E1
1.473285956E2,-2.113125038E1,8.925000191E0,-2.585625076E1
1.473485863E2,-2.131875038E1,8.662500381E0,-2.615625191E1
1.473685734E2,-2.101875114E1,8.625000000E0,-2.565000153E1
1.473885699E2,-2.034375000E1,9.037500381E0,-2.640000153E1
1.474085628E2,-2.006250000E1,8.925000191E0,-2.619375038E1
1.474285519E2,-2.004375076E1,8.831250191E0,-2.630625153E1
1.474485414E2,-2.015625000E1,9.168750763E0,-2.692500114E1
1.474684967E2,-1.936875153E1,9.056250572E0,-2.726250076E1
1.474885139E2,-1.918125153E1,9.225000381E0,-2.694375038E1
1.475085248E2,-1.957500076E1,9.468750000E0,-2.756250191E1
1.475285302E2,-1.916250038E1,9.075000763E0,-2.767500114E1
1.475485534E2,-1.839375114E1,9.300000191E0,-2.842500114E1
1.475685561E2,-1.848750114E1,8.981250763E0,-2.810625076E1
1.475885531E2,-1.839375114E1,9.281250000E0,-2.833125114E1
1.476085576E2,-1.807500076E1,8.700000763E0,-2.865000153E1
1.476285568E2,-1.856250000E1,8.906250000E0,-2.863125038E1
1.476485507E2,-1.785000038E1,8.437500000E0,-2.928750038E1
1.476685429E2,-1.816875076E1,8.925000191E0,-2.915625191E1
1.476885438E2,-1.775625038E1,8.418750763E0,-2.908125114E1
1.477085519E2,-1.685625076E1,8.025000572E0,-2.962500191E1
1.477285542E2,-1.734375000E1,8.043750763E0,-2.971875191E1
1.477485516E2,-1.696875000E1,8.118750572E0,-2.930625153E1
1.477685569E2,-1.704375076E1,7.893750191E0,-3.056250191E1
1.477885470E2,-1.674375153E1,7.668750286E0,-3.035625076E1
1.478085450E2,-1.655625153E1,7.743750095E0,-3.015000153E1
1.478285506E2,-1.635000038E1,7.743750095E0,-3.016875076E1
1.478485511E2,-1.545000076E1,7.256250381E0,-3.091875076E1
1.478685465E2,-1.605000114E1,7.687500477E0,-3.099375153E1
1.478885402E2,-1.545000076E1,7.387500286E0,-3.121875191E1
1.479085421E2,-1.486875057E1,7.143750191E0,-3.073125076E1
1.479285400E2,-1.505625057E1,7.087500095E0,-3.155625153E1
1.479485457E2,-1.515000057E1,7.200000286E0,-3.165000153E1
1.479685461E2,-1.492500019E1,6.731250286E0,-3.240000153E1
1.479885428E2,-1.483125019E1,6.750000477E0,-3.249375153E1
1.480085149E2,-1.404375076E1,6.431250095E0,-3.273750305E1
1.480285216E2,-1.365000057E1,6.862500191E0,-3.346875000E1
1.480485347E2,-1.344375038E1,6.431250095E0,-3.296250153E1
1.480685413E2,-1.325625038E1,6.543750286E0,-3.348750305E1
1.480885763E2,-1.276875019E1,6.562500477E0,-3.380625153E1
1.481085765E2,-1.254375076E1,5.962500095E0,-3.382500076E1
1.481285711E2,-1.196250057E1,5.906250000E0,-3.341250229E1
1.481485620E2,-1.196250057E1,6.037500381E0,-3.393750000E1
1.481685615E2,-1.173750019E1,5.568750381E0,-3.446250153E1
1.481885556E2,-1.087500000E1,5.812500000E0,-3.397500229E1
1.482085598E2,-1.096875000E1,5.812500000E0,-3.386250305E1
1.482285589E2,-1.078125000E1,5.793750286E0,-3.376875305E1
1.482485540E2,-1.066875076E1,5.718750000E0,-3.418125153E1
1.482685573E2,-1.038750076E1,5.606250286E0,-3.420000076E1
1.482885560E2,-9.975000381E0,5.531250000E0,-3.483750153E1
1.483085628E2,-9.993750572E0,5.700000286E0,-3.420000076E1
1.483285526E2,-9.018750191E0,5.906250000E0,-3.496875000E1
1.483485515E2,-8.512500763E0,5.475000381E0,-3.466875076E1
1.483685468E2,-8.625000000E0,5.906250000E0,-3.496875000E1
1.483885503E2,-8.531250000E0,5.662500381E0,-3.425625229E1
1.484085481E2,-7.837500095E0,5.681250095E0,-3.489375305E1
1.484285438E2,-7.556250095E0,5.550000191E0,-3.480000305E1
1.484485478E2,-7.462500095E0,5.868750095E0,-3.500625229E1
1.484685468E2,-7.143750191E0,5.456250191E0,-3.502500153E1
1.484885535E2,-6.300000191E0,5.812500000E0,-3.472500229E1
1.485085547E2,-6.168750286E0,5.250000000E0,-3.525000000E1
1.485285517E2,-5.981250286E0,5.550000191E0,-3.547500229E1
1.485485350E2,-5.962500095E0,5.175000191E0,-3.577500153E1
1.485685393E2,-5.175000191E0,4.931250095E0,-3.549375153E1
1.485885388E2,-5.156250000E0,4.650000095E0,-3.581250000E1
1.486085459E2,-4.275000095E0,4.612500191E0,-3.562500000E1
1.486285932E2,-4.368750095E0,4.631250381E0,-3.594375229E1
1.486485803E2,-3.975000143E0,4.293750286E0,-3.553125000E1
1.486685757E2,-3.281250238E0,4.218750000E0,-3.628125000E1
1.486885674E2,-3.281250238E0,4.125000000E0,-3.639375305E1
1.487085567E2,-2.868750095E0,3.731250048E0,-3.650625229E1
1.487285541E2,-2.493750095E0,4.031250000E0,-3.682500076E1
1.487485500E2,-1.875000119E0,3.187500238E0,-3.633750153E1
1.487685651E2,-1.687500119E0,3.206250191E0,-3.675000000E1
1.487885617E2,-1.668750048E0,3.112500191E0,-3.665625000E1
1.488085550E2,-1.387500048E0,2.981250048E0,-3.645000076E1
1.488285570E2,-7.500000298E-2,2.193750143E0,-3.712500000E1
1.488485661E2,8.625000119E-1,2.718750000E0,-3.641250229E1
1.488685578E2,8.250000477E-1,1.781250119E0,-3.735000229E1
1.488885582E2,1.481250048E0,2.118750095E0,-3.663750076E1
1.489085548E2,1.312500000E0,1.743750095E0,-3.705000305E1
1.489285478E2,2.175000191E0,1.706250072E0,-3.667500305E1
1.489485490E2,2.775000095E0,1.275000095E0,-3.637500000E1
1.489685473E2,3.056250095E0,1.443750024E0,-3.616875076E1
1.489885533E2,3.487500191E0,8.437500596E-1,-3.630000305E1
1.490085542E2,3.787500143E0,4.125000238E-1,-3.579375076E1
1.490285505E2,4.087500095E0,1.125000045E-1,-3.579375076E1
1.490485549E2,4.462500095E0,3.562500179E-1,-3.508125305E1
1.490685548E2,5.062500000E0,2.812500000E-1,-3.583125305E1
1.490885405E2,5.456250191E0,-1.875000000E-1,-3.491250229E1
1.491085464E2,6.637500286E0,-5.062500238E-1,-3.515625000E1
1.491285472E2,6.562500477E0,-1.162500024E0,-3.401250076E1
1.491485439E2,7.368750095E0,-1.425000072E0,-3.508125305E1
1.491686051E2,7.275000095E0,-1.668750048E0,-3.435000229E1
1.491885921E2,8.156250000E0,-2.062500000E0,-3.480000305E1
1.492085761E2,8.737500191E0,-2.025000095E0,-3.408750153E1
1.492285700E2,8.850000381E0,-2.343750000E0,-3.367500305E1
1.492485609E2,9.450000763E0,-2.868750095E0,-3.358125305E1
1.492685601E2,9.750000000E0,-2.943750143E0,-3.401250076E1
1.492885571E2,1.044375038E1,-3.525000095E0,-3.288750076E1
1.493085184E2,1.102500057E1,-3.112500191E0,-3.352500153E1
1.493285283E2,1.093125057E1,-3.543750048E0,-3.301875305E1
1.493485332E2,1.130625057E1,-3.506250143E0,-3.208125305E1
1.493685336E2,1.201875019E1,-4.218750000E0,-3.211875153E1
1.493885758E2,1.269375038E1,-4.050000191E0,-3.193125153E1
1.494085819E2,1.329375076E1,-4.518750191E0,-3.112500191E1
1.494285700E2,1.368750095E1,-4.406250000E0,-3.144375038E1
1.494485673E2,1.378125095E1,-4.631250381E0,-3.112500191E1
1.494685607E2,1.445625019E1,-4.462500095E0,-3.093750191E1
1.494885612E2,1.485000038E1,-4.575000286E0,-3.095625114E1
1.495085593E2,1.464375019E1,-4.443750381E0,-2.958750153E1
1.495285532E2,1.515000057E1,-4.837500095E0,-2.992500114E1
1.495485561E2,1.573125076E1,-4.781250000E0,-2.953125191E1
1.495685543E2,1.625625038E1,-5.793750286E0,-2.934375191E1
1.495885491E2,1.640625000E1,-5.231250286E0,-2.872500038E1
1.496085526E2,1.655625153E1,-6.131250381E0,-2.883750153E1
1.496285519E2,1.672500038E1,-5.981250286E0,-2.790000153E1
1.496485467E2,1.665000153E1,-6.168750286E0,-2.831250191E1
1.496685501E2,1.702500153E1,-6.093750477E0,-2.780625153E1
1.496885490E2,1.676250076E1,-6.468750477E0,-2.831250191E1
1.497085439E2,1.665000153E1,-6.281250477E0,-2.780625153E1
1.497285477E2,1.685625076E1,-6.806250095E0,-2.771250153E1
1.497485465E2,1.704375076E1,-6.581250191E0,-2.801250076E1
1.497685527E2,1.756875038E1,-7.612500191E0,-2.773125076E1
1.497885537E2,1.794375038E1,-7.218750477E0,-2.773125076E1
1.498085501E2,1.805625153E1,-7.743750095E0,-2.733750153E1
1.498285436E2,1.796250153E1,-7.556250095E0,-2.701875114E1
1.498485243E2,1.815000153E1,-7.387500286E0,-2.681250191E1
1.498685267E2,1.882500076E1,-7.593750477E0,-2.683125114E1
1.498885368E2,1.882500076E1,-7.387500286E0,-2.724375153E1
1.499085409E2,1.910625076E1,-7.575000286E0,-2.580000114E1
1.499285852E2,2.038125038E1,-7.312500477E0,-2.750625038E1
1.499485816E2,2.038125038E1,-7.125000477E0,-2.728125191E1
1.499685731E2,2.068125153E1,-7.631250381E0,-2.720625114E1
1.499885727E2,1.980000114E1,-7.931250095E0,-2.508750153E1
1.500085679E2,2.002500153E1,-8.287500381E0,-2.572500038E1
1.500285583E2,1.951875114E1,-8.306250572E0,-2.520000076E1
1.500485600E2,1.951875114E1,-8.250000000E0,-2.446875191E1
1.500685682E2,2.011875153E1,-8.737500191E0,-2.510625076E1
1.500885592E2,2.034375000E1,-9.262500763E0,-2.471250153E1
1.501085594E2,2.055000114E1,-9.468750000E0,-2.450625038E1
1.501285556E2,2.041875076E1,-8.981250763E0,-2.450625038E1
1.501485716E2,2.034375000E1,-9.450000763E0,-2.471250153E1
1.501685686E2,2.034375000E1,-9.375000000E0,-2.439375114E1
1.501885617E2,2.053125000E1,-9.375000000E0,-2.439375114E1
1.502085522E2,2.092500114E1,-9.393750191E0,-2.452500153E1
1.502285522E2,2.064375114E1,-9.712500572E0,-2.388750076E1
1.502485471E2,2.199375153E1,-9.243750572E0,-2.413125038E1
1.502685524E2,2.180625153E1,-9.337500572E0,-2.413125038E1
1.502885525E2,2.178750038E1,-9.262500763E0,-2.360625076E1
1.503085487E2,2.238750076E1,-9.693750381E0,-2.341875076E1
1.503285530E2,2.227500153E1,-9.393750191E0,-2.341875076E1
1.503485524E2,2.227500153E1,-9.393750191E0,-2.321250153E1
1.503685482E2,2.238750076E1,-9.600000381E0,-2.321250153E1
1.503885420E2,2.268750000E1,-1.018125057E1,-2.197500038E1
1.504085432E2,2.248125076E1,-9.618750572E0,-2.289375114E1
1.504285404E2,2.368125153E1,-1.018125057E1,-2.407500076E1
1.504485456E2,2.338125038E1,-9.993750572E0,-2.386875153E1
1.504686025E2,2.308125114E1,-9.900000572E0,-2.343750000E1
1.504885972E2,2.203125000E1,-1.040625000E1,-2.278125000E1
1.505085871E2,2.212500000E1,-1.063125038E1,-2.248125076E1
1.505285740E2,2.251875114E1,-1.051875019E1,-2.280000114E1
1.505485707E2,2.272500038E1,-1.046250057E1,-2.385000038E1
1.505685631E2,2.270625114E1,-1.042500019E1,-2.280000114E1
1.505885544E2,2.270625114E1,-1.033125019E1,-2.270625114E1
1.506085113E2,2.298750114E1,-1.023750019E1,-2.291250038E1
1.506285181E2,2.328750038E1,-1.036875057E1,-2.240625000E1
1.506485211E2,2.326875114E1,-9.862500191E0,-2.261250114E1
1.506685316E2,2.347500038E1,-1.027500057E1,-2.251875114E1
1.506885702E2,2.280000114E1,-1.055625057E1,-2.229375076E1
1.507085623E2,2.326875114E1,-1.029375076E1,-2.210625076E1
1.507285624E2,2.328750038E1,-1.059375000E1,-2.199375153E1
1.507485578E2,2.368125153E1,-1.078125000E1,-2.231250000E1
1.507685611E2,2.338125038E1,-1.051875019E1,-2.169375038E1
1.507885580E2,2.349375153E1,-1.080000019E1,-2.201250076E1
1.508085532E2,2.386875153E1,-1.051875019E1,-2.190000153E1
1.508285564E2,2.388750076E1,-1.080000019E1,-2.233125114E1
1.508485547E2,2.435625076E1,-1.065000057E1,-2.161875153E1
1.508685494E2,2.465625191E1,-1.074375057E1,-2.193750000E1
1.508885524E2,2.428125191E1,-1.100625038E1,-2.212500000E1
1.509085512E2,2.583750153E1,-1.070625019E1,-2.300625038E1
1.509285588E2,2.581875038E1,-1.035000038E1,-2.248125076E1
1.509485591E2,2.640000153E1,-1.023750019E1,-2.281875038E1
1.509685551E2,2.608125114E1,-9.768750191E0,-2.238750076E1
1.509885591E2,2.491875076E1,-1.029375076E1,-2.120625114E1
1.510085574E2,2.542500114E1,-1.074375057E1,-2.049375153E1
1.510285530E2,2.512500191E1,-1.044375038E1,-2.038125038E1
1.510485565E2,2.493750191E1,-1.059375000E1,-2.100000000E1
1.510685551E2,2.542500114E1,-1.095000076E1,-2.040000153E1
1.510885500E2,2.542500114E1,-1.076250076E1,-2.008125114E1
1.511085533E2,2.559375191E1,-1.036875057E1,-2.019375038E1
1.511285523E2,2.521875191E1,-1.059375000E1,-1.946250153E1
1.511485375E2,2.589375114E1,-1.051875019E1,-1.957500076E1
1.511685430E2,2.598750114E1,-1.053750038E1,-1.927500153E1
1.511885439E2,2.628750038E1,-1.072500038E1,-1.948125076E1
1.512085406E2,2.656875038E1,-1.046250057E1,-1.929375076E1
1.512285795E2,2.645625114E1,-1.035000038E1,-1.927500153E1
1.512485718E2,2.645625114E1,-1.051875019E1,-1.824375153E1
1.512685718E2,2.625000191E1,-1.021875000E1,-1.801875114E1
1.512885672E2,2.636250114E1,-1.059375000E1,-1.845000076E1
1.513085591E2,2.636250114E1,-1.050000000E1,-1.845000076E1
1.513285587E2,2.645625114E1,-1.051875019E1,-1.813125038E1
1.513485559E2,2.724375153E1,-1.061250019E1,-1.846875000E1
1.513685608E2,2.619375038E1,-1.141875076E1,-1.783125114E1
1.513885608E2,2.626875114E1,-1.081875038E1,-1.803750038E1
1.514085565E2,2.688750076E1,-1.113750076E1,-1.972500038E1
1.514285490E2,2.737500191E1,-1.106250000E1,-1.963125038E1
1.514485623E2,2.786250114E1,-1.117500019E1,-1.953750038E1
1.514685575E2,2.668125153E1,-1.110000038E1,-1.856250000E1
1.514885606E2,2.617500114E1,-1.070625019E1,-1.803750038E1
1.515085588E2,2.598750114E1,-1.068750000E1,-1.822500038E1
1.515285536E2,2.640000153E1,-1.117500019E1,-1.886250114E1
1.515485554E2,2.596875191E1,-1.038750076E1,-1.833750153E1
1.515685544E2,2.647500038E1,-1.104375076E1,-1.762500000E1
1.515885491E2,2.647500038E1,-1.072500038E1,-1.803750038E1
1.516085525E2,2.619375038E1,-1.098750019E1,-1.833750153E1
1.516285515E2,2.619375038E1,-1.087500000E1,-1.854375076E1
1.516485466E2,2.649375153E1,-1.119375038E1,-1.835625076E1
1.516685391E2,2.626875114E1,-1.057500076E1,-1.865625000E1
1.516885308E2,2.640000153E1,-1.117500019E1,-1.876875114E1
1.517085418E2,2.598750114E1,-1.065000057E1,-1.916250038E1
1.517285469E2,2.656875038E1,-1.076250076E1,-1.897500038E1
1.517485467E2,2.645625114E1,-1.061250019E1,-1.824375153E1
1.517685990E2,2.666250038E1,-1.070625019E1,-1.835625076E1
1.517885900E2,2.686875153E1,-1.087500000E1,-1.888125038E1
1.518085772E2,2.703750038E1,-1.053750038E1,-1.815000153E1
1.518285736E2,2.636250114E1,-1.061250019E1,-1.803750038E1
1.518485663E2,2.645625114E1,-1.063125038E1,-1.792500114E1
1.518685581E2,2.677500153E1,-1.104375076E1,-1.762500000E1
1.518885579E2,2.647500038E1,-1.089375019E1,-1.845000076E1
1.519085102E2,2.746875191E1,-1.085625076E1,-1.963125038E1
1.519285132E2,2.709375191E1,-1.143750000E1,-1.961250114E1
1.519485241E2,2.737500191E1,-1.108125019E1,-1.931250000E1
1.519685297E2,2.600625038E1,-1.134375000E1,-1.886250114E1
1.519885645E2,2.623125076E1,-1.166250038E1,-1.886250114E1
1.520085651E2,2.589375114E1,-1.096875000E1,-1.863750076E1
1.520285606E2,2.610000038E1,-1.115625000E1,-1.895625114E1
1.520485635E2,2.619375038E1,-1.121250057E1,-1.792500114E1
1.520685612E2,2.621250153E1,-1.125000000E1,-1.897500038E1
1.520885537E2,2.707500076E1,-1.110000038E1,-1.878750038E1
1.521085453E2,2.617500114E1,-1.066875076E1,-1.886250114E1
1.521285457E2,2.617500114E1,-1.065000057E1,-1.895625114E1
1.521485422E2,2.596875191E1,-1.027500057E1,-1.863750076E1
1.521685471E2,2.636250114E1,-1.048125076E1,-1.865625000E1
1.521885471E2,2.647500038E1,-1.087500000E1,-1.886250114E1
1.522085435E2,2.647500038E1,-1.087500000E1,-1.897500038E1
1.522285489E2,2.602500153E1,-1.162500000E1,-1.918125153E1
1.522485478E2,2.619375038E1,-1.081875038E1,-1.948125076E1
1.522685543E2,2.649375153E1,-1.104375076E1,-1.938750076E1
1.522885551E2,2.600625038E1,-1.066875076E1,-2.041875076E1
1.523085511E2,2.611875153E1,-1.130625057E1,-1.968750000E1
1.523285556E2,2.610000038E1,-1.091250038E1,-1.968750000E1
1.523485547E2,2.638125038E1,-1.074375057E1,-1.938750076E1
1.523685499E2,2.587500191E1,-1.042500019E1,-1.927500153E1
1.523885533E2,2.617500114E1,-1.046250057E1,-1.906875038E1
1.524085518E2,2.626875114E1,-1.025625038E1,-1.918125153E1
1.524285580E2,2.673750114E1,-1.005000019E1,-1.938750076E1
1.524485264E2,2.623125076E1,-9.581250191E0,-1.886250114E1
1.524685302E2,2.647500038E1,-1.033125019E1,-1.959375000E1
1.524885412E2,2.608125114E1,-1.021875000E1,-1.957500076E1
1.525085458E2,2.668125153E1,-1.051875019E1,-1.980000114E1
1.525285795E2,2.596875191E1,-1.003125000E1,-1.936875153E1
1.525485787E2,2.649375153E1,-1.091250038E1,-1.991250038E1
1.525685728E2,2.696250153E1,-1.066875076E1,-1.929375076E1
1.525885635E2,2.675625038E1,-1.042500019E1,-1.981875038E1
1.526085629E2,2.686875153E1,-1.074375057E1,-1.961250114E1
1.526285579E2,2.703750038E1,-9.956250191E0,-1.961250114E1
1.526485508E2,2.664375114E1,-9.881250381E0,-1.886250114E1
1.526685635E2,2.722500038E1,-9.787500381E0,-1.908750153E1
1.526885584E2,2.685000038E1,-1.006875038E1,-1.929375076E1
1.527085504E2,2.722500038E1,-9.806250572E0,-1.888125038E1
1.527285513E2,2.664375114E1,-9.975000381E0,-1.918125153E1
1.527485600E2,2.705625153E1,-1.046250057E1,-1.940625000E1
1.527685626E2,2.638125038E1,-1.055625057E1,-1.906875038E1
1.527885603E2,2.626875114E1,-1.036875057E1,-1.875000000E1
1.528085541E2,2.645625114E1,-1.050000000E1,-1.856250000E1
1.528285566E2,2.596875191E1,-1.046250057E1,-1.895625114E1
1.528485535E2,2.617500114E1,-1.076250076E1,-1.875000000E1
1.528685485E2,2.626875114E1,-1.057500076E1,-1.865625000E1
1.528885516E2,2.608125114E1,-1.066875076E1,-1.875000000E1
1.529085503E2,2.694375038E1,-1.065000057E1,-1.785000038E1
1.529285454E2,2.645625114E1,-1.031250000E1,-1.813125038E1
1.529485488E2,2.645625114E1,-1.048125076E1,-1.876875114E1
1.529685480E2,2.615625191E1,-1.020000076E1,-1.845000076E1
1.529885332E2,2.576250076E1,-9.956250191E0,-1.873125076E1
1.530085387E2,2.596875191E1,-1.048125076E1,-1.833750153E1
1.530285396E2,2.595000076E1,-9.975000381E0,-1.875000000E1
1.530485479E2,2.596875191E1,-1.029375076E1,-1.833750153E1
1.530685955E2,2.606250191E1,-1.040625000E1,-1.822500038E1
1.530885830E2,2.570625114E1,-1.091250038E1,-1.936875153E1
1.531085789E2,2.548125076E1,-1.003125000E1,-1.905000114E1
1.531285706E2,2.529375076E1,-1.065000057E1,-1.861875153E1
1.531485599E2,2.576250076E1,-1.016250038E1,-1.884375000E1
1.531685572E2,2.596875191E1,-1.014375019E1,-1.905000114E1
1.531885531E2,2.643750191E1,-9.693750381E0,-1.854375076E1
1.532085026E2,2.623125076E1,-9.600000381E0,-1.843125153E1
1.532285144E2,2.623125076E1,-9.393750191E0,-1.863750076E1
1.532485214E2,2.630625153E1,-9.187500000E0,-1.875000000E1
1.532685348E2,2.613750076E1,-9.675000191E0,-1.884375000E1
1.532885644E2,2.621250153E1,-9.168750763E0,-1.916250038E1
1.533085719E2,2.591250038E1,-9.018750191E0,-1.811250114E1
1.533285725E2,2.671875191E1,-9.787500381E0,-1.876875114E1
1.533485679E2,2.651250076E1,-9.281250000E0,-1.906875038E1
1.533685597E2,2.651250076E1,-9.412500381E0,-1.854375076E1
1.533885591E2,2.698125076E1,-8.831250191E0,-1.835625076E1
1.534085558E2,2.737500191E1,-9.131250381E0,-1.867500114E1
1.534285489E2,2.746875191E1,-9.243750572E0,-1.826250076E1
1.534485508E2,2.765625191E1,-8.850000381E0,-1.858125114E1
1.534685486E2,2.823750114E1,-8.793750763E0,-1.807500076E1
1.534885542E2,2.870625114E1,-8.306250572E0,-1.830000114E1
1.535085549E2,2.851875114E1,-8.475000381E0,-1.850625038E1
1.535285527E2,2.898750114E1,-8.193750381E0,-1.861875153E1
1.535485565E2,2.848125076E1,-7.950000286E0,-1.745625114E1
1.535685555E2,2.917500114E1,-8.006250381E0,-1.841250038E1
1.535885505E2,2.925000191E1,-7.762500286E0,-1.768125153E1
1.536086105E2,2.938125038E1,-8.137500763E0,-1.800000000E1
1.536285965E2,2.911875153E1,-8.812500000E0,-1.809375000E1
1.536485795E2,2.881875038E1,-8.812500000E0,-1.798125076E1
1.536685729E2,2.872500038E1,-8.906250000E0,-1.798125076E1
1.536885636E2,2.895000076E1,-9.375000000E0,-1.873125076E1
1.537085658E2,2.895000076E1,-9.600000381E0,-1.820625114E1
1.537285505E2,2.889375114E1,-1.023750019E1,-1.905000114E1
1.537485249E2,2.868750191E1,-1.005000019E1,-1.882500076E1
1.537685339E2,2.820000076E1,-9.918750763E0,-1.901250076E1
1.537885379E2,2.850000191E1,-1.003125000E1,-1.923750114E1
1.538085379E2,2.780625153E1,-9.881250381E0,-1.942500114E1
1.538285796E2,2.801250076E1,-1.012500000E1,-1.891875076E1
1.538485740E2,2.791875076E1,-1.040625000E1,-1.901250076E1
1.538685645E2,2.790000153E1,-1.003125000E1,-1.860000038E1
1.538885637E2,2.773125076E1,-1.027500057E1,-1.942500114E1
1.539085590E2,2.831250191E1,-1.050000000E1,-1.777500153E1
1.539285498E2,2.763750076E1,-1.042500019E1,-1.880625153E1
1.539485515E2,2.745000076E1,-1.035000038E1,-1.983750153E1
1.539685602E2,2.761875153E1,-1.008750057E1,-1.942500114E1
1.539885629E2,2.686875153E1,-1.051875019E1,-2.011875153E1
1.540085609E2,2.647500038E1,-1.033125019E1,-1.959375000E1
1.540285549E2,2.649375153E1,-1.095000076E1,-1.918125153E1
1.540485578E2,2.647500038E1,-1.050000000E1,-2.000625038E1
1.540685562E2,2.630625153E1,-1.063125038E1,-2.115000153E1
1.540885506E2,2.608125114E1,-1.048125076E1,-2.021250153E1
1.541085537E2,2.610000038E1,-1.076250076E1,-2.041875076E1
1.541285521E2,2.611875153E1,-1.126875019E1,-2.032500076E1
1.541485464E2,2.602500153E1,-1.125000000E1,-2.073750114E1
1.541685503E2,2.544375038E1,-1.134375000E1,-2.040000153E1
1.541885491E2,2.565000153E1,-1.141875076E1,-2.103750038E1
1.542085442E2,2.553750038E1,-1.125000000E1,-2.051250076E1
1.542285478E2,2.561250114E1,-1.074375057E1,-2.060625076E1
1.542485465E2,2.583750153E1,-1.138125038E1,-2.000625038E1
1.542685530E2,2.640000153E1,-1.083750057E1,-2.105625153E1
1.542885326E2,2.523750114E1,-1.111875057E1,-2.070000076E1
1.543085341E2,2.593125153E1,-1.091250038E1,-2.124375153E1
1.543285428E2,2.591250038E1,-1.063125038E1,-2.103750038E1
1.543485460E2,2.619375038E1,-1.057500076E1,-2.053125000E1
1.543686010E2,2.591250038E1,-1.074375057E1,-2.083125114E1
1.543885828E2,2.677500153E1,-1.059375000E1,-2.043750000E1
1.544085741E2,2.628750038E1,-1.048125076E1,-2.032500076E1
1.544285623E2,2.621250153E1,-1.085625076E1,-2.083125114E1
1.544485603E2,2.581875038E1,-1.076250076E1,-2.051250076E1
1.544685533E2,2.640000153E1,-1.068750000E1,-2.041875076E1
1.544885456E2,2.490000153E1,-1.025625038E1,-1.996875000E1
1.545085036E2,2.561250114E1,-1.076250076E1,-2.040000153E1
1.545285111E2,2.572500038E1,-1.085625076E1,-2.060625076E1
1.545485259E2,2.570625114E1,-1.063125038E1,-2.092500114E1
1.545685343E2,2.563125038E1,-1.096875000E1,-2.030625153E1
1.545885709E2,2.572500038E1,-1.108125019E1,-2.010000038E1
1.546085611E2,2.553750038E1,-1.115625000E1,-2.019375038E1
1.546285595E2,2.572500038E1,-1.098750019E1,-1.978125000E1
1.546485538E2,2.553750038E1,-1.147500038E1,-1.998750114E1
1.546685562E2,2.544375038E1,-1.125000000E1,-2.019375038E1
1.546885532E2,2.581875038E1,-1.119375038E1,-1.989375114E1
1.547085475E2,2.565000153E1,-1.147500038E1,-1.989375114E1
1.547285502E2,2.602500153E1,-1.117500019E1,-2.010000038E1
1.547485483E2,2.602500153E1,-1.140000057E1,-1.989375114E1
1.547685540E2,2.630625153E1,-1.111875057E1,-1.959375000E1
1.547885544E2,2.675625038E1,-1.057500076E1,-1.897500038E1
1.548085621E2,2.698125076E1,-1.095000076E1,-1.940625000E1
1.548285538E2,2.658750153E1,-1.083750057E1,-1.938750076E1
1.548485529E2,2.656875038E1,-1.066875076E1,-1.908750153E1
1.548685481E2,2.685000038E1,-1.059375000E1,-1.856250000E1
1.548885517E2,2.656875038E1,-1.076250076E1,-1.897500038E1
1.549086073E2,2.821875191E1,-1.095000076E1,-1.683750153E1
1.549285894E2,2.686875153E1,-1.091250038E1,-1.826250076E1
1.549485811E2,2.705625153E1,-1.081875038E1,-1.837500000E1
1.549685698E2,2.716875076E1,-1.115625000E1,-1.775625038E1
1.549885683E2,2.696250153E1,-1.091250038E1,-1.837500000E1
1.550085631E2,2.698125076E1,-1.108125019E1,-1.878750038E1
1.550285555E2,2.705625153E1,-1.081875038E1,-1.837500000E1
1.550485241E2,2.686875153E1,-1.093125057E1,-1.815000153E1
1.550685287E2,2.806875038E1,-1.143750000E1,-1.850625038E1
1.550885296E2,2.786250114E1,-1.132500076E1,-1.860000038E1
1.551085382E2,2.745000076E1,-1.074375057E1,-1.807500076E1
1.551285757E2,2.784375191E1,-1.106250000E1,-1.807500076E1
1.551485667E2,2.793750191E1,-1.098750019E1,-1.756875038E1
1.551685657E2,2.835000038E1,-1.126875019E1,-1.809375000E1
1.551885606E2,2.784375191E1,-1.125000000E1,-1.807500076E1
1.552085523E2,2.823750114E1,-1.117500019E1,-1.788750076E1
1.552285528E2,2.851875114E1,-1.113750076E1,-1.717500114E1
1.552485612E2,2.881875038E1,-1.143750000E1,-1.728750038E1
1.552685632E2,2.870625114E1,-1.081875038E1,-1.747500038E1
1.552885605E2,2.865000153E1,-1.203750038E1,-1.696875000E1
1.553085542E2,2.900625038E1,-1.123125076E1,-1.738125038E1
1.553285566E2,2.900625038E1,-1.125000000E1,-1.696875000E1
1.553485546E2,2.880000114E1,-1.098750019E1,-1.623750114E1
1.553685492E2,2.910000038E1,-1.110000038E1,-1.625625038E1
1.553885522E2,2.938125038E1,-1.111875057E1,-1.625625038E1
1.554085505E2,2.911875153E1,-1.156875038E1,-1.666875076E1
1.554285455E2,2.870625114E1,-1.117500019E1,-1.644375038E1
1.554485476E2,2.938125038E1,-1.080000019E1,-1.655625153E1
1.554685468E2,2.938125038E1,-1.113750076E1,-1.573125076E1
1.554885533E2,2.968125153E1,-1.121250057E1,-1.625625038E1
1.555085542E2,2.977500153E1,-1.136250019E1,-1.563750076E1
1.555285509E2,2.998125076E1,-1.123125076E1,-1.627500153E1
1.555485555E2,2.947500038E1,-1.125000000E1,-1.573125076E1
1.555685553E2,2.975625038E1,-1.108125019E1,-1.513125038E1
1.555885297E2,2.998125076E1,-1.136250019E1,-1.554375076E1
1.556085381E2,2.956875038E1,-1.130625057E1,-1.470000076E1
1.556285412E2,2.977500153E1,-1.136250019E1,-1.554375076E1
1.556485397E2,2.996250153E1,-1.128750038E1,-1.524375057E1
1.556685914E2,2.958750153E1,-1.136250019E1,-1.554375076E1
1.556885821E2,2.979375076E1,-1.168125057E1,-1.501875019E1
1.557085692E2,2.938125038E1,-1.147500038E1,-1.511250019E1
1.557285657E2,2.958750153E1,-1.147500038E1,-1.511250019E1
1.557485585E2,2.919375038E1,-1.155000019E1,-1.543125057E1
1.557685589E2,2.956875038E1,-1.098750019E1,-1.490625095E1
1.557885570E2,2.898750114E1,-1.147500038E1,-1.488750076E1
1.558085080E2,2.949375153E1,-1.177500057E1,-1.522500038E1
1.558285208E2,2.930625153E1,-1.175625038E1,-1.543125057E1
1.558485281E2,2.930625153E1,-1.177500057E1,-1.511250019E1
1.558685305E2,2.930625153E1,-1.186875057E1,-1.522500038E1
1.558885518E2,2.962500191E1,-1.201875019E1,-1.606875038E1
1.559085530E2,3.086250114E1,-1.185000038E1,-1.453125095E1
1.559285491E2,2.949375153E1,-1.156875038E1,-1.531875038E1
1.559485529E2,2.949375153E1,-1.155000019E1,-1.543125057E1
1.559685517E2,2.977500153E1,-1.126875019E1,-1.554375076E1
1.559885572E2,3.046875191E1,-1.155000019E1,-1.618125153E1
1.560085581E2,3.026250076E1,-1.126875019E1,-1.586250019E1
1.560285540E2,3.016875076E1,-1.125000000E1,-1.586250019E1
1.560485578E2,3.046875191E1,-1.158750057E1,-1.556250095E1
1.560685567E2,3.026250076E1,-1.106250000E1,-1.576875019E1
1.560885518E2,3.016875076E1,-1.115625000E1,-1.575000095E1
1.561085552E2,2.998125076E1,-1.156875038E1,-1.545000076E1
1.561285439E2,2.986875153E1,-1.140000057E1,-1.501875019E1
1.561485407E2,2.928750038E1,-1.128750038E1,-1.490625095E1
1.561685459E2,2.928750038E1,-1.138125038E1,-1.511250019E1
1.561885459E2,2.911875153E1,-1.173750019E1,-1.541250038E1
1.562085424E2,2.881875038E1,-1.196250057E1,-1.479375076E1
1.562285472E2,2.913750076E1,-1.243125057E1,-1.563750076E1
1.562485465E2,2.865000153E1,-1.239375019E1,-1.593750095E1
1.562685533E2,2.855625153E1,-1.226250076E1,-1.655625153E1
1.562885545E2,2.784375191E1,-1.158750057E1,-1.569375038E1
1.563085512E2,2.823750114E1,-1.177500057E1,-1.601250076E1
1.563285560E2,2.814375114E1,-1.186875057E1,-1.612500000E1
1.563485341E2,2.853750038E1,-1.155000019E1,-1.676250076E1
1.563685340E2,2.863125038E1,-1.179375076E1,-1.614375114E1
1.563885415E2,2.863125038E1,-1.155000019E1,-1.696875000E1
1.564085439E2,2.795625114E1,-1.185000038E1,-1.633125114E1
1.564285760E2,2.816250038E1,-1.183125019E1,-1.674375153E1
1.564485739E2,2.812500191E1,-1.136250019E1,-1.653750038E1
1.564685668E2,2.814375114E1,-1.134375000E1,-1.683750153E1
1.564885680E2,2.823750114E1,-1.136250019E1,-1.642500114E1
1.565085645E2,2.793750191E1,-1.141875076E1,-1.695000076E1
1.565285562E2,2.821875191E1,-1.125000000E1,-1.663125038E1
1.565485586E2,2.833125114E1,-1.130625057E1,-1.736250114E1
1.565685563E2,2.793750191E1,-1.113750076E1,-1.672500038E1
1.565885504E2,2.761875153E1,-1.085625076E1,-1.640625000E1
1.566085530E2,2.784375191E1,-1.110000038E1,-1.725000000E1
1.566285512E2,2.773125076E1,-1.083750057E1,-1.683750153E1
1.566485576E2,2.746875191E1,-1.160625076E1,-1.702500153E1
1.566685475E2,2.754375076E1,-1.111875057E1,-1.681875038E1
1.566885464E2,2.707500076E1,-1.171875000E1,-1.661250114E1
1.567085529E2,2.737500191E1,-1.158750057E1,-1.734375000E1
1.567285542E2,2.756250191E1,-1.128750038E1,-1.734375000E1
1.567485512E2,2.758125114E1,-1.168125057E1,-1.755000114E1
1.567685450E2,2.746875191E1,-1.151250076E1,-1.693125153E1
1.567885471E2,2.775000191E1,-1.138125038E1,-1.756875038E1
1.568085449E2,2.765625191E1,-1.160625076E1,-1.713750076E1
1.568285506E2,2.784375191E1,-1.119375038E1,-1.756875038E1
1.568485510E2,2.775000191E1,-1.153125000E1,-1.672500038E1
1.568685477E2,2.782500076E1,-1.091250038E1,-1.713750076E1
1.568885310E2,2.761875153E1,-1.081875038E1,-1.702500153E1
1.569085349E2,2.769375038E1,-1.036875057E1,-1.610625076E1
1.569285346E2,2.715000153E1,-1.108125019E1,-1.723125076E1
1.569485419E2,2.743125153E1,-1.081875038E1,-1.693125153E1
1.569685894E2,2.791875076E1,-1.081875038E1,-1.704375076E1
1.569885876E2,2.763750076E1,-1.098750019E1,-1.755000114E1
1.570085803E2,2.735625076E1,-1.110000038E1,-1.723125076E1
1.570285699E2,2.726250076E1,-1.119375038E1,-1.702500153E1
1.570485683E2,2.754375076E1,-1.098750019E1,-1.755000114E1
1.570685624E2,2.726250076E1,-1.106250000E1,-1.764375114E1
1.570885659E2,2.746875191E1,-1.155000019E1,-1.796250153E1
1.571085754E2,2.686875153E1,-1.104375076E1,-1.764375114E1
1.571285675E2,2.715000153E1,-1.053750038E1,-1.805625153E1
1.571485570E2,2.716875076E1,-1.143750000E1,-1.805625153E1
1.571685561E2,2.705625153E1,-1.102500057E1,-1.816875076E1
1.571885746E2,2.763750076E1,-1.076250076E1,-1.807500076E1
1.572085737E2,2.763750076E1,-1.085625076E1,-1.807500076E1
1.572285683E2,2.743125153E1,-1.063125038E1,-1.828125000E1
1.572485601E2,2.791875076E1,-1.023750019E1,-1.848750114E1
1.572685607E2,2.790000153E1,-1.029375076E1,-1.775625038E1
1.572885566E2,2.750625038E1,-1.031250000E1,-1.723125076E1
1.573085506E2,2.831250191E1,-1.050000000E1,-1.768125153E1
1.573285532E2,2.859375191E1,-1.051875019E1,-1.736250114E1
1.573485516E2,2.857500076E1,-1.003125000E1,-1.726875114E1
1.573685466E2,2.896875191E1,-1.014375019E1,-1.738125038E1
1.573885500E2,2.878125191E1,-1.065000057E1,-1.706250000E1
1.574085492E2,2.896875191E1,-1.005000019E1,-1.738125038E1
1.574285458E2,3.003750038E1,-1.035000038E1,-1.616250038E1
1.574485492E2,3.061875153E1,-1.040625000E1,-1.545000076E1
1.574685479E2,3.003750038E1,-1.091250038E1,-1.501875019E1
1.574885540E2,3.011250114E1,-1.005000019E1,-1.606875038E1
1.575086115E2,2.998125076E1,-1.130625057E1,-1.648125076E1
1.575286062E2,3.073125076E1,-1.076250076E1,-1.608750153E1
1.575485963E2,3.026250076E1,-1.106250000E1,-1.597500038E1
1.575685833E2,3.015000153E1,-1.091250038E1,-1.483125019E1
1.575885685E2,2.966250038E1,-1.087500000E1,-1.531875038E1
1.576085635E2,2.956875038E1,-1.132500076E1,-1.449375057E1
1.576285683E2,3.067500114E1,-1.168125057E1,-1.556250095E1
1.576485245E2,2.955000114E1,-1.093125057E1,-1.438125038E1
1.576685305E2,2.966250038E1,-1.113750076E1,-1.408125019E1
1.576885324E2,2.994375038E1,-1.113750076E1,-1.430625057E1
1.577085307E2,3.005625153E1,-1.113750076E1,-1.430625057E1
1.577285602E2,2.975625038E1,-1.102500057E1,-1.449375057E1
1.577485567E2,3.003750038E1,-1.106250000E1,-1.398750019E1
1.577685606E2,3.073125076E1,-1.106250000E1,-1.432500076E1
1.577885595E2,3.073125076E1,-1.115625000E1,-1.441875076E1
1.578085543E2,3.150000191E1,-1.078125000E1,-1.464375019E1
1.578285558E2,3.060000038E1,-1.029375076E1,-1.400625038E1
1.578485548E2,3.136875153E1,-1.033125019E1,-1.370625019E1
1.578685496E2,3.101250076E1,-1.076250076E1,-1.453125095E1
1.578885528E2,3.099375153E1,-1.059375000E1,-1.400625038E1
1.579085514E2,3.118125153E1,-1.053750038E1,-1.338750076E1
1.579285463E2,3.146250153E1,-1.044375038E1,-1.350000095E1
1.579485496E2,3.136875153E1,-1.066875076E1,-1.308750057E1
1.579685483E2,3.148125076E1,-1.074375057E1,-1.340625095E1
1.579885546E2,3.138750076E1,-1.093125057E1,-1.361250019E1
1.580085552E2,3.127500153E1,-1.053750038E1,-1.350000095E1
1.580285517E2,3.150000191E1,-1.093125057E1,-1.351875019E1
1.580485548E2,3.148125076E1,-1.119375038E1,-1.237500095E1
1.580685547E2,3.129375076E1,-1.081875038E1,-1.361250019E1
1.580885502E2,3.150000191E1,-1.095000076E1,-1.340625095E1
1.581085541E2,3.118125153E1,-1.078125000E1,-1.276875019E1
1.581285529E2,3.127500153E1,-1.078125000E1,-1.267500019E1
1.581485479E2,3.198750114E1,-1.111875057E1,-1.404375076E1
1.581685402E2,3.178125191E1,-1.087500000E1,-1.320000076E1
1.581885203E2,3.187500191E1,-1.096875000E1,-1.331250095E1
1.582085224E2,3.225000000E1,-1.068750000E1,-1.321875095E1
1.582285321E2,3.166875076E1,-1.048125076E1,-1.288125038E1
1.582485361E2,3.236250305E1,-1.100625038E1,-1.291875076E1
1.582685809E2,3.241875076E1,-1.010625076E1,-1.290000057E1
1.582885771E2,3.281250000E1,-1.025625038E1,-1.218750095E1
1.583085687E2,3.300000000E1,-9.881250381E0,-1.365000057E1
1.583285687E2,3.292500305E1,-1.035000038E1,-1.250625038E1
1.583485640E2,3.241875076E1,-1.021875000E1,-1.291875076E1
1.583685545E2,3.348750305E1,-1.014375019E1,-1.284375095E1
1.583885561E2,3.390000153E1,-1.023750019E1,-1.316250038E1
1.584085095E2,3.371250153E1,-1.053750038E1,-1.295625019E1
1.584285136E2,3.388125229E1,-1.010625076E1,-1.201875019E1
1.584485252E2,3.435000229E1,-1.003125000E1,-1.183125019E1
1.584685309E2,3.453750229E1,-9.862500191E0,-1.141875076E1
1.584885545E2,3.483750153E1,-9.881250381E0,-1.130625057E1
1.585085464E2,3.485625076E1,-1.036875057E1,-1.141875076E1
1.585285466E2,3.388125229E1,-9.975000381E0,-1.254375076E1
1.585485535E2,3.315000153E1,-9.037500381E0,-1.291875076E1
1.585685547E2,3.446250153E1,-1.008750057E1,-1.276875019E1
1.585885500E2,3.414375305E1,-9.318750381E0,-1.201875019E1
1.586085437E2,3.498750305E1,-9.600000381E0,-9.450000763E0
1.586285457E2,3.459375000E1,-9.150000572E0,-1.016250038E1
1.586485432E2,3.500625229E1,-9.581250191E0,-9.656250000E0
1.586685486E2,3.536250305E1,-8.906250000E0,-9.562500000E0
1.586885487E2,3.551250076E1,-9.975000381E0,-1.008750057E1
1.587085565E2,3.575625229E1,-9.225000381E0,-9.468750000E0
1.587285480E2,3.603750229E1,-9.075000763E0,-8.756250381E0
1.587485470E2,3.613125229E1,-9.206250191E0,-8.343750000E0
1.587685535E2,3.643125153E1,-9.225000381E0,-8.025000572E0
1.587885543E2,3.671250153E1,-9.168750763E0,-7.631250381E0
1.588086073E2,3.690000153E1,-9.168750763E0,-7.425000191E0
1.588285987E2,3.787500000E1,-9.243750572E0,-6.937500477E0
1.588485862E2,3.836250305E1,-9.468750000E0,-6.637500286E0
1.588685715E2,3.815625000E1,-8.981250763E0,-6.318750381E0
1.588885669E2,3.873750305E1,-9.037500381E0,-5.700000286E0
1.589085595E2,3.930000305E1,-9.037500381E0,-4.275000095E0
1.589285616E2,3.892500305E1,-9.375000000E0,-5.193750381E0
1.589485270E2,3.941250229E1,-9.187500000E0,-5.212500095E0
1.589685287E2,3.950625229E1,-8.981250763E0,-5.212500095E0
1.589885386E2,3.997500229E1,-9.187500000E0,-3.881250143E0
1.590085427E2,3.999375153E1,-9.225000381E0,-4.706250191E0
1.590285765E2,4.057500076E1,-9.375000000E0,-4.106250286E0
1.590485759E2,4.038750076E1,-9.431250572E0,-4.931250095E0
1.590685702E2,4.106250000E1,-9.281250000E0,-4.537500381E0
1.590885615E2,4.145625305E1,-9.487500191E0,-4.537500381E0
1.591085612E2,4.125000000E1,-9.243750572E0,-3.506250143E0
1.591285556E2,4.108125305E1,-9.468750000E0,-4.743750095E0
1.591485604E2,4.136250305E1,-9.543750763E0,-3.600000143E0
1.591685598E2,4.115625000E1,-9.543750763E0,-3.506250143E0
1.591885553E2,4.147500229E1,-9.843750000E0,-3.618750095E0
1.592085479E2,4.126875305E1,-9.656250000E0,-3.187500238E0
1.592285495E2,4.155000305E1,-9.637500763E0,-3.712500095E0
1.592485585E2,4.136250305E1,-9.843750000E0,-3.506250143E0
1.592685503E2,4.164375305E1,-9.675000191E0,-3.000000000E0
1.592885510E2,4.134375000E1,-9.450000763E0,-3.300000191E0
1.593085476E2,4.155000305E1,-9.468750000E0,-3.093750238E0
1.593285522E2,4.113750076E1,-9.262500763E0,-3.075000048E0
1.593485518E2,4.126875305E1,-1.006875038E1,-2.981250048E0
1.593685478E2,4.145625305E1,-9.693750381E0,-2.568750143E0
1.593885518E2,4.115625000E1,-9.787500381E0,-2.568750143E0
1.594085507E2,4.055625153E1,-9.487500191E0,-2.343750000E0
1.594285460E2,4.066875076E1,-9.881250381E0,-2.231250048E0
1.594485496E2,4.074375153E1,-9.187500000E0,-2.550000191E0
1.594685484E2,4.048125076E1,-9.806250572E0,-1.818750024E0
1.594885336E2,3.990000153E1,-9.731250763E0,-2.831250191E0
1.595085393E2,4.010625076E1,-1.023750019E1,-2.737500191E0
1.595285401E2,3.990000153E1,-1.016250038E1,-2.325000048E0
1.595485482E2,3.943125153E1,-1.044375038E1,-2.212500095E0
1.595685957E2,3.963750076E1,-1.044375038E1,-2.531250000E0
1.595885830E2,3.973125076E1,-1.055625057E1,-2.118750095E0
1.596085786E2,3.915000153E1,-1.063125038E1,-2.400000095E0
1.596285705E2,3.915000153E1,-1.083750057E1,-2.306250095E0
1.596485596E2,3.916875076E1,-1.102500057E1,-2.193750143E0
1.596685570E2,3.870000076E1,-1.140000057E1,-2.400000095E0
1.596885529E2,3.860625076E1,-1.147500038E1,-2.700000048E0
1.597085681E2,3.840000153E1,-1.126875019E1,-3.018750191E0
1.597285646E2,3.841875076E1,-1.166250038E1,-2.812500000E0
1.597485579E2,3.821250153E1,-1.136250019E1,-2.906250000E0
1.597685597E2,3.813750076E1,-1.173750019E1,-3.318750143E0
1.597885913E2,3.787500000E1,-1.260000038E1,-3.431250095E0
1.598085777E2,3.757500076E1,-1.228125095E1,-3.825000048E0
1.598285735E2,3.780000305E1,-1.299375057E1,-3.637500048E0
1.598485657E2,3.731250000E1,-1.263750076E1,-4.237500191E0
1.598685556E2,3.721875000E1,-1.261875057E1,-4.443750381E0
1.598885541E2,3.656250000E1,-1.320000076E1,-4.537500381E0
1.599085508E2,3.684375000E1,-1.295625019E1,-5.268750191E0
1.599285443E2,3.667500305E1,-1.348125076E1,-4.950000286E0
1.599485469E2,3.628125000E1,-1.342500019E1,-5.456250191E0
1.599685452E2,3.630000305E1,-1.363125038E1,-5.456250191E0
1.599885517E2,3.613125229E1,-1.408125019E1,-6.187500477E0
1.600085417E2,3.611250305E1,-1.396875095E1,-6.393750191E0
1.600285425E2,3.534375000E1,-1.393125057E1,-6.581250191E0
1.600485493E2,3.515625000E1,-1.443750095E1,-6.262500286E0
1.600685506E2,3.536250305E1,-1.438125038E1,-7.312500477E0
1.600885476E2,3.556875229E1,-1.428750038E1,-7.518750191E0
1.601086089E2,3.478125000E1,-1.432500076E1,-7.912500381E0
1.601285959E2,3.459375000E1,-1.425000095E1,-7.500000477E0
1.601485797E2,3.470625305E1,-1.453125095E1,-7.818750381E0
1.601685736E2,3.412500000E1,-1.477500057E1,-8.418750763E0
1.601885641E2,3.401250076E1,-1.438125038E1,-8.306250572E0
1.602085531E2,3.365625000E1,-1.518750095E1,-8.100000381E0
1.602285523E2,3.375000000E1,-1.515000057E1,-8.512500763E0
1.602485268E2,3.356250000E1,-1.488750076E1,-9.656250000E0
1.602685359E2,3.408750153E1,-1.561875057E1,-9.468750000E0
1.602885399E2,3.356250000E1,-1.509375095E1,-9.450000763E0
1.603085396E2,3.288750076E1,-1.507500076E1,-9.637500763E0
1.603285809E2,3.271875000E1,-1.541250038E1,-1.035000038E1
1.603485636E2,3.260625076E1,-1.513125038E1,-1.025625038E1
1.603685563E2,3.283125305E1,-1.571250057E1,-1.036875057E1
1.603885577E2,3.251250076E1,-1.543125057E1,-1.003125000E1
1.604085547E2,3.232500076E1,-1.528125095E1,-1.065000057E1
1.604285474E2,3.234375000E1,-1.545000076E1,-1.138125038E1
1.604485502E2,3.215625000E1,-1.595625019E1,-1.117500019E1
1.604685596E2,3.211875153E1,-1.503750038E1,-1.138125038E1
1.604885631E2,3.215625000E1,-1.561875057E1,-1.170000076E1
1.605085614E2,3.243750000E1,-1.565625095E1,-1.108125019E1
1.605285558E2,3.206250000E1,-1.571250057E1,-1.179375076E1
1.605485700E2,3.195000076E1,-1.554375076E1,-1.117500019E1
1.605685656E2,3.208125305E1,-1.586250019E1,-1.273125076E1
1.605885575E2,3.157500076E1,-1.560000038E1,-1.156875038E1
1.606085584E2,3.168750191E1,-1.588125038E1,-1.200000000E1
1.606285551E2,3.185625076E1,-1.541250038E1,-1.179375076E1
1.606485473E2,3.157500076E1,-1.578750038E1,-1.198125076E1
1.606685503E2,3.187500191E1,-1.571250057E1,-1.158750057E1
1.606885484E2,3.168750191E1,-1.563750076E1,-1.271250057E1
1.607085433E2,3.080625153E1,-1.595625019E1,-1.196250057E1
1.607285466E2,3.168750191E1,-1.608750153E1,-1.200000000E1
1.607485453E2,3.168750191E1,-1.575000095E1,-1.250625038E1
1.607685409E2,3.120000076E1,-1.576875019E1,-1.218750095E1
1.607885347E2,3.150000191E1,-1.605000114E1,-1.241250038E1
1.608085360E2,3.168750191E1,-1.606875038E1,-1.230000019E1
1.608285444E2,3.148125076E1,-1.558125019E1,-1.188750076E1
1.608485473E2,3.191250038E1,-1.644375038E1,-1.284375095E1
1.608686019E2,3.150000191E1,-1.616250038E1,-1.220625019E1
1.608885945E2,3.168750191E1,-1.595625019E1,-1.250625038E1
1.609085831E2,3.187500191E1,-1.578750038E1,-1.220625019E1
1.609285689E2,3.236250305E1,-1.593750095E1,-1.138125038E1
1.609485647E2,3.206250000E1,-1.569375038E1,-1.200000000E1
1.609685595E2,3.208125305E1,-1.586250019E1,-1.252500057E1
1.609885611E2,3.208125305E1,-1.565625095E1,-1.273125076E1
1.610085145E2,3.168750191E1,-1.578750038E1,-1.200000000E1
1.610285187E2,3.198750114E1,-1.584375095E1,-1.293750095E1
1.610485304E2,3.225000000E1,-1.571250057E1,-1.179375076E1
1.610685364E2,3.226875305E1,-1.599375057E1,-1.211250019E1
1.610885715E2,3.198750114E1,-1.629375076E1,-1.190625000E1
1.611085607E2,3.217500305E1,-1.612500000E1,-1.149375057E1
1.611285584E2,3.245625305E1,-1.593750095E1,-1.140000057E1
1.611485525E2,3.217500305E1,-1.603125000E1,-1.138125038E1
1.611685550E2,3.255000305E1,-1.584375095E1,-1.160625076E1
1.611885510E2,3.245625305E1,-1.616250038E1,-1.119375038E1
1.612085458E2,3.275625229E1,-1.584375095E1,-1.140000057E1
1.612285487E2,3.226875305E1,-1.582500076E1,-1.170000076E1
1.612485470E2,3.305625153E1,-1.616250038E1,-1.130625057E1
1.612685530E2,3.296250153E1,-1.636875153E1,-1.119375038E1
1.612885536E2,3.266250229E1,-1.625625038E1,-1.130625057E1
1.613085490E2,3.315000153E1,-1.616250038E1,-1.141875076E1
1.613285541E2,3.277500153E1,-1.644375038E1,-1.140000057E1
1.613485536E2,3.326250076E1,-1.655625153E1,-1.153125000E1
1.613685490E2,3.328125000E1,-1.661250114E1,-1.215000057E1
1.613885525E2,3.358125305E1,-1.691250038E1,-1.226250076E1
1.614085503E2,3.305625153E1,-1.616250038E1,-1.130625057E1
1.614285461E2,3.356250000E1,-1.666875076E1,-1.143750000E1
1.614485496E2,3.285000229E1,-1.614375114E1,-1.151250076E1
1.614685484E2,3.395625305E1,-1.653750038E1,-1.205625057E1
1.614885435E2,3.348750305E1,-1.693125153E1,-1.194375038E1
1.615085469E2,3.328125000E1,-1.681875038E1,-1.226250076E1
1.615285572E2,3.348750305E1,-1.681875038E1,-1.226250076E1
1.615485400E2,3.378750229E1,-1.723125076E1,-1.205625057E1
1.615685432E2,3.337500000E1,-1.681875038E1,-1.205625057E1
1.615885420E2,3.339375305E1,-1.711875153E1,-1.215000057E1
1.616085485E2,3.326250076E1,-1.665000153E1,-1.162500000E1
1.616285947E2,3.358125305E1,-1.691250038E1,-1.246875095E1
1.616485812E2,3.358125305E1,-1.691250038E1,-1.237500095E1
1.616685763E2,3.386250305E1,-1.681875038E1,-1.228125095E1
1.616885676E2,3.298125076E1,-1.670625114E1,-1.224375057E1
1.617085565E2,3.318750000E1,-1.702500153E1,-1.183125019E1
1.617285545E2,3.300000000E1,-1.708125114E1,-1.245000076E1
1.617485500E2,3.358125305E1,-1.689375114E1,-1.258125019E1
1.617685650E2,3.309375000E1,-1.680000114E1,-1.224375057E1
1.617885618E2,3.328125000E1,-1.672500038E1,-1.203750038E1
1.618085549E2,3.311250305E1,-1.721250153E1,-1.203750038E1
1.618285568E2,3.318750000E1,-1.681875038E1,-1.215000057E1
1.618485775E2,3.270000076E1,-1.702500153E1,-1.171875000E1
1.618685668E2,3.318750000E1,-1.693125153E1,-1.194375038E1
1.618885647E2,3.307500076E1,-1.666875076E1,-1.121250057E1
1.619085591E2,3.309375000E1,-1.726875114E1,-1.110000038E1
1.619285508E2,3.328125000E1,-1.698750114E1,-1.091250038E1
1.619485505E2,3.316875076E1,-1.691250038E1,-1.048125076E1
1.619685481E2,3.345000076E1,-1.642500114E1,-1.059375000E1
1.619885421E2,3.382500076E1,-1.633125114E1,-1.061250019E1
1.620085449E2,3.333750153E1,-1.625625038E1,-9.862500191E0
1.620285435E2,3.322500229E1,-1.606875038E1,-9.656250000E0
1.620485500E2,3.425625229E1,-1.543125057E1,-9.262500763E0
1.620685515E2,3.367500305E1,-1.543125057E1,-8.925000191E0
1.620885495E2,3.386250305E1,-1.503750038E1,-8.925000191E0
1.621085538E2,3.420000076E1,-1.432500076E1,-7.893750191E0
1.621285528E2,3.448125076E1,-1.391250038E1,-8.212500572E0
1.621485482E2,3.425625229E1,-1.338750076E1,-6.862500191E0
1.621686085E2,3.474375153E1,-1.336875057E1,-7.293750286E0
1.621886056E2,3.480000305E1,-1.243125057E1,-6.656250477E0
1.622085860E2,3.555000305E1,-1.188750076E1,-6.150000095E0
1.622285767E2,3.540000153E1,-1.087500000E1,-6.450000286E0
1.622485654E2,3.560625076E1,-1.121250057E1,-5.831250191E0
1.622685637E2,3.645000076E1,-1.036875057E1,-5.437500000E0
1.622885589E2,3.654375076E1,-1.046250057E1,-5.550000191E0
1.623085190E2,3.699375153E1,-9.693750381E0,-5.456250191E0
1.623285282E2,3.727500153E1,-9.450000763E0,-4.725000381E0
1.623485328E2,3.785625076E1,-9.225000381E0,-5.268750191E0
1.623685330E2,3.806250000E1,-9.206250191E0,-5.681250095E0
1.623885751E2,3.795000076E1,-9.018750191E0,-5.587500095E0
1.624085701E2,3.853125000E1,-9.243750572E0,-5.400000095E0
1.624285608E2,3.832500076E1,-8.981250763E0,-4.762500286E0
1.624485603E2,3.776250076E1,-9.225000381E0,-5.362500191E0
1.624685559E2,3.736875153E1,-9.431250572E0,-4.950000286E0
1.624885580E2,3.795000076E1,-9.150000572E0,-5.175000191E0
1.625085574E2,3.740625000E1,-9.750000000E0,-6.300000191E0
1.625285636E2,3.796875000E1,-9.637500763E0,-5.268750191E0
1.625485644E2,3.671250153E1,-9.806250572E0,-5.025000095E0
1.625685608E2,3.669375229E1,-9.712500572E0,-4.818750381E0
1.625885536E2,3.661875153E1,-1.001250076E1,-4.931250095E0
1.626085557E2,3.660000229E1,-9.506250381E0,-5.025000095E0
1.626285536E2,3.643125153E1,-1.031250000E1,-4.612500191E0
1.626485478E2,3.652500153E1,-1.018125057E1,-5.343750000E0
1.626685506E2,3.645000076E1,-1.061250019E1,-4.725000381E0
1.626885490E2,3.635625076E1,-1.072500038E1,-4.406250000E0
1.627085428E2,3.654375076E1,-1.081875038E1,-4.518750191E0
1.627285467E2,3.626250076E1,-1.111875057E1,-4.200000286E0
1.627485457E2,3.630000305E1,-1.200000000E1,-4.406250000E0
1.627685523E2,3.628125000E1,-1.151250076E1,-4.518750191E0
1.627885534E2,3.609375000E1,-1.170000076E1,-4.612500191E0
1.628085500E2,3.601875305E1,-1.188750076E1,-4.706250191E0
1.628285551E2,3.581250000E1,-1.201875019E1,-4.087500095E0
1.628485336E2,3.579375076E1,-1.160625076E1,-4.087500095E0
1.628685336E2,3.573750305E1,-1.215000057E1,-4.912500381E0
1.628885414E2,3.566250229E1,-1.267500019E1,-4.406250000E0
1.629085437E2,3.525000000E1,-1.246875095E1,-4.481250286E0
1.629285980E2,3.534375000E1,-1.216875076E1,-4.481250286E0
1.629485908E2,3.536250305E1,-1.263750076E1,-4.912500381E0
1.629685793E2,3.496875000E1,-1.263750076E1,-4.800000191E0
1.629885766E2,3.555000305E1,-1.256250095E1,-4.800000191E0
1.630085701E2,3.506250000E1,-1.235625076E1,-4.593750000E0
1.630285596E2,3.538125229E1,-1.291875076E1,-5.325000286E0
1.630485490E2,3.536250305E1,-1.254375076E1,-4.912500381E0
1.630685045E2,3.528750229E1,-1.290000057E1,-5.643750191E0
1.630885103E2,3.575625229E1,-1.239375019E1,-5.850000381E0
1.631085236E2,3.555000305E1,-1.243125057E1,-5.118750095E0
1.631285311E2,3.536250305E1,-1.243125057E1,-5.118750095E0
1.631485558E2,3.583125305E1,-1.228125095E1,-4.706250191E0
1.631685599E2,3.526875305E1,-1.243125057E1,-5.118750095E0
1.631885581E2,3.573750305E1,-1.203750038E1,-5.325000286E0
1.632085519E2,3.620625305E1,-1.173750019E1,-5.662500381E0
1.632285542E2,3.560625076E1,-1.138125038E1,-4.706250191E0
1.632485516E2,3.620625305E1,-1.186875057E1,-5.025000095E0
1.632685458E2,3.669375229E1,-1.170000076E1,-4.837500095E0
1.632885481E2,3.695625305E1,-1.130625057E1,-4.837500095E0
1.633085459E2,3.695625305E1,-1.087500000E1,-5.362500191E0
1.633285516E2,3.744375229E1,-1.089375019E1,-5.587500095E0
1.633485520E2,3.723750305E1,-1.070625019E1,-5.043750286E0
1.633685596E2,3.705000305E1,-1.066875076E1,-5.568750381E0
1.633885513E2,3.781875229E1,-1.038750076E1,-5.793750286E0
1.634085504E2,3.800625229E1,-1.063125038E1,-5.287500381E0
1.634285455E2,3.886875153E1,-1.029375076E1,-4.687500000E0
1.634485489E2,3.840000153E1,-1.031250000E1,-5.812500000E0
1.634685466E2,3.838125229E1,-9.918750763E0,-5.812500000E0
1.634885423E2,3.886875153E1,-9.881250381E0,-6.450000286E0
1.635085459E2,3.866250229E1,-9.562500000E0,-6.843750477E0
1.635285450E2,3.926250076E1,-1.021875000E1,-6.150000095E0
1.635485515E2,3.916875076E1,-9.900000572E0,-6.356250286E0
1.635685526E2,3.946875000E1,-9.881250381E0,-6.975000381E0
1.635885494E2,3.995625305E1,-9.993750572E0,-6.993750095E0
1.636085216E2,3.995625305E1,-1.016250038E1,-7.312500477E0
1.636285287E2,3.976875305E1,-1.003125000E1,-7.818750381E0
1.636485304E2,3.999375153E1,-1.091250038E1,-6.487500191E0
1.636685395E2,4.025625229E1,-1.018125057E1,-7.218750477E0
1.636885770E2,3.978750229E1,-1.055625057E1,-7.312500477E0
1.637085790E2,3.967500305E1,-1.057500076E1,-6.881250381E0
1.637285753E2,4.001250076E1,-1.111875057E1,-7.950000286E0
1.637485672E2,3.928125000E1,-1.023750019E1,-7.387500286E0
1.637685676E2,3.913125229E1,-1.102500057E1,-7.406250477E0
1.637885621E2,3.931875229E1,-1.070625019E1,-8.025000572E0
1.638085553E2,3.853125000E1,-1.089375019E1,-7.593750477E0
1.638285568E2,3.883125305E1,-1.087500000E1,-8.325000763E0
1.638485542E2,3.855000305E1,-1.096875000E1,-8.006250381E0
1.638685483E2,3.855000305E1,-1.087500000E1,-8.212500572E0
1.638885510E2,3.806250000E1,-1.106250000E1,-7.893750191E0
1.639085723E2,3.796875000E1,-1.117500019E1,-7.781250477E0
1.639285624E2,3.785625076E1,-1.093125057E1,-8.287500381E0
1.639485613E2,3.796875000E1,-1.136250019E1,-7.893750191E0
1.639685561E2,3.757500076E1,-1.113750076E1,-8.287500381E0
1.639885592E2,3.688125229E1,-1.104375076E1,-7.856250286E0
1.640085565E2,3.620625305E1,-1.100625038E1,-7.837500095E0
1.640285519E2,3.639375305E1,-1.083750057E1,-7.425000191E0
1.640485554E2,3.613125229E1,-1.158750057E1,-8.137500763E0
1.640685539E2,3.553125000E1,-1.132500076E1,-7.181250095E0
1.640885490E2,3.555000305E1,-1.190625000E1,-7.612500191E0
1.641085524E2,3.517500305E1,-1.198125076E1,-7.706250191E0
1.641285514E2,3.431250000E1,-1.245000076E1,-7.575000286E0
1.641485479E2,3.384375000E1,-1.286250019E1,-7.143750191E0
1.641685511E2,3.425625229E1,-1.363125038E1,-6.131250381E0
1.641885497E2,3.300000000E1,-1.351875019E1,-7.237500191E0
1.642085446E2,3.292500305E1,-1.411875057E1,-7.237500191E0
1.642285933E2,3.206250000E1,-1.455000019E1,-7.743750095E0
1.642485817E2,3.238125229E1,-1.494375038E1,-8.062500000E0
1.642685785E2,3.210000229E1,-1.531875038E1,-8.362500191E0
1.642885714E2,3.191250038E1,-1.528125095E1,-8.775000572E0
1.643085615E2,3.196875191E1,-1.633125114E1,-9.506250381E0
1.643285594E2,3.198750114E1,-1.680000114E1,-1.014375019E1
1.643485557E2,3.159375191E1,-1.650000000E1,-9.918750763E0
1.643685056E2,3.121875191E1,-1.653750038E1,-1.063125038E1
1.643885180E2,3.181875038E1,-1.719375038E1,-1.003125000E1
1.644085252E2,3.151875114E1,-1.681875038E1,-1.106250000E1
1.644285274E2,3.219375229E1,-1.723125076E1,-9.618750572E0
1.644485598E2,3.172500038E1,-1.680000114E1,-1.158750057E1
1.644685582E2,3.200625229E1,-1.665000153E1,-1.108125019E1
1.644885633E2,3.219375229E1,-1.657500076E1,-1.222500038E1
1.645085627E2,3.195000076E1,-1.755000114E1,-1.243125057E1
1.645285576E2,3.191250038E1,-1.700625038E1,-1.158750057E1
1.645485594E2,3.181875038E1,-1.680000114E1,-1.170000076E1
1.645685470E2,3.200625229E1,-1.655625153E1,-1.263750076E1
1.645885439E2,3.153750038E1,-1.704375076E1,-1.252500057E1
1.646085491E2,3.163125038E1,-1.661250114E1,-1.303125095E1
1.646285492E2,3.125625038E1,-1.678125000E1,-1.333125019E1
1.646485454E2,3.123750114E1,-1.680000114E1,-1.303125095E1
1.646685389E2,3.095625114E1,-1.666875076E1,-1.333125019E1
1.646885420E2,3.075000191E1,-1.644375038E1,-1.374375057E1
1.647085394E2,3.035625076E1,-1.642500114E1,-1.383750057E1
1.647285449E2,3.046875191E1,-1.650000000E1,-1.434375095E1
1.647485451E2,3.056250191E1,-1.642500114E1,-1.413750076E1
1.647686091E2,2.996250153E1,-1.588125038E1,-1.464375019E1
1.647885978E2,2.958750153E1,-1.625625038E1,-1.473750019E1
1.648085829E2,2.930625153E1,-1.644375038E1,-1.462500095E1
1.648285773E2,2.900625038E1,-1.629375076E1,-1.565625095E1
1.648485686E2,2.842500114E1,-1.638750076E1,-1.533750057E1
1.648685576E2,2.872500038E1,-1.627500153E1,-1.575000095E1
1.648885568E2,2.861250114E1,-1.588125038E1,-1.554375076E1
1.649085314E2,2.821875191E1,-1.575000095E1,-1.605000114E1
1.649285292E2,2.808750153E1,-1.516875076E1,-1.561875057E1
1.649485356E2,2.803125191E1,-1.571250057E1,-1.635000038E1
1.649685373E2,2.754375076E1,-1.569375038E1,-1.644375038E1
1.649885918E2,2.761875153E1,-1.560000038E1,-1.633125114E1
1.650085847E2,2.733750153E1,-1.571250057E1,-1.601250076E1
1.650285736E2,2.666250038E1,-1.567500019E1,-1.651875114E1
1.650485715E2,2.666250038E1,-1.565625095E1,-1.672500038E1
1.650685655E2,2.686875153E1,-1.599375057E1,-1.601250076E1
1.650885561E2,2.656875038E1,-1.593750095E1,-1.683750153E1
1.651085456E2,2.598750114E1,-1.571250057E1,-1.711875153E1
1.651285561E2,2.589375114E1,-1.560000038E1,-1.743750000E1
1.651485495E2,2.559375191E1,-1.560000038E1,-1.711875153E1
1.651685516E2,2.521875191E1,-1.588125038E1,-1.721250153E1
1.651885494E2,2.557500076E1,-1.515000057E1,-1.803750038E1
1.652085667E2,2.520000076E1,-1.531875038E1,-1.833750153E1
1.652285646E2,2.503125191E1,-1.586250019E1,-1.918125153E1
1.652485584E2,2.463750076E1,-1.554375076E1,-1.916250038E1
1.652685607E2,2.356875038E1,-1.552500057E1,-1.891875076E1
1.652885583E2,2.366250038E1,-1.571250057E1,-1.935000038E1
1.653085516E2,2.304375076E1,-1.477500057E1,-1.983750153E1
1.653285547E2,2.270625114E1,-1.563750076E1,-1.993125153E1
1.653485530E2,2.317500114E1,-1.515000057E1,-2.025000000E1
1.653685477E2,2.268750000E1,-1.526250076E1,-1.983750153E1
1.653885512E2,2.266875076E1,-1.464375019E1,-2.002500153E1
1.654085500E2,2.250000000E1,-1.552500057E1,-2.025000000E1
1.654285454E2,2.257500076E1,-1.503750038E1,-2.025000000E1
1.654485391E2,2.206875038E1,-1.438125038E1,-2.085000038E1
1.654685402E2,2.178750038E1,-1.438125038E1,-2.083125114E1
1.654885487E2,2.195625114E1,-1.408125019E1,-2.083125114E1
1.655085514E2,2.130000114E1,-1.432500076E1,-2.145000076E1
1.655286059E2,2.141250038E1,-1.440000057E1,-2.206875038E1
1.655485873E2,2.100000000E1,-1.441875076E1,-2.143125153E1
1.655685781E2,2.060625076E1,-1.408125019E1,-2.193750000E1
1.655885661E2,2.070000076E1,-1.400625038E1,-2.143125153E1
1.656085638E2,2.049375153E1,-1.391250038E1,-2.141250038E1
1.656285580E2,2.021250153E1,-1.398750019E1,-2.150625038E1
1.656485616E2,2.049375153E1,-1.357500076E1,-2.214375114E1
1.656685169E2,1.981875038E1,-1.365000057E1,-2.212500000E1
1.656885217E2,2.028750038E1,-1.316250038E1,-2.223750114E1
1.657085228E2,1.978125000E1,-1.293750095E1,-2.253750038E1
1.657285317E2,1.996875000E1,-1.275000095E1,-2.233125114E1
1.657485694E2,2.055000114E1,-1.246875095E1,-2.244375038E1
1.657685608E2,2.017500114E1,-1.284375095E1,-2.244375038E1
1.657885601E2,2.002500153E1,-1.168125057E1,-2.212500000E1
1.658085551E2,2.032500076E1,-1.155000019E1,-2.285625076E1
1.658285583E2,2.068125153E1,-1.110000038E1,-2.203125000E1
1.658485552E2,2.086875153E1,-1.098750019E1,-2.235000038E1
1.658685504E2,2.098125076E1,-1.108125019E1,-2.265000153E1
1.658885535E2,2.203125000E1,-1.070625019E1,-2.289375114E1
1.659085519E2,2.242500114E1,-1.063125038E1,-2.270625114E1
1.659285466E2,2.182500076E1,-1.036875057E1,-2.340000153E1
1.659485498E2,2.268750000E1,-9.918750763E0,-2.321250153E1
1.659685488E2,2.306250000E1,-9.750000000E0,-2.281875038E1
1.659885561E2,2.317500114E1,-9.918750763E0,-2.323125076E1
1.660085564E2,2.403750038E1,-9.637500763E0,-2.347500038E1
1.660285526E2,2.424375153E1,-9.825000763E0,-2.368125153E1
1.660485566E2,2.473125076E1,-9.431250572E0,-2.400000000E1
1.660685548E2,2.542500114E1,-9.937500000E0,-2.424375153E1
1.660885618E2,2.563125038E1,-9.918750763E0,-2.476875114E1
1.661085626E2,2.593125153E1,-1.003125000E1,-2.467500114E1
1.661285589E2,2.630625153E1,-1.006875038E1,-2.415000153E1
1.661485518E2,2.700000191E1,-1.040625000E1,-2.386875153E1
1.661685538E2,2.750625038E1,-1.070625019E1,-2.388750076E1
1.661885628E2,2.752500153E1,-1.126875019E1,-2.295000076E1
1.662085331E2,2.803125191E1,-1.170000076E1,-2.411250114E1
1.662285383E2,2.840625191E1,-1.179375076E1,-2.278125000E1
1.662485389E2,2.889375114E1,-1.173750019E1,-2.248125076E1
1.662685472E2,2.951250076E1,-1.245000076E1,-2.240625000E1
1.662885953E2,2.958750153E1,-1.222500038E1,-2.105625153E1
1.663085829E2,2.960625076E1,-1.280625057E1,-2.146875000E1
1.663285790E2,3.046875191E1,-1.250625038E1,-2.025000000E1
1.663485710E2,3.086250114E1,-1.286250019E1,-1.921875000E1
1.663685604E2,3.114375114E1,-1.312500095E1,-1.839375114E1
1.663885580E2,3.180000114E1,-1.256250095E1,-1.820625114E1
1.664085539E2,3.228750229E1,-1.271250057E1,-1.760625076E1
1.664285033E2,3.375000000E1,-1.280625057E1,-1.681875038E1
1.664485152E2,3.346875000E1,-1.316250038E1,-1.732500076E1
1.664685222E2,3.339375305E1,-1.348125076E1,-1.670625114E1
1.664885357E2,3.384375000E1,-1.303125095E1,-1.629375076E1
1.665085546E2,3.444375229E1,-1.314375019E1,-1.621875000E1
1.665285648E2,3.444375229E1,-1.350000095E1,-1.528125095E1
1.665485676E2,3.480000305E1,-1.306875038E1,-1.434375095E1
1.665685649E2,3.530625153E1,-1.340625095E1,-1.385625076E1
1.665885582E2,3.547500229E1,-1.305000019E1,-1.333125019E1
1.666085588E2,3.596250153E1,-1.331250095E1,-1.252500057E1
1.666285565E2,3.594375229E1,-1.290000057E1,-1.282500076E1
1.666485502E2,3.643125153E1,-1.318125057E1,-1.170000076E1
1.666685525E2,3.710625076E1,-1.301250076E1,-1.140000057E1
1.666885504E2,3.740625000E1,-1.325625038E1,-1.080000019E1
1.667085448E2,3.768750000E1,-1.301250076E1,-1.018125057E1
1.667285369E2,3.804375076E1,-1.275000095E1,-9.656250000E0
1.667485396E2,3.843750000E1,-1.256250095E1,-9.562500000E0
1.667685476E2,3.892500305E1,-1.275000095E1,-8.550000191E0
1.667885501E2,3.909375000E1,-1.269375038E1,-7.725000381E0
1.668085478E2,3.928125000E1,-1.275000095E1,-6.787500381E0
1.668286097E2,3.997500229E1,-1.286250019E1,-7.125000477E0
1.668485970E2,4.003125000E1,-1.194375038E1,-5.775000095E0
1.668685810E2,4.070625305E1,-1.228125095E1,-5.475000381E0
1.668885748E2,4.061250305E1,-1.211250019E1,-4.856250286E0
1.669085657E2,4.136250305E1,-1.179375076E1,-4.031250000E0
1.669285545E2,4.143750000E1,-1.121250057E1,-3.825000048E0
1.669485538E2,4.183125305E1,-1.143750000E1,-3.431250095E0
1.669685171E2,4.177500153E1,-1.050000000E1,-2.587500095E0
1.669885285E2,4.246875000E1,-1.065000057E1,-2.193750143E0
1.670085347E2,4.258125305E1,-1.104375076E1,-2.193750143E0
1.670285363E2,4.291875076E1,-1.023750019E1,-9.562500119E-1
1.670485679E2,4.329375076E1,-9.843750000E0,-8.625000119E-1
1.670685660E2,4.320000076E1,-1.006875038E1,-4.500000179E-1
1.670885593E2,4.359375000E1,-9.975000381E0,-6.562500000E-1
1.671085610E2,4.395000076E1,-9.637500763E0,2.625000179E-1
1.671285581E2,4.395000076E1,-9.862500191E0,6.750000119E-1
1.671485500E2,4.381875229E1,-9.000000000E0,1.200000048E0
1.671685527E2,4.400625229E1,-9.243750572E0,2.025000095E0
1.671885506E2,4.423125076E1,-9.412500381E0,1.200000048E0
1.672085452E2,4.410000229E1,-9.131250381E0,1.725000024E0
1.672285481E2,4.468125153E1,-8.906250000E0,2.643750191E0
1.672485465E2,4.417500305E1,-8.512500763E0,2.868750095E0
1.672685531E2,4.453125000E1,-8.156250000E0,3.262500048E0
1.672885541E2,4.475625229E1,-8.437500000E0,2.943750143E0
1.673085504E2,4.483125305E1,-8.062500000E0,3.468750238E0
1.673285546E2,4.501875305E1,-8.100000381E0,3.881250143E0
1.673485539E2,4.471875000E1,-7.893750191E0,4.106250286E0
1.673685480E2,4.569375229E1,-7.800000191E0,3.656250238E0
1.673885407E2,4.539375305E1,-8.137500763E0,4.500000000E0
1.674085422E2,4.554375076E1,-6.993750095E0,5.231250286E0
1.674285399E2,4.702500153E1,-7.706250191E0,6.206250191E0
1.674485452E2,4.603125000E1,-7.012500286E0,5.006250381E0
1.674685458E2,4.563750076E1,-7.012500286E0,5.325000286E0
1.674885425E2,4.573125076E1,-7.012500286E0,5.325000286E0
1.675085258E2,4.610625076E1,-6.768750191E0,5.943750381E0
1.675285299E2,4.659375000E1,-6.656250477E0,5.606250286E0
1.675485408E2,4.629375076E1,-6.450000286E0,5.625000000E0
1.675685453E2,4.608750153E1,-6.581250191E0,6.243750095E0
1.675886016E2,4.650000000E1,-6.806250095E0,6.450000286E0
1.676085843E2,4.648125076E1,-6.450000286E0,5.400000095E0
1.676285759E2,4.696875000E1,-6.506250381E0,6.318750381E0
1.676485646E2,4.698750305E1,-6.806250095E0,6.225000381E0
1.676685625E2,4.659375000E1,-6.993750095E0,6.131250381E0
1.676885553E2,4.687500000E1,-6.393750191E0,6.131250381E0
1.677085589E2,4.638750076E1,-6.525000095E0,6.656250477E0
1.677285687E2,4.650000000E1,-7.031250477E0,6.956250191E0
1.677485611E2,4.620000076E1,-6.787500381E0,6.243750095E0
1.677685621E2,4.708125305E1,-6.712500095E0,6.225000381E0
1.677885592E2,4.659375000E1,-7.125000477E0,6.956250191E0
1.678085756E2,4.640625000E1,-6.993750095E0,6.337500095E0
1.678285617E2,4.591875076E1,-6.993750095E0,6.675000191E0
1.678485577E2,4.620000076E1,-6.768750191E0,6.150000095E0
1.678685505E2,4.612500000E1,-7.181250095E0,6.450000286E0
1.678885523E2,4.612500000E1,-7.181250095E0,6.243750095E0
1.679085488E2,4.584375000E1,-7.575000286E0,6.562500477E0
1.679285438E2,4.582500076E1,-6.993750095E0,6.562500477E0
1.679485471E2,4.614375305E1,-7.800000191E0,6.656250477E0
1.679685460E2,4.621875000E1,-7.406250477E0,6.543750286E0
1.679885526E2,4.573125076E1,-7.181250095E0,6.562500477E0
1.680085540E2,4.621875000E1,-7.087500095E0,6.337500095E0
1.680285509E2,4.582500076E1,-6.993750095E0,6.562500477E0
1.680485456E2,4.582500076E1,-7.068750381E0,6.150000095E0
1.680685474E2,4.584375000E1,-7.537500381E0,5.831250191E0
1.680885449E2,4.591875076E1,-7.181250095E0,6.450000286E0
1.681085503E2,4.584375000E1,-7.575000286E0,6.562500477E0
1.681286070E2,4.543125153E1,-7.293750286E0,6.881250381E0
1.681486013E2,4.603125000E1,-7.293750286E0,6.656250477E0
1.681685910E2,4.561875153E1,-6.881250381E0,6.356250286E0
1.681885779E2,4.599375153E1,-6.693750381E0,6.450000286E0
1.682085631E2,4.573125076E1,-7.181250095E0,6.562500477E0
1.682285615E2,4.531875229E1,-6.581250191E0,6.693750381E0
1.682485545E2,4.543125153E1,-6.993750095E0,6.881250381E0
1.682685125E2,4.573125076E1,-7.181250095E0,6.468750477E0
1.682885204E2,4.558125305E1,-6.431250095E0,7.312500477E0
1.683085240E2,4.601250076E1,-6.881250381E0,6.450000286E0
1.683285350E2,4.571250153E1,-7.031250477E0,7.293750286E0
1.683485742E2,4.550625229E1,-6.487500191E0,6.787500381E0
1.683685665E2,4.552500153E1,-6.900000095E0,6.881250381E0
1.683885666E2,4.573125076E1,-7.181250095E0,6.562500477E0
1.684085622E2,4.608750153E1,-6.562500477E0,7.500000477E0
1.684285543E2,4.548750305E1,-6.225000381E0,7.200000286E0
1.684485539E2,4.586250305E1,-6.056250095E0,7.406250477E0
1.684685512E2,4.552500153E1,-5.043750286E0,7.312500477E0
1.684885672E2,4.588125229E1,-3.825000048E0,6.787500381E0
1.685085645E2,4.646250153E1,-3.693750143E0,5.643750191E0
1.685285580E2,4.608750153E1,-4.012500286E0,6.262500286E0
1.685485599E2,4.638750076E1,-4.200000286E0,6.056250095E0
1.685685578E2,4.590000153E1,-4.200000286E0,6.375000477E0
1.685885520E2,4.621875000E1,-4.762500286E0,5.643750191E0
1.686085544E2,4.629375076E1,-4.200000286E0,5.943750381E0
1.686285524E2,4.629375076E1,-4.500000000E0,6.056250095E0
1.686485469E2,4.601250076E1,-4.800000191E0,6.262500286E0
1.686685489E2,4.659375000E1,-4.406250000E0,6.150000095E0
1.686885480E2,4.601250076E1,-4.706250191E0,6.262500286E0
1.687085434E2,4.689375305E1,-4.856250286E0,6.656250477E0
1.687285469E2,4.610625076E1,-4.837500095E0,6.993750095E0
1.687485461E2,4.601250076E1,-4.706250191E0,6.375000477E0
1.687685525E2,4.661250305E1,-5.268750191E0,7.068750381E0
1.687885538E2,4.650000000E1,-4.950000286E0,6.975000381E0
1.688085295E2,4.711875153E1,-5.512500286E0,6.131250381E0
1.688285388E2,4.661250305E1,-5.043750286E0,6.862500191E0
1.688485425E2,4.603125000E1,-5.437500000E0,6.993750095E0
1.688685416E2,4.635000229E1,-5.493750095E0,6.243750095E0
1.688885932E2,4.616250229E1,-5.887500286E0,6.243750095E0
1.689085841E2,4.642500305E1,-5.475000381E0,7.387500286E0
1.689285713E2,4.635000229E1,-5.906250000E0,6.562500477E0
1.689485677E2,4.655625153E1,-5.906250000E0,6.450000286E0
1.689685605E2,4.620000076E1,-6.581250191E0,6.243750095E0
1.689885607E2,4.595625305E1,-5.925000191E0,6.768750191E0
1.690085475E2,4.610625076E1,-6.675000191E0,6.243750095E0
1.690285008E2,4.608750153E1,-6.712500095E0,6.656250477E0
1.690485161E2,4.580625153E1,-6.825000286E0,7.293750286E0
1.690685251E2,4.591875076E1,-7.012500286E0,6.975000381E0
1.690885293E2,4.573125076E1,-7.481250286E0,6.468750477E0
1.691085516E2,4.593750000E1,-7.518750191E0,7.087500095E0
1.691285538E2,4.565625000E1,-7.781250477E0,6.562500477E0
1.691485505E2,4.526250076E1,-7.575000286E0,6.675000191E0
1.691685548E2,4.535625076E1,-7.575000286E0,6.581250191E0
1.691885537E2,4.535625076E1,-7.800000191E0,7.200000286E0
1.692085470E2,4.528125000E1,-8.362500191E0,6.787500381E0
1.692285507E2,4.498125076E1,-8.175000191E0,6.900000095E0
1.692485491E2,4.530000305E1,-8.793750763E0,7.087500095E0
1.692685552E2,4.522500229E1,-9.525000572E0,7.818750381E0
1.692885557E2,4.501875305E1,-9.281250000E0,7.293750286E0
1.693085517E2,4.426875305E1,-9.975000381E0,7.631250381E0
1.693285560E2,4.486875153E1,-1.027500057E1,7.406250477E0
1.693485552E2,4.402500153E1,-1.096875000E1,7.725000381E0
1.693685501E2,4.411875153E1,-1.104375076E1,7.312500477E0
1.693885536E2,4.374375153E1,-1.143750000E1,7.537500381E0
1.694085522E2,4.374375153E1,-1.121250057E1,7.218750477E0
1.694285464E2,4.318125153E1,-1.147500038E1,6.825000286E0
1.694485388E2,4.318125153E1,-1.171875000E1,7.650000095E0
1.694685399E2,4.252500153E1,-1.260000038E1,7.668750286E0
1.694885483E2,4.224375153E1,-1.267500019E1,7.350000381E0
1.695085511E2,4.239375305E1,-1.366875076E1,7.443750381E0
1.695285491E2,4.181250000E1,-1.419375038E1,8.287500381E0
1.695485438E2,4.173750305E1,-1.477500057E1,8.081250191E0
1.695685143E2,4.145625305E1,-1.477500057E1,8.306250572E0
1.695885197E2,4.128750229E1,-1.511250019E1,7.256250381E0
1.696085322E2,4.108125305E1,-1.505625057E1,8.306250572E0
1.696285384E2,4.111875153E1,-1.591875076E1,7.575000286E0
1.696485732E2,4.081875229E1,-1.582500076E1,7.800000191E0
1.696685732E2,4.033125305E1,-1.612500000E1,8.118750572E0
1.696885677E2,4.061250305E1,-1.561875057E1,8.006250381E0
1.697085588E2,4.025625229E1,-1.640625000E1,7.800000191E0
1.697285585E2,3.965625000E1,-1.621875000E1,8.550000191E0
1.697485538E2,3.941250229E1,-1.704375076E1,7.612500191E0
1.697685579E2,4.006875229E1,-1.672500038E1,8.325000763E0
1.697885679E2,3.903750229E1,-1.728750038E1,6.787500381E0
1.698085603E2,3.920625305E1,-1.687500000E1,8.137500763E0
1.698285612E2,3.922500229E1,-1.732500076E1,7.312500477E0
1.698485580E2,3.853125000E1,-1.726875114E1,8.268750191E0
1.698685630E2,3.905625153E1,-1.803750038E1,7.612500191E0
1.698885513E2,3.883125305E1,-1.726875114E1,8.250000000E0
1.699085492E2,3.873750305E1,-1.734375000E1,7.950000286E0
1.699285439E2,3.883125305E1,-1.760625076E1,8.775000572E0
1.699485473E2,3.903750229E1,-1.734375000E1,7.725000381E0
1.699685449E2,3.901875305E1,-1.704375076E1,7.518750191E0
1.699885409E2,3.892500305E1,-1.747500038E1,8.362500191E0
1.700085447E2,3.901875305E1,-1.706250000E1,7.950000286E0
1.700285439E2,3.864375305E1,-1.741875076E1,7.537500381E0
1.700485506E2,3.864375305E1,-1.734375000E1,8.043750763E0
1.700685516E2,3.922500229E1,-1.743750000E1,7.518750191E0
1.700885489E2,3.871875000E1,-1.704375076E1,7.950000286E0
1.701085326E2,3.873750305E1,-1.725000000E1,7.837500095E0
1.701285367E2,3.913125229E1,-1.756875038E1,8.137500763E0
1.701485365E2,3.901875305E1,-1.715625000E1,7.725000381E0
1.701685438E2,3.862500000E1,-1.715625000E1,7.950000286E0
1.701886020E2,3.892500305E1,-1.736250114E1,7.950000286E0
1.702085976E2,3.855000305E1,-1.721250153E1,7.537500381E0
1.702285881E2,3.903750229E1,-1.721250153E1,7.218750477E0
1.702485755E2,3.903750229E1,-1.741875076E1,7.312500477E0
1.702685725E2,3.903750229E1,-1.741875076E1,7.218750477E0
1.702885644E2,3.864375305E1,-1.755000114E1,7.950000286E0
1.703085556E2,3.883125305E1,-1.715625000E1,8.156250000E0
1.703285128E2,3.855000305E1,-1.736250114E1,8.156250000E0
1.703485196E2,3.843750000E1,-1.725000000E1,8.268750191E0
1.703685226E2,3.883125305E1,-1.725000000E1,7.837500095E0
1.703885329E2,3.873750305E1,-1.702500153E1,7.425000191E0
1.704085604E2,3.892500305E1,-1.726875114E1,8.043750763E0
1.704285666E2,3.894375229E1,-1.730625153E1,7.106250286E0
1.704485662E2,3.883125305E1,-1.693125153E1,7.537500381E0
1.704685611E2,3.892500305E1,-1.700625038E1,7.218750477E0
1.704885640E2,3.864375305E1,-1.741875076E1,7.537500381E0
1.705085608E2,3.864375305E1,-1.732500076E1,7.631250381E0
1.705285554E2,3.873750305E1,-1.725000000E1,7.950000286E0
1.705485581E2,3.920625305E1,-1.695000076E1,7.725000381E0
1.705685562E2,3.883125305E1,-1.725000000E1,7.950000286E0
1.705885507E2,3.871875000E1,-1.715625000E1,8.043750763E0
1.706085536E2,3.864375305E1,-1.725000000E1,7.950000286E0
1.706285524E2,3.883125305E1,-1.704375076E1,7.743750095E0
1.706485486E2,3.855000305E1,-1.721250153E1,7.537500381E0
1.706685516E2,3.871875000E1,-1.702500153E1,7.537500381E0
1.706885501E2,3.892500305E1,-1.704375076E1,7.837500095E0
1.707085447E2,3.901875305E1,-1.696875000E1,8.043750763E0
1.707286045E2,3.920625305E1,-1.717500114E1,8.250000000E0
1.707485903E2,3.913125229E1,-1.723125076E1,7.425000191E0
1.707685847E2,3.931875229E1,-1.723125076E1,7.312500477E0
1.707885755E2,3.843750000E1,-1.711875153E1,7.650000095E0
1.708085640E2,3.864375305E1,-1.723125076E1,7.537500381E0
1.708285624E2,3.881250000E1,-1.683750153E1,7.631250381E0
1.708485573E2,3.901875305E1,-1.713750076E1,7.425000191E0
1.708685285E2,3.903750229E1,-1.736250114E1,7.931250095E0
1.708885348E2,3.901875305E1,-1.702500153E1,7.425000191E0
1.709085368E2,3.862500000E1,-1.683750153E1,7.650000095E0
1.709285351E2,3.873750305E1,-1.755000114E1,7.950000286E0
1.709485754E2,3.890625000E1,-1.696875000E1,8.043750763E0
1.709685803E2,3.823125076E1,-1.672500038E1,7.650000095E0
1.709885787E2,3.871875000E1,-1.687500000E1,8.268750191E0
1.710085726E2,3.883125305E1,-1.734375000E1,7.950000286E0
1.710285634E2,3.890625000E1,-1.676250076E1,8.156250000E0
1.710485626E2,3.892500305E1,-1.726875114E1,8.043750763E0
1.710685589E2,3.862500000E1,-1.715625000E1,8.156250000E0
1.710885085E2,3.883125305E1,-1.702500153E1,7.537500381E0
1.711085205E2,3.871875000E1,-1.708125114E1,8.475000381E0
1.711285273E2,3.892500305E1,-1.726875114E1,8.156250000E0
1.711485294E2,3.862500000E1,-1.717500114E1,8.362500191E0
1.711685389E2,3.883125305E1,-1.734375000E1,7.837500095E0
1.711885425E2,3.853125000E1,-1.704375076E1,8.062500000E0
1.712085409E2,3.875625229E1,-1.751250076E1,7.331250191E0
1.712285469E2,3.873750305E1,-1.713750076E1,7.743750095E0
1.712485473E2,3.864375305E1,-1.723125076E1,7.537500381E0
1.712685540E2,3.862500000E1,-1.715625000E1,8.156250000E0
1.712885557E2,3.855000305E1,-1.719375038E1,7.218750477E0
1.713085525E2,3.901875305E1,-1.725000000E1,7.725000381E0
1.713285568E2,3.875625229E1,-1.740000153E1,7.012500286E0
1.713485560E2,3.903750229E1,-1.723125076E1,7.518750191E0
1.713685511E2,3.864375305E1,-1.732500076E1,7.537500381E0
1.713885545E2,3.883125305E1,-1.713750076E1,7.743750095E0
1.714085430E2,3.875625229E1,-1.753125000E1,7.743750095E0
1.714285399E2,3.913125229E1,-1.723125076E1,7.425000191E0
1.714485450E2,3.823125076E1,-1.704375076E1,8.175000191E0
1.714685453E2,3.875625229E1,-1.751250076E1,7.425000191E0
1.714885980E2,3.853125000E1,-1.691250038E1,7.218750477E0
1.715085894E2,3.853125000E1,-1.693125153E1,7.856250286E0
1.715285769E2,3.883125305E1,-1.736250114E1,8.156250000E0
1.715485736E2,3.864375305E1,-1.734375000E1,8.043750763E0
1.715685668E2,3.901875305E1,-1.738125038E1,8.456250191E0
1.715885577E2,3.873750305E1,-1.721250153E1,7.425000191E0
1.716085577E2,3.924375153E1,-1.755000114E1,7.725000381E0
1.716285104E2,3.901875305E1,-1.725000000E1,7.725000381E0
1.716485137E2,3.855000305E1,-1.721250153E1,7.537500381E0
1.716685249E2,3.883125305E1,-1.704375076E1,7.743750095E0
1.716885307E2,3.862500000E1,-1.706250000E1,8.156250000E0
1.717085656E2,3.834375000E1,-1.730625153E1,7.331250191E0
1.717285662E2,3.862500000E1,-1.704375076E1,7.950000286E0
1.717485616E2,3.864375305E1,-1.723125076E1,7.537500381E0
1.717685646E2,3.853125000E1,-1.713750076E1,7.743750095E0
1.717885624E2,3.855000305E1,-1.751250076E1,7.537500381E0
1.718085549E2,3.862500000E1,-1.691250038E1,7.425000191E0
1.718285463E2,3.855000305E1,-1.734375000E1,7.856250286E0
1.718485468E2,3.881250000E1,-1.674375153E1,7.743750095E0
1.718685434E2,3.883125305E1,-1.721250153E1,7.106250286E0
1.718885483E2,3.873750305E1,-1.721250153E1,7.331250191E0
1.719085484E2,3.806250000E1,-1.738125038E1,7.237500191E0
1.719285560E2,3.825000000E1,-1.700625038E1,7.443750381E0
1.719485464E2,3.798750305E1,-1.848750114E1,9.206250191E0
1.719685458E2,3.740625000E1,-1.863750076E1,1.036875057E1
1.719885528E2,3.735000229E1,-1.976250076E1,1.098750019E1
1.720085540E2,3.695625305E1,-1.950000000E1,1.016250038E1
1.720285505E2,3.680625153E1,-2.040000153E1,8.700000763E0
1.720485556E2,3.729375076E1,-2.008125114E1,7.968750477E0
1.720685553E2,3.686250305E1,-2.086875153E1,6.525000095E0
1.720885508E2,3.723750305E1,-2.049375153E1,6.618750095E0
1.721085543E2,3.712500000E1,-2.030625153E1,6.825000286E0
1.721285530E2,3.748125076E1,-2.008125114E1,7.856250286E0
1.721485596E2,3.804375076E1,-1.933125114E1,8.362500191E0
1.721685281E2,3.851250076E1,-1.903125000E1,7.950000286E0
1.721885318E2,3.901875305E1,-1.940625000E1,7.406250477E0
1.722085317E2,3.901875305E1,-1.955625153E1,8.231250763E0
1.722285389E2,3.890625000E1,-1.908750153E1,8.868750572E0
1.722485861E2,3.958125305E1,-1.923750114E1,9.468750000E0
1.722685734E2,3.943125153E1,-1.803750038E1,9.375000000E0
1.722885694E2,3.950625229E1,-1.743750000E1,9.075000763E0
1.723085613E2,3.922500229E1,-1.530000019E1,8.156250000E0
1.723285619E2,3.973125076E1,-1.325625038E1,8.568750381E0
1.723485570E2,3.943125153E1,-1.132500076E1,9.525000572E0
1.723685508E2,3.903750229E1,-8.700000763E0,8.925000191E0
1.723885643E2,3.958125305E1,-5.306250095E0,8.212500572E0
1.724085594E2,3.997500229E1,-2.681250095E0,7.293750286E0
1.724285516E2,3.993750000E1,1.162500024E0,5.756250381E0
1.724485527E2,3.982500076E1,4.125000000E0,4.425000191E0
1.724685613E2,3.965625000E1,8.043750763E0,3.318750143E0
1.724885640E2,3.888750076E1,1.014375019E1,3.562500238E0
1.725085616E2,3.736875153E1,1.346250057E1,4.987500191E0
1.725285556E2,3.765000153E1,1.601250076E1,5.512500286E0
1.725485580E2,3.742500305E1,1.850625038E1,6.881250381E0
1.725685553E2,3.605625153E1,1.852500153E1,7.237500191E0
1.725885615E2,3.483750153E1,2.026875114E1,5.100000381E0
1.726085618E2,3.410625076E1,2.036250114E1,9.281250000E0
1.726285580E2,3.465000153E1,2.171250153E1,7.931250095E0
1.726485509E2,3.352500153E1,2.308125114E1,8.793750763E0
1.726685527E2,3.275625229E1,2.261250114E1,8.831250191E0
1.726885505E2,3.294375229E1,2.300625038E1,8.606250763E0
1.727085348E2,3.345000076E1,2.265000153E1,7.762500286E0
1.727285399E2,3.337500000E1,2.193750000E1,8.062500000E0
1.727485405E2,3.410625076E1,2.141250038E1,6.487500191E0
1.727685486E2,3.495000076E1,2.004375076E1,5.512500286E0
1.727886074E2,3.517500305E1,1.890000153E1,6.637500286E0
1.728085923E2,3.481875229E1,1.826250076E1,5.718750000E0
1.728285857E2,3.609375000E1,1.766250038E1,6.918750286E0
1.728485756E2,3.693750000E1,1.666875076E1,6.468750477E0
1.728685634E2,3.622500229E1,1.681875038E1,7.631250381E0
1.728885594E2,3.652500153E1,1.685625076E1,6.900000095E0
1.729085544E2,3.673125076E1,1.620000076E1,7.818750381E0
1.729285141E2,3.654375076E1,1.597500038E1,8.343750000E0
1.729485230E2,3.645000076E1,1.618125153E1,8.362500191E0
1.729685276E2,3.555000305E1,1.496250057E1,5.887500286E0
1.729885391E2,3.701250076E1,1.470000076E1,6.037500381E0
1.730085671E2,3.618750000E1,1.419375038E1,3.468750238E0
1.730285623E2,3.712500000E1,1.344375038E1,3.187500238E-1
1.730485649E2,3.731250000E1,1.263750076E1,-4.575000286E0
1.730685623E2,3.736875153E1,1.149375057E1,-5.306250095E0
1.730885558E2,3.727500153E1,9.712500572E0,-7.087500095E0
1.731085564E2,3.751875305E1,8.550000191E0,-7.631250381E0
1.731285544E2,3.736875153E1,7.650000095E0,-7.631250381E0
1.731485485E2,3.795000076E1,7.068750381E0,-6.300000191E0
1.731685514E2,3.768750000E1,6.787500381E0,-6.393750191E0
1.731885495E2,3.750000000E1,6.393750191E0,-6.281250477E0
1.732085443E2,3.763125229E1,5.625000000E0,-6.712500095E0
1.732285479E2,3.795000076E1,5.250000000E0,-7.256250381E0
1.732485481E2,3.787500000E1,4.706250191E0,-6.412500381E0
1.732685539E2,3.808125305E1,4.143750191E0,-5.493750095E0
1.732885544E2,3.785625076E1,4.275000095E0,-4.031250000E0
1.733085506E2,4.023750305E1,3.637500048E0,-4.631250381E0
1.733285545E2,3.950625229E1,3.675000191E0,-1.593750119E0
1.733485542E2,3.939375305E1,4.237500191E0,-2.512500048E0
1.733685493E2,3.768750000E1,4.125000000E0,-5.062500000E0
1.733885529E2,3.826875305E1,3.918750048E0,-5.081250191E0
1.734085516E2,3.894375229E1,4.275000095E0,-4.781250000E0
1.734285465E2,3.804375076E1,4.612500191E0,-5.081250191E0
1.734485385E2,3.851250076E1,4.987500191E0,-4.987500191E0
1.734685191E2,3.821250153E1,5.081250191E0,-4.556250095E0
1.734885555E2,3.888750076E1,5.231250286E0,-4.050000191E0
1.735085579E2,3.967500305E1,5.100000381E0,-4.068750381E0
1.735285545E2,3.868125153E1,5.475000381E0,-3.206250191E0
1.735485928E2,3.916875076E1,5.493750095E0,-3.843750238E0
1.735685843E2,3.945000076E1,5.550000191E0,-3.243750095E0
1.735885721E2,3.896250153E1,5.418750286E0,-2.175000191E0
1.736085693E2,3.787500000E1,6.037500381E0,-3.918750048E0
1.736285629E2,3.952500153E1,5.887500286E0,-2.193750143E0
1.736485521E2,3.871875000E1,6.525000095E0,-2.381250143E0
1.736685527E2,3.930000305E1,6.562500477E0,-1.668750048E0
1.736885061E2,3.888750076E1,6.956250191E0,-1.556250095E0
1.737085217E2,3.969375229E1,6.262500286E0,-1.987500072E0
1.737285201E2,3.898125076E1,6.937500477E0,-1.237500072E0
1.737485263E2,3.911250305E1,6.487500191E0,-1.968750119E0
1.737685506E2,3.795000076E1,6.843750477E0,-4.218750000E0
1.737885430E2,3.718125153E1,6.506250381E0,-4.818750381E0
1.738085435E2,3.873750305E1,6.150000095E0,-2.700000048E0
1.738285511E2,3.885000229E1,5.925000191E0,-2.493750095E0
1.738485526E2,3.783750153E1,6.431250095E0,-2.137500048E0
1.738685483E2,3.862500000E1,6.300000191E0,-2.062500000E0
1.738885417E2,3.823125076E1,6.300000191E0,-1.837500095E0
1.739085431E2,3.834375000E1,5.906250000E0,-1.856250048E0
1.739285415E2,3.864375305E1,5.906250000E0,-1.968750119E0
1.739485474E2,3.864375305E1,5.868750095E0,-1.237500072E0
1.739685480E2,3.834375000E1,5.831250191E0,-3.937500119E-1
1.739885441E2,3.903750229E1,5.568750381E0,-1.462500095E0
1.740085383E2,3.864375305E1,5.906250000E0,-1.856250048E0
1.740285395E2,3.813750076E1,5.962500095E0,-9.000000358E-1
1.740485478E2,3.836250305E1,5.475000381E0,-1.125000000E0
1.740685504E2,3.838125229E1,5.231250286E0,-2.062500000E0
1.740886036E2,3.898125076E1,4.575000286E0,-1.350000024E0
1.741085954E2,3.898125076E1,4.706250191E0,-1.875000119E0
1.741285834E2,3.772500229E1,4.687500000E0,-2.775000095E0
1.741485702E2,3.703125000E1,5.231250286E0,-3.168750048E0
1.741685665E2,3.628125000E1,4.931250095E0,-4.387500286E0
1.741885594E2,3.630000305E1,4.781250000E0,-5.325000286E0
1.742085503E2,3.630000305E1,4.481250286E0,-5.118750095E0
1.742285180E2,3.553125000E1,4.406250000E0,-5.306250095E0
1.742485218E2,3.594375229E1,4.162500381E0,-6.262500286E0
1.742685334E2,3.583125305E1,4.237500191E0,-5.850000381E0
1.742885390E2,3.603750229E1,3.787500143E0,-5.118750095E0
1.743085730E2,3.611250305E1,4.068750381E0,-4.706250191E0
1.743285732E2,3.660000229E1,4.125000000E0,-4.312500000E0
1.743485679E2,3.594375229E1,3.093750238E0,-3.356250048E0
1.743685602E2,3.603750229E1,3.731250048E0,-4.087500095E0
1.743885606E2,3.605625153E1,3.112500191E0,-3.675000191E0
1.744085551E2,3.628125000E1,2.587500095E0,-5.137500286E0
1.744285488E2,3.661875153E1,3.281250238E0,-3.487500191E0
1.744485506E2,3.556875229E1,3.412500143E0,-5.118750095E0
1.744685483E2,3.555000305E1,3.468750238E0,-4.481250286E0
1.744885538E2,3.528750229E1,3.093750238E0,-4.593750000E0
1.745085542E2,3.613125229E1,3.712500095E0,-3.675000191E0
1.745285612E2,3.605625153E1,3.093750238E0,-3.262500048E0
1.745485633E2,3.536250305E1,3.300000191E0,-3.131250143E0
1.745686173E2,3.624375153E1,3.075000048E0,-3.168750048E0
