"Time (s)","Magnetic field x (µT)","Magnetic field y (µT)","Magnetic field z (µT)"
4.259846800E-2,-1.393125057E1,3.646875000E1,-1.578750038E1
6.260403100E-2,-1.470000076E1,3.648750305E1,-1.588125038E1
8.261624000E-2,-1.449375057E1,3.641250229E1,-1.640625000E1
1.026383550E-1,-1.423125076E1,3.686250305E1,-1.578750038E1
1.226664860E-1,-1.441875076E1,3.678750229E1,-1.597500038E1
1.426917990E-1,-1.443750095E1,3.697500229E1,-1.597500038E1
1.627172260E-1,-1.421250057E1,3.648750305E1,-1.620000076E1
1.827325530E-1,-1.415625095E1,3.667500305E1,-1.432500076E1
2.027482920E-1,-1.468125057E1,3.624375153E1,-1.670625114E1
2.227537990E-1,-1.471875095E1,3.669375229E1,-1.586250019E1
2.427515070E-1,-1.500000095E1,3.671250153E1,-1.627500153E1
2.627549340E-1,-1.361250019E1,3.630000305E1,-1.653750038E1
2.827520010E-1,-1.490625095E1,3.652500153E1,-1.638750076E1
3.027342600E-1,-1.505625057E1,3.579375076E1,-1.721250153E1
3.227367170E-1,-1.492500019E1,3.566250229E1,-1.867500114E1
3.427342070E-1,-1.509375095E1,3.510000229E1,-1.899375153E1
3.627281280E-1,-1.509375095E1,3.526875305E1,-2.034375000E1
3.827868340E-1,-1.488750076E1,3.496875000E1,-2.025000000E1
4.027717160E-1,-1.576875019E1,3.487500000E1,-1.980000114E1
4.227540570E-1,-1.610625076E1,3.416250229E1,-2.103750038E1
4.427469250E-1,-1.610625076E1,3.399375153E1,-2.156250000E1
4.627372060E-1,-1.518750095E1,3.294375229E1,-2.118750000E1
4.827361840E-1,-1.357500076E1,3.196875191E1,-2.238750076E1
5.027215810E-1,-1.516875076E1,3.142500114E1,-2.576250076E1
5.226740510E-1,-1.522500038E1,3.054375076E1,-2.576250076E1
5.426889480E-1,-1.569375038E1,3.022500038E1,-2.690625191E1
5.626985540E-1,-1.597500038E1,3.005625153E1,-2.574375153E1
5.827026110E-1,-1.590000057E1,3.035625076E1,-2.553750038E1
6.027363150E-1,-1.526250076E1,2.943750191E1,-2.722500038E1
6.227361500E-1,-1.515000057E1,2.928750038E1,-2.818125153E1
6.427307660E-1,-1.423125076E1,2.857500076E1,-2.851875114E1
6.627332140E-1,-1.511250019E1,2.853750038E1,-2.911875153E1
6.827308510E-1,-1.438125038E1,2.733750153E1,-2.904375076E1
7.027346000E-1,-1.513125038E1,2.675625038E1,-2.881875038E1
7.227347170E-1,-1.479375076E1,2.591250038E1,-2.986875153E1
7.427303980E-1,-1.426875019E1,2.514375114E1,-3.082500076E1
7.627340280E-1,-1.419375038E1,2.392500114E1,-3.176250076E1
7.827327080E-1,-1.338750076E1,2.332500076E1,-3.241875076E1
8.027275980E-1,-1.355625057E1,2.265000153E1,-3.262500000E1
8.227313050E-1,-1.286250019E1,2.276250076E1,-3.296250153E1
8.427087610E-1,-1.168125057E1,2.231250000E1,-3.288750076E1
8.627085340E-1,-1.074375057E1,2.092500114E1,-3.345000076E1
8.827160260E-1,-9.993750572E0,1.965000153E1,-3.390000153E1
9.027181130E-1,-1.057500076E1,1.935000038E1,-3.367500305E1
9.227725260E-1,-1.143750000E1,1.878750038E1,-3.354375076E1
9.427652140E-1,-1.200000000E1,1.830000114E1,-3.354375076E1
9.627537670E-1,-1.143750000E1,1.695000076E1,-3.450000000E1
9.827510610E-1,-1.080000019E1,1.552500057E1,-3.401250076E1
1.002744451E0,-9.637500763E0,1.374375057E1,-3.489375305E1
1.022733622E0,-8.625000000E0,1.265625095E1,-3.534375000E1
1.042734379E0,-7.612500191E0,1.175625038E1,-3.558750153E1
1.062741954E0,-6.881250381E0,1.074375057E1,-3.571875000E1
1.082732818E0,-6.243750095E0,9.468750000E0,-3.626250076E1
1.102732895E0,-4.631250381E0,8.568750381E0,-3.693750000E1
1.122729177E0,-3.206250191E0,6.993750095E0,-3.616875076E1
1.142745378E0,-3.356250048E0,5.850000381E0,-3.690000153E1
1.162742585E0,-2.475000143E0,3.768750191E0,-3.735000229E1
1.182735845E0,-2.193750143E0,1.781250119E0,-3.757500076E1
1.202737674E0,-2.062500000E0,-1.500000000E0,-3.729375076E1
1.222735353E0,-2.062500000E0,-3.712500095E0,-3.658125305E1
1.242728262E0,-1.256250024E0,-7.275000095E0,-3.549375153E1
1.262720295E0,-5.625000000E-1,-9.768750191E0,-3.541875076E1
1.282721320E0,3.562500179E-1,-1.365000057E1,-3.403125000E1
1.302718714E0,5.437500477E-1,-1.603125000E1,-3.228750229E1
1.322724199E0,-3.937500119E-1,-1.940625000E1,-3.165000153E1
1.342724646E0,-3.375000060E-1,-2.145000076E1,-2.896875191E1
1.362732692E0,-3.000000119E-1,-2.255625153E1,-2.855625153E1
1.382713759E0,-3.187500238E-1,-2.437500191E1,-2.816250038E1
1.402715604E0,-1.200000048E0,-2.446875191E1,-2.771250153E1
1.422724782E0,-1.856250048E0,-2.505000114E1,-2.739375114E1
1.442727811E0,-2.831250191E0,-2.499375153E1,-2.788125038E1
1.462771491E0,-3.843750238E0,-2.398125076E1,-2.763750076E1
1.482767102E0,-3.862500191E0,-2.313750076E1,-2.866875076E1
1.502758033E0,-3.337500095E0,-2.137500000E1,-3.022500038E1
1.522746036E0,-3.750000238E0,-2.081250000E1,-3.114375114E1
1.542743378E0,-4.200000286E0,-1.901250076E1,-3.142500114E1
1.562736046E0,-4.031250000E0,-1.846875000E1,-3.226875305E1
1.582727984E0,-4.312500000E0,-1.621875000E1,-3.316875076E1
1.602740305E0,-4.406250000E0,-1.565625095E1,-3.451875305E1
1.622734913E0,-5.231250286E0,-1.438125038E1,-3.562500000E1
1.642726645E0,-5.081250191E0,-1.278750038E1,-3.738750076E1
1.662727818E0,-6.600000381E0,-1.153125000E1,-3.796875000E1
1.682736250E0,-7.462500095E0,-1.132500076E1,-3.907500076E1
1.702739270E0,-8.137500763E0,-1.207500076E1,-3.791250229E1
1.722737032E0,-7.856250286E0,-1.400625038E1,-3.721875000E1
1.742731122E0,-9.375000000E0,-1.518750095E1,-3.633750153E1
1.762733720E0,-9.918750763E0,-1.629375076E1,-3.601875305E1
1.782730615E0,-1.048125076E1,-1.743750000E1,-3.466875076E1
1.802725757E0,-1.065000057E1,-1.800000000E1,-3.498750305E1
1.822729217E0,-1.055625057E1,-1.785000038E1,-3.446250153E1
1.842727869E0,-1.087500000E1,-1.756875038E1,-3.373125076E1
1.862722735E0,-1.085625076E1,-1.550625038E1,-3.360000229E1
1.882726425E0,-1.170000076E1,-1.385625076E1,-3.429375076E1
1.902725629E0,-1.196250057E1,-9.356250763E0,-3.654375076E1
1.922699577E0,-1.256250095E1,-8.812500000E0,-3.714375305E1
1.942707766E0,-1.200000000E1,-8.475000381E0,-3.643125153E1
1.962710843E0,-1.151250076E1,-8.587500572E0,-3.633750153E1
1.982721171E0,-1.160625076E1,-8.625000000E0,-3.581250000E1
2.002770530E0,-1.038750076E1,-7.631250381E0,-3.658125305E1
2.022759032E0,-9.768750191E0,-6.206250191E0,-3.585000229E1
2.042755672E0,-9.393750191E0,-6.018750191E0,-3.566250229E1
2.062748023E0,-8.643750191E0,-7.743750095E0,-3.371250153E1
2.082737492E0,-7.650000095E0,-8.531250000E0,-3.416250229E1
2.102735732E0,-5.868750095E0,-9.318750381E0,-3.371250153E1
2.122731766E0,-5.231250286E0,-1.080000019E1,-3.217500305E1
2.142681140E0,-6.187500477E0,-1.100625038E1,-3.350625229E1
2.162692883E0,-6.168750286E0,-1.132500076E1,-3.309375000E1
2.182699367E0,-6.543750286E0,-1.170000076E1,-3.307500076E1
2.202712702E0,-6.525000095E0,-1.196250057E1,-3.380625153E1
2.222730934E0,-6.150000095E0,-1.201875019E1,-3.288750076E1
2.242729618E0,-6.618750095E0,-1.224375057E1,-3.245625305E1
2.262735248E0,-6.131250381E0,-1.220625019E1,-3.309375000E1
2.282734994E0,-5.625000000E0,-1.293750095E1,-3.281250000E1
2.302730402E0,-5.606250286E0,-1.357500076E1,-3.196875191E1
2.322732524E0,-5.156250000E0,-1.477500057E1,-3.200625229E1
2.342731377E0,-5.156250000E0,-1.520625019E1,-3.159375191E1
2.362725974E0,-3.225000143E0,-1.426875019E1,-3.339375305E1
2.382728892E0,-1.987500072E0,-1.282500076E1,-3.498750305E1
2.402727134E0,-3.562500179E-1,-1.203750038E1,-3.586875153E1
2.422721892E0,3.750000149E-2,-1.196250057E1,-3.721875000E1
2.442714064E0,7.312500477E-1,-1.179375076E1,-3.900000000E1
2.462693938E0,2.287500143E0,-1.149375057E1,-3.978750229E1
2.482707346E0,5.381250381E0,-1.121250057E1,-3.956250000E1
2.502714322E0,6.768750191E0,-1.170000076E1,-3.856875229E1
2.522716021E0,8.156250000E0,-1.306875038E1,-3.622500229E1
2.542758406E0,8.756250381E0,-1.411875057E1,-3.375000000E1
2.562753270E0,9.243750572E0,-1.393125057E1,-3.376875305E1
2.582743726E0,9.000000000E0,-1.291875076E1,-3.427500153E1
2.602742725E0,8.418750763E0,-1.057500076E1,-3.485625076E1
2.622737514E0,7.856250286E0,-8.531250000E0,-3.586875153E1
2.642729007E0,7.518750191E0,-5.043750286E0,-3.603750229E1
2.662718883E0,7.293750286E0,-4.012500286E0,-3.665625000E1
2.682729603E0,6.937500477E0,-2.456250191E0,-3.766875076E1
2.702734126E0,6.993750095E0,-1.462500095E0,-3.776250076E1
2.722733760E0,6.993750095E0,-1.312500000E0,-3.682500076E1
2.742729198E0,7.181250095E0,-1.387500048E0,-3.725625229E1
2.762733102E0,8.193750381E0,-2.456250191E0,-3.656250000E1
2.782732081E0,9.956250191E0,-2.475000143E0,-3.712500000E1
2.802727062E0,1.151250076E1,-2.568750143E0,-3.624375153E1
2.822730160E0,1.351875019E1,-1.762500048E0,-3.588750076E1
2.842728710E0,1.603125000E1,1.612500072E0,-3.738750076E1
2.862723386E0,1.655625153E1,3.000000000E0,-3.770625305E1
2.882715825E0,1.766250038E1,1.800000072E0,-3.639375305E1
2.902716930E0,1.820625114E1,7.500000298E-2,-3.435000229E1
2.922714199E0,2.051250076E1,-2.962500095E0,-2.923125076E1
2.942719596E0,2.068125153E1,-4.912500381E0,-2.821875191E1
2.962720199E0,2.182500076E1,-7.425000191E0,-2.452500153E1
2.982727985E0,2.233125114E1,-8.287500381E0,-2.383125114E1
3.002708823E0,2.178750038E1,-9.300000191E0,-2.298750114E1
3.022710672E0,2.169375038E1,-9.375000000E0,-2.340000153E1
3.042719765E0,2.143125153E1,-1.021875000E1,-2.246250153E1
3.062722905E0,2.079375076E1,-1.130625057E1,-2.214375114E1
3.082766703E0,2.118750000E1,-1.155000019E1,-2.131875038E1
3.102750912E0,2.103750038E1,-1.280625057E1,-2.193750000E1
3.122744333E0,2.146875000E1,-1.378125095E1,-2.083125114E1
3.142734782E0,2.073750114E1,-1.515000057E1,-2.070000076E1
3.162734077E0,2.161875153E1,-1.509375095E1,-2.032500076E1
3.182729135E0,2.137500000E1,-1.406250095E1,-2.083125114E1
3.202733475E0,2.178750038E1,-1.443750095E1,-2.156250000E1
3.222743923E0,2.216250038E1,-1.408125019E1,-2.105625153E1
3.242736525E0,2.244375038E1,-1.368750095E1,-2.126250076E1
3.262737831E0,2.244375038E1,-1.355625057E1,-2.178750038E1
3.282734704E0,2.242500114E1,-1.338750076E1,-2.116875076E1
3.302739532E0,2.321250153E1,-1.363125038E1,-2.066250038E1
3.322728206E0,2.293125153E1,-1.402500057E1,-2.055000114E1
3.342726450E0,2.244375038E1,-1.411875057E1,-2.043750000E1
3.362721167E0,2.255625153E1,-1.419375038E1,-2.096250153E1
3.382724699E0,2.216250038E1,-1.440000057E1,-2.053125000E1
3.402722694E0,2.195625114E1,-1.402500057E1,-2.032500076E1
3.422718449E0,2.274375153E1,-1.402500057E1,-2.066250038E1
3.442722316E0,2.253750038E1,-1.380000019E1,-2.105625153E1
3.462721472E0,2.283750153E1,-1.411875057E1,-2.066250038E1
3.482728186E0,2.235000038E1,-1.410000038E1,-2.085000038E1
3.502729535E0,2.265000153E1,-1.423125076E1,-2.034375000E1
3.522737873E0,2.244375038E1,-1.421250057E1,-2.055000114E1
3.542707715E0,2.313750076E1,-1.432500076E1,-2.077500153E1
3.562712203E0,2.293125153E1,-1.423125076E1,-2.055000114E1
3.582712275E0,2.255625153E1,-1.441875076E1,-2.064375114E1
3.602719788E0,2.257500076E1,-1.449375057E1,-2.096250153E1
3.622755933E0,2.272500038E1,-1.370625019E1,-2.085000038E1
3.642746211E0,2.283750153E1,-1.391250038E1,-2.096250153E1
3.662744310E0,2.266875076E1,-1.458750057E1,-2.096250153E1
3.682738386E0,2.304375076E1,-1.417500019E1,-2.169375038E1
3.702740376E0,2.235000038E1,-1.376250076E1,-2.146875000E1
3.722736350E0,2.244375038E1,-1.389375019E1,-2.096250153E1
3.742741970E0,2.214375114E1,-1.389375019E1,-2.094375038E1
3.762741976E0,2.263125038E1,-1.368750095E1,-2.116875076E1
3.782737810E0,2.253750038E1,-1.380000019E1,-2.105625153E1
3.802730322E0,2.244375038E1,-1.380000019E1,-2.085000038E1
3.822731803E0,2.263125038E1,-1.391250038E1,-2.064375114E1
3.842740701E0,2.255625153E1,-1.410000038E1,-2.105625153E1
3.862743701E0,2.276250076E1,-1.456875038E1,-2.148750114E1
3.882741446E0,2.253750038E1,-1.389375019E1,-2.105625153E1
3.902735526E0,2.291250038E1,-1.361250019E1,-2.107500076E1
3.922726866E0,2.242500114E1,-1.350000095E1,-2.094375038E1
3.942726495E0,2.233125114E1,-1.368750095E1,-2.115000153E1
3.962723681E0,2.206875038E1,-1.425000095E1,-2.146875000E1
3.982728584E0,2.253750038E1,-1.398750019E1,-2.116875076E1
4.002728720E0,2.236875153E1,-1.447500038E1,-2.126250076E1
4.022725028E0,2.236875153E1,-1.417500019E1,-2.116875076E1
4.042729159E0,2.223750114E1,-1.378125095E1,-2.094375038E1
4.062728802E0,2.244375038E1,-1.400625038E1,-2.085000038E1
4.082703350E0,2.244375038E1,-1.387500095E1,-2.146875000E1
4.102711826E0,2.225625038E1,-1.376250076E1,-2.135625076E1
4.122715132E0,2.340000153E1,-1.387500095E1,-2.004375076E1
4.142714124E0,2.244375038E1,-1.378125095E1,-2.137500000E1
4.162754732E0,2.253750038E1,-1.366875076E1,-2.146875000E1
4.182748176E0,2.235000038E1,-1.378125095E1,-2.105625153E1
4.202748979E0,2.265000153E1,-1.398750019E1,-2.128125000E1
4.222744926E0,2.295000076E1,-1.428750038E1,-2.139375114E1
4.242737401E0,2.274375153E1,-1.389375019E1,-2.116875076E1
4.262737098E0,2.244375038E1,-1.408125019E1,-2.116875076E1
4.282734472E0,2.242500114E1,-1.357500076E1,-2.126250076E1
4.302739386E0,2.281875038E1,-1.370625019E1,-2.096250153E1
4.322739157E0,2.302500153E1,-1.389375019E1,-2.139375114E1
4.342734797E0,2.293125153E1,-1.378125095E1,-2.160000038E1
4.362727475E0,2.272500038E1,-1.361250019E1,-2.096250153E1
4.382729401E0,2.283750153E1,-1.408125019E1,-2.148750114E1
4.402738283E0,2.244375038E1,-1.396875095E1,-2.137500000E1
4.422729528E0,2.302500153E1,-1.380000019E1,-2.128125000E1
4.442729930E0,2.244375038E1,-1.391250038E1,-2.075625038E1
4.462726270E0,2.253750038E1,-1.391250038E1,-2.075625038E1
4.482730610E0,2.263125038E1,-1.378125095E1,-2.148750114E1
4.502730651E0,2.274375153E1,-1.396875095E1,-2.158125114E1
4.522726359E0,2.242500114E1,-1.350000095E1,-2.094375038E1
4.542730134E0,2.295000076E1,-1.408125019E1,-2.160000038E1
4.562729183E0,2.272500038E1,-1.368750095E1,-2.137500000E1
4.582724373E0,2.283750153E1,-1.385625076E1,-2.180625153E1
4.602728205E0,2.283750153E1,-1.393125057E1,-2.066250038E1
4.622694901E0,2.283750153E1,-1.421250057E1,-2.096250153E1
4.642697342E0,2.283750153E1,-1.387500095E1,-2.137500000E1
4.662707363E0,2.293125153E1,-1.410000038E1,-2.098125076E1
4.682711748E0,2.281875038E1,-1.359375095E1,-2.107500076E1
4.702756600E0,2.283750153E1,-1.366875076E1,-2.169375038E1
4.722753652E0,2.283750153E1,-1.389375019E1,-2.128125000E1
4.742745656E0,2.253750038E1,-1.380000019E1,-2.096250153E1
4.762745669E0,2.274375153E1,-1.391250038E1,-2.096250153E1
4.782741132E0,2.265000153E1,-1.413750076E1,-2.043750000E1
4.802731722E0,2.265000153E1,-1.396875095E1,-2.148750114E1
4.822733447E0,2.302500153E1,-1.391250038E1,-2.086875153E1
4.842730498E0,2.351250076E1,-1.350000095E1,-2.160000038E1
4.862724339E0,2.356875038E1,-1.308750057E1,-2.025000000E1
4.882726774E0,2.520000076E1,-1.258125019E1,-1.946250153E1
4.902724855E0,2.566875076E1,-1.230000019E1,-1.957500076E1
4.922731267E0,2.643750191E1,-1.192500019E1,-1.938750076E1
4.942732371E0,2.688750076E1,-1.126875019E1,-1.920000076E1
4.962728688E0,2.786250114E1,-1.119375038E1,-1.901250076E1
4.982732998E0,2.743125153E1,-1.063125038E1,-1.828125000E1
5.002732311E0,2.703750038E1,-1.033125019E1,-1.815000153E1
5.022726426E0,2.771250153E1,-1.036875057E1,-1.786875153E1
5.042730740E0,2.731875038E1,-1.016250038E1,-1.785000038E1
5.062729745E0,2.771250153E1,-9.937500000E0,-1.869375038E1
5.082725114E0,2.760000038E1,-1.006875038E1,-1.796250153E1
5.102728488E0,2.741250038E1,-1.005000019E1,-1.816875076E1
5.122727248E0,2.790000153E1,-1.018125057E1,-1.798125076E1
5.142733915E0,2.735625076E1,-1.089375019E1,-1.890000153E1
5.162702472E0,2.668125153E1,-1.074375057E1,-1.938750076E1
5.182706194E0,2.632500076E1,-1.166250038E1,-1.886250114E1
5.202717206E0,2.630625153E1,-1.156875038E1,-1.876875114E1
5.222722073E0,2.593125153E1,-1.162500000E1,-1.918125153E1
5.242755867E0,2.671875191E1,-1.205625057E1,-1.899375153E1
5.262755019E0,2.660625076E1,-1.155000019E1,-1.920000076E1
5.282749032E0,2.670000076E1,-1.134375000E1,-1.940625000E1
5.302739547E0,2.705625153E1,-1.070625019E1,-1.867500114E1
5.322738983E0,2.698125076E1,-1.095000076E1,-1.940625000E1
5.342733113E0,2.694375038E1,-1.050000000E1,-1.876875114E1
5.362737558E0,2.694375038E1,-1.029375076E1,-1.876875114E1
5.382736654E0,2.771250153E1,-9.937500000E0,-1.858125114E1
5.402731873E0,2.741250038E1,-9.731250763E0,-1.858125114E1
5.422724143E0,2.769375038E1,-9.750000000E0,-1.828125000E1
5.442725516E0,2.754375076E1,-1.061250019E1,-1.890000153E1
5.462723374E0,2.733750153E1,-1.033125019E1,-1.837500000E1
5.482729113E0,2.763750076E1,-1.042500019E1,-1.869375038E1
5.502729466E0,2.750625038E1,-9.937500000E0,-1.837500000E1
5.522725521E0,2.722500038E1,-1.010625076E1,-1.888125038E1
5.542729542E0,2.675625038E1,-1.029375076E1,-1.867500114E1
5.562727758E0,2.715000153E1,-1.036875057E1,-1.951875114E1
5.582723911E0,2.686875153E1,-1.080000019E1,-1.867500114E1
5.602727911E0,2.745000076E1,-1.066875076E1,-1.942500114E1
5.622726998E0,2.724375153E1,-1.027500057E1,-1.931250000E1
5.642722007E0,2.707500076E1,-1.098750019E1,-1.888125038E1
5.662725465E0,2.716875076E1,-1.089375019E1,-1.899375153E1
5.682724517E0,2.688750076E1,-1.113750076E1,-1.950000000E1
5.702698552E0,2.707500076E1,-1.076250076E1,-1.929375076E1
5.722707090E0,2.707500076E1,-1.087500000E1,-1.908750153E1
5.742710170E0,2.726250076E1,-1.076250076E1,-1.931250000E1
5.762720260E0,2.707500076E1,-1.072500038E1,-1.993125153E1
5.782758068E0,2.707500076E1,-1.108125019E1,-1.910625076E1
5.802749161E0,2.685000038E1,-1.059375000E1,-1.867500114E1
5.822748045E0,2.679375076E1,-1.104375076E1,-1.940625000E1
5.842742514E0,2.703750038E1,-1.018125057E1,-1.920000076E1
5.862733709E0,2.707500076E1,-1.072500038E1,-1.993125153E1
5.882732395E0,2.773125076E1,-1.020000076E1,-1.931250000E1
5.902729171E0,2.696250153E1,-1.076250076E1,-1.920000076E1
5.922734037E0,2.775000191E1,-1.053750038E1,-2.004375076E1
5.942733762E0,2.745000076E1,-1.048125076E1,-1.931250000E1
5.962729253E0,2.735625076E1,-1.057500076E1,-1.931250000E1
5.982733152E0,2.703750038E1,-1.029375076E1,-1.888125038E1
6.002732487E0,2.724375153E1,-1.048125076E1,-1.920000076E1
6.022728015E0,2.688750076E1,-1.113750076E1,-1.950000000E1
6.042731219E0,2.641875076E1,-1.141875076E1,-1.950000000E1
6.062729894E0,2.557500076E1,-1.207500076E1,-1.989375114E1
6.082724856E0,2.452500153E1,-1.295625019E1,-1.955625153E1
6.102727064E0,2.386875153E1,-1.308750057E1,-2.026875114E1
6.122726419E0,2.431875038E1,-1.248750019E1,-1.903125000E1
6.142721570E0,2.396250153E1,-1.284375095E1,-2.109375000E1
6.162725223E0,2.426250076E1,-1.316250038E1,-2.079375076E1
6.182724278E0,2.375625038E1,-1.275000095E1,-2.098125076E1
6.202730605E0,2.375625038E1,-1.286250019E1,-2.077500153E1
6.222731791E0,2.396250153E1,-1.306875038E1,-2.079375076E1
6.242696154E0,2.424375153E1,-1.288125038E1,-2.068125153E1
6.262707965E0,2.377500153E1,-1.280625057E1,-2.150625038E1
6.282713769E0,2.364375114E1,-1.248750019E1,-2.036250114E1
6.302714607E0,2.385000038E1,-1.286250019E1,-2.068125153E1
6.322756668E0,2.424375153E1,-1.297500038E1,-2.079375076E1
6.342751390E0,2.394375038E1,-1.267500019E1,-2.068125153E1
6.362741706E0,2.364375114E1,-1.260000038E1,-2.015625000E1
6.382740813E0,2.424375153E1,-1.276875019E1,-2.090625000E1
6.402735724E0,2.394375038E1,-1.265625095E1,-2.077500153E1
6.422725984E0,2.403750038E1,-1.258125019E1,-2.047500038E1
6.442727699E0,2.403750038E1,-1.260000038E1,-2.026875114E1
6.462735891E0,2.356875038E1,-1.316250038E1,-2.068125153E1
6.482738185E0,2.377500153E1,-1.303125095E1,-2.109375000E1
6.502736147E0,2.355000114E1,-1.246875095E1,-2.036250114E1
6.522730215E0,2.326875114E1,-1.275000095E1,-2.055000114E1
6.542733194E0,2.356875038E1,-1.305000019E1,-2.077500153E1
6.562731451E0,2.394375038E1,-1.276875019E1,-2.068125153E1
6.582725656E0,2.356875038E1,-1.286250019E1,-2.056875038E1
6.602728784E0,2.326875114E1,-1.275000095E1,-2.055000114E1
6.622727106E0,2.347500038E1,-1.295625019E1,-2.056875038E1
6.642721007E0,2.385000038E1,-1.256250095E1,-2.068125153E1
6.662724694E0,2.315625000E1,-1.265625095E1,-2.055000114E1
6.682723402E0,2.326875114E1,-1.297500038E1,-2.013750076E1
6.702718517E0,2.298750114E1,-1.282500076E1,-2.096250153E1
6.722722015E0,2.340000153E1,-1.342500019E1,-2.098125076E1
6.742720857E0,2.308125114E1,-1.314375019E1,-2.055000114E1
6.762727741E0,2.311875153E1,-1.363125038E1,-2.066250038E1
6.782696422E0,2.272500038E1,-1.361250019E1,-2.075625038E1
6.802700566E0,2.270625114E1,-1.353750038E1,-2.043750000E1
6.822712060E0,2.191875076E1,-1.312500095E1,-2.041875076E1
6.842717096E0,2.184375000E1,-1.363125038E1,-1.989375114E1
6.862751089E0,2.137500000E1,-1.389375019E1,-2.051250076E1
6.882750657E0,2.146875000E1,-1.398750019E1,-2.051250076E1
6.902744696E0,2.041875076E1,-1.436250019E1,-2.026875114E1
6.922735377E0,2.021250153E1,-1.438125038E1,-1.985625076E1
6.942734750E0,1.955625153E1,-1.486875057E1,-1.963125038E1
6.962729959E0,1.976250076E1,-1.520625019E1,-2.077500153E1
6.982733934E0,1.959375000E1,-1.550625038E1,-2.056875038E1
7.002732714E0,1.959375000E1,-1.593750095E1,-2.015625000E1
7.022727575E0,1.873125076E1,-1.616250038E1,-2.096250153E1
7.042730839E0,1.963125038E1,-1.627500153E1,-2.100000000E1
7.062729423E0,1.888125038E1,-1.693125153E1,-2.128125000E1
7.082724685E0,1.888125038E1,-1.702500153E1,-2.150625038E1
7.102728204E0,1.850625038E1,-1.740000153E1,-2.160000038E1
7.122726767E0,1.899375153E1,-1.741875076E1,-2.139375114E1
7.142721622E0,1.899375153E1,-1.721250153E1,-2.171250153E1
7.162725130E0,1.871250153E1,-1.756875038E1,-2.212500000E1
7.182723824E0,1.852500153E1,-1.777500153E1,-2.212500000E1
7.202719225E0,1.921875000E1,-1.805625153E1,-2.255625153E1
7.222722583E0,1.891875076E1,-1.755000114E1,-2.253750038E1
7.242721429E0,1.914375114E1,-1.813125038E1,-2.306250000E1
7.262727756E0,1.912500000E1,-1.783125114E1,-2.296875000E1
7.282728779E0,1.923750114E1,-1.811250114E1,-2.328750038E1
7.302725713E0,1.910625076E1,-1.766250038E1,-2.265000153E1
7.322697515E0,1.884375000E1,-1.781250000E1,-2.338125038E1
7.342704355E0,1.876875114E1,-1.841250038E1,-2.317500114E1
7.362706570E0,1.914375114E1,-1.807500076E1,-2.400000000E1
7.382715745E0,1.933125114E1,-1.790625000E1,-2.349375153E1
7.402752957E0,1.895625114E1,-1.794375038E1,-2.441250038E1
7.422755067E0,1.886250114E1,-1.830000114E1,-2.338125038E1
7.442751128E0,1.867500114E1,-1.813125038E1,-2.461875153E1
7.462743174E0,1.826250076E1,-1.805625153E1,-2.377500153E1
7.482743523E0,1.818750000E1,-1.839375114E1,-2.480625153E1
7.502738066E0,1.758750153E1,-1.779375076E1,-2.458125114E1
7.522731369E0,1.751250076E1,-1.816875076E1,-2.499375153E1
7.542733177E0,1.751250076E1,-1.815000153E1,-2.531250191E1
7.562730661E0,1.741875076E1,-1.824375153E1,-2.540625191E1
7.582724856E0,1.642500114E1,-1.781250000E1,-2.538750076E1
7.602727799E0,1.663125038E1,-1.807500076E1,-2.621250153E1
7.622726575E0,1.621875000E1,-1.770000076E1,-2.557500076E1
7.642733831E0,1.584375095E1,-1.794375038E1,-2.630625153E1
7.662734154E0,1.543125057E1,-1.732500076E1,-2.628750038E1
7.682730174E0,1.565625095E1,-1.790625000E1,-2.670000076E1
7.702734226E0,1.456875038E1,-1.758750153E1,-2.647500038E1
7.722732465E0,1.516875076E1,-1.768125153E1,-2.690625191E1
7.742728286E0,1.468125057E1,-1.756875038E1,-2.698125076E1
7.762732040E0,1.419375038E1,-1.788750076E1,-2.636250114E1
7.782730799E0,1.400625038E1,-1.775625038E1,-2.675625038E1
7.802726025E0,1.380000019E1,-1.764375114E1,-2.696250153E1
7.822729382E0,1.381875038E1,-1.770000076E1,-2.778750038E1
7.842728832E0,1.381875038E1,-1.766250038E1,-2.821875191E1
7.862702536E0,1.333125019E1,-1.768125153E1,-2.778750038E1
7.882710772E0,1.273125076E1,-1.736250114E1,-2.765625191E1
7.902713923E0,1.273125076E1,-1.745625114E1,-2.776875114E1
7.922712644E0,1.245000076E1,-1.775625038E1,-2.775000191E1
7.942752932E0,1.271250057E1,-1.706250000E1,-2.775000191E1
7.962746640E0,1.215000057E1,-1.719375038E1,-2.878125191E1
7.982747482E0,1.226250076E1,-1.781250000E1,-2.816250038E1
8.002743380E0,1.175625038E1,-1.741875076E1,-2.814375114E1
8.022735658E0,1.138125038E1,-1.756875038E1,-2.865000153E1
8.042735344E0,1.136250019E1,-1.740000153E1,-2.823750114E1
8.062732643E0,1.126875019E1,-1.725000000E1,-2.896875191E1
8.082726376E0,1.087500000E1,-1.691250038E1,-2.956875038E1
8.102728807E0,1.068750000E1,-1.725000000E1,-2.853750038E1
8.122726869E0,1.038750076E1,-1.698750114E1,-2.945625114E1
8.142721529E0,1.059375000E1,-1.723125076E1,-2.904375076E1
8.162725048E0,1.001250076E1,-1.708125114E1,-2.943750191E1
8.182723860E0,9.506250381E0,-1.685625076E1,-2.964375114E1
8.202730069E0,9.431250572E0,-1.704375076E1,-2.973750114E1
8.222730903E0,9.000000000E0,-1.644375038E1,-2.983125114E1
8.242727464E0,9.225000381E0,-1.702500153E1,-2.994375038E1
8.262788498E0,9.093750000E0,-1.633125114E1,-2.992500114E1
8.282775131E0,8.718750000E0,-1.651875114E1,-3.001875114E1
8.302758700E0,8.343750000E0,-1.648125076E1,-3.031875038E1
8.322752207E0,8.212500572E0,-1.608750153E1,-3.043125153E1
8.342742972E0,7.631250381E0,-1.599375057E1,-3.000000191E1
8.362731745E0,7.537500381E0,-1.625625038E1,-3.030000114E1
8.382730862E0,7.537500381E0,-1.599375057E1,-2.988750076E1
8.402693839E0,7.331250191E0,-1.595625019E1,-3.039375114E1
8.422694222E0,7.312500477E0,-1.545000076E1,-3.060000038E1
8.442703185E0,6.937500477E0,-1.561875057E1,-3.080625153E1
8.462707182E0,6.618750095E0,-1.496250057E1,-3.005625153E1
8.482740812E0,6.825000286E0,-1.545000076E1,-3.037500191E1
8.502740430E0,6.318750381E0,-1.492500019E1,-3.056250191E1
8.522735138E0,5.943750381E0,-1.509375095E1,-3.076875114E1
8.542737665E0,5.850000381E0,-1.498125076E1,-3.106875038E1
8.562735344E0,5.343750000E0,-1.475625038E1,-3.116250038E1
8.582727843E0,5.437500000E0,-1.436250019E1,-3.136875153E1
8.602730766E0,4.743750095E0,-1.447500038E1,-3.052500153E1
8.622728819E0,5.118750095E0,-1.421250057E1,-3.022500038E1
8.642723257E0,4.631250381E0,-1.395000076E1,-3.114375114E1
8.662726045E0,4.743750095E0,-1.425000095E1,-3.093750191E1
8.682724426E0,4.443750381E0,-1.417500019E1,-3.061875153E1
8.702719748E0,4.331250191E0,-1.385625076E1,-3.071250153E1
8.722724314E0,4.312500000E0,-1.344375038E1,-3.112500191E1
8.742722541E0,3.843750238E0,-1.404375076E1,-3.080625153E1
8.762728516E0,4.218750000E0,-1.378125095E1,-3.050625038E1
8.782729231E0,3.506250143E0,-1.308750057E1,-2.996250153E1
8.802724910E0,3.712500095E0,-1.295625019E1,-3.058125114E1
8.822729720E0,4.125000000E0,-1.321875095E1,-3.133125114E1
8.842728933E0,3.993750095E0,-1.276875019E1,-3.058125114E1
8.862724133E0,3.693750143E0,-1.276875019E1,-3.058125114E1
8.882727680E0,4.181250095E0,-1.258125019E1,-3.069375038E1
8.902726383E0,3.900000095E0,-1.288125038E1,-3.028125191E1
8.922721865E0,3.787500143E0,-1.237500095E1,-3.058125114E1
8.942692903E0,4.387500286E0,-1.280625057E1,-3.018750191E1
8.962699024E0,4.087500095E0,-1.256250095E1,-3.090000153E1
8.982711853E0,3.975000143E0,-1.218750095E1,-3.048750114E1
9.002718206E0,4.350000381E0,-1.205625057E1,-3.101250076E1
9.022764540E0,3.956250191E0,-1.190625000E1,-3.016875076E1
9.042750977E0,4.350000381E0,-1.209375095E1,-3.060000038E1
9.062745838E0,3.468750238E0,-1.164375019E1,-3.097500038E1
9.082737151E0,3.956250191E0,-1.175625038E1,-3.110625076E1
9.102737290E0,3.937500238E0,-1.160625076E1,-3.026250076E1
9.122731808E0,3.637500048E0,-1.130625057E1,-3.015000153E1
9.142725224E0,3.431250095E0,-1.087500000E1,-3.035625076E1
9.162727121E0,3.225000143E0,-1.098750019E1,-3.003750038E1
9.182724872E0,2.925000191E0,-1.080000019E1,-2.981250191E1
9.202730528E0,3.712500095E0,-1.083750057E1,-2.973750114E1
9.222730999E0,2.812500000E0,-1.051875019E1,-2.960625076E1
9.242727362E0,3.206250191E0,-1.061250019E1,-2.992500114E1
9.262721945E0,3.487500191E0,-1.010625076E1,-3.015000153E1
9.282723648E0,3.075000048E0,-9.618750572E0,-2.992500114E1
9.302720960E0,3.656250238E0,-9.731250763E0,-2.971875191E1
9.322726059E0,3.543750048E0,-9.356250763E0,-2.951250076E1
9.342726411E0,3.187500238E0,-9.937500000E0,-2.960625076E1
9.362722768E0,3.825000048E0,-9.150000572E0,-2.962500191E1
9.382726958E0,3.825000048E0,-9.168750763E0,-2.941875076E1
9.402726052E0,3.712500095E0,-8.868750572E0,-2.930625153E1
9.422721244E0,3.525000095E0,-8.943750381E0,-2.960625076E1
9.442724986E0,4.200000286E0,-8.662500381E0,-2.983125114E1
9.462723909E0,4.200000286E0,-8.906250000E0,-2.900625038E1
9.482686781E0,3.206250191E0,-8.568750381E0,-2.908125114E1
9.502697675E0,3.693750143E0,-8.381250381E0,-2.930625153E1
9.522702949E0,3.693750143E0,-8.362500191E0,-2.940000153E1
9.542714714E0,3.206250191E0,-8.137500763E0,-2.970000076E1
9.562754290E0,3.693750143E0,-8.137500763E0,-3.003750038E1
9.582746539E0,3.487500191E0,-8.062500000E0,-2.949375153E1
9.602746315E0,3.693750143E0,-8.156250000E0,-2.981250191E1
9.622741323E0,3.862500191E0,-7.912500381E0,-2.889375114E1
9.642732817E0,3.975000143E0,-8.006250381E0,-2.910000038E1
9.662731757E0,4.162500381E0,-7.781250477E0,-2.962500191E1
9.682728604E0,4.162500381E0,-7.762500286E0,-3.003750038E1
9.702721758E0,4.350000381E0,-7.593750477E0,-2.941875076E1
9.722723994E0,3.656250238E0,-7.350000381E0,-2.981250191E1
9.742721738E0,4.350000381E0,-7.706250191E0,-2.941875076E1
9.762727850E0,4.950000286E0,-7.893750191E0,-2.975625038E1
9.782728639E0,4.762500286E0,-7.856250286E0,-3.026250076E1
9.802726411E0,4.312500000E0,-7.012500286E0,-2.930625153E1
9.822730348E0,4.743750095E0,-7.481250286E0,-3.005625153E1
9.842729262E0,4.162500381E0,-7.781250477E0,-2.962500191E1
9.862724517E0,4.725000381E0,-7.406250477E0,-2.953125191E1
9.882727074E0,4.612500191E0,-7.125000477E0,-2.911875153E1
9.902726085E0,4.237500191E0,-7.087500095E0,-2.962500191E1
9.922721135E0,5.006250381E0,-6.993750095E0,-2.985000038E1
9.942724635E0,4.931250095E0,-7.162500381E0,-3.046875191E1
9.962723283E0,4.912500381E0,-7.181250095E0,-3.005625153E1
9.982730911E0,4.500000000E0,-6.675000191E0,-2.994375038E1
1.000273183E1,5.025000095E0,-7.050000191E0,-3.067500114E1
1.002269552E1,5.287500381E0,-6.675000191E0,-3.058125114E1
1.004270694E1,5.287500381E0,-6.693750381E0,-3.028125191E1
1.006271265E1,5.381250381E0,-6.393750191E0,-3.037500191E1
1.008271337E1,5.662500381E0,-6.375000477E0,-3.060000038E1
1.010274441E1,5.287500381E0,-6.468750477E0,-3.058125114E1
1.012274149E1,5.587500095E0,-6.712500095E0,-3.007500076E1
1.014273413E1,5.362500191E0,-6.187500477E0,-3.028125191E1
1.016273521E1,5.962500095E0,-6.281250477E0,-3.080625153E1
1.018273159E1,5.868750095E0,-6.168750286E0,-3.112500191E1
1.020273446E1,6.056250095E0,-6.375000477E0,-3.080625153E1
1.022273429E1,5.756250381E0,-6.075000286E0,-3.069375038E1
1.024272970E1,6.637500286E0,-5.868750095E0,-3.155625153E1
1.026273318E1,6.731250286E0,-6.206250191E0,-3.082500076E1
1.028273182E1,6.431250095E0,-5.831250191E0,-3.041250038E1
1.030272676E1,6.637500286E0,-6.000000000E0,-3.103125191E1
1.032271926E1,7.312500477E0,-6.056250095E0,-3.011250114E1
1.034272213E1,7.312500477E0,-5.962500095E0,-3.031875038E1
1.036271891E1,7.706250191E0,-6.131250381E0,-3.075000191E1
1.038272375E1,7.800000191E0,-6.075000286E0,-3.033750153E1
1.040272346E1,8.306250572E0,-6.562500477E0,-3.056250191E1
1.042271863E1,8.400000572E0,-6.356250286E0,-3.067500114E1
1.044272337E1,8.625000000E0,-6.843750477E0,-3.099375153E1
1.046272276E1,9.487500191E0,-6.768750191E0,-3.112500191E1
1.048272959E1,9.675000191E0,-6.787500381E0,-3.082500076E1
1.050273052E1,9.787500381E0,-6.768750191E0,-3.135000038E1
1.052272707E1,9.900000572E0,-7.162500381E0,-3.135000038E1
1.054272052E1,9.975000381E0,-6.656250477E0,-3.155625153E1
1.056269012E1,1.048125076E1,-6.806250095E0,-3.260625076E1
1.058269512E1,1.029375076E1,-6.693750381E0,-3.270000076E1
1.060270724E1,1.050000000E1,-7.218750477E0,-3.260625076E1
1.062271301E1,1.038750076E1,-6.787500381E0,-3.301875305E1
1.064274766E1,1.001250076E1,-7.181250095E0,-3.301875305E1
1.066274786E1,9.993750572E0,-6.581250191E0,-3.279375076E1
1.068274229E1,9.806250572E0,-6.543750286E0,-3.331875229E1
1.070274469E1,9.693750381E0,-6.562500477E0,-3.300000000E1
1.072274183E1,1.048125076E1,-6.656250477E0,-3.354375076E1
1.074273374E1,9.600000381E0,-6.581250191E0,-3.268125153E1
1.076273649E1,9.993750572E0,-6.656250477E0,-3.331875229E1
1.078274519E1,9.900000572E0,-6.431250095E0,-3.361875153E1
1.080273642E1,9.693750381E0,-6.562500477E0,-3.309375000E1
1.082273690E1,9.787500381E0,-6.356250286E0,-3.320625305E1
1.084273310E1,9.618750572E0,-6.637500286E0,-3.361875153E1
1.086272638E1,9.487500191E0,-6.243750095E0,-3.320625305E1
1.088271848E1,9.900000572E0,-6.656250477E0,-3.341250229E1
1.090271823E1,1.001250076E1,-7.050000191E0,-3.343125153E1
1.092271466E1,9.412500381E0,-6.656250477E0,-3.320625305E1
1.094271964E1,9.506250381E0,-6.450000286E0,-3.320625305E1
1.096271922E1,1.012500000E1,-6.900000095E0,-3.425625229E1
1.098271568E1,9.618750572E0,-6.956250191E0,-3.311250305E1
1.100272022E1,9.712500572E0,-6.975000381E0,-3.290625000E1
1.102271984E1,9.525000572E0,-7.068750381E0,-3.279375076E1
1.104272682E1,1.001250076E1,-6.975000381E0,-3.290625000E1
1.106272804E1,9.918750763E0,-7.256250381E0,-3.322500229E1
1.108272497E1,1.012500000E1,-7.462500095E0,-3.322500229E1
1.110269723E1,9.731250763E0,-7.031250477E0,-3.361875153E1
1.112270395E1,1.003125000E1,-7.668750286E0,-3.301875305E1
1.114270565E1,1.001250076E1,-7.293750286E0,-3.270000076E1
1.116271462E1,1.003125000E1,-7.462500095E0,-3.301875305E1
1.118275188E1,9.750000000E0,-7.556250095E0,-3.320625305E1
1.120274283E1,1.005000019E1,-7.725000381E0,-3.375000000E1
1.122274144E1,9.562500000E0,-7.818750381E0,-3.341250229E1
1.124273577E1,9.656250000E0,-7.781250477E0,-3.270000076E1
1.126273812E1,9.843750000E0,-7.856250286E0,-3.322500229E1
1.128273420E1,9.956250191E0,-7.837500095E0,-3.331875229E1
1.130272873E1,9.862500191E0,-7.837500095E0,-3.352500153E1
1.132273139E1,1.016250038E1,-8.175000191E0,-3.301875305E1
1.134272956E1,1.014375019E1,-8.081250191E0,-3.271875000E1
1.136272410E1,9.975000381E0,-8.325000763E0,-3.363750076E1
1.138272723E1,9.768750191E0,-8.343750000E0,-3.322500229E1
1.140272591E1,9.956250191E0,-7.968750477E0,-3.301875305E1
1.142272213E1,9.862500191E0,-8.043750763E0,-3.331875229E1
1.144272499E1,9.975000381E0,-8.250000000E0,-3.313125229E1
1.146272338E1,9.393750191E0,-8.643750191E0,-3.300000000E1
1.148272959E1,9.768750191E0,-8.343750000E0,-3.301875305E1
1.150278676E1,9.881250381E0,-8.362500191E0,-3.301875305E1
1.152277052E1,1.038750076E1,-8.943750381E0,-3.324375153E1
1.154276307E1,1.036875057E1,-8.456250191E0,-3.333750153E1
1.156275238E1,9.975000381E0,-8.475000381E0,-3.270000076E1
1.158273946E1,9.300000191E0,-8.662500381E0,-3.270000076E1
1.160273844E1,1.038750076E1,-8.868750572E0,-3.292500305E1
1.162273256E1,9.993750572E0,-8.756250381E0,-3.301875305E1
1.164270294E1,9.900000572E0,-8.850000381E0,-3.313125229E1
1.166270872E1,9.900000572E0,-8.850000381E0,-3.292500305E1
1.168271045E1,1.010625076E1,-9.262500763E0,-3.283125305E1
1.170270848E1,1.010625076E1,-9.468750000E0,-3.271875000E1
1.172273757E1,1.040625000E1,-9.375000000E0,-3.294375229E1
1.174273371E1,9.900000572E0,-9.168750763E0,-3.260625076E1
1.176273729E1,1.010625076E1,-9.375000000E0,-3.271875000E1
1.178273569E1,9.993750572E0,-9.300000191E0,-3.230625153E1
1.180272984E1,9.918750763E0,-9.656250000E0,-3.281250000E1
1.182273116E1,1.010625076E1,-9.300000191E0,-3.230625153E1
1.184272983E1,1.001250076E1,-9.375000000E0,-3.271875000E1
1.186272450E1,9.618750572E0,-9.468750000E0,-3.240000153E1
1.188272743E1,9.993750572E0,-9.018750191E0,-3.187500191E1
1.190272608E1,1.023750019E1,-1.008750057E1,-3.230625153E1
1.192272083E1,9.918750763E0,-9.562500000E0,-3.271875000E1
1.194271321E1,9.618750572E0,-9.412500381E0,-3.187500191E1
1.196271608E1,1.008750057E1,-9.187500000E0,-3.240000153E1
1.198272436E1,9.431250572E0,-9.675000191E0,-3.208125305E1
1.200272675E1,1.012500000E1,-9.712500572E0,-3.376875305E1
1.202272445E1,1.050000000E1,-9.712500572E0,-3.221250153E1
1.204278641E1,9.712500572E0,-9.356250763E0,-3.270000076E1
1.206277366E1,1.012500000E1,-9.787500381E0,-3.251250076E1
1.208275765E1,1.010625076E1,-9.393750191E0,-3.240000153E1
1.210275141E1,1.008750057E1,-9.318750381E0,-3.189375114E1
1.212274230E1,9.618750572E0,-9.506250381E0,-3.176250076E1
1.214273111E1,1.031250000E1,-1.003125000E1,-3.168750191E1
1.216271883E1,1.070625019E1,-9.881250381E0,-3.273750305E1
1.218268502E1,1.050000000E1,-9.412500381E0,-3.230625153E1
1.220269886E1,1.021875000E1,-9.712500572E0,-3.200625229E1
1.222270695E1,1.070625019E1,-9.693750381E0,-3.241875076E1
1.224271016E1,1.061250019E1,-1.003125000E1,-3.191250038E1
1.226274275E1,1.111875057E1,-1.053750038E1,-3.193125153E1
1.228274163E1,1.081875038E1,-1.012500000E1,-3.202500153E1
1.230273560E1,1.080000019E1,-1.014375019E1,-3.159375191E1
1.232273734E1,1.081875038E1,-1.020000076E1,-3.232500076E1
1.234273453E1,1.091250038E1,-1.021875000E1,-3.202500153E1
1.236272657E1,1.128750038E1,-1.006875038E1,-3.140625191E1
1.238271800E1,1.070625019E1,-1.012500000E1,-3.211875153E1
1.240271850E1,1.149375057E1,-1.005000019E1,-3.183750153E1
1.242272653E1,1.070625019E1,-9.768750191E0,-3.285000229E1
1.244272888E1,1.100625038E1,-1.021875000E1,-3.234375000E1
1.246272667E1,1.151250076E1,-1.029375076E1,-3.277500153E1
1.248273230E1,1.130625057E1,-1.033125019E1,-3.225000000E1
1.250273260E1,1.123125076E1,-1.072500038E1,-3.204375076E1
1.252272825E1,1.110000038E1,-1.023750019E1,-3.202500153E1
1.254273200E1,1.141875076E1,-1.042500019E1,-3.234375000E1
1.256273101E1,1.171875000E1,-1.063125038E1,-3.245625305E1
1.258272540E1,1.143750000E1,-1.080000019E1,-3.256875229E1
1.260271778E1,1.192500019E1,-1.096875000E1,-3.185625076E1
1.262271882E1,1.200000000E1,-1.063125038E1,-3.236250305E1
1.264271636E1,1.201875019E1,-1.083750057E1,-3.236250305E1
1.266272172E1,1.201875019E1,-1.115625000E1,-3.195000076E1
1.268272186E1,1.201875019E1,-1.102500057E1,-3.247500229E1
1.270271851E1,1.250625038E1,-1.089375019E1,-3.176250076E1
1.272269023E1,1.222500038E1,-1.102500057E1,-3.247500229E1
1.274269708E1,1.250625038E1,-1.098750019E1,-3.165000153E1
1.276271043E1,1.241250038E1,-1.117500019E1,-3.176250076E1
1.278271711E1,1.231875038E1,-1.104375076E1,-3.247500229E1
1.280275231E1,1.260000038E1,-1.108125019E1,-3.196875191E1
1.282274149E1,1.183125019E1,-1.115625000E1,-3.174375153E1
1.284273879E1,1.213125038E1,-1.125000000E1,-3.217500305E1
1.286273197E1,1.269375038E1,-1.110000038E1,-3.166875076E1
1.288273357E1,1.250625038E1,-1.108125019E1,-3.176250076E1
1.290272922E1,1.271250057E1,-1.117500019E1,-3.219375229E1
1.292272352E1,1.263750076E1,-1.175625038E1,-3.228750229E1
1.294272604E1,1.282500076E1,-1.147500038E1,-3.187500191E1
1.296272401E1,1.301250076E1,-1.168125057E1,-3.198750114E1
1.298272990E1,1.291875076E1,-1.179375076E1,-3.166875076E1
1.300273041E1,1.303125095E1,-1.192500019E1,-3.283125305E1
1.302272722E1,1.321875095E1,-1.145625019E1,-3.241875076E1
1.304272140E1,1.333125019E1,-1.186875057E1,-3.230625153E1
1.306272273E1,1.351875019E1,-1.200000000E1,-3.180000114E1
1.308271988E1,1.321875095E1,-1.188750076E1,-3.210000229E1
1.310272507E1,1.361250019E1,-1.170000076E1,-3.200625229E1
1.312279277E1,1.340625095E1,-1.179375076E1,-3.189375114E1
1.314277335E1,1.428750038E1,-1.175625038E1,-3.140625191E1
1.316276351E1,1.321875095E1,-1.190625000E1,-3.178125191E1
1.318275061E1,1.303125095E1,-1.186875057E1,-3.210000229E1
1.320274770E1,1.361250019E1,-1.190625000E1,-3.191250038E1
1.322273991E1,1.351875019E1,-1.203750038E1,-3.138750076E1
1.324273153E1,1.333125019E1,-1.200000000E1,-3.168750191E1
1.326268888E1,1.351875019E1,-1.194375038E1,-3.127500153E1
1.328269614E1,1.361250019E1,-1.181250000E1,-3.180000114E1
1.330269908E1,1.380000019E1,-1.181250000E1,-3.191250038E1
1.332270967E1,1.350000095E1,-1.173750019E1,-3.138750076E1
1.334274858E1,1.340625095E1,-1.170000076E1,-3.180000114E1
1.336275236E1,1.449375057E1,-1.213125038E1,-3.193125153E1
1.338274992E1,1.400625038E1,-1.194375038E1,-3.150000191E1
1.340274304E1,1.389375019E1,-1.171875000E1,-3.191250038E1
1.342273334E1,1.357500076E1,-1.134375000E1,-3.127500153E1
1.344273130E1,1.361250019E1,-1.183125019E1,-3.138750076E1
1.346272720E1,1.378125095E1,-1.111875057E1,-3.200625229E1
1.348273143E1,1.338750076E1,-1.140000057E1,-3.180000114E1
1.350273067E1,1.357500076E1,-1.115625000E1,-3.116250038E1
1.352272608E1,1.359375095E1,-1.164375019E1,-3.127500153E1
1.354272987E1,1.320000076E1,-1.149375057E1,-3.178125191E1
1.356272936E1,1.357500076E1,-1.125000000E1,-3.118125153E1
1.358272607E1,1.346250057E1,-1.074375057E1,-3.127500153E1
1.360272914E1,1.318125057E1,-1.102500057E1,-3.157500076E1
1.362272753E1,1.288125038E1,-1.074375057E1,-3.093750191E1
1.364272254E1,1.314375019E1,-1.027500057E1,-3.073125076E1
1.366278240E1,1.295625019E1,-1.036875057E1,-3.061875153E1
1.368276814E1,1.305000019E1,-1.044375038E1,-3.125625038E1
1.370276265E1,1.284375095E1,-1.016250038E1,-3.061875153E1
1.372275352E1,1.254375076E1,-1.018125057E1,-3.041250038E1
1.374274201E1,1.263750076E1,-9.956250191E0,-3.091875076E1
1.376274000E1,1.286250019E1,-1.053750038E1,-3.125625038E1
1.378273492E1,1.256250095E1,-1.023750019E1,-3.114375114E1
1.380269488E1,1.284375095E1,-9.731250763E0,-3.144375038E1
1.382270397E1,1.224375057E1,-9.600000381E0,-3.153750038E1
1.384270831E1,1.321875095E1,-9.450000763E0,-3.135000038E1
1.386270829E1,1.263750076E1,-9.843750000E0,-3.091875076E1
1.388273915E1,1.235625076E1,-9.937500000E0,-3.091875076E1
1.390273650E1,1.275000095E1,-1.012500000E1,-3.144375038E1
1.392272956E1,1.235625076E1,-9.806250572E0,-3.144375038E1
1.394273101E1,1.261875057E1,-9.562500000E0,-3.061875153E1
1.396272808E1,1.273125076E1,-9.675000191E0,-3.050625038E1
1.398273149E1,1.265625095E1,-1.005000019E1,-3.091875076E1
1.400272052E1,1.263750076E1,-9.768750191E0,-3.050625038E1
1.402271883E1,1.301250076E1,-9.675000191E0,-3.073125076E1
1.404272512E1,1.282500076E1,-9.712500572E0,-3.009375191E1
1.406272609E1,1.323750019E1,-1.038750076E1,-3.063750076E1
1.408272277E1,1.263750076E1,-9.975000381E0,-3.041250038E1
1.410271653E1,1.291875076E1,-1.001250076E1,-2.990625191E1
1.412272017E1,1.282500076E1,-9.918750763E0,-2.979375076E1
1.414271752E1,1.301250076E1,-9.881250381E0,-2.885625076E1
1.416272272E1,1.203750038E1,-9.693750381E0,-2.998125076E1
1.418272297E1,1.231875038E1,-9.581250191E0,-3.018750191E1
1.420272940E1,1.224375057E1,-9.900000572E0,-2.977500153E1
1.422273131E1,1.173750019E1,-9.806250572E0,-2.955000114E1
1.424272835E1,1.194375038E1,-9.712500572E0,-2.955000114E1
1.426273325E1,1.222500038E1,-9.712500572E0,-2.956875038E1
1.428273261E1,1.211250019E1,-9.187500000E0,-2.996250153E1
1.430272779E1,1.145625019E1,-9.787500381E0,-2.955000114E1
1.432272033E1,1.155000019E1,-1.006875038E1,-2.829375076E1
1.434268921E1,1.115625000E1,-9.806250572E0,-2.921250153E1
1.436269371E1,1.175625038E1,-1.012500000E1,-2.902500153E1
1.438270560E1,1.164375019E1,-1.001250076E1,-2.913750076E1
1.440271130E1,1.173750019E1,-9.825000763E0,-2.913750076E1
1.442274584E1,1.117500019E1,-1.012500000E1,-2.880000114E1
1.444273480E1,1.125000000E1,-9.825000763E0,-2.891250038E1
1.446273202E1,1.117500019E1,-1.010625076E1,-2.900625038E1
1.448273666E1,1.089375019E1,-1.051875019E1,-2.870625114E1
1.450273612E1,1.126875019E1,-1.035000038E1,-2.850000191E1
1.452272967E1,1.087500000E1,-1.023750019E1,-2.848125076E1
1.454272229E1,1.078125000E1,-1.001250076E1,-2.880000114E1
1.456272343E1,1.076250076E1,-1.003125000E1,-2.848125076E1
1.458272042E1,1.119375038E1,-1.072500038E1,-2.881875038E1
1.460272531E1,1.098750019E1,-1.061250019E1,-2.870625114E1
1.462272523E1,1.087500000E1,-1.044375038E1,-2.818125153E1
1.464273296E1,1.050000000E1,-1.040625000E1,-2.878125191E1
1.466272478E1,1.059375000E1,-1.033125019E1,-2.836875153E1
1.468272379E1,1.050000000E1,-1.051875019E1,-2.848125076E1
1.470273022E1,1.119375038E1,-1.072500038E1,-2.861250114E1
1.472273122E1,1.068750000E1,-1.042500019E1,-2.848125076E1
1.474272744E1,1.078125000E1,-1.044375038E1,-2.827500153E1
1.476272147E1,1.070625019E1,-1.095000076E1,-2.806875038E1
1.478272354E1,1.078125000E1,-1.048125076E1,-2.765625191E1
1.480272126E1,1.080000019E1,-1.078125000E1,-2.765625191E1
1.482272647E1,1.051875019E1,-1.106250000E1,-2.754375076E1
1.484272668E1,1.061250019E1,-1.096875000E1,-2.754375076E1
1.486272301E1,1.038750076E1,-1.046250057E1,-2.775000191E1
1.488268375E1,1.070625019E1,-1.083750057E1,-2.806875038E1
1.490269284E1,1.031250000E1,-1.128750038E1,-2.713125038E1
1.492269694E1,1.031250000E1,-1.104375076E1,-2.775000191E1
1.494270811E1,9.731250763E0,-1.083750057E1,-2.761875153E1
1.496274716E1,9.712500572E0,-1.074375057E1,-2.752500153E1
1.498273926E1,9.337500572E0,-1.095000076E1,-2.720625114E1
1.500273894E1,9.937500000E0,-1.111875057E1,-2.795625114E1
1.502273414E1,8.962500572E0,-1.119375038E1,-2.780625153E1
1.504273701E1,9.150000572E0,-1.102500057E1,-2.761875153E1
1.506273382E1,9.150000572E0,-1.121250057E1,-2.782500076E1
1.508273962E1,8.962500572E0,-1.130625057E1,-2.782500076E1
1.510273962E1,8.756250381E0,-1.110000038E1,-2.771250153E1
1.512273530E1,8.587500572E0,-1.158750057E1,-2.769375038E1
1.514272791E1,8.568750381E0,-1.117500019E1,-2.810625076E1
1.516272920E1,8.250000000E0,-1.070625019E1,-2.737500191E1
1.518272665E1,8.268750191E0,-1.098750019E1,-2.778750038E1
1.520272210E1,7.200000286E0,-1.104375076E1,-2.797500038E1
1.522272439E1,7.762500286E0,-1.068750000E1,-2.756250191E1
1.524272241E1,7.687500477E0,-1.096875000E1,-2.756250191E1
1.526272796E1,7.068750381E0,-1.046250057E1,-2.754375076E1
1.528278524E1,6.187500477E0,-1.033125019E1,-2.773125076E1
1.530276871E1,6.300000191E0,-1.040625000E1,-2.825625038E1
1.532276105E1,6.506250381E0,-1.040625000E1,-2.836875153E1
1.534275040E1,5.718750000E0,-1.038750076E1,-2.803125191E1
1.536273761E1,5.812500000E0,-1.036875057E1,-2.855625153E1
1.538273669E1,5.812500000E0,-1.005000019E1,-2.906250191E1
1.540273092E1,5.400000095E0,-9.843750000E0,-2.874375153E1
1.542269001E1,5.512500286E0,-1.014375019E1,-2.895000076E1
1.544269865E1,4.743750095E0,-1.029375076E1,-2.934375191E1
1.546270267E1,5.325000286E0,-9.918750763E0,-2.925000191E1
1.548271399E1,4.856250286E0,-1.036875057E1,-2.966250038E1
1.550274222E1,4.856250286E0,-1.057500076E1,-2.956875038E1
1.552273726E1,4.856250286E0,-1.057500076E1,-2.945625114E1
1.554273965E1,4.556250095E0,-1.048125076E1,-2.934375191E1
1.556273726E1,4.837500095E0,-1.020000076E1,-2.934375191E1
1.558273093E1,4.875000000E0,-1.080000019E1,-2.925000191E1
1.560273151E1,5.156250000E0,-1.038750076E1,-2.968125153E1
1.562272969E1,4.650000095E0,-1.040625000E1,-2.893125153E1
1.564272406E1,5.325000286E0,-1.036875057E1,-2.821875191E1
1.566272662E1,5.137500286E0,-1.042500019E1,-2.904375076E1
1.568272483E1,4.443750381E0,-1.001250076E1,-2.881875038E1
1.570273067E1,5.025000095E0,-1.012500000E1,-2.883750153E1
1.572272036E1,4.856250286E0,-1.042500019E1,-2.883750153E1
1.574272067E1,5.025000095E0,-9.937500000E0,-2.872500038E1
1.576272691E1,4.931250095E0,-1.023750019E1,-2.851875114E1
1.578272789E1,4.706250191E0,-9.431250572E0,-2.872500038E1
1.580272463E1,5.212500095E0,-9.975000381E0,-2.810625076E1
1.582278570E1,5.981250286E0,-9.600000381E0,-2.823750114E1
1.584277228E1,5.400000095E0,-9.450000763E0,-2.883750153E1
1.586275584E1,5.287500381E0,-9.431250572E0,-2.895000076E1
1.588274956E1,5.568750381E0,-8.962500572E0,-2.883750153E1
1.590274037E1,5.475000381E0,-8.962500572E0,-2.874375153E1
1.592272931E1,5.456250191E0,-8.737500191E0,-2.904375076E1
1.594272843E1,5.437500000E0,-8.062500000E0,-2.893125153E1
1.596270290E1,5.718750000E0,-7.968750477E0,-2.904375076E1
1.598271185E1,6.000000000E0,-7.593750477E0,-2.863125038E1
1.600271594E1,5.400000095E0,-7.162500381E0,-2.902500153E1
1.602271544E1,5.981250286E0,-7.162500381E0,-2.936250114E1
1.604274562E1,6.825000286E0,-6.300000191E0,-2.906250191E1
1.606274246E1,6.843750477E0,-6.900000095E0,-2.908125114E1
1.608273483E1,7.106250286E0,-5.906250000E0,-2.928750038E1
1.610273585E1,7.893750191E0,-6.318750381E0,-2.930625153E1
1.612273253E1,8.175000191E0,-5.943750381E0,-2.910000038E1
1.614272502E1,8.756250381E0,-5.718750000E0,-3.016875076E1
1.616271627E1,8.850000381E0,-5.625000000E0,-2.996250153E1
1.618271694E1,8.962500572E0,-5.906250000E0,-3.037500191E1
1.620272480E1,9.243750572E0,-5.812500000E0,-3.048750114E1
1.622272720E1,9.843750000E0,-5.925000191E0,-3.039375114E1
1.624272499E1,1.005000019E1,-5.887500286E0,-3.135000038E1
1.626271936E1,1.021875000E1,-5.700000286E0,-3.114375114E1
1.628272338E1,1.063125038E1,-6.093750477E0,-3.157500076E1
1.630272127E1,1.065000057E1,-6.281250477E0,-3.157500076E1
1.632272681E1,1.125000000E1,-6.693750381E0,-3.168750191E1
1.634272718E1,1.155000019E1,-6.993750095E0,-3.181875038E1
1.636272260E1,1.224375057E1,-6.993750095E0,-3.213750076E1
1.638271596E1,1.192500019E1,-6.562500477E0,-3.243750000E1
1.640271784E1,1.224375057E1,-7.012500286E0,-3.193125153E1
1.642271530E1,1.231875038E1,-6.825000286E0,-3.172500038E1
1.644272101E1,1.305000019E1,-7.762500286E0,-3.133125114E1
1.646272136E1,1.331250095E1,-7.050000191E0,-3.176250076E1
1.648271774E1,1.342500019E1,-7.556250095E0,-3.144375038E1
1.650268962E1,1.417500019E1,-7.012500286E0,-3.125625038E1
1.652269638E1,1.381875038E1,-7.800000191E0,-3.116250038E1
1.654270964E1,1.419375038E1,-7.650000095E0,-3.054375076E1
1.656271621E1,1.528125095E1,-7.875000477E0,-3.037500191E1
1.658275158E1,1.546875095E1,-8.118750572E0,-2.975625038E1
1.660274040E1,1.593750095E1,-7.537500381E0,-2.986875153E1
1.662273764E1,1.651875114E1,-7.687500477E0,-2.915625191E1
1.664273076E1,1.702500153E1,-7.987500191E0,-2.947500038E1
1.666273244E1,1.740000153E1,-7.931250095E0,-2.896875191E1
1.668272807E1,1.777500153E1,-7.500000477E0,-2.814375114E1
1.670272229E1,1.788750076E1,-7.856250286E0,-2.866875076E1
1.672272469E1,1.865625000E1,-7.818750381E0,-2.797500038E1
1.674272265E1,1.893750000E1,-7.687500477E0,-2.724375153E1
1.676272831E1,1.933125114E1,-7.706250191E0,-2.705625153E1
1.678272889E1,1.940625000E1,-7.518750191E0,-2.694375038E1
1.680273688E1,2.008125114E1,-7.143750191E0,-2.675625038E1
1.682273864E1,2.017500114E1,-7.181250095E0,-2.625000191E1
1.684273548E1,2.086875153E1,-7.368750095E0,-2.668125153E1
1.686272872E1,2.145000076E1,-7.443750381E0,-2.596875191E1
1.688273054E1,2.115000153E1,-7.556250095E0,-2.555625153E1
1.690272714E1,2.173125076E1,-7.518750191E0,-2.463750076E1
1.692272164E1,2.163750076E1,-7.612500191E0,-2.461875153E1
1.694272446E1,2.184375000E1,-7.931250095E0,-2.431875038E1
1.696272280E1,2.242500114E1,-7.875000477E0,-2.413125038E1
1.698272878E1,2.203125000E1,-7.893750191E0,-2.340000153E1
1.700272862E1,2.223750114E1,-8.400000572E0,-2.340000153E1
1.702272560E1,2.231250000E1,-8.043750763E0,-2.278125000E1
1.704268666E1,2.280000114E1,-7.987500191E0,-2.238750076E1
1.706269634E1,2.289375114E1,-8.118750572E0,-2.186250114E1
1.708270074E1,2.300625038E1,-8.587500572E0,-2.229375076E1
1.710271206E1,2.340000153E1,-8.831250191E0,-2.167500114E1
1.712275105E1,2.319375038E1,-8.475000381E0,-2.103750038E1
1.714274317E1,2.407500076E1,-9.056250572E0,-1.981875038E1
1.716274294E1,2.340000153E1,-8.775000572E0,-2.085000038E1
1.718273789E1,2.358750153E1,-8.737500191E0,-2.011875153E1
1.720272946E1,2.377500153E1,-8.793750763E0,-2.075625038E1
1.722272856E1,2.377500153E1,-8.737500191E0,-1.991250038E1
1.724272564E1,2.456250191E1,-9.300000191E0,-1.933125114E1
1.726273041E1,2.475000191E1,-9.018750191E0,-1.921875000E1
1.728272998E1,2.465625191E1,-8.906250000E0,-1.942500114E1
1.730272556E1,2.491875076E1,-8.756250381E0,-1.860000038E1
1.732272952E1,2.505000114E1,-9.262500763E0,-1.860000038E1
1.734272880E1,2.533125114E1,-9.093750000E0,-1.800000000E1
1.736272562E1,2.572500038E1,-9.412500381E0,-1.790625000E1
1.738272873E1,2.593125153E1,-9.562500000E0,-1.728750038E1
1.740272703E1,2.574375153E1,-9.806250572E0,-1.801875114E1
1.742272171E1,2.602500153E1,-9.768750191E0,-1.698750114E1
1.744278135E1,2.611875153E1,-9.787500381E0,-1.678125000E1
1.746276690E1,2.692500114E1,-1.018125057E1,-1.741875076E1
1.748276117E1,2.722500038E1,-1.050000000E1,-1.702500153E1
1.750275220E1,2.690625191E1,-1.001250076E1,-1.668750000E1
1.752274060E1,2.750625038E1,-1.023750019E1,-1.661250114E1
1.754273910E1,2.761875153E1,-1.074375057E1,-1.640625000E1
1.756273407E1,2.771250153E1,-1.074375057E1,-1.651875114E1
1.758269392E1,2.790000153E1,-1.080000019E1,-1.578750038E1
1.760270281E1,2.810625076E1,-1.087500000E1,-1.610625076E1
1.762270688E1,2.840625191E1,-1.089375019E1,-1.601250076E1
1.764270702E1,2.840625191E1,-1.087500000E1,-1.633125114E1
1.766274897E1,2.868750191E1,-1.070625019E1,-1.612500000E1
1.768275503E1,2.917500114E1,-1.083750057E1,-1.561875057E1
1.770275438E1,2.908125114E1,-1.095000076E1,-1.561875057E1
1.772274903E1,2.896875191E1,-1.063125038E1,-1.561875057E1
1.774274018E1,2.865000153E1,-1.036875057E1,-1.486875057E1
1.776273997E1,2.938125038E1,-1.106250000E1,-1.552500057E1
1.778273638E1,2.928750038E1,-1.113750076E1,-1.584375095E1
1.780272903E1,2.880000114E1,-1.111875057E1,-1.571250057E1
1.782273063E1,2.908125114E1,-1.104375076E1,-1.541250038E1
1.784272830E1,2.910000038E1,-1.132500076E1,-1.582500076E1
1.786272263E1,2.928750038E1,-1.115625000E1,-1.552500057E1
1.788271471E1,2.919375038E1,-1.132500076E1,-1.593750095E1
1.790271727E1,2.968125153E1,-1.125000000E1,-1.575000095E1
1.792271419E1,2.947500038E1,-1.095000076E1,-1.563750076E1
1.794271936E1,2.988750076E1,-1.156875038E1,-1.554375076E1
1.796271969E1,3.043125153E1,-1.113750076E1,-1.451250076E1
1.798278362E1,3.024375153E1,-1.089375019E1,-1.533750057E1
1.800277262E1,3.200625229E1,-1.080000019E1,-1.621875000E1
1.802275795E1,3.170625114E1,-1.048125076E1,-1.631250000E1
1.804275282E1,3.226875305E1,-1.055625057E1,-1.550625038E1
1.806274453E1,3.176250076E1,-1.006875038E1,-1.486875057E1
1.808273374E1,3.138750076E1,-1.083750057E1,-1.361250019E1
1.810272206E1,3.178125191E1,-1.050000000E1,-1.445625019E1
1.812268815E1,3.127500153E1,-1.046250057E1,-1.318125057E1
1.814269095E1,3.136875153E1,-1.055625057E1,-1.329375076E1
1.816270154E1,3.176250076E1,-1.066875076E1,-1.320000076E1
1.818270676E1,3.185625076E1,-1.081875038E1,-1.237500095E1
1.820274134E1,3.166875076E1,-1.055625057E1,-1.351875019E1
1.822274167E1,3.195000076E1,-1.061250019E1,-1.269375038E1
1.824273680E1,3.176250076E1,-1.070625019E1,-1.237500095E1
1.826273959E1,3.215625000E1,-1.072500038E1,-1.239375019E1
1.828273727E1,3.247500229E1,-1.132500076E1,-1.239375019E1
1.830273067E1,3.238125229E1,-1.145625019E1,-1.198125076E1
1.832272216E1,3.138750076E1,-1.145625019E1,-1.132500076E1
1.834272246E1,3.161250114E1,-1.203750038E1,-1.164375019E1
1.836271915E1,3.110625076E1,-1.175625038E1,-1.100625038E1
1.838272380E1,3.208125305E1,-1.190625000E1,-1.083750057E1
1.840272355E1,3.166875076E1,-1.138125038E1,-1.102500057E1
1.842271963E1,3.178125191E1,-1.149375057E1,-1.093125057E1
1.844272497E1,3.196875191E1,-1.126875019E1,-1.134375000E1
1.846272380E1,3.159375191E1,-1.170000076E1,-1.061250019E1
1.848273012E1,3.180000114E1,-1.205625057E1,-1.134375000E1
1.850273112E1,3.285000229E1,-1.125000000E1,-1.241250038E1
1.852272640E1,3.264375305E1,-1.074375057E1,-1.239375019E1
1.854273123E1,3.232500076E1,-1.031250000E1,-1.280625057E1
1.856273037E1,3.215625000E1,-1.104375076E1,-1.207500076E1
1.858272561E1,3.183750153E1,-1.048125076E1,-1.123125076E1
1.860272905E1,3.251250076E1,-1.029375076E1,-1.145625019E1
1.862272788E1,3.240000153E1,-9.975000381E0,-1.186875057E1
1.864272308E1,3.260625076E1,-1.005000019E1,-1.218750095E1
1.866269390E1,3.288750076E1,-1.001250076E1,-1.147500038E1
1.868270002E1,3.241875076E1,-1.040625000E1,-1.134375000E1
1.870271293E1,3.240000153E1,-1.001250076E1,-1.104375076E1
1.872271932E1,3.251250076E1,-1.044375038E1,-1.072500038E1
1.874275423E1,3.183750153E1,-1.050000000E1,-1.111875057E1
1.876274316E1,3.196875191E1,-1.128750038E1,-1.125000000E1
1.878274025E1,3.195000076E1,-1.123125076E1,-1.051875019E1
1.880273341E1,3.198750114E1,-1.188750076E1,-1.113750076E1
1.882273519E1,3.159375191E1,-1.160625076E1,-1.070625019E1
1.884273129E1,3.191250038E1,-1.216875076E1,-1.125000000E1
1.886272569E1,3.198750114E1,-1.168125057E1,-1.134375000E1
1.888272822E1,3.120000076E1,-1.155000019E1,-1.121250057E1
1.890272628E1,3.232500076E1,-1.256250095E1,-1.147500038E1
1.892272078E1,3.279375076E1,-1.226250076E1,-1.200000000E1
1.894272402E1,3.240000153E1,-1.215000057E1,-1.177500057E1
1.896272292E1,3.238125229E1,-1.168125057E1,-1.156875038E1
1.898271960E1,3.279375076E1,-1.203750038E1,-1.241250038E1
1.900272258E1,3.328125000E1,-1.200000000E1,-1.316250038E1
1.902272097E1,3.418125153E1,-1.209375095E1,-1.370625019E1
1.904272711E1,3.356250000E1,-1.164375019E1,-1.275000095E1
1.906279594E1,3.260625076E1,-1.201875019E1,-1.241250038E1
1.908277703E1,3.279375076E1,-1.201875019E1,-1.273125076E1
1.910276725E1,3.318750000E1,-1.192500019E1,-1.273125076E1
1.912275444E1,3.309375000E1,-1.243125057E1,-1.263750076E1
1.914273999E1,3.328125000E1,-1.192500019E1,-1.273125076E1
1.916273480E1,3.365625000E1,-1.183125019E1,-1.286250019E1
1.918272860E1,3.356250000E1,-1.185000038E1,-1.254375076E1
1.920268765E1,3.335625076E1,-1.145625019E1,-1.243125057E1
1.922269613E1,3.375000000E1,-1.164375019E1,-1.286250019E1
1.924270024E1,3.354375076E1,-1.138125038E1,-1.201875019E1
1.926271168E1,3.403125000E1,-1.149375057E1,-1.224375057E1
1.928275107E1,3.335625076E1,-1.168125057E1,-1.201875019E1
1.930274367E1,3.375000000E1,-1.179375076E1,-1.201875019E1
1.932274409E1,3.345000076E1,-1.156875038E1,-1.222500038E1
1.934273967E1,3.318750000E1,-1.179375076E1,-1.325625038E1
1.936273186E1,3.324375153E1,-1.117500019E1,-1.211250019E1
1.938273164E1,3.268125153E1,-1.164375019E1,-1.220625019E1
1.940274033E1,3.316875076E1,-1.183125019E1,-1.273125076E1
1.942274253E1,3.318750000E1,-1.224375057E1,-1.231875038E1
1.944273992E1,3.335625076E1,-1.134375000E1,-1.252500057E1
1.946273349E1,3.305625153E1,-1.132500076E1,-1.273125076E1
1.948273592E1,3.315000153E1,-1.125000000E1,-1.241250038E1
1.950273382E1,3.382500076E1,-1.089375019E1,-1.368750095E1
1.952272948E1,3.393750000E1,-1.098750019E1,-1.410000038E1
1.954273199E1,3.386250305E1,-1.138125038E1,-1.410000038E1
1.956273015E1,3.228750229E1,-1.153125000E1,-1.207500076E1
1.958272462E1,3.208125305E1,-1.130625057E1,-1.269375038E1
1.960278425E1,3.228750229E1,-1.170000076E1,-1.291875076E1
1.962277023E1,3.172500038E1,-1.205625057E1,-1.310625076E1
1.964275357E1,3.153750038E1,-1.190625000E1,-1.404375076E1
1.966274683E1,3.181875038E1,-1.192500019E1,-1.374375057E1
1.968273761E1,3.161250114E1,-1.145625019E1,-1.310625076E1
1.970273825E1,3.210000229E1,-1.160625076E1,-1.248750019E1
1.972273486E1,3.161250114E1,-1.155000019E1,-1.320000076E1
1.974269574E1,3.131250191E1,-1.132500076E1,-1.372500038E1
1.976270563E1,3.091875076E1,-1.121250057E1,-1.370625019E1
1.978271052E1,3.061875153E1,-1.089375019E1,-1.368750095E1
1.980271118E1,3.063750076E1,-1.171875000E1,-1.327500057E1
1.982274215E1,3.054375076E1,-1.147500038E1,-1.400625038E1
1.984273980E1,3.015000153E1,-1.143750000E1,-1.441875076E1
1.986273273E1,3.056250191E1,-1.166250038E1,-1.432500076E1
1.988273425E1,3.007500076E1,-1.173750019E1,-1.419375038E1
1.990273112E1,2.958750153E1,-1.151250076E1,-1.470000076E1
1.992272312E1,3.033750153E1,-1.100625038E1,-1.513125038E1
1.994272589E1,3.054375076E1,-1.110000038E1,-1.535625076E1
1.996272393E1,3.003750038E1,-1.102500057E1,-1.460625076E1
1.998272966E1,3.065625191E1,-1.106250000E1,-1.618125153E1
2.000273001E1,3.084375191E1,-1.104375076E1,-1.640625000E1
2.002272620E1,3.037500191E1,-1.110000038E1,-1.711875153E1
2.004271963E1,2.900625038E1,-1.155000019E1,-1.541250038E1
2.006272302E1,2.878125191E1,-1.106250000E1,-1.509375095E1
2.008272021E1,2.863125038E1,-1.170000076E1,-1.603125000E1
2.010272536E1,2.891250038E1,-1.173750019E1,-1.541250038E1
2.012272541E1,2.911875153E1,-1.170000076E1,-1.614375114E1
2.014272030E1,2.842500114E1,-1.128750038E1,-1.623750114E1
2.016272486E1,2.842500114E1,-1.151250076E1,-1.560000038E1
2.018272418E1,2.840625191E1,-1.132500076E1,-1.560000038E1
2.020273090E1,2.831250191E1,-1.143750000E1,-1.530000019E1
2.022273204E1,2.752500153E1,-1.130625057E1,-1.546875095E1
2.024272877E1,2.842500114E1,-1.140000057E1,-1.603125000E1
2.026273342E1,2.773125076E1,-1.128750038E1,-1.590000057E1
2.028271164E1,2.775000191E1,-1.134375000E1,-1.642500114E1
2.030271157E1,2.745000076E1,-1.143750000E1,-1.651875114E1
2.032271924E1,2.775000191E1,-1.141875076E1,-1.683750153E1
2.034272144E1,2.733750153E1,-1.102500057E1,-1.661250114E1
2.036275320E1,2.823750114E1,-1.134375000E1,-1.663125038E1
2.038275099E1,2.820000076E1,-1.046250057E1,-1.651875114E1
2.040274418E1,2.820000076E1,-1.065000057E1,-1.663125038E1
2.042273443E1,2.808750153E1,-1.025625038E1,-1.651875114E1
2.044273357E1,2.887500191E1,-1.027500057E1,-1.665000153E1
2.046272832E1,2.790000153E1,-1.051875019E1,-1.713750076E1
2.048272114E1,2.801250076E1,-1.072500038E1,-1.704375076E1
2.050272283E1,2.735625076E1,-1.095000076E1,-1.785000038E1
2.052272033E1,2.735625076E1,-1.095000076E1,-1.785000038E1
2.054272588E1,2.716875076E1,-1.113750076E1,-1.796250153E1
2.056272645E1,2.775000191E1,-1.106250000E1,-1.807500076E1
2.058272304E1,2.705625153E1,-1.096875000E1,-1.753125000E1
2.060272882E1,2.724375153E1,-1.066875076E1,-1.764375114E1
2.062272806E1,2.694375038E1,-1.066875076E1,-1.741875076E1
2.064272306E1,2.703750038E1,-1.035000038E1,-1.785000038E1
2.066272643E1,2.656875038E1,-1.096875000E1,-1.721250153E1
2.068272446E1,2.675625038E1,-1.063125038E1,-1.815000153E1
2.070271994E1,2.647500038E1,-1.095000076E1,-1.751250076E1
2.072272319E1,2.643750191E1,-1.038750076E1,-1.698750114E1
2.074272202E1,2.610000038E1,-1.125000000E1,-1.730625153E1
2.076272817E1,2.666250038E1,-1.074375057E1,-1.773750114E1
2.078272910E1,2.664375114E1,-1.036875057E1,-1.751250076E1
2.080272593E1,2.675625038E1,-1.085625076E1,-1.753125000E1
2.082269799E1,2.743125153E1,-1.080000019E1,-1.713750076E1
2.084270478E1,2.701875114E1,-1.051875019E1,-1.659375000E1
2.086270665E1,2.673750114E1,-1.040625000E1,-1.668750000E1
2.088271576E1,2.694375038E1,-1.072500038E1,-1.650000000E1
2.090275317E1,2.705625153E1,-1.132500076E1,-1.650000000E1
2.092274376E1,2.711250114E1,-1.055625057E1,-1.597500038E1
2.094274264E1,2.761875153E1,-1.098750019E1,-1.567500019E1
2.096273673E1,2.763750076E1,-1.106250000E1,-1.610625076E1
2.098273920E1,2.831250191E1,-1.128750038E1,-1.601250076E1
2.100273546E1,2.831250191E1,-1.117500019E1,-1.633125114E1
2.102273000E1,2.866875076E1,-1.065000057E1,-1.530000019E1
2.104273264E1,2.885625076E1,-1.068750000E1,-1.477500057E1
2.106273069E1,2.917500114E1,-1.121250057E1,-1.426875019E1
2.108272518E1,2.956875038E1,-1.125000000E1,-1.396875095E1
2.110272813E1,2.908125114E1,-1.145625019E1,-1.355625057E1
2.112272699E1,2.887500191E1,-1.136250019E1,-1.344375038E1
2.114273323E1,2.970000076E1,-1.220625019E1,-1.451250076E1
2.116273392E1,2.958750153E1,-1.196250057E1,-1.357500076E1
2.118273035E1,3.056250191E1,-1.186875057E1,-1.391250038E1
2.120273458E1,3.026250076E1,-1.164375019E1,-1.421250057E1
2.122273295E1,3.063750076E1,-1.138125038E1,-1.400625038E1
2.124272889E1,3.123750114E1,-1.190625000E1,-1.393125057E1
2.126273263E1,3.103125191E1,-1.171875000E1,-1.350000095E1
2.128273139E1,3.095625114E1,-1.198125076E1,-1.391250038E1
2.130272630E1,3.090000153E1,-1.275000095E1,-1.434375095E1
2.132272888E1,3.125625038E1,-1.231875038E1,-1.351875019E1
2.134272818E1,3.048750114E1,-1.246875095E1,-1.391250038E1
2.136269086E1,3.097500038E1,-1.233750057E1,-1.475625038E1
2.138270179E1,3.118125153E1,-1.235625076E1,-1.445625019E1
2.140270725E1,3.078750038E1,-1.256250095E1,-1.402500057E1
2.142270804E1,3.086250114E1,-1.205625057E1,-1.432500076E1
2.144275037E1,3.146250153E1,-1.203750038E1,-1.498125076E1
2.146274515E1,3.108750153E1,-1.265625095E1,-1.434375095E1
2.148274687E1,3.078750038E1,-1.252500057E1,-1.485000038E1
2.150274354E1,3.088125038E1,-1.245000076E1,-1.443750095E1
2.152273631E1,3.011250114E1,-1.250625038E1,-1.471875095E1
2.154273617E1,3.031875038E1,-1.269375038E1,-1.515000057E1
2.156273358E1,3.046875191E1,-1.179375076E1,-1.526250076E1
2.158272735E1,3.060000038E1,-1.260000038E1,-1.526250076E1
2.160272973E1,3.039375114E1,-1.231875038E1,-1.483125019E1
2.162272752E1,3.037500191E1,-1.171875000E1,-1.494375038E1
2.164272189E1,3.067500114E1,-1.211250019E1,-1.494375038E1
2.166272531E1,3.127500153E1,-1.258125019E1,-1.404375076E1
2.168272551E1,3.069375038E1,-1.252500057E1,-1.464375019E1
2.170273132E1,3.060000038E1,-1.260000038E1,-1.526250076E1
2.172273198E1,2.985000038E1,-1.306875038E1,-1.503750038E1
2.174272808E1,2.990625191E1,-1.218750095E1,-1.513125038E1
2.176278888E1,3.030000114E1,-1.230000019E1,-1.515000057E1
2.178277522E1,3.020625114E1,-1.226250076E1,-1.556250095E1
2.180275842E1,3.007500076E1,-1.158750057E1,-1.533750057E1
2.182275194E1,3.075000191E1,-1.173750019E1,-1.464375019E1
2.184274262E1,3.084375191E1,-1.153125000E1,-1.505625057E1
2.186273155E1,3.026250076E1,-1.160625076E1,-1.503750038E1
2.188273066E1,3.016875076E1,-1.171875000E1,-1.483125019E1
2.190269400E1,3.015000153E1,-1.132500076E1,-1.462500095E1
2.192269442E1,3.005625153E1,-1.119375038E1,-1.524375057E1
2.194270334E1,3.016875076E1,-1.147500038E1,-1.545000076E1
2.196270720E1,3.007500076E1,-1.140000057E1,-1.503750038E1
2.198275217E1,3.045000076E1,-1.153125000E1,-1.483125019E1
2.200274918E1,3.065625191E1,-1.151250076E1,-1.515000057E1
2.202274152E1,2.996250153E1,-1.093125057E1,-1.616250038E1
2.204274208E1,2.938125038E1,-1.128750038E1,-1.490625095E1
2.206273807E1,2.949375153E1,-1.177500057E1,-1.511250019E1
2.208272926E1,2.958750153E1,-1.147500038E1,-1.533750057E1
2.210273133E1,2.926875114E1,-1.117500019E1,-1.500000095E1
2.212272883E1,2.956875038E1,-1.106250000E1,-1.563750076E1
2.214272286E1,2.898750114E1,-1.113750076E1,-1.552500057E1
2.216272581E1,2.889375114E1,-1.111875057E1,-1.582500076E1
2.218272420E1,2.934375191E1,-1.036875057E1,-1.552500057E1
2.220271926E1,2.917500114E1,-1.095000076E1,-1.561875057E1
2.222272405E1,2.925000191E1,-1.038750076E1,-1.511250019E1
2.224272252E1,2.906250191E1,-1.065000057E1,-1.541250038E1
2.226272847E1,2.878125191E1,-1.093125057E1,-1.571250057E1
2.228272902E1,2.880000114E1,-1.100625038E1,-1.603125000E1
2.230272486E1,2.831250191E1,-1.108125019E1,-1.612500000E1
2.232272968E1,2.771250153E1,-1.068750000E1,-1.578750038E1
2.234272902E1,2.840625191E1,-1.110000038E1,-1.601250076E1
2.236272447E1,2.859375191E1,-1.089375019E1,-1.623750114E1
2.238272802E1,2.878125191E1,-1.080000019E1,-1.633125114E1
2.240272678E1,2.857500076E1,-1.050000000E1,-1.601250076E1
2.242272188E1,2.780625153E1,-1.068750000E1,-1.590000057E1
2.244269288E1,2.810625076E1,-1.087500000E1,-1.621875000E1
2.246269902E1,2.799375153E1,-1.050000000E1,-1.590000057E1
2.248271183E1,2.793750191E1,-1.126875019E1,-1.631250000E1
2.250271818E1,2.771250153E1,-1.098750019E1,-1.590000057E1
2.252275322E1,2.773125076E1,-1.095000076E1,-1.640625000E1
2.254275342E1,2.790000153E1,-1.066875076E1,-1.642500114E1
2.256274801E1,2.801250076E1,-1.078125000E1,-1.621875000E1
2.258273890E1,2.838750076E1,-1.057500076E1,-1.653750038E1
2.260273858E1,2.846250153E1,-1.031250000E1,-1.580625057E1
2.262273313E1,2.771250153E1,-1.087500000E1,-1.610625076E1
2.264272614E1,2.761875153E1,-1.074375057E1,-1.651875114E1
2.266272772E1,2.838750076E1,-1.070625019E1,-1.580625057E1
2.268272513E1,2.780625153E1,-1.078125000E1,-1.599375057E1
2.270271930E1,2.801250076E1,-1.108125019E1,-1.590000057E1
2.272272230E1,2.761875153E1,-1.085625076E1,-1.631250000E1
2.274272117E1,2.820000076E1,-1.070625019E1,-1.590000057E1
2.276272775E1,2.780625153E1,-1.068750000E1,-1.590000057E1
2.278272842E1,2.769375038E1,-1.048125076E1,-1.599375057E1
2.280272479E1,2.808750153E1,-1.042500019E1,-1.537500095E1
2.282272931E1,2.769375038E1,-1.027500057E1,-1.599375057E1
2.284272751E1,2.788125038E1,-1.040625000E1,-1.578750038E1
2.286272339E1,2.778750038E1,-1.020000076E1,-1.590000057E1
2.288272727E1,2.799375153E1,-1.040625000E1,-1.569375038E1
2.290272625E1,2.859375191E1,-1.070625019E1,-1.591875076E1
2.292272138E1,2.808750153E1,-1.029375076E1,-1.610625076E1
2.294272468E1,2.838750076E1,-1.080000019E1,-1.591875076E1
2.296272361E1,2.842500114E1,-9.543750763E0,-1.539375019E1
2.298269775E1,2.825625038E1,-1.003125000E1,-1.548750019E1
2.300270585E1,2.855625153E1,-1.021875000E1,-1.580625057E1
2.302270898E1,2.885625076E1,-1.001250076E1,-1.623750114E1
2.304271914E1,2.806875038E1,-1.016250038E1,-1.496250057E1
2.306275697E1,2.848125076E1,-1.055625057E1,-1.507500076E1
2.308274812E1,2.790000153E1,-1.057500076E1,-1.620000076E1
2.310274694E1,2.820000076E1,-1.089375019E1,-1.601250076E1
2.312274123E1,2.827500153E1,-1.033125019E1,-1.560000038E1
2.314273224E1,2.846250153E1,-1.001250076E1,-1.601250076E1
2.316273104E1,2.866875076E1,-1.050000000E1,-1.603125000E1
2.318272759E1,2.895000076E1,-1.025625038E1,-1.550625038E1
2.320273233E1,2.818125153E1,-1.027500057E1,-1.642500114E1
2.322273192E1,2.887500191E1,-1.053750038E1,-1.561875057E1
2.324272753E1,2.818125153E1,-1.038750076E1,-1.610625076E1
2.326273143E1,2.791875076E1,-1.087500000E1,-1.610625076E1
2.328273071E1,2.840625191E1,-1.096875000E1,-1.665000153E1
2.330272742E1,2.870625114E1,-1.096875000E1,-1.655625153E1
2.332273058E1,2.829375076E1,-1.057500076E1,-1.633125114E1
2.334272918E1,2.848125076E1,-1.029375076E1,-1.612500000E1
2.336272397E1,2.857500076E1,-1.027500057E1,-1.653750038E1
2.338272602E1,2.876250076E1,-1.042500019E1,-1.591875076E1
2.340272516E1,2.821875191E1,-1.108125019E1,-1.612500000E1
2.342272019E1,2.840625191E1,-1.087500000E1,-1.653750038E1
2.344272380E1,2.810625076E1,-1.085625076E1,-1.663125038E1
2.346272265E1,2.793750191E1,-1.132500076E1,-1.683750153E1
2.348272913E1,2.763750076E1,-1.136250019E1,-1.610625076E1
2.350273037E1,2.761875153E1,-1.063125038E1,-1.661250114E1
2.352270580E1,2.803125191E1,-1.115625000E1,-1.651875114E1
2.354271503E1,2.801250076E1,-1.074375057E1,-1.663125038E1
2.356271878E1,2.780625153E1,-1.063125038E1,-1.693125153E1
2.358271778E1,2.820000076E1,-1.059375000E1,-1.590000057E1
2.360275829E1,2.763750076E1,-1.121250057E1,-1.693125153E1
2.362275156E1,2.812500191E1,-1.125000000E1,-1.674375153E1
2.364274104E1,2.773125076E1,-1.091250038E1,-1.704375076E1
2.366273929E1,2.848125076E1,-1.063125038E1,-1.560000038E1
2.368273388E1,2.743125153E1,-1.093125057E1,-1.650000000E1
2.370273540E1,2.771250153E1,-1.040625000E1,-1.745625114E1
2.372273434E1,2.870625114E1,-1.083750057E1,-1.717500114E1
2.374274025E1,2.790000153E1,-1.023750019E1,-1.693125153E1
2.376274080E1,2.731875038E1,-1.018125057E1,-1.764375114E1
2.378273710E1,2.760000038E1,-1.008750057E1,-1.764375114E1
2.380273015E1,2.722500038E1,-1.057500076E1,-1.743750000E1
2.382273212E1,2.733750153E1,-1.057500076E1,-1.775625038E1
2.384272973E1,2.724375153E1,-1.053750038E1,-1.805625153E1
2.386272415E1,2.731875038E1,-1.040625000E1,-1.723125076E1
2.388272682E1,2.731875038E1,-1.020000076E1,-1.732500076E1
2.390272517E1,2.743125153E1,-1.042500019E1,-1.837500000E1
2.392271996E1,2.743125153E1,-1.023750019E1,-1.837500000E1
2.394272374E1,2.743125153E1,-1.046250057E1,-1.785000038E1
2.396272226E1,2.752500153E1,-1.021875000E1,-1.869375038E1
2.398272864E1,2.715000153E1,-1.063125038E1,-1.826250076E1
2.400272991E1,2.724375153E1,-1.053750038E1,-1.826250076E1
2.402272657E1,2.703750038E1,-1.044375038E1,-1.785000038E1
2.404273130E1,2.686875153E1,-1.066875076E1,-1.920000076E1
2.406269841E1,2.626875114E1,-1.091250038E1,-1.792500114E1
2.408270117E1,2.647500038E1,-1.081875038E1,-1.803750038E1
2.410271145E1,2.686875153E1,-1.078125000E1,-1.908750153E1
2.412271580E1,2.685000038E1,-1.031250000E1,-1.835625076E1
2.414276036E1,2.675625038E1,-1.029375076E1,-1.888125038E1
2.416275708E1,2.645625114E1,-1.040625000E1,-1.845000076E1
2.418274869E1,2.626875114E1,-1.048125076E1,-1.854375076E1
2.420274876E1,2.598750114E1,-1.068750000E1,-1.822500038E1
2.422274393E1,2.628750038E1,-1.096875000E1,-1.886250114E1
2.424273443E1,2.608125114E1,-1.076250076E1,-1.886250114E1
2.426273592E1,2.559375191E1,-1.063125038E1,-1.905000114E1
2.428273294E1,2.568750191E1,-1.035000038E1,-1.884375000E1
2.430272661E1,2.638125038E1,-1.089375019E1,-1.835625076E1
2.432272931E1,2.615625191E1,-1.027500057E1,-1.865625000E1
2.434272745E1,2.617500114E1,-1.078125000E1,-1.854375076E1
2.436273348E1,2.596875191E1,-1.061250019E1,-1.781250000E1
2.438273464E1,2.568750191E1,-1.046250057E1,-1.852500153E1
2.440273098E1,2.578125191E1,-1.059375000E1,-1.811250114E1
2.442272412E1,2.580000114E1,-1.074375057E1,-1.884375000E1
2.444272619E1,2.589375114E1,-1.095000076E1,-1.886250114E1
2.446272290E1,2.617500114E1,-1.068750000E1,-1.833750153E1
2.448272924E1,2.596875191E1,-1.020000076E1,-1.833750153E1
2.450272979E1,2.585625076E1,-1.021875000E1,-1.790625000E1
2.452272610E1,2.604375076E1,-1.012500000E1,-1.792500114E1
2.454273059E1,2.566875076E1,-1.040625000E1,-1.801875114E1
2.456272970E1,2.566875076E1,-1.027500057E1,-1.831875038E1
2.458272544E1,2.568750191E1,-1.044375038E1,-1.895625114E1
2.460270784E1,2.561250114E1,-1.104375076E1,-1.875000000E1
2.462271157E1,2.510625076E1,-1.066875076E1,-1.809375000E1
2.464271095E1,2.529375076E1,-1.057500076E1,-1.811250114E1
2.466271808E1,2.636250114E1,-1.066875076E1,-1.719375038E1
2.468276500E1,2.516250038E1,-9.975000381E0,-1.830000114E1
2.470276327E1,2.566875076E1,-1.051875019E1,-1.770000076E1
2.472275616E1,2.548125076E1,-1.025625038E1,-1.863750076E1
2.474274561E1,2.538750076E1,-1.035000038E1,-1.873125076E1
2.476274422E1,2.499375153E1,-1.068750000E1,-1.788750076E1
2.478273742E1,2.548125076E1,-1.057500076E1,-1.831875038E1
2.480274097E1,2.531250191E1,-1.115625000E1,-1.852500153E1
2.482273985E1,2.499375153E1,-1.057500076E1,-1.820625114E1
2.484273468E1,2.520000076E1,-1.061250019E1,-1.914375114E1
2.486272679E1,2.557500076E1,-1.023750019E1,-1.914375114E1
2.488272809E1,2.518125153E1,-9.956250191E0,-1.850625038E1
2.490273681E1,2.497500038E1,-1.005000019E1,-1.861875153E1
2.492272856E1,2.559375191E1,-1.053750038E1,-1.893750000E1
2.494272918E1,2.512500191E1,-1.083750057E1,-1.882500076E1
2.496272567E1,2.540625191E1,-1.061250019E1,-1.925625038E1
2.498273038E1,2.482500076E1,-1.080000019E1,-1.923750114E1
2.500272896E1,2.495625114E1,-1.126875019E1,-1.966875076E1
2.502272527E1,2.512500191E1,-1.089375019E1,-1.946250153E1
2.504272966E1,2.531250191E1,-1.091250038E1,-1.925625038E1
2.506272887E1,2.520000076E1,-1.020000076E1,-1.965000153E1
2.508272431E1,2.490000153E1,-1.029375076E1,-1.944375038E1
2.510272787E1,2.538750076E1,-1.033125019E1,-1.905000114E1
2.512272720E1,2.548125076E1,-1.044375038E1,-1.884375000E1
2.514270122E1,2.550000191E1,-1.053750038E1,-1.893750000E1
2.516270966E1,2.514375114E1,-1.130625057E1,-1.925625038E1
2.518271285E1,2.531250191E1,-1.059375000E1,-1.976250076E1
2.520272267E1,2.533125114E1,-1.117500019E1,-1.978125000E1
2.522276050E1,2.521875191E1,-1.091250038E1,-1.925625038E1
2.524275171E1,2.598750114E1,-1.044375038E1,-1.927500153E1
2.526275070E1,2.566875076E1,-1.023750019E1,-1.916250038E1
2.528274500E1,2.606250191E1,-9.806250572E0,-1.989375114E1
2.530273618E1,2.566875076E1,-1.025625038E1,-1.895625114E1
2.532273494E1,2.568750191E1,-1.035000038E1,-1.895625114E1
2.534273167E1,2.550000191E1,-1.031250000E1,-1.955625153E1
2.536273623E1,2.608125114E1,-1.044375038E1,-1.927500153E1
2.538273589E1,2.589375114E1,-1.061250019E1,-1.968750000E1
2.540273153E1,2.550000191E1,-1.072500038E1,-1.914375114E1
2.542272415E1,2.550000191E1,-1.027500057E1,-2.008125114E1
2.544273722E1,2.645625114E1,-1.036875057E1,-1.897500038E1
2.546273233E1,2.636250114E1,-1.003125000E1,-1.968750000E1
2.548273541E1,2.664375114E1,-1.003125000E1,-1.980000114E1
2.550273378E1,2.673750114E1,-1.006875038E1,-1.908750153E1
2.552272855E1,2.636250114E1,-1.036875057E1,-1.886250114E1
2.554273132E1,2.630625153E1,-1.102500057E1,-1.948125076E1
2.556273000E1,2.705625153E1,-1.059375000E1,-1.867500114E1
2.558272482E1,2.636250114E1,-1.044375038E1,-1.927500153E1
2.560272817E1,2.598750114E1,-1.057500076E1,-1.875000000E1
2.562272675E1,2.675625038E1,-1.044375038E1,-1.959375000E1
2.564272174E1,2.647500038E1,-1.066875076E1,-1.906875038E1
2.566271423E1,2.812500191E1,-1.078125000E1,-1.788750076E1
2.568269444E1,2.745000076E1,-1.059375000E1,-1.899375153E1
2.570270808E1,2.715000153E1,-1.072500038E1,-1.846875000E1
2.572271526E1,2.677500153E1,-1.066875076E1,-1.908750153E1
2.574271720E1,2.716875076E1,-1.095000076E1,-1.951875114E1
2.576275966E1,2.688750076E1,-1.117500019E1,-1.899375153E1
2.578275441E1,2.707500076E1,-1.106250000E1,-1.931250000E1
2.580274501E1,2.677500153E1,-1.076250076E1,-1.929375076E1
2.582274392E1,2.656875038E1,-1.076250076E1,-1.918125153E1
2.584273866E1,2.705625153E1,-1.068750000E1,-1.899375153E1
2.586272952E1,2.675625038E1,-1.025625038E1,-1.929375076E1
2.588271946E1,2.668125153E1,-1.096875000E1,-1.897500038E1
2.590273035E1,2.636250114E1,-1.035000038E1,-1.918125153E1
2.592272385E1,2.617500114E1,-1.065000057E1,-1.906875038E1
2.594272588E1,2.630625153E1,-1.115625000E1,-1.906875038E1
2.596272377E1,2.640000153E1,-1.115625000E1,-1.918125153E1
2.598272979E1,2.600625038E1,-1.100625038E1,-1.968750000E1
2.600273060E1,2.621250153E1,-1.130625057E1,-1.980000114E1
2.602272685E1,2.593125153E1,-1.126875019E1,-2.021250153E1
2.604273084E1,2.542500114E1,-1.091250038E1,-1.935000038E1
2.606273021E1,2.619375038E1,-1.072500038E1,-1.959375000E1
2.608272501E1,2.561250114E1,-1.081875038E1,-1.936875153E1
2.610271733E1,2.598750114E1,-1.072500038E1,-1.927500153E1
2.612271873E1,2.531250191E1,-1.089375019E1,-1.955625153E1
2.614271600E1,2.473125076E1,-1.066875076E1,-1.965000153E1
2.616272128E1,2.473125076E1,-1.098750019E1,-1.944375038E1
2.618272168E1,2.475000191E1,-1.111875057E1,-2.038125038E1
2.620271832E1,2.503125191E1,-1.095000076E1,-2.008125114E1
2.622270156E1,2.486250114E1,-1.111875057E1,-2.049375153E1
2.624270576E1,2.443125153E1,-1.065000057E1,-2.006250000E1
2.626271683E1,2.482500076E1,-1.042500019E1,-2.047500038E1
2.628272176E1,2.473125076E1,-1.098750019E1,-1.944375038E1
2.630277789E1,2.463750076E1,-1.081875038E1,-2.038125038E1
2.632276050E1,2.424375153E1,-1.072500038E1,-2.004375076E1
2.634275209E1,2.394375038E1,-1.008750057E1,-2.066250038E1
2.636274078E1,2.405625153E1,-1.066875076E1,-2.098125076E1
2.638273864E1,2.386875153E1,-1.063125038E1,-2.148750114E1
2.640273164E1,2.366250038E1,-1.055625057E1,-2.107500076E1
2.642272397E1,2.370000076E1,-1.104375076E1,-2.139375114E1
2.644273629E1,2.375625038E1,-1.016250038E1,-2.096250153E1
2.646273119E1,2.366250038E1,-1.025625038E1,-2.107500076E1
2.648273430E1,2.394375038E1,-1.014375019E1,-2.139375114E1
2.650273275E1,2.415000153E1,-1.014375019E1,-2.150625038E1
2.652273892E1,2.413125038E1,-1.005000019E1,-2.171250153E1
2.654272836E1,2.345625114E1,-9.825000763E0,-2.158125114E1
2.656272715E1,2.326875114E1,-1.021875000E1,-2.158125114E1
2.658272247E1,2.340000153E1,-1.066875076E1,-2.240625000E1
2.660272622E1,2.280000114E1,-1.035000038E1,-2.238750076E1
2.662272405E1,2.308125114E1,-1.036875057E1,-2.240625000E1
2.664272024E1,2.328750038E1,-1.050000000E1,-2.199375153E1
2.666272416E1,2.396250153E1,-1.057500076E1,-2.086875153E1
2.668272337E1,2.338125038E1,-1.016250038E1,-2.272500038E1
2.670273003E1,2.336250114E1,-1.006875038E1,-2.251875114E1
2.672273110E1,2.355000114E1,-9.993750572E0,-2.210625076E1
2.674272806E1,2.364375114E1,-9.693750381E0,-2.220000076E1
2.676271160E1,2.278125000E1,-1.029375076E1,-2.167500114E1
2.678271598E1,2.298750114E1,-1.038750076E1,-2.188125038E1
2.680271560E1,2.308125114E1,-1.018125057E1,-2.220000076E1
2.682272261E1,2.308125114E1,-1.006875038E1,-2.250000000E1
2.684276947E1,2.298750114E1,-1.018125057E1,-2.208750153E1
2.686275638E1,2.308125114E1,-1.006875038E1,-2.229375076E1
2.688275173E1,2.317500114E1,-9.862500191E0,-2.250000000E1
2.690274344E1,2.373750114E1,-9.712500572E0,-2.190000153E1
2.692273272E1,2.353125000E1,-9.318750381E0,-2.199375153E1
2.694273016E1,2.381250000E1,-9.131250381E0,-2.190000153E1
2.696272641E1,2.353125000E1,-9.225000381E0,-2.188125038E1
2.698274147E1,2.332500076E1,-9.187500000E0,-2.220000076E1
2.700273802E1,2.411250114E1,-9.112500191E0,-2.242500114E1
2.702273112E1,2.398125076E1,-8.606250763E0,-2.231250000E1
2.704273304E1,2.418750191E1,-8.587500572E0,-2.283750153E1
2.706274224E1,2.377500153E1,-8.118750572E0,-2.231250000E1
2.708273418E1,2.418750191E1,-8.700000763E0,-2.253750038E1
2.710273468E1,2.416875076E1,-8.100000381E0,-2.283750153E1
2.712273095E1,2.443125153E1,-7.612500191E0,-2.274375153E1
2.714272406E1,2.463750076E1,-7.818750381E0,-2.285625076E1
2.716272683E1,2.446875191E1,-8.418750763E0,-2.242500114E1
2.718272490E1,2.437500191E1,-8.306250572E0,-2.263125038E1
2.720273027E1,2.446875191E1,-8.531250000E0,-2.221875000E1
2.722273067E1,2.390625000E1,-8.906250000E0,-2.231250000E1
2.724272701E1,2.431875038E1,-9.412500381E0,-2.242500114E1
2.726273135E1,2.373750114E1,-9.562500000E0,-2.283750153E1
2.728273098E1,2.403750038E1,-9.900000572E0,-2.242500114E1
2.730270526E1,2.431875038E1,-9.843750000E0,-2.180625153E1
2.732271364E1,2.441250038E1,-9.337500572E0,-2.191875076E1
2.734271681E1,2.443125153E1,-9.806250572E0,-2.244375038E1
2.736271561E1,2.473125076E1,-9.806250572E0,-2.255625153E1
2.738276747E1,2.443125153E1,-9.825000763E0,-2.212500000E1
2.740275809E1,2.422500038E1,-9.656250000E0,-2.171250153E1
2.742274550E1,2.385000038E1,-9.918750763E0,-2.190000153E1
2.744274198E1,2.375625038E1,-1.001250076E1,-2.210625076E1
2.746273489E1,2.373750114E1,-9.956250191E0,-2.137500000E1
2.748273527E1,2.296875000E1,-1.003125000E1,-2.135625076E1
2.750273330E1,2.385000038E1,-1.023750019E1,-2.160000038E1
2.752268385E1,2.368125153E1,-1.036875057E1,-2.251875114E1
2.754269666E1,2.385000038E1,-9.937500000E0,-2.169375038E1
2.756270430E1,2.415000153E1,-1.014375019E1,-2.180625153E1
2.758270689E1,2.403750038E1,-1.003125000E1,-2.169375038E1
2.760272808E1,2.433750153E1,-9.956250191E0,-2.171250153E1
2.762272947E1,2.373750114E1,-9.525000572E0,-2.199375153E1
2.764272559E1,2.403750038E1,-1.005000019E1,-2.160000038E1
2.766272938E1,2.356875038E1,-1.023750019E1,-2.158125114E1
2.768272794E1,2.364375114E1,-9.825000763E0,-2.169375038E1
2.770273271E1,2.347500038E1,-1.029375076E1,-2.199375153E1
2.772273391E1,2.386875153E1,-1.044375038E1,-2.160000038E1
2.774273004E1,2.424375153E1,-1.033125019E1,-2.203125000E1
2.776273395E1,2.392500114E1,-9.431250572E0,-2.180625153E1
2.778273294E1,2.401875114E1,-9.543750763E0,-2.180625153E1
2.780272790E1,2.383125114E1,-9.768750191E0,-2.116875076E1
2.782273143E1,2.401875114E1,-9.450000763E0,-2.148750114E1
2.784270878E1,2.411250114E1,-9.562500000E0,-2.128125000E1
2.786270834E1,2.400000000E1,-9.150000572E0,-2.160000038E1
2.788271588E1,2.373750114E1,-9.956250191E0,-2.137500000E1
2.790271820E1,2.336250114E1,-9.993750572E0,-2.199375153E1
2.792277280E1,2.325000000E1,-9.600000381E0,-2.188125038E1
2.794276534E1,2.375625038E1,-9.787500381E0,-2.242500114E1
2.796275390E1,2.336250114E1,-9.787500381E0,-2.231250000E1
2.798275123E1,2.306250000E1,-9.675000191E0,-2.220000076E1
2.800274474E1,2.345625114E1,-9.918750763E0,-2.169375038E1
2.802273394E1,2.400000000E1,-9.131250381E0,-2.210625076E1
2.804272348E1,2.362500000E1,-9.131250381E0,-2.190000153E1
2.806267883E1,2.360625076E1,-8.925000191E0,-2.199375153E1
2.808268468E1,2.349375153E1,-8.662500381E0,-2.115000153E1
2.810269815E1,2.341875076E1,-9.243750572E0,-2.137500000E1
2.812270569E1,2.353125000E1,-9.337500572E0,-2.158125114E1
2.814273062E1,2.343750000E1,-9.600000381E0,-2.210625076E1
2.816273464E1,2.418750191E1,-9.225000381E0,-2.045625114E1
2.818273298E1,2.323125076E1,-9.187500000E0,-2.220000076E1
2.820273812E1,2.343750000E1,-9.393750191E0,-2.208750153E1
2.822273771E1,2.401875114E1,-9.525000572E0,-2.210625076E1
2.824273329E1,2.390625000E1,-8.831250191E0,-2.199375153E1
2.826273667E1,2.428125191E1,-8.831250191E0,-2.221875000E1
2.828273486E1,2.426250076E1,-8.718750000E0,-2.075625038E1
2.830272905E1,2.416875076E1,-8.662500381E0,-2.160000038E1
2.832273189E1,2.458125114E1,-9.056250572E0,-2.171250153E1
2.834273000E1,2.448750114E1,-9.281250000E0,-2.139375114E1
2.836273608E1,2.448750114E1,-9.093750000E0,-2.098125076E1
2.838271556E1,2.488125038E1,-9.412500381E0,-2.088750076E1
2.840271637E1,2.450625038E1,-9.693750381E0,-2.098125076E1
2.842272495E1,2.431875038E1,-9.881250381E0,-2.118750000E1
2.844272772E1,2.510625076E1,-1.012500000E1,-2.090625000E1
2.846277117E1,2.497500038E1,-9.431250572E0,-2.058750153E1
2.848276651E1,2.508750153E1,-9.862500191E0,-2.026875114E1
2.850275724E1,2.555625153E1,-9.243750572E0,-2.070000076E1
2.852274514E1,2.576250076E1,-9.487500191E0,-2.028750038E1
2.854274267E1,2.613750076E1,-9.412500381E0,-1.989375114E1
2.856273521E1,2.604375076E1,-9.506250381E0,-1.989375114E1
2.858273887E1,2.611875153E1,-9.243750572E0,-1.936875153E1
2.860274855E1,2.587500191E1,-1.033125019E1,-1.936875153E1
2.862274082E1,2.595000076E1,-9.956250191E0,-1.916250038E1
2.864273063E1,2.673750114E1,-9.918750763E0,-2.000625038E1
2.866273001E1,2.610000038E1,-1.061250019E1,-1.980000114E1
2.868273739E1,2.587500191E1,-1.014375019E1,-1.925625038E1
2.870273958E1,2.645625114E1,-1.025625038E1,-1.906875038E1
2.872273675E1,2.595000076E1,-9.843750000E0,-1.916250038E1
2.874273067E1,2.636250114E1,-1.027500057E1,-1.886250114E1
2.876273309E1,2.643750191E1,-9.787500381E0,-1.886250114E1
2.878273039E1,2.662500191E1,-9.787500381E0,-1.886250114E1
2.880273679E1,2.653125191E1,-9.862500191E0,-1.918125153E1
2.882273733E1,2.613750076E1,-1.001250076E1,-1.813125038E1
2.884273372E1,2.656875038E1,-1.074375057E1,-1.929375076E1
2.886272681E1,2.625000191E1,-1.016250038E1,-1.895625114E1
2.888272869E1,2.619375038E1,-1.083750057E1,-1.918125153E1
2.890272650E1,2.559375191E1,-1.063125038E1,-1.905000114E1
2.892272206E1,2.587500191E1,-1.033125019E1,-1.925625038E1
2.894272468E1,2.578125191E1,-1.053750038E1,-1.916250038E1
2.896272290E1,2.510625076E1,-1.070625019E1,-1.914375114E1
2.898272911E1,2.559375191E1,-1.063125038E1,-1.905000114E1
2.900277530E1,2.520000076E1,-1.036875057E1,-1.987500000E1
2.902276134E1,2.598750114E1,-1.044375038E1,-1.927500153E1
2.904275607E1,2.587500191E1,-1.003125000E1,-1.946250153E1
2.906274745E1,2.548125076E1,-1.023750019E1,-1.914375114E1
2.908273650E1,2.548125076E1,-1.008750057E1,-1.987500000E1
2.910273374E1,2.518125153E1,-1.012500000E1,-1.923750114E1
2.912274072E1,2.520000076E1,-1.031250000E1,-1.923750114E1
2.914268783E1,2.501250076E1,-1.038750076E1,-1.976250076E1
2.916269753E1,2.480625153E1,-1.018125057E1,-1.974375153E1
2.918270247E1,2.480625153E1,-1.038750076E1,-1.953750038E1
2.920271449E1,2.501250076E1,-1.044375038E1,-2.038125038E1
2.922273188E1,2.471250153E1,-1.012500000E1,-2.047500038E1
2.924272994E1,2.499375153E1,-9.750000000E0,-2.047500038E1
2.926273471E1,2.531250191E1,-1.023750019E1,-2.070000076E1
2.928273413E1,2.578125191E1,-9.843750000E0,-2.071875000E1
2.930272936E1,2.488125038E1,-9.450000763E0,-2.026875114E1
2.932273239E1,2.544375038E1,-9.206250191E0,-1.966875076E1
2.934273125E1,2.499375153E1,-9.825000763E0,-2.079375076E1
2.936272580E1,2.471250153E1,-1.014375019E1,-2.038125038E1
2.938272873E1,2.422500038E1,-1.012500000E1,-2.036250114E1
2.940272688E1,2.430000114E1,-9.712500572E0,-2.056875038E1
2.942272178E1,2.392500114E1,-9.768750191E0,-2.116875076E1
2.944271388E1,2.422500038E1,-1.010625076E1,-2.066250038E1
2.946270528E1,2.424375153E1,-1.027500057E1,-2.130000114E1
2.948271582E1,2.452500153E1,-9.956250191E0,-2.161875153E1
2.950272049E1,2.422500038E1,-1.006875038E1,-2.118750000E1
2.952272013E1,2.430000114E1,-9.618750572E0,-2.045625114E1
2.954277241E1,2.469375038E1,-9.543750763E0,-2.047500038E1
2.956276351E1,2.430000114E1,-9.187500000E0,-2.107500076E1
2.958275068E1,2.418750191E1,-9.075000763E0,-2.139375114E1
2.960274695E1,2.400000000E1,-9.281250000E0,-2.116875076E1
2.962273978E1,2.411250114E1,-9.375000000E0,-2.128125000E1
2.964272863E1,2.441250038E1,-9.468750000E0,-2.150625038E1
2.966271787E1,2.411250114E1,-9.525000572E0,-2.190000153E1
2.968267342E1,2.353125000E1,-9.637500763E0,-2.146875000E1
2.970269045E1,2.413125038E1,-9.881250381E0,-2.118750000E1
2.972270130E1,2.383125114E1,-9.637500763E0,-2.158125114E1
2.974270669E1,2.381250000E1,-9.450000763E0,-2.148750114E1
2.976274115E1,2.390625000E1,-9.168750763E0,-2.116875076E1
2.978274098E1,2.458125114E1,-9.056250572E0,-2.171250153E1
2.980273588E1,2.497500038E1,-9.225000381E0,-2.100000000E1
2.982273828E1,2.467500114E1,-8.906250000E0,-2.109375000E1
2.984273565E1,2.456250191E1,-8.793750763E0,-2.109375000E1
2.986272811E1,2.448750114E1,-9.000000000E0,-2.118750000E1
2.988271962E1,2.467500114E1,-8.906250000E0,-2.109375000E1
2.990271984E1,2.488125038E1,-9.281250000E0,-2.173125076E1
2.992271642E1,2.418750191E1,-9.112500191E0,-2.075625038E1
2.994272106E1,2.456250191E1,-8.606250763E0,-2.098125076E1
2.996272085E1,2.480625153E1,-9.768750191E0,-2.173125076E1
2.998271699E1,2.527500153E1,-9.525000572E0,-2.111250114E1
3.000271147E1,2.555625153E1,-9.112500191E0,-2.143125153E1
3.002271299E1,2.548125076E1,-9.581250191E0,-2.175000000E1
3.004272170E1,2.593125153E1,-8.887500763E0,-2.040000153E1
3.006272451E1,2.576250076E1,-9.675000191E0,-2.019375038E1
3.008277915E1,2.611875153E1,-9.037500381E0,-1.966875076E1
3.010276069E1,2.632500076E1,-8.887500763E0,-2.051250076E1
3.012275137E1,2.662500191E1,-9.337500572E0,-1.968750000E1
3.014273934E1,2.643750191E1,-9.637500763E0,-1.959375000E1
3.016273709E1,2.653125191E1,-9.637500763E0,-1.959375000E1
3.018273088E1,2.703750038E1,-9.993750572E0,-1.908750153E1
3.020272342E1,2.641875076E1,-9.468750000E0,-1.927500153E1
3.022268085E1,2.701875114E1,-9.768750191E0,-1.929375076E1
3.024268799E1,2.694375038E1,-1.016250038E1,-1.929375076E1
3.026270228E1,2.662500191E1,-9.656250000E0,-1.927500153E1
3.028271032E1,2.741250038E1,-9.581250191E0,-1.940625000E1
3.030273571E1,2.780625153E1,-1.023750019E1,-1.848750114E1
3.032274019E1,2.808750153E1,-9.731250763E0,-1.880625153E1
3.034273807E1,2.790000153E1,-1.018125057E1,-1.775625038E1
3.036273193E1,2.820000076E1,-1.029375076E1,-1.777500153E1
3.038273386E1,2.848125076E1,-1.010625076E1,-1.777500153E1
3.040272997E1,2.898750114E1,-1.044375038E1,-1.726875114E1
3.042272428E1,2.866875076E1,-9.937500000E0,-1.747500038E1
3.044272676E1,2.868750191E1,-1.046250057E1,-1.685625076E1
3.046272463E1,2.878125191E1,-1.025625038E1,-1.695000076E1
3.048273050E1,2.859375191E1,-1.085625076E1,-1.695000076E1
3.050273082E1,2.915625191E1,-1.027500057E1,-1.696875000E1
3.052272718E1,2.891250038E1,-1.102500057E1,-1.738125038E1
3.054272170E1,2.915625191E1,-1.051875019E1,-1.623750114E1
3.056272298E1,2.956875038E1,-1.061250019E1,-1.636875153E1
3.058272028E1,2.986875153E1,-1.083750057E1,-1.627500153E1
3.060272559E1,3.016875076E1,-1.091250038E1,-1.659375000E1
3.062279327E1,3.031875038E1,-1.035000038E1,-1.606875038E1
3.064277383E1,3.101250076E1,-1.029375076E1,-1.599375057E1
3.066276359E1,3.080625153E1,-1.021875000E1,-1.535625076E1
3.068275088E1,3.082500076E1,-1.070625019E1,-1.546875095E1
3.070274775E1,3.120000076E1,-1.042500019E1,-1.537500095E1
3.072273989E1,3.101250076E1,-1.074375057E1,-1.505625057E1
3.074273176E1,3.110625076E1,-1.108125019E1,-1.411875057E1
3.076268912E1,3.131250191E1,-1.117500019E1,-1.434375095E1
3.078269642E1,3.129375076E1,-1.068750000E1,-1.423125076E1
3.080269956E1,3.148125076E1,-1.081875038E1,-1.381875038E1
3.082271010E1,3.133125114E1,-1.126875019E1,-1.464375019E1
3.084273787E1,3.121875191E1,-1.126875019E1,-1.443750095E1
3.086273278E1,3.131250191E1,-1.117500019E1,-1.455000019E1
3.088273518E1,3.151875114E1,-1.140000057E1,-1.413750076E1
3.090273262E1,3.170625114E1,-1.141875076E1,-1.383750057E1
3.092272619E1,3.228750229E1,-1.132500076E1,-1.415625095E1
3.094272728E1,3.210000229E1,-1.153125000E1,-1.374375057E1
3.096272545E1,3.161250114E1,-1.140000057E1,-1.404375076E1
3.098273118E1,3.200625229E1,-1.164375019E1,-1.374375057E1
3.100273147E1,3.200625229E1,-1.134375000E1,-1.363125038E1
3.102272756E1,3.219375229E1,-1.136250019E1,-1.353750038E1
3.104273149E1,3.221250153E1,-1.173750019E1,-1.374375057E1
3.106273094E1,3.170625114E1,-1.136250019E1,-1.320000076E1
3.108271625E1,3.168750191E1,-1.106250000E1,-1.331250095E1
3.110272191E1,3.191250038E1,-1.166250038E1,-1.331250095E1
3.112272242E1,3.211875153E1,-1.194375038E1,-1.363125038E1
3.114271898E1,3.200625229E1,-1.147500038E1,-1.321875095E1
3.116278059E1,3.211875153E1,-1.194375038E1,-1.342500019E1
3.118276753E1,3.240000153E1,-1.179375076E1,-1.303125095E1
3.120276256E1,3.211875153E1,-1.196250057E1,-1.312500095E1
3.122275408E1,3.230625153E1,-1.188750076E1,-1.291875076E1
3.124274262E1,3.290625000E1,-1.230000019E1,-1.314375019E1
3.126273976E1,3.270000076E1,-1.186875057E1,-1.344375038E1
3.128273516E1,3.298125076E1,-1.179375076E1,-1.314375019E1
3.130269530E1,3.309375000E1,-1.198125076E1,-1.335000038E1
3.132270441E1,3.307500076E1,-1.185000038E1,-1.241250038E1
3.134270862E1,3.288750076E1,-1.185000038E1,-1.220625019E1
3.136270860E1,3.326250076E1,-1.170000076E1,-1.170000076E1
3.138273914E1,3.356250000E1,-1.188750076E1,-1.181250000E1
3.140273657E1,3.337500000E1,-1.186875057E1,-1.211250019E1
3.142272976E1,3.375000000E1,-1.170000076E1,-1.171875000E1
3.144273130E1,3.463125229E1,-1.192500019E1,-1.194375038E1
3.146272829E1,3.376875305E1,-1.235625076E1,-1.089375019E1
3.148273257E1,3.442500305E1,-1.196250057E1,-1.121250057E1
3.150273267E1,3.425625229E1,-1.246875095E1,-1.089375019E1
3.152272818E1,3.465000153E1,-1.258125019E1,-1.080000019E1
3.154273178E1,3.446250153E1,-1.290000057E1,-1.038750076E1
3.156273064E1,3.436875153E1,-1.291875076E1,-9.862500191E0
3.158272565E1,3.487500000E1,-1.344375038E1,-9.581250191E0
3.160272922E1,3.496875000E1,-1.321875095E1,-1.020000076E1
3.162271796E1,3.555000305E1,-1.336875057E1,-9.693750381E0
3.164271506E1,3.493125153E1,-1.299375057E1,-8.737500191E0
3.166272053E1,3.564375305E1,-1.353750038E1,-8.550000191E0
3.168272091E1,3.560625076E1,-1.318125057E1,-7.837500095E0
3.170277369E1,3.571875000E1,-1.338750076E1,-7.725000381E0
3.172276519E1,3.669375229E1,-1.363125038E1,-7.350000381E0
3.174275284E1,3.637500000E1,-1.316250038E1,-6.806250095E0
3.176274983E1,3.637500000E1,-1.329375076E1,-6.093750477E0
3.178274292E1,3.676875305E1,-1.340625095E1,-6.300000191E0
3.180273222E1,3.697500229E1,-1.365000057E1,-5.381250381E0
3.182273283E1,3.699375153E1,-1.395000076E1,-5.381250381E0
3.184268589E1,3.725625229E1,-1.359375095E1,-4.762500286E0
3.186268959E1,3.744375229E1,-1.374375057E1,-4.143750191E0
3.188270125E1,3.793125153E1,-1.378125095E1,-3.637500048E0
3.190270712E1,3.763125229E1,-1.391250038E1,-2.906250000E0
3.192274226E1,3.791250229E1,-1.346250057E1,-2.400000095E0
3.194274284E1,3.811875153E1,-1.378125095E1,-2.081250191E0
3.196273792E1,3.819375229E1,-1.353750038E1,-1.256250024E0
3.198274084E1,3.808125305E1,-1.312500095E1,-1.462500095E0
3.200273874E1,3.875625229E1,-1.338750076E1,-6.562500000E-1
3.202273128E1,3.875625229E1,-1.327500057E1,-7.500000000E-1
3.204273428E1,3.883125305E1,-1.295625019E1,4.875000119E-1
3.206273218E1,3.941250229E1,-1.305000019E1,1.687500030E-1
3.208272635E1,3.892500305E1,-1.310625076E1,1.218750000E0
3.210272914E1,3.913125229E1,-1.331250095E1,1.218750000E0
3.212272750E1,3.911250305E1,-1.303125095E1,1.631250024E0
3.214273375E1,3.873750305E1,-1.331250095E1,1.425000072E0
3.216272446E1,3.892500305E1,-1.335000038E1,2.156250000E0
3.218272305E1,3.903750229E1,-1.366875076E1,2.250000000E0
3.220272918E1,3.855000305E1,-1.376250076E1,2.475000143E0
3.222273019E1,3.828750229E1,-1.436250019E1,2.681250095E0
3.224278344E1,3.817500305E1,-1.447500038E1,3.206250191E0
3.226277515E1,3.826875305E1,-1.408125019E1,3.000000000E0
3.228276286E1,3.826875305E1,-1.430625057E1,3.412500143E0
3.230274848E1,3.796875000E1,-1.421250057E1,3.731250048E0
3.232274404E1,3.856875229E1,-1.440000057E1,3.300000191E0
3.234273852E1,3.855000305E1,-1.402500057E1,3.712500095E0
3.236272896E1,3.941250229E1,-1.376250076E1,3.787500143E0
3.238269638E1,3.928125000E1,-1.342500019E1,4.743750095E0
3.240270027E1,3.909375000E1,-1.321875095E1,4.743750095E0
3.242270068E1,3.948750305E1,-1.333125019E1,4.725000381E0
3.244270896E1,3.898125076E1,-1.314375019E1,5.475000381E0
3.246273479E1,3.935625076E1,-1.299375057E1,5.887500286E0
3.248273978E1,3.907500076E1,-1.320000076E1,6.093750477E0
3.250273875E1,3.945000076E1,-1.303125095E1,6.600000381E0
3.252273334E1,3.907500076E1,-1.355625057E1,7.125000477E0
3.254273600E1,3.945000076E1,-1.321875095E1,6.506250381E0
3.256273243E1,3.926250076E1,-1.353750038E1,6.806250095E0
3.258273832E1,3.982500076E1,-1.288125038E1,7.106250286E0
3.260273848E1,3.915000153E1,-1.306875038E1,7.350000381E0
3.262273440E1,3.933750153E1,-1.308750057E1,7.537500381E0
3.264272719E1,3.903750229E1,-1.288125038E1,7.762500286E0
3.266272868E1,3.926250076E1,-1.340625095E1,7.856250286E0
3.268272636E1,3.894375229E1,-1.310625076E1,7.968750477E0
3.270272167E1,3.864375305E1,-1.299375057E1,8.081250191E0
3.272272409E1,3.903750229E1,-1.323750019E1,8.493750572E0
3.274272201E1,3.952500153E1,-1.295625019E1,8.681250572E0
3.276272792E1,3.941250229E1,-1.286250019E1,8.681250572E0
3.278278517E1,3.900000000E1,-1.258125019E1,9.225000381E0
3.280277993E1,3.969375229E1,-1.267500019E1,9.000000000E0
3.282276965E1,3.961875153E1,-1.310625076E1,9.506250381E0
3.284275685E1,3.941250229E1,-1.280625057E1,9.412500381E0
3.286274219E1,3.988125229E1,-1.231875038E1,9.300000191E0
3.288273828E1,3.986250305E1,-1.211250019E1,9.412500381E0
3.290274291E1,3.946875000E1,-1.233750057E1,1.003125000E1
3.292269872E1,3.967500305E1,-1.241250038E1,9.300000191E0
3.294270480E1,4.018125153E1,-1.252500057E1,9.506250381E0
3.296270670E1,3.956250000E1,-1.213125038E1,9.731250763E0
3.298271624E1,3.984375000E1,-1.198125076E1,1.035000038E1
3.300274302E1,4.033125305E1,-1.177500057E1,9.918750763E0
3.302273734E1,4.063125229E1,-1.220625019E1,1.051875019E1
3.304273905E1,4.042500305E1,-1.183125019E1,1.106250000E1
3.306273610E1,4.012500000E1,-1.173750019E1,1.117500019E1
3.308272988E1,4.051875305E1,-1.196250057E1,1.156875038E1
3.310273038E1,4.050000000E1,-1.151250076E1,1.063125038E1
3.312272866E1,4.040625000E1,-1.186875057E1,1.156875038E1
3.314272294E1,4.021875000E1,-1.175625038E1,1.168125057E1
3.316272601E1,4.031250000E1,-1.177500057E1,1.168125057E1
3.318272435E1,4.119375229E1,-1.205625057E1,1.290000057E1
3.320273038E1,4.048125076E1,-1.143750000E1,1.261875057E1
3.322273132E1,4.106250000E1,-1.138125038E1,1.321875095E1
3.324273941E1,4.096875000E1,-1.158750057E1,1.321875095E1
3.326274107E1,4.048125076E1,-1.168125057E1,1.365000057E1
3.328273796E1,4.046250153E1,-1.138125038E1,1.355625057E1
3.330273102E1,4.006875229E1,-1.117500019E1,1.355625057E1
3.332278975E1,4.035000229E1,-1.104375076E1,1.458750057E1
3.334277446E1,4.035000229E1,-1.081875038E1,1.428750038E1
3.336275663E1,4.036875153E1,-1.153125000E1,1.426875019E1
3.338274941E1,4.046250153E1,-1.110000038E1,1.385625076E1
3.340273951E1,4.003125000E1,-1.055625057E1,1.501875019E1
3.342272813E1,4.005000305E1,-1.117500019E1,1.522500038E1
3.344271594E1,4.027500153E1,-1.168125057E1,1.552500057E1
3.346268201E1,4.072500229E1,-1.100625038E1,1.541250038E1
3.348269598E1,4.044375229E1,-1.130625057E1,1.573125076E1
3.350270438E1,4.053750229E1,-1.100625038E1,1.541250038E1
3.352270766E1,4.012500000E1,-1.083750057E1,1.616250038E1
3.354274068E1,4.033125305E1,-1.125000000E1,1.636875153E1
3.356273972E1,4.081875229E1,-1.113750076E1,1.593750095E1
3.358273390E1,4.081875229E1,-1.095000076E1,1.623750114E1
3.360273604E1,4.031250000E1,-1.066875076E1,1.657500076E1
3.362273333E1,3.982500076E1,-1.076250076E1,1.689375114E1
3.364272612E1,4.051875305E1,-1.110000038E1,1.719375038E1
3.366272892E1,4.059375000E1,-1.061250019E1,1.719375038E1
3.368272677E1,4.085625076E1,-1.025625038E1,1.790625000E1
3.370272100E1,4.117500305E1,-1.074375057E1,1.768125153E1
3.372272363E1,4.134375000E1,-9.993750572E0,1.820625114E1
3.374272206E1,4.095000076E1,-9.975000381E0,1.822500038E1
3.376271697E1,4.111875153E1,-9.750000000E0,1.925625038E1
3.378272192E1,4.072500229E1,-9.637500763E0,1.927500153E1
3.380272017E1,4.121250153E1,-9.787500381E0,1.987500000E1
3.382272624E1,4.070625305E1,-9.450000763E0,1.948125076E1
3.384272674E1,4.040625000E1,-9.412500381E0,2.062500000E1
3.386272206E1,4.061250305E1,-9.412500381E0,2.051250076E1
3.388272687E1,4.080000305E1,-9.525000572E0,2.071875000E1
3.390272621E1,4.080000305E1,-9.562500000E0,2.124375153E1
3.392272155E1,4.020000076E1,-9.375000000E0,2.167500114E1
3.394272510E1,4.033125305E1,-9.975000381E0,2.176875114E1
3.396272388E1,4.001250076E1,-9.356250763E0,2.167500114E1
3.398271928E1,3.999375153E1,-9.262500763E0,2.167500114E1
3.400269036E1,3.982500076E1,-9.768750191E0,2.210625076E1
3.402269656E1,3.982500076E1,-9.862500191E0,2.178750038E1
3.404270942E1,3.980625153E1,-9.581250191E0,2.231250000E1
3.406271574E1,4.020000076E1,-9.712500572E0,2.261250114E1
3.408276199E1,3.978750229E1,-9.206250191E0,2.263125038E1
3.410274842E1,3.960000229E1,-9.093750000E0,2.231250000E1
3.412274328E1,3.980625153E1,-9.431250572E0,2.304375076E1
3.414273472E1,3.960000229E1,-9.318750381E0,2.295000076E1
3.416273479E1,3.982500076E1,-9.806250572E0,2.272500038E1
3.418272948E1,4.018125153E1,-9.375000000E0,2.343750000E1
3.420272264E1,3.978750229E1,-9.337500572E0,2.325000000E1
3.422272452E1,3.948750305E1,-9.187500000E0,2.409375191E1
3.424272215E1,3.937500000E1,-9.000000000E0,2.420625114E1
3.426272776E1,3.965625000E1,-8.793750763E0,2.409375191E1
3.428272819E1,3.995625305E1,-9.131250381E0,2.460000038E1
3.430272473E1,3.984375000E1,-8.643750191E0,2.480625153E1
3.432273079E1,4.014375305E1,-8.737500191E0,2.460000038E1
3.434272965E1,3.933750153E1,-8.287500381E0,2.565000153E1
3.436272479E1,3.954375076E1,-8.456250191E0,2.512500191E1
3.438272803E1,3.956250000E1,-8.962500572E0,2.523750114E1
3.440272557E1,3.965625000E1,-8.981250763E0,2.574375153E1
3.442272092E1,3.954375076E1,-8.606250763E0,2.596875191E1
3.444272423E1,3.905625153E1,-8.887500763E0,2.608125114E1
3.446272306E1,3.903750229E1,-8.418750763E0,2.660625076E1
3.448272937E1,3.875625229E1,-8.812500000E0,2.649375153E1
3.450273022E1,3.836250305E1,-8.700000763E0,2.651250076E1
3.452272721E1,3.817500305E1,-8.906250000E0,2.671875191E1
3.454269916E1,3.836250305E1,-8.512500763E0,2.671875191E1
3.456270576E1,3.806250000E1,-8.737500191E0,2.735625076E1
3.458270765E1,3.815625000E1,-8.737500191E0,2.745000076E1
3.460271702E1,3.748125076E1,-8.700000763E0,2.716875076E1
3.462275437E1,3.765000153E1,-8.287500381E0,2.840625191E1
3.464274519E1,3.755625153E1,-8.381250381E0,2.831250191E1
3.466274393E1,3.795000076E1,-8.587500572E0,2.829375076E1
3.468273831E1,3.727500153E1,-8.775000572E0,2.863125038E1
3.470272934E1,3.791250229E1,-7.856250286E0,2.923125076E1
3.472272818E1,3.706875229E1,-8.268750191E0,2.853750038E1
3.474272497E1,3.800625229E1,-7.612500191E0,2.840625191E1
3.476272971E1,3.808125305E1,-7.125000477E0,2.861250114E1
3.478272947E1,3.819375229E1,-7.575000286E0,2.955000114E1
3.480272526E1,3.808125305E1,-7.312500477E0,3.007500076E1
3.482272901E1,3.804375076E1,-6.693750381E0,2.986875153E1
3.484272840E1,3.853125000E1,-6.600000381E0,2.973750114E1
3.486273520E1,3.793125153E1,-6.450000286E0,3.060000038E1
3.488273610E1,3.830625153E1,-6.206250191E0,3.163125038E1
3.490273229E1,3.840000153E1,-6.000000000E0,3.120000076E1
3.492272548E1,3.808125305E1,-5.362500191E0,3.069375038E1
3.494272631E1,3.778125000E1,-5.512500286E0,3.185625076E1
3.496272429E1,3.776250076E1,-5.025000095E0,3.196875191E1
3.498272968E1,3.778125000E1,-5.625000000E0,3.185625076E1
3.500273003E1,3.766875076E1,-5.325000286E0,3.206250000E1
3.502272623E1,3.776250076E1,-5.156250000E0,3.238125229E1
3.504273045E1,3.765000153E1,-4.893750191E0,3.311250305E1
3.506273010E1,3.744375229E1,-4.612500191E0,3.352500153E1
3.508270413E1,3.751875305E1,-4.200000286E0,3.322500229E1
3.510271275E1,3.772500229E1,-4.537500381E0,3.393750000E1
3.512271593E1,3.721875000E1,-4.106250286E0,3.333750153E1
3.514271461E1,3.721875000E1,-3.918750048E0,3.354375076E1
3.516275481E1,3.663750076E1,-4.125000000E0,3.397500229E1
3.518274836E1,3.789375305E1,-4.312500000E0,3.508125305E1
3.520274932E1,3.740625000E1,-4.012500286E0,3.354375076E1
3.522274512E1,3.660000229E1,-3.618750095E0,3.408750153E1
3.524273739E1,3.650625229E1,-3.525000095E0,3.420000076E1
3.526273696E1,3.660000229E1,-3.525000095E0,3.397500229E1
3.528273426E1,3.660000229E1,-3.450000048E0,3.438750076E1
3.530273918E1,3.611250305E1,-3.450000048E0,3.481875229E1
3.532273887E1,3.648750305E1,-3.337500095E0,3.440625000E1
3.534273446E1,3.669375229E1,-3.468750238E0,3.480000305E1
3.536272716E1,3.607500076E1,-2.906250000E0,3.555000305E1
3.538272916E1,3.676875305E1,-2.981250048E0,3.491250229E1
3.540272678E1,3.665625000E1,-2.906250000E0,3.511875153E1
3.542272111E1,3.645000076E1,-2.643750191E0,3.586875153E1
3.544272400E1,3.673125076E1,-2.456250191E0,3.596250153E1
3.546272233E1,3.663750076E1,-2.550000191E0,3.605625153E1
3.548272751E1,3.622500229E1,-1.856250048E0,3.618750000E1
3.550272871E1,3.643125153E1,-2.156250000E0,3.616875076E1
3.552272545E1,3.639375305E1,-1.687500119E0,3.648750305E1
3.554272992E1,3.660000229E1,-1.893750072E0,3.658125305E1
3.556272954E1,3.631875229E1,-1.893750072E0,3.690000153E1
3.558272521E1,3.660000229E1,-1.706250072E0,3.690000153E1
3.560272911E1,3.611250305E1,-1.781250119E0,3.680625153E1
3.562269565E1,3.609375000E1,-1.500000000E0,3.680625153E1
3.564269804E1,3.551250076E1,-1.706250072E0,3.735000229E1
3.566270808E1,3.532500076E1,-1.893750072E0,3.746250153E1
3.568271239E1,3.540000153E1,-1.462500095E0,3.840000153E1
3.570275735E1,3.540000153E1,-1.575000048E0,3.849375153E1
3.572275388E1,3.551250076E1,-1.762500048E0,3.838125229E1
3.574274572E1,3.579375076E1,-1.462500095E0,3.817500305E1
3.576274581E1,3.502500153E1,-1.650000095E0,3.840000153E1
3.578274123E1,3.500625229E1,-1.556250095E0,3.840000153E1
3.580273181E1,3.511875153E1,-1.762500048E0,3.860625076E1
3.582273334E1,3.502500153E1,-1.743750095E0,3.840000153E1
3.584274160E1,3.489375305E1,-1.368750095E0,3.892500305E1
3.586273292E1,3.510000229E1,-1.368750095E0,3.881250000E1
3.588273303E1,3.498750305E1,-1.200000048E0,3.924375153E1
3.590272925E1,3.489375305E1,-1.106250048E0,3.945000076E1
3.592273394E1,3.459375000E1,-1.218750000E0,3.976875305E1
3.594273386E1,3.498750305E1,-1.087500095E0,3.913125229E1
3.596272936E1,3.485625076E1,-6.375000477E-1,3.997500229E1
3.598273324E1,3.427500153E1,-7.500000000E-1,4.040625000E1
3.600273218E1,3.466875076E1,-7.687500119E-1,4.038750076E1
3.602272594E1,3.466875076E1,-7.687500119E-1,4.059375000E1
3.604272988E1,3.485625076E1,-5.625000000E-1,4.038750076E1
3.606272903E1,3.453750229E1,-1.875000000E-1,4.093125153E1
3.608272432E1,3.442500305E1,-0.000000000E0,4.113750076E1
3.610272771E1,3.450000000E1,4.687500298E-1,4.134375000E1
3.612272663E1,3.420000076E1,5.812500119E-1,4.156875229E1
3.614273322E1,3.510000229E1,4.875000119E-1,4.080000305E1
3.616270175E1,3.429375076E1,5.250000358E-1,4.218750000E1
3.618270557E1,3.504375076E1,1.050000072E0,4.299375153E1
3.620271665E1,3.427500153E1,1.143750072E0,4.186875153E1
3.622272173E1,3.378750229E1,1.237500072E0,4.220625305E1
3.624275580E1,3.446250153E1,1.256250024E0,4.166250229E1
3.626274387E1,3.375000000E1,1.987500072E0,4.303125000E1
3.628274065E1,3.365625000E1,1.725000024E0,4.252500153E1
3.630273354E1,3.393750000E1,2.325000048E0,4.230000305E1
3.632273504E1,3.373125076E1,2.531250000E0,4.231875229E1
3.634273136E1,3.390000153E1,2.887500048E0,4.282500076E1
3.636272547E1,3.350625229E1,2.793750048E0,4.295625305E1
3.638272784E1,3.358125305E1,3.581250191E0,4.284375000E1
3.640272591E1,3.365625000E1,3.881250143E0,4.275000000E1
3.642272056E1,3.405000305E1,4.181250095E0,4.263750076E1
3.644272382E1,3.376875305E1,4.125000000E0,4.201875305E1
3.646273409E1,3.412500000E1,4.556250095E0,4.284375000E1
3.648272655E1,3.399375153E1,5.175000191E0,4.252500153E1
3.650272756E1,3.408750153E1,5.475000381E0,4.252500153E1
3.652272433E1,3.438750076E1,5.343750000E0,4.284375000E1
3.654272914E1,3.427500153E1,5.906250000E0,4.190625000E1
3.656272768E1,3.474375153E1,5.925000191E0,4.293750000E1
3.658272421E1,3.451875305E1,6.825000286E0,4.273125076E1
3.660272828E1,3.453750229E1,6.600000381E0,4.158750153E1
3.662272730E1,3.491250229E1,6.862500191E0,4.211250305E1
3.664272240E1,3.472500229E1,6.918750286E0,4.128750229E1
3.666272595E1,3.480000305E1,7.162500381E0,4.200000000E1
3.668272503E1,3.453750229E1,6.693750381E0,4.170000076E1
3.670271014E1,3.532500076E1,6.600000381E0,4.104375076E1
3.672271576E1,3.541875076E1,6.393750191E0,4.115625000E1
3.674271635E1,3.541875076E1,6.675000191E0,4.156875229E1
3.676272436E1,3.504375076E1,6.243750095E0,4.053750229E1
3.678276082E1,3.534375000E1,6.337500095E0,4.063125229E1
3.680275070E1,3.496875000E1,5.812500000E0,4.136250305E1
3.682274869E1,3.504375076E1,6.131250381E0,4.085625076E1
3.684274257E1,3.534375000E1,6.150000095E0,4.042500305E1
3.686273330E1,3.555000305E1,5.962500095E0,4.020000076E1
3.688273184E1,3.588750076E1,5.193750381E0,3.967500305E1
3.690272861E1,3.558750153E1,5.493750095E0,3.969375229E1
3.692273300E1,3.577500153E1,5.400000095E0,3.958125305E1
3.694273265E1,3.588750076E1,5.175000191E0,3.976875305E1
3.696272842E1,3.588750076E1,5.100000381E0,3.956250000E1
3.698273224E1,3.616875076E1,5.250000000E0,4.008750153E1
3.700273173E1,3.579375076E1,4.875000000E0,3.988125229E1
3.702272735E1,3.590625000E1,4.668750286E0,3.997500229E1
3.704273059E1,3.628125000E1,4.837500095E0,4.038750076E1
3.706272961E1,3.618750000E1,4.856250286E0,4.006875229E1
3.708272464E1,3.600000000E1,4.706250191E0,3.935625076E1
3.710272701E1,3.601875305E1,4.275000095E0,3.997500229E1
3.712272639E1,3.555000305E1,3.900000095E0,3.988125229E1
3.714272146E1,3.564375305E1,3.768750191E0,4.029375076E1
3.716272529E1,3.624375153E1,3.375000238E0,3.986250305E1
3.718272419E1,3.673125076E1,3.393750191E0,4.098750305E1
3.720273070E1,3.577500153E1,3.018750191E0,3.945000076E1
3.722273210E1,3.551250076E1,2.512500048E0,3.988125229E1
3.724270751E1,3.630000305E1,2.418750048E0,3.933750153E1
3.726271665E1,3.592500305E1,2.006250143E0,3.986250305E1
3.728272026E1,3.622500229E1,1.706250072E0,3.954375076E1
3.730271930E1,3.585000229E1,1.481250048E0,3.871875000E1
3.732275965E1,3.566250229E1,1.350000024E0,3.924375153E1
3.734275305E1,3.626250076E1,8.437500596E-1,3.911250305E1
3.736274253E1,3.562500000E1,2.062500119E-1,3.849375153E1
3.738274084E1,3.579375076E1,4.875000119E-1,3.860625076E1
3.740273510E1,3.630000305E1,3.000000119E-1,3.838125229E1
3.742272521E1,3.669375229E1,3.750000000E-1,3.847500229E1
3.744272669E1,3.631875229E1,-3.000000119E-1,3.826875305E1
3.746273493E1,3.613125229E1,3.750000149E-2,3.776250076E1
3.748273762E1,3.643125153E1,-4.500000179E-1,3.744375229E1
3.750273542E1,3.673125076E1,-7.875000238E-1,3.795000076E1
3.752272962E1,3.663750076E1,-4.687500298E-1,3.774375153E1
3.754274408E1,3.761250305E1,-5.812500119E-1,3.740625000E1
3.756273992E1,3.733125305E1,-9.562500119E-1,3.708750153E1
3.758273186E1,3.723750305E1,-9.562500119E-1,3.731250000E1
3.760273267E1,3.753750229E1,-1.162500024E0,3.729375076E1
3.762272946E1,3.706875229E1,-1.556250095E0,3.731250000E1
3.764272298E1,3.706875229E1,-1.331250072E0,3.699375153E1
3.766272569E1,3.699375153E1,-1.725000024E0,3.690000153E1
3.768272388E1,3.680625153E1,-2.006250143E0,3.678750229E1
3.770272959E1,3.671250153E1,-2.418750048E0,3.699375153E1
3.772273029E1,3.691875076E1,-2.512500048E0,3.678750229E1
3.774272675E1,3.693750000E1,-2.681250095E0,3.626250076E1
3.776272014E1,3.675000000E1,-3.075000048E0,3.646875000E1
3.778270120E1,3.675000000E1,-3.056250095E0,3.616875076E1
3.780270369E1,3.697500229E1,-3.562500238E0,3.605625153E1
3.782271362E1,3.705000305E1,-3.168750048E0,3.605625153E1
3.784271778E1,3.667500305E1,-3.450000048E0,3.605625153E1
3.786276247E1,3.735000229E1,-3.487500191E0,3.624375153E1
3.788275884E1,3.688125229E1,-3.750000238E0,3.594375229E1
3.790275040E1,3.708750153E1,-3.768750191E0,3.615000153E1
3.792275013E1,3.688125229E1,-3.637500048E0,3.585000229E1
3.794274560E1,3.720000076E1,-4.050000191E0,3.592500305E1
3.796273611E1,3.727500153E1,-3.862500191E0,3.592500305E1
3.798272660E1,3.710625076E1,-4.012500286E0,3.541875076E1
3.800273723E1,3.729375076E1,-4.106250286E0,3.519375229E1
3.802273072E1,3.720000076E1,-4.331250191E0,3.551250076E1
3.804273276E1,3.661875153E1,-4.218750000E0,3.564375305E1
3.806273041E1,3.701250076E1,-4.237500191E0,3.573750305E1
3.808273652E1,3.691875076E1,-4.331250191E0,3.573750305E1
3.810273707E1,3.690000153E1,-4.106250286E0,3.541875076E1
3.812273319E1,3.701250076E1,-4.237500191E0,3.583125305E1
3.814272593E1,3.654375076E1,-4.575000286E0,3.511875153E1
3.816272768E1,3.645000076E1,-4.818750381E0,3.605625153E1
3.818272409E1,3.750000000E1,-4.687500000E0,3.654375076E1
3.820273000E1,3.682500076E1,-4.387500286E0,3.521250153E1
3.822273043E1,3.633750153E1,-4.406250000E0,3.585000229E1
3.824272692E1,3.673125076E1,-4.612500191E0,3.562500000E1
3.826273133E1,3.605625153E1,-4.687500000E0,3.543750000E1
3.828273077E1,3.624375153E1,-4.931250095E0,3.626250076E1
3.830272653E1,3.622500229E1,-4.425000191E0,3.596250153E1
3.832270919E1,3.611250305E1,-4.031250000E0,3.607500076E1
3.834271284E1,3.613125229E1,-4.518750191E0,3.596250153E1
3.836271226E1,3.624375153E1,-4.500000000E0,3.564375305E1
3.838271935E1,3.594375229E1,-4.181250095E0,3.555000305E1
3.840277735E1,3.618750000E1,-3.562500238E0,3.658125305E1
3.842276178E1,3.600000000E1,-3.862500191E0,3.680625153E1
3.844275486E1,3.631875229E1,-4.050000191E0,3.626250076E1
3.846274473E1,3.592500305E1,-4.256250381E0,3.690000153E1
3.848274375E1,3.656250000E1,-3.281250238E0,3.658125305E1
3.850273812E1,3.639375305E1,-3.806250095E0,3.720000076E1
3.852273092E1,3.645000076E1,-2.812500000E0,3.731250000E1
3.854274338E1,3.616875076E1,-3.393750191E0,3.710625076E1
3.856273816E1,3.575625229E1,-2.887500048E0,3.712500000E1
3.858272997E1,3.556875229E1,-2.793750048E0,3.735000229E1
3.860273104E1,3.583125305E1,-2.437500000E0,3.785625076E1
3.862273960E1,3.543750000E1,-2.212500095E0,3.776250076E1
3.864274244E1,3.534375000E1,-2.231250048E0,3.787500000E1
3.866273992E1,3.513750076E1,-2.043750048E0,3.840000153E1
3.868273399E1,3.534375000E1,-2.118750095E0,3.787500000E1
3.870273657E1,3.532500076E1,-1.950000048E0,3.828750229E1
3.872273344E1,3.442500305E1,-1.762500048E0,3.883125305E1
3.874272835E1,3.451875305E1,-1.537500024E0,3.841875076E1
3.876273182E1,3.442500305E1,-1.556250095E0,3.883125305E1
3.878273031E1,3.371250153E1,-1.050000072E0,3.916875076E1
3.880272524E1,3.410625076E1,-1.068750024E0,3.905625153E1
3.882272860E1,3.421875000E1,-1.162500024E0,3.894375229E1
3.884272781E1,3.331875229E1,-8.625000119E-1,3.950625229E1
3.886271310E1,3.369375229E1,-5.812500119E-1,3.939375305E1
3.888271890E1,3.318750000E1,-2.625000179E-1,3.939375305E1
3.890271979E1,3.318750000E1,-5.062500238E-1,4.023750305E1
3.892272764E1,3.309375000E1,-3.000000119E-1,4.023750305E1
3.894277531E1,3.300000000E1,-3.187500238E-1,4.044375229E1
3.896277366E1,3.277500153E1,9.375000000E-2,4.046250153E1
3.898276704E1,3.277500153E1,7.500000298E-2,4.076250076E1
3.900275656E1,3.275625229E1,3.750000000E-1,4.066875076E1
3.902274375E1,3.236250305E1,6.937500238E-1,4.057500076E1
3.904273956E1,3.273750305E1,1.050000072E0,4.098750305E1
3.906273416E1,3.271875000E1,1.237500072E0,4.119375229E1
3.908268251E1,3.260625076E1,1.518750072E0,4.160625076E1
3.910269389E1,3.210000229E1,1.912500024E0,4.173750305E1
3.912270046E1,3.258750153E1,1.668750048E0,4.213125229E1
3.914270247E1,3.196875191E1,2.475000143E0,4.226250076E1
3.916272357E1,3.217500305E1,2.268750191E0,4.246875000E1
3.918272500E1,3.363750076E1,1.968750119E0,4.335000229E1
3.920273250E1,3.215625000E1,2.643750191E0,4.276875305E1
3.922273391E1,3.204375076E1,3.168750048E0,4.246875000E1
3.924273042E1,3.165000153E1,2.925000191E0,4.342500305E1
3.926273399E1,3.163125038E1,3.525000095E0,4.321875000E1
3.928273336E1,3.135000038E1,3.431250095E0,4.321875000E1
3.930272832E1,3.151875114E1,3.731250048E0,4.333125305E1
3.932273149E1,3.123750114E1,3.318750143E0,4.374375153E1
3.934273009E1,3.073125076E1,3.881250143E0,4.449375153E1
3.936272470E1,3.052500153E1,3.918750048E0,4.396875000E1
3.938272816E1,3.031875038E1,4.068750381E0,4.471875000E1
3.940271689E1,2.994375038E1,4.031250000E0,4.389375305E1
3.942271394E1,3.022500038E1,4.387500286E0,4.451250076E1
3.944271915E1,3.015000153E1,3.787500143E0,4.460625076E1
3.946271947E1,3.013125038E1,4.200000286E0,4.440000153E1
3.948277238E1,2.973750114E1,4.200000286E0,4.462500000E1
3.950275275E1,3.020625114E1,4.518750191E0,4.410000229E1
3.952274300E1,2.981250191E1,4.500000000E0,4.462500000E1
3.954274221E1,3.001875114E1,4.593750000E0,4.462500000E1
3.956273720E1,2.983125114E1,4.218750000E0,4.430625153E1
3.958272839E1,3.001875114E1,4.462500095E0,4.492500305E1
3.960271871E1,2.941875076E1,4.781250000E0,4.494375229E1
3.962267540E1,2.970000076E1,4.950000286E0,4.526250076E1
3.964268192E1,2.913750076E1,4.612500191E0,4.464375305E1
3.966269576E1,2.960625076E1,4.800000191E0,4.473750305E1
3.968270344E1,2.941875076E1,4.687500000E0,4.485000229E1
3.970272863E1,2.921250153E1,4.987500191E0,4.505625153E1
3.972272170E1,2.893125153E1,4.593750000E0,4.516875076E1
3.974272245E1,2.940000153E1,5.062500000E0,4.537500000E1
3.976273015E1,2.883750153E1,4.800000191E0,4.486875153E1
3.978273156E1,2.911875153E1,4.781250000E0,4.516875076E1
3.980272711E1,2.870625114E1,5.231250286E0,4.621875000E1
3.982272065E1,2.900625038E1,5.250000000E0,4.569375229E1
3.984272247E1,2.930625153E1,4.893750191E0,4.485000229E1
3.986272000E1,2.889375114E1,5.475000381E0,4.539375305E1
3.988272520E1,2.891250038E1,5.156250000E0,4.569375229E1
3.990272534E1,2.880000114E1,5.268750191E0,4.548750305E1
3.992272167E1,2.814375114E1,5.025000095E0,4.488750076E1
3.994271578E1,2.842500114E1,4.950000286E0,4.601250076E1
3.996271689E1,2.910000038E1,5.062500000E0,4.537500000E1
3.998272507E1,2.842500114E1,4.856250286E0,4.591875076E1
4.000272756E1,2.893125153E1,4.668750286E0,4.548750305E1
4.002278204E1,2.866875076E1,4.106250286E0,4.516875076E1
4.004276321E1,2.904375076E1,4.293750286E0,4.505625153E1
4.006275394E1,2.876250076E1,4.218750000E0,4.496250153E1
4.008274192E1,2.876250076E1,3.900000095E0,4.528125000E1
4.010273972E1,2.876250076E1,3.993750095E0,4.516875076E1
4.012273266E1,2.898750114E1,3.637500048E0,4.455000305E1
4.014273624E1,2.898750114E1,3.300000191E0,4.505625153E1
4.016269137E1,2.870625114E1,3.112500191E0,4.516875076E1
4.018269623E1,2.919375038E1,3.187500238E0,4.535625076E1
4.020270873E1,2.898750114E1,3.206250191E0,4.505625153E1
4.022271522E1,2.881875038E1,2.925000191E0,4.496250153E1
4.024273934E1,2.900625038E1,3.037500143E0,4.464375305E1
4.026273139E1,2.990625191E1,2.606250048E0,4.460625076E1
4.028273160E1,2.900625038E1,3.000000000E0,4.505625153E1
4.030272765E1,2.932500076E1,2.550000191E0,4.421250153E1
4.032273130E1,2.932500076E1,2.625000000E0,4.453125000E1
4.034272896E1,2.923125076E1,2.662500143E0,4.400625229E1
4.036272453E1,2.923125076E1,2.475000143E0,4.380000305E1
4.038272806E1,2.953125191E1,2.268750191E0,4.378125000E1
4.040272675E1,2.975625038E1,2.043750048E0,4.263750076E1
4.042272144E1,2.947500038E1,1.631250024E0,4.284375000E1
4.044272474E1,2.985000038E1,1.875000119E0,4.366875076E1
4.046272370E1,2.985000038E1,1.875000119E0,4.357500076E1
4.048270888E1,2.955000114E1,1.781250119E0,4.357500076E1
4.050271443E1,2.947500038E1,1.443750024E0,4.284375000E1
4.052271510E1,2.986875153E1,1.200000048E0,4.325625229E1
4.054272299E1,3.007500076E1,1.200000048E0,4.335000229E1
4.056278180E1,3.046875191E1,1.293750048E0,4.303125000E1
4.058276670E1,2.960625076E1,6.375000477E-1,4.284375000E1
4.060275996E1,3.028125191E1,9.000000358E-1,4.303125000E1
4.062274986E1,3.011250114E1,5.250000358E-1,4.271250153E1
4.064273746E1,3.046875191E1,1.106250048E0,4.303125000E1
4.066273448E1,3.039375114E1,8.250000477E-1,4.260000229E1
4.068272924E1,3.020625114E1,4.500000179E-1,4.250625229E1
4.070268900E1,3.060000038E1,6.750000119E-1,4.186875153E1
4.072269774E1,3.080625153E1,3.375000060E-1,4.216875076E1
4.074270184E1,3.069375038E1,5.062500238E-1,4.280625153E1
4.076271325E1,3.110625076E1,2.437500060E-1,4.196250153E1
4.078274136E1,3.108750153E1,4.500000179E-1,4.175625229E1
4.080273627E1,3.078750038E1,6.375000477E-1,4.239375305E1
4.082273889E1,3.069375038E1,3.375000060E-1,4.239375305E1
4.084273614E1,3.120000076E1,3.375000060E-1,4.205625153E1
4.086272956E1,3.138750076E1,4.125000238E-1,4.237500000E1
4.088273062E1,3.127500153E1,7.125000358E-1,4.237500000E1
4.090272885E1,3.138750076E1,5.437500477E-1,4.196250153E1
4.092272302E1,3.138750076E1,6.562500000E-1,4.153125000E1
4.094272554E1,3.157500076E1,3.375000060E-1,4.194375229E1
4.096272388E1,3.187500191E1,5.062500238E-1,4.215000153E1
4.098272957E1,3.189375114E1,1.312500089E-1,4.194375229E1
4.100273041E1,3.183750153E1,1.125000000E0,4.194375229E1
4.102272817E1,3.187500191E1,4.500000179E-1,4.162500000E1
4.104273204E1,3.204375076E1,7.875000238E-1,4.235625076E1
4.106273106E1,3.225000000E1,5.062500238E-1,4.213125229E1
4.108272605E1,3.223125076E1,1.218750000E0,4.162500000E1
4.110278584E1,3.221250153E1,1.800000072E0,4.194375229E1
4.112277153E1,3.223125076E1,8.812500238E-1,4.235625076E1
4.114275444E1,3.251250076E1,1.500000000E0,4.171875000E1
4.116274770E1,3.241875076E1,1.518750072E0,4.162500000E1
4.118273826E1,3.378750229E1,1.143750072E0,4.230000305E1
4.120273682E1,3.251250076E1,1.500000000E0,4.171875000E1
4.122273380E1,3.288750076E1,1.575000048E0,4.192500305E1
4.124268396E1,3.270000076E1,1.575000048E0,4.201875305E1
4.126269664E1,3.270000076E1,1.725000024E0,4.140000153E1
4.128270401E1,3.288750076E1,2.118750095E0,4.130625153E1
4.130270662E1,3.277500153E1,2.175000191E0,4.192500305E1
4.132273903E1,3.286875153E1,2.250000000E0,4.233750153E1
4.134273792E1,3.275625229E1,2.362500191E0,4.233750153E1
4.136273198E1,3.275625229E1,2.587500095E0,4.171875000E1
4.138273408E1,3.277500153E1,2.306250095E0,4.140000153E1
4.140273151E1,3.286875153E1,2.081250191E0,4.181250000E1
4.142272387E1,3.275625229E1,2.681250095E0,4.183125305E1
4.144272661E1,3.255000305E1,2.887500048E0,4.194375229E1
4.146272455E1,3.294375229E1,2.681250095E0,4.171875000E1
4.148273028E1,3.258750153E1,2.025000095E0,4.141875076E1
4.150273080E1,3.255000305E1,2.700000048E0,4.171875000E1
4.152272699E1,3.238125229E1,2.193750143E0,4.203750229E1
4.154273156E1,3.226875305E1,2.681250095E0,4.215000153E1
4.156272095E1,3.225000000E1,2.775000095E0,4.205625153E1
4.158271815E1,3.236250305E1,2.606250048E0,4.162500000E1
4.160272367E1,3.234375000E1,3.168750048E0,4.215000153E1
4.162272400E1,3.213750076E1,3.281250238E0,4.216875076E1
4.164278804E1,3.196875191E1,2.906250000E0,4.175625229E1
4.166277700E1,3.183750153E1,3.450000048E0,4.269375229E1
4.168276220E1,3.165000153E1,3.487500191E0,4.216875076E1
4.170275701E1,3.181875038E1,3.656250238E0,4.269375229E1
4.172274834E1,3.144375038E1,3.487500191E0,4.228125000E1
4.174273651E1,3.112500191E1,3.975000143E0,4.261875153E1
4.176273604E1,3.097500038E1,3.075000048E0,4.282500076E1
4.178268833E1,3.121875191E1,4.612500191E0,4.177500153E1
4.180269152E1,3.151875114E1,3.956250191E0,4.280625153E1
4.182270271E1,3.071250153E1,4.668750286E0,4.284375000E1
4.184270848E1,3.063750076E1,4.087500095E0,4.273125076E1
4.186274385E1,3.020625114E1,4.837500095E0,4.348125076E1
4.188274448E1,2.981250191E1,4.837500095E0,4.368750000E1
4.190273981E1,3.000000191E1,5.343750000E0,4.348125076E1
4.192273162E1,2.941875076E1,5.175000191E0,4.329375076E1
4.194273211E1,2.958750153E1,5.531250000E0,4.402500153E1
4.196272714E1,2.947500038E1,5.737500191E0,4.391250229E1
4.198273211E1,2.928750038E1,5.812500000E0,4.423125076E1
4.200273160E1,2.908125114E1,6.243750095E0,4.404375076E1
4.202272707E1,2.926875114E1,5.906250000E0,4.455000305E1
4.204273075E1,2.876250076E1,6.281250477E0,4.498125076E1
4.206272977E1,2.865000153E1,6.900000095E0,4.468125153E1
4.208273660E1,2.825625038E1,6.900000095E0,4.500000000E1
4.210272783E1,2.844375038E1,6.918750286E0,4.468125153E1
4.212272657E1,2.844375038E1,7.087500095E0,4.500000000E1
4.214272159E1,2.831250191E1,7.556250095E0,4.573125076E1
4.216272494E1,2.851875114E1,7.256250381E0,4.541250229E1
4.218278029E1,2.833125114E1,7.481250286E0,4.500000000E1
4.220277394E1,2.812500191E1,7.650000095E0,4.573125076E1
4.222276283E1,2.791875076E1,7.443750381E0,4.595625305E1
4.224274953E1,2.803125191E1,7.425000191E0,4.636875153E1
4.226274606E1,2.752500153E1,7.837500095E0,4.618125153E1
4.228274158E1,2.754375076E1,7.556250095E0,4.586250305E1
4.230274330E1,2.761875153E1,7.931250095E0,4.636875153E1
4.232269709E1,2.701875114E1,7.950000286E0,4.629375076E1
4.234270112E1,2.722500038E1,7.818750381E0,4.691250229E1
4.236270169E1,2.733750153E1,7.443750381E0,4.648125076E1
4.238271032E1,2.675625038E1,7.575000286E0,4.620000076E1
4.240274766E1,2.664375114E1,7.443750381E0,4.681875229E1
4.242273891E1,2.645625114E1,7.425000191E0,4.702500153E1
4.244273828E1,2.589375114E1,6.750000477E0,4.725000000E1
4.246273346E1,2.598750114E1,7.050000191E0,4.715625000E1
4.248273672E1,2.572500038E1,6.375000477E0,4.695000076E1
4.250273360E1,2.628750038E1,6.656250477E0,4.693125153E1
4.252272869E1,2.563125038E1,6.281250477E0,4.683750153E1
4.254273171E1,2.527500153E1,5.718750000E0,4.633125305E1
4.256273025E1,2.587500191E1,5.081250191E0,4.702500153E1
4.258272507E1,2.653125191E1,5.062500000E0,4.846875381E1
4.260272838E1,2.677500153E1,4.500000000E0,4.783125305E1
4.262272746E1,2.503125191E1,4.125000000E0,4.683750153E1
4.264272378E1,2.525625038E1,3.768750191E0,4.599375153E1
4.266272684E1,2.546250153E1,3.468750238E0,4.599375153E1
4.268272521E1,2.527500153E1,3.168750048E0,4.610625076E1
4.270273115E1,2.482500076E1,2.493750095E0,4.590000153E1
4.272273058E1,2.568750191E1,2.756250143E0,4.597500229E1
4.274273862E1,2.561250114E1,2.381250143E0,4.576875305E1
4.276274041E1,2.580000114E1,2.381250143E0,4.556250000E1
4.278273734E1,2.544375038E1,1.875000119E0,4.597500229E1
4.280273070E1,2.610000038E1,2.400000095E0,4.524375153E1
4.282273468E1,2.542500114E1,2.100000143E0,4.556250000E1
4.284273227E1,2.581875038E1,2.118750095E0,4.492500305E1
4.286269358E1,2.574375153E1,1.687500119E0,4.565625000E1
4.288270345E1,2.621250153E1,2.100000143E0,4.501875305E1
4.290270799E1,2.600625038E1,2.512500048E0,4.503750229E1
4.292270829E1,2.686875153E1,2.850000143E0,4.543125153E1
4.294273887E1,2.600625038E1,2.381250143E0,4.556250000E1
4.296273593E1,2.728125191E1,2.475000143E0,4.488750076E1
4.298273993E1,2.686875153E1,2.643750191E0,4.573125076E1
4.300273833E1,2.715000153E1,2.850000143E0,4.541250229E1
4.302273288E1,2.775000191E1,2.793750048E0,4.436250305E1
4.304273408E1,2.735625076E1,2.962500095E0,4.509375000E1
4.306273264E1,2.722500038E1,3.356250048E0,4.500000000E1
4.308272708E1,2.731875038E1,3.412500143E0,4.573125076E1
4.310272981E1,2.756250191E1,2.550000191E0,4.520625305E1
4.312272806E1,2.782500076E1,3.468750238E0,4.468125153E1
4.314272288E1,2.724375153E1,3.243750095E0,4.520625305E1
4.316271523E1,2.773125076E1,3.037500143E0,4.509375000E1
4.318271784E1,2.754375076E1,2.962500095E0,4.488750076E1
4.320271466E1,2.859375191E1,3.168750048E0,4.599375153E1
4.322271960E1,2.803125191E1,3.018750191E0,4.530000305E1
4.324271969E1,2.791875076E1,3.450000048E0,4.477500153E1
4.326278359E1,2.735625076E1,3.075000048E0,4.468125153E1
4.328277210E1,2.821875191E1,3.225000143E0,4.507500076E1
4.330275712E1,2.763750076E1,3.037500143E0,4.541250229E1
4.332275170E1,2.782500076E1,3.206250191E0,4.582500076E1
4.334274319E1,2.814375114E1,2.606250048E0,4.548750305E1
4.336273269E1,2.820000076E1,3.206250191E0,4.548750305E1
4.338273213E1,2.773125076E1,3.112500191E0,4.571250153E1
4.340269522E1,2.829375076E1,3.281250238E0,4.601250076E1
4.342269549E1,2.820000076E1,3.412500143E0,4.550625229E1
4.344270438E1,2.810625076E1,3.412500143E0,4.530000305E1
4.346270820E1,2.831250191E1,3.187500238E0,4.580625153E1
4.348275308E1,2.821875191E1,2.887500048E0,4.580625153E1
4.350274989E1,2.878125191E1,3.562500238E0,4.578750229E1
4.352274191E1,2.829375076E1,3.581250191E0,4.591875076E1
4.354274221E1,2.838750076E1,3.375000238E0,4.590000153E1
4.356273820E1,2.801250076E1,3.281250238E0,4.591875076E1
4.358272940E1,2.778750038E1,3.806250095E0,4.561875153E1
4.360272021E1,2.790000153E1,3.712500095E0,4.541250229E1
4.362273136E1,2.814375114E1,4.350000381E0,4.633125305E1
4.364272507E1,2.758125114E1,3.956250191E0,4.655625153E1
4.366272751E1,2.806875038E1,4.087500095E0,4.561875153E1
4.368272570E1,2.769375038E1,3.656250238E0,4.665000153E1
4.370273188E1,2.737500191E1,4.500000000E0,4.573125076E1
4.372273232E1,2.700000191E1,4.087500095E0,4.636875153E1
4.374272825E1,2.784375191E1,4.575000286E0,4.614375305E1
4.376273230E1,2.700000191E1,4.181250095E0,4.627500153E1
4.378273139E1,2.688750076E1,4.481250286E0,4.636875153E1
4.380272563E1,2.658750153E1,4.406250000E0,4.606875229E1
4.382272965E1,2.690625191E1,4.106250286E0,4.616250229E1
4.384272870E1,2.679375076E1,4.087500095E0,4.657500076E1
4.386272365E1,2.686875153E1,4.593750000E0,4.616250229E1
4.388272730E1,2.640000153E1,4.425000191E0,4.606875229E1
4.390272607E1,2.658750153E1,4.575000286E0,4.659375000E1
4.392273268E1,2.651250076E1,4.031250000E0,4.597500229E1
4.394270122E1,2.641875076E1,3.693750143E0,4.668750000E1
4.396270507E1,2.621250153E1,4.087500095E0,4.670625305E1
4.398271614E1,2.649375153E1,4.612500191E0,4.618125153E1
4.400272092E1,2.700000191E1,4.125000000E0,4.563750076E1
4.402275475E1,2.658750153E1,4.500000000E0,4.638750076E1
4.404275384E1,2.608125114E1,4.668750286E0,4.691250229E1
4.406274810E1,2.698125076E1,4.462500095E0,4.657500076E1
4.408273871E1,2.578125191E1,4.856250286E0,4.725000000E1
4.410273826E1,2.647500038E1,4.762500286E0,4.700625229E1
4.412273230E1,2.568750191E1,4.856250286E0,4.755000305E1
4.414273664E1,2.617500114E1,4.856250286E0,4.711875153E1
4.416273578E1,2.589375114E1,4.781250000E0,4.693125153E1
4.418273088E1,2.626875114E1,4.931250095E0,4.753125000E1
4.420273442E1,2.550000191E1,4.650000095E0,4.756875229E1
4.422273339E1,2.578125191E1,4.931250095E0,4.796250153E1
4.424272857E1,2.589375114E1,4.781250000E0,4.693125153E1
4.426273215E1,2.617500114E1,5.081250191E0,4.661250305E1
4.428273075E1,2.559375191E1,4.650000095E0,4.766250229E1
4.430272585E1,2.595000076E1,5.362500191E0,4.723125076E1
4.432272930E1,2.559375191E1,4.856250286E0,4.734375000E1
4.434272714E1,2.520000076E1,4.668750286E0,4.745625305E1
4.436272271E1,2.548125076E1,4.743750095E0,4.777500153E1
4.438272621E1,2.469375038E1,5.062500000E0,4.768125153E1
4.440272493E1,2.548125076E1,5.025000095E0,4.807500076E1
4.442272000E1,2.508750153E1,5.268750191E0,4.747500229E1
4.444272362E1,2.615625191E1,4.931250095E0,4.764375305E1
4.446272284E1,2.557500076E1,5.250000000E0,4.756875229E1
4.448270847E1,2.643750191E1,5.343750000E0,4.732500076E1
4.450271428E1,2.518125153E1,5.381250381E0,4.736250305E1
4.452271505E1,2.557500076E1,5.250000000E0,4.766250229E1
4.454272312E1,2.525625038E1,5.756250381E0,4.768125153E1
4.456275946E1,2.585625076E1,5.231250286E0,4.786875153E1
4.458274924E1,2.546250153E1,5.418750286E0,4.798125076E1
4.460274730E1,2.585625076E1,5.662500381E0,4.725000000E1
4.462274100E1,2.578125191E1,5.043750286E0,4.745625305E1
4.464273185E1,2.595000076E1,5.437500000E0,4.755000305E1
4.466273037E1,2.525625038E1,5.737500191E0,4.777500153E1
4.468272708E1,2.538750076E1,5.043750286E0,4.786875153E1
4.470273170E1,2.536875153E1,5.118750095E0,4.830000305E1
4.472273159E1,2.495625114E1,5.643750191E0,4.800000000E1
4.474272722E1,2.518125153E1,5.137500286E0,4.809375381E1
4.476273117E1,2.508750153E1,4.950000286E0,4.788750076E1
4.478274192E1,2.490000153E1,4.950000286E0,4.800000000E1
4.480273490E1,2.480625153E1,4.762500286E0,4.779375076E1
4.482273621E1,2.499375153E1,4.875000000E0,4.756875229E1
4.484273290E1,2.478750038E1,4.931250095E0,4.820625305E1
4.486272632E1,2.460000038E1,4.706250191E0,4.882500076E1
4.488272731E1,2.473125076E1,4.481250286E0,4.768125153E1
4.490272599E1,2.383125114E1,4.781250000E0,4.801875305E1
4.492272060E1,2.439375114E1,4.931250095E0,4.863750076E1
4.494272381E1,2.430000114E1,5.043750286E0,4.831875229E1
4.496272242E1,2.499375153E1,4.931250095E0,4.830000305E1
4.498272866E1,2.433750153E1,4.368750095E0,4.790625000E1
4.500272982E1,2.454375076E1,4.293750286E0,4.758750153E1
4.502270545E1,2.385000038E1,4.593750000E0,4.771875000E1
4.504271471E1,2.401875114E1,4.875000000E0,4.792500305E1
4.506271857E1,2.394375038E1,4.275000095E0,4.822500229E1
4.508271758E1,2.385000038E1,4.293750286E0,4.801875305E1
4.510275819E1,2.463750076E1,4.275000095E0,4.779375076E1
4.512275164E1,2.424375153E1,4.387500286E0,4.770000076E1
4.514274099E1,2.366250038E1,4.312500000E0,4.781250000E1
4.516273936E1,2.405625153E1,4.200000286E0,4.781250000E1
4.518273383E1,2.405625153E1,3.862500191E0,4.852500153E1
4.520273533E1,2.373750114E1,4.368750095E0,4.843125153E1
4.522273415E1,2.394375038E1,4.256250381E0,4.833750153E1
4.524274016E1,2.386875153E1,3.975000143E0,4.813125229E1
4.526274086E1,2.377500153E1,4.143750191E0,4.719375229E1
4.528273713E1,2.433750153E1,4.256250381E0,4.820625305E1
4.530273029E1,2.396250153E1,3.881250143E0,4.811250305E1
4.532274367E1,2.415000153E1,4.087500095E0,4.790625000E1
4.534273873E1,2.424375153E1,4.293750286E0,4.758750153E1
4.536273037E1,2.375625038E1,4.518750191E0,4.760625076E1
4.538273104E1,2.426250076E1,4.050000191E0,4.685625076E1
4.540272779E1,2.385000038E1,4.425000191E0,4.740000153E1
4.542272027E1,2.377500153E1,4.012500286E0,4.760625076E1
4.544272320E1,2.435625076E1,4.218750000E0,4.726875305E1
4.546272165E1,2.426250076E1,3.937500238E0,4.706250000E1
4.548272780E1,2.405625153E1,4.406250000E0,4.740000153E1
4.550272859E1,2.452500153E1,4.500000000E0,4.747500229E1
4.552272528E1,2.386875153E1,4.350000381E0,4.678125000E1
4.554271896E1,2.445000076E1,4.106250286E0,4.726875305E1
4.556270001E1,2.471250153E1,4.706250191E0,4.706250000E1
4.558270256E1,2.443125153E1,4.518750191E0,4.706250000E1
4.560271255E1,2.405625153E1,4.443750381E0,4.687500000E1
4.562271669E1,2.461875153E1,4.500000000E0,4.738125229E1
4.564276116E1,2.415000153E1,4.425000191E0,4.708125305E1
4.566275758E1,2.452500153E1,4.931250095E0,4.685625076E1
4.568274930E1,2.422500038E1,4.950000286E0,4.676250076E1
4.570274902E1,2.460000038E1,5.118750095E0,4.706250000E1
4.572274433E1,2.469375038E1,5.100000381E0,4.717500305E1
4.574273483E1,2.461875153E1,4.837500095E0,4.665000153E1
4.576273631E1,2.501250076E1,4.950000286E0,4.601250076E1
4.578274450E1,2.520000076E1,5.043750286E0,4.633125305E1
4.580273557E1,2.473125076E1,4.743750095E0,4.644375229E1
4.582273570E1,2.471250153E1,5.118750095E0,4.685625076E1
4.584273192E1,2.461875153E1,4.912500381E0,4.696875000E1
4.586273661E1,2.490000153E1,4.912500381E0,4.695000076E1
4.588273632E1,2.529375076E1,5.006250381E0,4.663125229E1
4.590273169E1,2.529375076E1,5.118750095E0,4.642500305E1
4.592272396E1,2.482500076E1,4.856250286E0,4.633125305E1
4.594272542E1,2.520000076E1,5.043750286E0,4.601250076E1
4.596272280E1,2.482500076E1,4.631250381E0,4.674375153E1
4.598272896E1,2.510625076E1,4.912500381E0,4.683750153E1
4.600272930E1,2.551875114E1,4.556250095E0,4.590000153E1
4.602272569E1,2.520000076E1,5.118750095E0,4.653750229E1
4.604273005E1,2.540625191E1,4.912500381E0,4.651875305E1
4.606272932E1,2.610000038E1,4.743750095E0,4.576875305E1
4.608273635E1,2.602500153E1,4.256250381E0,4.556250000E1
4.610271616E1,2.628750038E1,4.931250095E0,4.588125229E1
4.612271764E1,2.640000153E1,4.350000381E0,4.556250000E1
4.614271496E1,2.658750153E1,4.593750000E0,4.627500153E1
4.616272056E1,2.649375153E1,4.725000381E0,4.597500229E1
4.618277767E1,2.677500153E1,4.593750000E0,4.627500153E1
4.620277234E1,2.746875191E1,4.218750000E0,4.719375229E1
4.622276227E1,2.718750191E1,4.312500000E0,4.584375000E1
4.624274955E1,2.700000191E1,3.956250191E0,4.689375305E1
4.626274622E1,2.709375191E1,4.087500095E0,4.616250229E1
4.628273815E1,2.758125114E1,3.843750238E0,4.676250076E1
4.630274116E1,2.778750038E1,3.750000238E0,4.676250076E1
4.632275042E1,2.799375153E1,3.600000143E0,4.571250153E1
4.634274235E1,2.806875038E1,3.825000048E0,4.685625076E1
4.636273203E1,2.750625038E1,3.543750048E0,4.676250076E1
4.638273147E1,2.801250076E1,3.093750238E0,4.571250153E1
4.640273889E1,2.821875191E1,2.906250000E0,4.548750305E1
4.642274071E1,2.831250191E1,3.056250095E0,4.633125305E1
4.644273784E1,2.820000076E1,3.168750048E0,4.621875000E1
4.646273140E1,2.878125191E1,3.300000191E0,4.693125153E1
4.648273388E1,2.851875114E1,2.568750143E0,4.599375153E1
4.650273113E1,2.908125114E1,2.812500000E0,4.681875229E1
4.652272601E1,2.928750038E1,2.756250143E0,4.597500229E1
4.654272937E1,2.930625153E1,2.437500000E0,4.618125153E1
4.656272815E1,2.911875153E1,2.568750143E0,4.576875305E1
4.658272320E1,2.932500076E1,2.156250000E0,4.586250305E1
4.660272673E1,2.895000076E1,1.912500024E0,4.526250076E1
4.662272616E1,2.951250076E1,2.268750191E0,4.556250000E1
4.664271174E1,2.992500114E1,1.762500048E0,4.543125153E1
4.666271743E1,2.994375038E1,1.575000048E0,4.522500229E1
4.668271844E1,2.975625038E1,1.312500000E0,4.492500305E1
4.670271548E1,3.043125153E1,1.500000000E0,4.479375076E1
4.672276576E1,3.045000076E1,1.256250024E0,4.385625076E1
4.674275555E1,3.024375153E1,1.556250095E0,4.396875000E1
4.676275320E1,3.075000191E1,1.237500072E0,4.385625076E1
4.678274659E1,3.063750076E1,1.106250048E0,4.468125153E1
4.680273705E1,3.135000038E1,7.125000358E-1,4.425000000E1
4.682273518E1,3.123750114E1,1.012500048E0,4.425000000E1
4.684273156E1,3.165000153E1,7.312500477E-1,4.370625305E1
4.686268139E1,3.204375076E1,6.187500358E-1,4.359375000E1
4.688269340E1,3.240000153E1,1.200000048E0,4.380000305E1
4.690270030E1,3.215625000E1,2.250000089E-1,4.368750000E1
4.692270262E1,3.221250153E1,1.331250072E0,4.318125153E1
4.694273490E1,3.271875000E1,6.375000477E-1,4.305000305E1
4.696273339E1,3.322500229E1,3.562500179E-1,4.252500153E1
4.698273848E1,3.245625305E1,4.687500298E-1,4.265625000E1
4.700273790E1,3.331875229E1,5.437500477E-1,4.252500153E1
4.702273273E1,3.345000076E1,-2.437500060E-1,4.241250229E1
4.704273440E1,3.324375153E1,1.687500030E-1,4.211250305E1
4.706272180E1,3.376875305E1,-4.875000119E-1,4.136250305E1
4.708271888E1,3.405000305E1,-3.375000060E-1,4.186875153E1
4.710272401E1,3.435000229E1,-6.000000238E-1,4.134375000E1
4.712272423E1,3.416250229E1,-6.937500238E-1,4.113750076E1
4.714272039E1,3.388125229E1,-1.106250048E0,4.166250229E1
4.716272494E1,3.418125153E1,-1.312500000E0,4.155000305E1
4.718271463E1,3.478125000E1,-1.312500000E0,4.132500076E1
4.720272340E1,3.596250153E1,-1.668750048E0,4.160625076E1
4.722272654E1,3.461250305E1,-1.875000119E0,4.080000305E1
4.724272488E1,3.519375229E1,-1.875000119E0,4.048125076E1
4.726277575E1,3.472500229E1,-2.287500143E0,4.100625229E1
4.728276570E1,3.530625153E1,-2.268750191E0,4.036875153E1
4.730275210E1,3.502500153E1,-2.493750095E0,4.089375305E1
4.732274810E1,3.558750153E1,-2.137500048E0,4.128750229E1
4.734274077E1,3.581250000E1,-2.606250048E0,4.096875000E1
4.736273278E1,3.628125000E1,-2.118750095E0,4.085625076E1
4.738273229E1,3.630000305E1,-2.268750191E0,3.991875076E1
4.740268444E1,3.665625000E1,-1.950000048E0,4.106250000E1
4.742268750E1,3.676875305E1,-2.250000000E0,4.095000076E1
4.744269869E1,3.721875000E1,-1.256250024E0,4.063125229E1
4.746270419E1,3.695625305E1,-1.837500095E0,4.051875305E1
4.748272783E1,3.684375000E1,-1.537500024E0,4.074375153E1
4.750273117E1,3.710625076E1,-1.162500024E0,4.104375076E1
4.752272872E1,3.826875305E1,-9.750000238E-1,4.059375000E1
4.754273344E1,3.856875229E1,-9.562500119E-1,3.997500229E1
4.756273303E1,3.776250076E1,-5.062500238E-1,4.102500153E1
4.758272672E1,3.778125000E1,-1.106250048E0,4.123125076E1
4.760273077E1,3.804375076E1,-3.375000060E-1,4.164375305E1
4.762272943E1,3.853125000E1,-3.187500238E-1,4.111875153E1
4.764272409E1,3.862500000E1,-3.750000149E-2,4.132500076E1
4.766272721E1,3.843750000E1,-4.312500060E-1,4.132500076E1
4.768272569E1,3.798750305E1,7.312500477E-1,4.196250153E1
4.770273199E1,3.763125229E1,1.125000045E-1,4.239375305E1
4.772272259E1,3.742500305E1,2.062500119E-1,4.260000229E1
4.774272112E1,3.701250076E1,8.062500358E-1,4.273125076E1
4.776272722E1,3.693750000E1,2.250000089E-1,4.273125076E1
4.778272806E1,3.682500076E1,4.125000238E-1,4.293750000E1
4.780278116E1,3.654375076E1,1.312500089E-1,4.293750000E1
4.782277297E1,3.695625305E1,-5.625000224E-2,4.241250229E1
4.784276043E1,3.665625000E1,-5.625000224E-2,4.241250229E1
4.786274601E1,3.626250076E1,-1.500000060E-1,4.275000000E1
4.788274156E1,3.628125000E1,-3.187500238E-1,4.222500229E1
4.790273677E1,3.598125076E1,7.500000298E-2,4.233750153E1
4.792272706E1,3.570000076E1,-3.750000000E-1,4.171875000E1
4.794269425E1,3.586875153E1,4.125000238E-1,4.171875000E1
4.796269787E1,3.540000153E1,-2.062500119E-1,4.235625076E1
4.798270949E1,3.568125153E1,1.875000000E-1,4.224375153E1
4.800271531E1,3.493125153E1,-2.437500060E-1,4.153125000E1
4.802275008E1,3.566250229E1,6.000000238E-1,4.192500305E1
4.804273915E1,3.540000153E1,2.625000179E-1,4.100625229E1
4.806273678E1,3.633750153E1,5.250000358E-1,4.305000305E1
4.808273046E1,3.633750153E1,5.812500119E-1,4.201875305E1
4.810273260E1,3.525000000E1,1.200000048E0,4.205625153E1
4.812272875E1,3.478125000E1,7.125000358E-1,4.237500000E1
4.814273473E1,3.534375000E1,1.068750024E0,4.276875305E1
4.816273498E1,3.504375076E1,1.387500048E0,4.258125305E1
4.818273093E1,3.532500076E1,1.350000024E0,4.278750229E1
4.820273510E1,3.579375076E1,1.443750024E0,4.443750000E1
4.822273421E1,3.463125229E1,1.556250095E0,4.310625076E1
4.824274085E1,3.481875229E1,1.650000095E0,4.301250076E1
4.826273204E1,3.480000305E1,2.231250048E0,4.331250000E1
4.828273034E1,3.481875229E1,1.893750072E0,4.248750305E1
4.830272520E1,3.498750305E1,2.343750000E0,4.321875000E1
4.832272860E1,3.442500305E1,2.175000191E0,4.301250076E1
4.834278388E1,3.498750305E1,2.325000048E0,4.342500305E1
4.836276627E1,3.421875000E1,1.950000048E0,4.333125305E1
4.838275812E1,3.410625076E1,2.643750191E0,4.355625153E1
4.840274693E1,3.431250000E1,2.268750191E0,4.312500000E1
4.842273419E1,3.420000076E1,2.737500191E0,4.365000153E1
4.844272994E1,3.371250153E1,2.456250191E0,4.335000229E1
4.846272494E1,3.391875076E1,2.456250191E0,4.344375229E1
4.848268528E1,3.403125000E1,1.968750119E0,4.323750305E1
4.850269461E1,3.380625153E1,2.418750048E0,4.408125305E1
4.852269916E1,3.313125229E1,2.550000191E0,4.398750305E1
4.854271087E1,3.331875229E1,2.606250048E0,4.451250076E1
4.856275052E1,3.352500153E1,2.456250191E0,4.346250153E1
4.858274317E1,3.301875305E1,2.643750191E0,4.410000229E1
4.860274331E1,3.311250305E1,2.737500191E0,4.421250153E1
4.862273884E1,3.331875229E1,2.437500000E0,4.410000229E1
4.864273105E1,3.320625305E1,2.606250048E0,4.451250076E1
4.866273039E1,3.255000305E1,2.643750191E0,4.265625000E1
4.868272774E1,3.275625229E1,2.587500095E0,4.171875000E1
4.870273268E1,3.226875305E1,2.025000095E0,4.329375076E1
4.872273243E1,3.256875229E1,2.212500095E0,4.318125153E1
4.874272819E1,3.238125229E1,2.137500048E0,4.288125229E1
4.876273201E1,3.230625153E1,1.650000095E0,4.265625000E1
4.878273143E1,3.258750153E1,1.612500072E0,4.318125153E1
4.880272677E1,3.238125229E1,1.200000048E0,4.535625076E1
4.882273032E1,3.376875305E1,6.187500358E-1,4.605000305E1
4.884272900E1,3.376875305E1,9.375000596E-1,4.417500305E1
4.886272404E1,3.241875076E1,1.012500048E0,4.359375000E1
4.888278365E1,3.309375000E1,1.312500000E0,4.305000305E1
4.890276976E1,3.313125229E1,4.125000238E-1,4.314375305E1
4.892275273E1,3.294375229E1,3.937500119E-1,4.181250000E1
4.894274620E1,3.315000153E1,1.687500030E-1,4.231875229E1
4.896273673E1,3.393750000E1,-3.750000149E-2,4.207500076E1
4.898273548E1,3.333750153E1,2.625000179E-1,4.220625305E1
4.900273238E1,3.403125000E1,-2.625000179E-1,4.239375305E1
4.902269378E1,3.395625305E1,-3.187500238E-1,4.177500153E1
4.904270396E1,3.455625153E1,-4.875000119E-1,4.091250229E1
4.906270892E1,3.397500229E1,-6.937500238E-1,4.125000000E1
4.908270957E1,3.395625305E1,-6.187500358E-1,4.166250229E1
4.910275171E1,3.416250229E1,-8.062500358E-1,4.155000305E1
4.912274673E1,3.455625153E1,-7.125000358E-1,4.143750000E1
4.914273752E1,3.446250153E1,-1.012500048E0,4.143750000E1
4.916273697E1,3.525000000E1,-1.143750072E0,4.171875000E1
4.918273236E1,3.429375076E1,-1.312500000E0,4.164375305E1
4.920273448E1,3.536250305E1,-1.556250095E0,4.171875000E1
4.922273381E1,3.489375305E1,-1.650000095E0,4.038750076E1
4.924272895E1,3.489375305E1,-1.781250119E0,4.089375305E1
4.926273236E1,3.540000153E1,-1.856250048E0,4.016250229E1
4.928273105E1,3.590625000E1,-2.156250000E0,3.993750000E1
4.930272610E1,3.609375000E1,-2.156250000E0,3.971250153E1
4.932272970E1,3.560625076E1,-2.062500000E0,4.005000305E1
4.934272856E1,3.600000000E1,-2.381250143E0,4.035000229E1
4.936272349E1,3.631875229E1,-2.531250000E0,3.918750000E1
4.938272681E1,3.611250305E1,-2.512500048E0,3.898125076E1
4.940272534E1,3.699375153E1,-2.456250191E0,3.928125000E1
4.942271917E1,3.720000076E1,-3.075000048E0,3.978750229E1
4.944272319E1,3.778125000E1,-2.587500095E0,3.935625076E1
4.946272217E1,3.768750000E1,-2.681250095E0,3.956250000E1
4.948272872E1,3.798750305E1,-3.300000191E0,3.965625000E1
4.950272979E1,3.766875076E1,-2.512500048E0,3.988125229E1
4.952272650E1,3.789375305E1,-2.981250048E0,3.935625076E1
4.954273159E1,3.836250305E1,-3.037500143E0,4.006875229E1
4.956269875E1,3.796875000E1,-2.906250000E0,3.986250305E1
4.958270128E1,3.866250229E1,-2.925000191E0,3.975000000E1
4.960271167E1,3.894375229E1,-2.756250143E0,4.005000305E1
4.962271591E1,3.866250229E1,-2.962500095E0,4.046250153E1
4.964276060E1,3.873750305E1,-2.475000143E0,4.057500076E1
4.966275735E1,3.913125229E1,-2.887500048E0,4.046250153E1
4.968274901E1,3.913125229E1,-2.681250095E0,4.035000229E1
4.970274881E1,3.901875305E1,-2.287500143E0,4.057500076E1
4.972274420E1,3.911250305E1,-2.250000000E0,3.973125076E1
4.974273508E1,3.930000305E1,-2.006250143E0,4.066875076E1
4.976273654E1,3.913125229E1,-2.812500000E0,4.108125305E1
4.978274462E1,3.870000076E1,-2.156250000E0,4.192500305E1
4.980273557E1,3.881250000E1,-2.118750095E0,4.119375229E1
4.982273568E1,3.828750229E1,-1.537500024E0,4.173750305E1
4.984273179E1,3.800625229E1,-1.725000024E0,4.164375305E1
4.986273641E1,3.856875229E1,-1.256250024E0,4.183125305E1
4.988272486E1,3.858750153E1,-1.668750048E0,4.203750229E1
4.990272290E1,3.826875305E1,-1.368750095E0,4.215000153E1
4.992271775E1,3.787500000E1,-9.562500119E-1,4.207500076E1
4.994272128E1,3.815625000E1,-7.875000238E-1,4.237500000E1
4.996271908E1,3.823125076E1,-3.937500119E-1,4.258125305E1
4.998271533E1,3.772500229E1,9.375000000E-2,4.269375229E1
5.000271953E1,3.832500076E1,-3.187500238E-1,4.278750229E1
5.002271868E1,3.763125229E1,1.312500089E-1,4.207500076E1
5.004272567E1,3.811875153E1,1.312500089E-1,4.196250153E1
5.006272690E1,3.802500153E1,0.000000000E0,4.258125305E1
5.008272408E1,3.742500305E1,1.875000075E-2,4.271250153E1
5.010269630E1,3.705000305E1,1.875000000E-1,4.156875229E1
5.012270322E1,3.744375229E1,-1.312500089E-1,4.186875153E1
5.014270524E1,3.665625000E1,5.625000224E-2,4.220625305E1
5.016271454E1,3.723750305E1,2.625000179E-1,4.198125076E1
5.018276314E1,3.714375305E1,-5.625000224E-2,4.220625305E1
5.020275145E1,3.695625305E1,1.500000060E-1,4.209375000E1
5.022274774E1,3.714375305E1,1.875000000E-1,4.156875229E1
5.024273988E1,3.688125229E1,-2.812500000E-1,4.115625000E1
5.026274081E1,3.686250305E1,-0.000000000E0,4.158750153E1
5.028273578E1,3.678750229E1,-4.500000179E-1,4.085625076E1
5.030272934E1,3.686250305E1,-7.500000298E-2,4.095000076E1
5.032274279E1,3.639375305E1,-4.687500298E-1,4.128750229E1
5.034273779E1,3.656250000E1,0.000000000E0,4.158750153E1
5.036272978E1,3.688125229E1,-2.625000179E-1,4.095000076E1
5.038273096E1,3.708750153E1,-6.937500238E-1,4.125000000E1
5.040273942E1,3.680625153E1,-6.562500000E-1,4.085625076E1
5.042274199E1,3.708750153E1,-7.687500119E-1,4.095000076E1
5.044273934E1,3.650625229E1,-6.187500358E-1,4.023750305E1
5.046273341E1,3.697500229E1,-2.625000179E-1,4.095000076E1
5.048273559E1,3.736875153E1,-2.437500060E-1,4.021875000E1
5.050273222E1,3.746250153E1,-5.062500238E-1,4.125000000E1
5.052272715E1,3.671250153E1,-8.062500358E-1,4.023750305E1
5.054273026E1,3.731250000E1,-9.375000596E-1,4.042500305E1
5.056272883E1,3.643125153E1,-8.812500238E-1,3.991875076E1
5.058272388E1,3.682500076E1,-1.087500095E0,3.971250153E1
5.060272742E1,3.740625000E1,-7.875000238E-1,3.937500000E1
5.062272641E1,3.731250000E1,-9.937500358E-1,3.969375229E1
5.064271178E1,3.705000305E1,-1.650000095E0,3.916875076E1
5.066271765E1,3.656250000E1,-1.481250048E0,3.971250153E1
5.068271847E1,3.723750305E1,-1.293750048E0,3.969375229E1
5.070272645E1,3.703125000E1,-1.368750095E0,3.948750305E1
5.072277412E1,3.703125000E1,-1.387500048E0,3.969375229E1
5.074276157E1,3.723750305E1,-1.612500072E0,3.990000153E1
5.076275717E1,3.663750076E1,-1.181250095E0,3.960000229E1
5.078274912E1,3.663750076E1,-1.275000095E0,3.960000229E1
5.080273817E1,3.735000229E1,-1.762500048E0,3.905625153E1
5.082273559E1,3.716250229E1,-1.650000095E0,3.907500076E1
5.084273141E1,3.665625000E1,-1.537500024E0,3.898125076E1
5.086268108E1,3.755625153E1,-1.631250024E0,3.843750000E1
5.088269298E1,3.688125229E1,-1.818750024E0,3.855000305E1
5.090269984E1,3.693750000E1,-1.387500048E0,3.960000229E1
5.092270189E1,3.684375000E1,-1.143750072E0,3.898125076E1
5.094272287E1,3.714375305E1,-1.575000048E0,3.928125000E1
5.096272413E1,3.646875000E1,-1.425000072E0,3.888750076E1
5.098273178E1,3.721875000E1,-1.312500000E0,4.001250076E1
5.100273318E1,3.665625000E1,-1.425000072E0,3.877500153E1
5.102272997E1,3.663750076E1,-1.031250000E0,3.877500153E1
5.104273290E1,3.703125000E1,-1.162500024E0,3.928125000E1
5.106273254E1,3.721875000E1,-1.106250048E0,3.990000153E1
5.108272751E1,3.652500153E1,-6.937500238E-1,3.991875076E1
5.110273072E1,3.631875229E1,-2.625000179E-1,3.952500153E1
5.112272915E1,3.671250153E1,-5.625000000E-1,3.930000305E1
5.114272380E1,3.645000076E1,-1.106250048E0,3.868125153E1
5.116272739E1,3.699375153E1,-1.687500030E-1,3.918750000E1
5.118271604E1,3.673125076E1,-6.375000477E-1,3.888750076E1
5.120271296E1,3.688125229E1,7.500000298E-2,4.003125000E1
5.122271800E1,3.639375305E1,-1.875000000E-1,3.982500076E1
5.124271823E1,3.678750229E1,-2.062500119E-1,3.982500076E1
5.126277104E1,3.581250000E1,-3.000000119E-1,4.046250153E1
5.128276270E1,3.620625305E1,-7.500000298E-2,3.961875153E1
5.130275055E1,3.601875305E1,-4.875000119E-1,3.993750000E1
5.132274736E1,3.590625000E1,2.250000089E-1,3.975000000E1
5.134274059E1,3.620625305E1,-1.875000000E-1,3.993750000E1
5.136273037E1,3.609375000E1,1.875000075E-2,3.984375000E1
5.138273086E1,3.543750000E1,-4.875000119E-1,4.036875153E1
5.140268392E1,3.558750153E1,5.062500238E-1,4.016250229E1
5.142268749E1,3.543750000E1,-2.625000179E-1,4.006875229E1
5.144269895E1,3.570000076E1,2.250000089E-1,4.006875229E1
5.146270482E1,3.504375076E1,-3.562500179E-1,4.006875229E1
5.148272879E1,3.558750153E1,2.625000179E-1,4.100625229E1
5.150273196E1,3.534375000E1,-4.500000179E-1,3.986250305E1
5.152272965E1,3.588750076E1,1.875000000E-1,4.036875153E1
5.154273445E1,3.523125076E1,3.750000149E-2,3.986250305E1
5.156273395E1,3.519375229E1,6.187500358E-1,4.018125153E1
5.158272763E1,3.493125153E1,1.875000075E-2,4.029375076E1
5.160271998E1,3.556875229E1,9.000000358E-1,4.038750076E1
5.162272098E1,3.470625305E1,5.062500238E-1,4.081875229E1
5.164271788E1,3.526875305E1,8.812500238E-1,4.070625305E1
5.166272284E1,3.519375229E1,9.375000596E-1,3.988125229E1
5.168272274E1,3.573750305E1,1.350000024E0,4.089375305E1
5.170271908E1,3.517500305E1,1.125000000E0,4.018125153E1
5.172271328E1,3.585000229E1,1.162500024E0,4.089375305E1
5.174271460E1,3.536250305E1,1.181250095E0,4.070625305E1
5.176272325E1,3.583125305E1,1.537500024E0,4.100625229E1
5.178272586E1,3.513750076E1,1.687500119E0,4.061250305E1
5.180278036E1,3.521250153E1,2.231250048E0,4.155000305E1
5.182277289E1,3.521250153E1,2.043750048E0,4.132500076E1
5.184276099E1,3.551250076E1,2.006250143E0,4.185000229E1
5.186274687E1,3.504375076E1,1.875000119E0,4.093125153E1
5.188274255E1,3.560625076E1,2.325000048E0,4.121250153E1
5.190273407E1,3.510000229E1,2.306250095E0,4.185000229E1
5.192273606E1,3.510000229E1,2.325000048E0,4.143750000E1
5.194269019E1,3.489375305E1,2.625000000E0,4.155000305E1
5.196269471E1,3.547500229E1,2.681250095E0,4.205625153E1
5.198270692E1,3.459375000E1,2.681250095E0,4.260000229E1
5.200271324E1,3.480000305E1,2.550000191E0,4.134375000E1
5.202273732E1,3.451875305E1,2.325000048E0,4.177500153E1
5.204274063E1,3.431250000E1,2.400000095E0,4.250625229E1
5.206273841E1,3.431250000E1,2.418750048E0,4.198125076E1
5.208273222E1,3.421875000E1,2.550000191E0,4.168125153E1
5.210273428E1,3.451875305E1,2.512500048E0,4.198125076E1
5.212273122E1,3.386250305E1,1.856250048E0,4.168125153E1
5.214273674E1,3.405000305E1,2.081250191E0,4.136250305E1
5.216273643E1,3.384375000E1,2.268750191E0,4.147500229E1
5.218273205E1,3.403125000E1,2.250000000E0,4.188750076E1
5.220273582E1,3.328125000E1,1.781250119E0,4.170000076E1
5.222273454E1,3.386250305E1,1.837500095E0,4.200000000E1
5.224272976E1,3.367500305E1,1.650000095E0,4.188750076E1
5.226273454E1,3.348750305E1,1.275000095E0,4.179375076E1
5.228273267E1,3.330000305E1,1.293750048E0,4.158750153E1
5.230272728E1,3.367500305E1,1.462500095E0,4.200000000E1
5.232273033E1,3.350625229E1,1.012500048E0,4.117500305E1
5.234278536E1,3.341250229E1,8.625000119E-1,4.211250305E1
5.236277841E1,3.322500229E1,7.125000358E-1,4.149375153E1
5.238276720E1,3.315000153E1,3.000000119E-1,4.170000076E1
5.240275354E1,3.333750153E1,5.062500238E-1,4.158750153E1
5.242273855E1,3.380625153E1,6.937500238E-1,4.136250305E1
5.244273443E1,3.324375153E1,5.062500238E-1,4.158750153E1
5.246273919E1,3.345000076E1,2.062500119E-1,4.138125229E1
5.248269568E1,3.324375153E1,2.250000089E-1,4.117500305E1
5.250270159E1,3.384375000E1,9.375000000E-2,4.136250305E1
5.252270360E1,3.345000076E1,-9.375000000E-2,4.147500229E1
5.254271314E1,3.326250076E1,1.312500089E-1,4.126875305E1
5.256273999E1,3.337500000E1,-3.187500238E-1,4.033125305E1
5.258273447E1,3.363750076E1,2.437500060E-1,4.074375153E1
5.260273634E1,3.298125076E1,-1.312500089E-1,4.055625153E1
5.262273364E1,3.356250000E1,-1.687500030E-1,4.095000076E1
5.264272731E1,3.395625305E1,-1.500000060E-1,4.063125229E1
5.266272796E1,3.466875076E1,-5.437500477E-1,4.018125153E1
5.268272637E1,3.425625229E1,-3.562500179E-1,4.051875305E1
5.270273180E1,3.540000153E1,1.687500030E-1,4.110000229E1
5.272273217E1,3.414375305E1,-1.687500030E-1,4.063125229E1
5.274272825E1,3.530625153E1,-1.875000075E-2,4.100625229E1
5.276273232E1,3.472500229E1,1.500000060E-1,4.008750153E1
5.278273163E1,3.513750076E1,-1.687500030E-1,4.027500153E1
5.280272811E1,3.451875305E1,2.062500119E-1,4.081875229E1
5.282273124E1,3.500625229E1,3.000000119E-1,4.059375000E1
5.284272962E1,3.451875305E1,5.437500477E-1,4.031250000E1
5.286272435E1,3.510000229E1,6.375000477E-1,4.008750153E1
5.288278411E1,3.491250229E1,3.375000060E-1,4.018125153E1
5.290276975E1,3.451875305E1,5.250000358E-1,4.040625000E1
5.292275291E1,3.478125000E1,1.106250048E0,4.061250305E1
5.294274628E1,3.489375305E1,6.375000477E-1,4.018125153E1
5.296273674E1,3.560625076E1,4.500000179E-1,3.965625000E1
5.298273816E1,3.498750305E1,9.000000358E-1,4.061250305E1
5.300273451E1,3.498750305E1,8.437500596E-1,3.988125229E1
5.302269543E1,3.511875153E1,4.687500298E-1,3.956250000E1
5.304270507E1,3.519375229E1,7.125000358E-1,4.038750076E1
5.306270986E1,3.480000305E1,5.250000358E-1,4.020000076E1
5.308271011E1,3.510000229E1,5.625000000E-1,3.956250000E1
5.310275218E1,3.491250229E1,5.062500238E-1,4.050000000E1
5.312274694E1,3.489375305E1,6.187500358E-1,4.040625000E1
5.314273768E1,3.480000305E1,9.375000596E-1,3.999375153E1
5.316273702E1,3.451875305E1,3.750000000E-1,3.978750229E1
5.318273233E1,3.470625305E1,6.562500000E-1,3.978750229E1
5.320273439E1,3.519375229E1,6.375000477E-1,3.986250305E1
5.322273381E1,3.481875229E1,4.687500298E-1,3.956250000E1
5.324272899E1,3.450000000E1,8.625000119E-1,3.978750229E1
5.326273246E1,3.489375305E1,7.500000000E-1,3.967500305E1
5.328273117E1,3.489375305E1,1.031250000E0,3.999375153E1
5.330272589E1,3.508125305E1,9.375000596E-1,3.976875305E1
5.332272972E1,3.480000305E1,1.087500095E0,3.915000153E1
5.334272975E1,3.431250000E1,7.500000000E-1,3.999375153E1
5.336272436E1,3.470625305E1,9.562500119E-1,3.988125229E1
5.338272754E1,3.547500229E1,1.050000072E0,3.945000076E1
5.340272604E1,3.510000229E1,7.687500119E-1,3.945000076E1
5.342271962E1,3.517500305E1,1.031250000E0,3.988125229E1
5.344272338E1,3.489375305E1,1.275000095E0,3.926250076E1
5.346272211E1,3.478125000E1,1.143750072E0,3.988125229E1
5.348272861E1,3.506250000E1,1.218750000E0,4.029375076E1
5.350272960E1,3.498750305E1,1.087500095E0,3.915000153E1
5.352272607E1,3.556875229E1,1.218750000E0,3.975000000E1
5.354273092E1,3.478125000E1,1.331250072E0,3.999375153E1
5.356269838E1,3.508125305E1,1.181250095E0,3.915000153E1
5.358270121E1,3.526875305E1,1.481250048E0,3.894375229E1
5.360271126E1,3.528750229E1,1.050000072E0,3.956250000E1
5.362271559E1,3.476250076E1,1.556250095E0,3.978750229E1
5.364276033E1,3.526875305E1,1.350000024E0,3.945000076E1
5.366275713E1,3.496875000E1,1.425000072E0,4.008750153E1
5.368274876E1,3.496875000E1,1.443750024E0,3.988125229E1
5.370273752E1,3.526875305E1,1.143750072E0,3.976875305E1
5.372273565E1,3.506250000E1,1.725000024E0,3.988125229E1
5.374272841E1,3.438750076E1,1.462500095E0,3.969375229E1
5.376273182E1,3.534375000E1,1.612500072E0,4.018125153E1
5.378274166E1,3.577500153E1,9.375000596E-1,3.943125153E1
5.380273392E1,3.564375305E1,1.743750095E0,3.945000076E1
5.382273500E1,3.508125305E1,1.143750072E0,3.988125229E1
5.384273179E1,3.526875305E1,1.256250024E0,3.956250000E1
5.386273681E1,3.498750305E1,9.375000596E-1,3.997500229E1
5.388272544E1,3.496875000E1,1.218750000E0,4.008750153E1
5.390272378E1,3.536250305E1,1.462500095E0,3.924375153E1
5.392271862E1,3.556875229E1,1.237500072E0,3.945000076E1
5.394272209E1,3.442500305E1,5.250000358E-1,4.040625000E1
5.396272124E1,3.528750229E1,1.068750024E0,3.935625076E1
5.398272823E1,3.519375229E1,7.312500477E-1,4.006875229E1
5.400272924E1,3.549375153E1,7.500000000E-1,3.933750153E1
5.402272601E1,3.519375229E1,7.500000000E-1,3.965625000E1
5.404273056E1,3.549375153E1,4.500000179E-1,3.945000076E1
5.406273010E1,3.528750229E1,7.500000000E-1,3.965625000E1
5.408272577E1,3.579375076E1,4.500000179E-1,3.933750153E1
5.410270807E1,3.577500153E1,5.062500238E-1,4.016250229E1
5.412271169E1,3.556875229E1,9.187500477E-1,3.986250305E1
5.414271094E1,3.577500153E1,5.062500238E-1,4.027500153E1
5.416271800E1,3.590625000E1,2.437500060E-1,3.952500153E1
5.418276491E1,3.588750076E1,4.125000238E-1,3.995625305E1
5.420275193E1,3.637500000E1,3.000000119E-1,4.003125000E1
5.422274776E1,3.637500000E1,4.125000238E-1,3.973125076E1
5.424273940E1,3.637500000E1,6.000000238E-1,3.984375000E1
5.426273994E1,3.628125000E1,4.875000119E-1,4.014375305E1
5.428273484E1,3.663750076E1,8.437500596E-1,4.055625153E1
5.430272848E1,3.695625305E1,5.625000000E-1,4.033125305E1
5.432274183E1,3.710625076E1,1.237500072E0,4.044375229E1
5.434273704E1,3.731250000E1,9.000000358E-1,4.095000076E1
5.436272910E1,3.652500153E1,9.187500477E-1,4.128750229E1
5.438273045E1,3.712500000E1,9.000000358E-1,4.106250000E1
5.440273928E1,3.721875000E1,1.106250048E0,4.106250000E1
5.442273079E1,3.691875076E1,1.181250095E0,4.149375153E1
5.444273073E1,3.682500076E1,9.937500358E-1,4.149375153E1
5.446272678E1,3.680625153E1,1.350000024E0,4.222500229E1
5.448273117E1,3.699375153E1,1.668750048E0,4.170000076E1
5.450272940E1,3.641250229E1,1.350000024E0,4.233750153E1
5.452272557E1,3.688125229E1,1.537500024E0,4.243125153E1
5.454272961E1,3.753750229E1,2.100000143E0,4.250625229E1
5.456272881E1,3.706875229E1,1.931250095E0,4.231875229E1
5.458272420E1,3.744375229E1,2.100000143E0,4.252500153E1
5.460272800E1,3.678750229E1,1.743750095E0,4.231875229E1
5.462272718E1,3.635625076E1,2.306250095E0,4.295625305E1
5.464271276E1,3.646875000E1,1.987500072E0,4.316250229E1
5.466271853E1,3.615000153E1,2.493750095E0,4.327500153E1
5.468271906E1,3.607500076E1,2.175000191E0,4.359375000E1
5.470272692E1,3.605625153E1,2.587500095E0,4.329375076E1
5.472277451E1,3.656250000E1,1.837500095E0,4.398750305E1
5.474276174E1,3.536250305E1,2.775000095E0,4.383750153E1
5.476275728E1,3.526875305E1,2.587500095E0,4.393125153E1
5.478274908E1,3.547500229E1,2.606250048E0,4.331250000E1
5.480273820E1,3.450000000E1,2.343750000E0,4.333125305E1
5.482273561E1,3.466875076E1,2.700000048E0,4.385625076E1
5.484273152E1,3.373125076E1,1.931250095E0,4.387500000E1
5.486268092E1,3.361875153E1,2.568750143E0,4.325625229E1
5.488269277E1,3.331875229E1,2.718750000E0,4.263750076E1
5.490269968E1,3.363750076E1,2.325000048E0,4.252500153E1
5.492270183E1,3.256875229E1,2.137500048E0,4.276875305E1
5.494272289E1,3.232500076E1,3.431250095E0,4.288125229E1
5.496273539E1,3.196875191E1,2.887500048E0,4.216875076E1
5.498274034E1,3.146250153E1,3.187500238E0,4.239375305E1
5.500273954E1,3.168750191E1,2.606250048E0,4.205625153E1
5.502273412E1,3.217500305E1,2.831250191E0,4.111875153E1
5.504273573E1,3.148125076E1,2.625000000E0,4.186875153E1
5.506273405E1,3.097500038E1,3.281250238E0,4.104375076E1
5.508272822E1,3.118125153E1,3.056250095E0,4.145625305E1
5.510273102E1,3.099375153E1,3.075000048E0,4.115625000E1
5.512272915E1,3.120000076E1,2.793750048E0,4.083750153E1
5.514272360E1,3.080625153E1,3.225000143E0,4.021875000E1
5.516272691E1,3.033750153E1,2.606250048E0,4.085625076E1
5.518271511E1,3.101250076E1,2.737500191E0,4.001250076E1
5.520271234E1,3.054375076E1,2.250000000E0,4.012500000E1
5.522271752E1,3.101250076E1,2.756250143E0,3.960000229E1
5.524271778E1,3.028125191E1,1.987500072E0,3.960000229E1
5.526277099E1,3.035625076E1,2.606250048E0,3.918750000E1
5.528276260E1,2.988750076E1,2.137500048E0,3.909375000E1
5.530275028E1,3.005625153E1,2.531250000E0,3.900000000E1
5.532274716E1,2.960625076E1,1.968750119E0,3.858750153E1
5.534274045E1,3.037500191E1,2.062500000E0,3.825000000E1
5.536272953E1,3.046875191E1,2.381250143E0,3.804375076E1
5.538271903E1,3.001875114E1,1.312500000E0,3.783750153E1
5.540267471E1,3.060000038E1,1.818750024E0,3.740625000E1
5.542268070E1,3.013125038E1,1.462500095E0,3.701250076E1
5.544269420E1,3.091875076E1,1.331250072E0,3.699375153E1
5.546270176E1,3.084375191E1,8.437500596E-1,3.688125229E1
5.548272695E1,3.054375076E1,1.050000072E0,3.699375153E1
5.550273118E1,3.093750191E1,8.812500238E-1,3.615000153E1
5.552272945E1,3.093750191E1,7.875000238E-1,3.615000153E1
5.554273470E1,3.076875114E1,2.812500000E-1,3.626250076E1
5.556273425E1,3.144375038E1,2.437500060E-1,3.654375076E1
5.558272835E1,3.108750153E1,-2.250000089E-1,3.645000076E1
5.560273205E1,3.174375153E1,4.687500298E-1,3.613125229E1
5.562273039E1,3.138750076E1,-4.312500060E-1,3.633750153E1
5.564272481E1,3.196875191E1,-5.625000000E-1,3.652500153E1
5.566272783E1,3.210000229E1,-1.237500072E0,3.620625305E1
5.568272609E1,3.196875191E1,-3.375000060E-1,3.611250305E1
5.570272116E1,3.198750114E1,-1.050000072E0,3.661875153E1
5.572272580E1,3.354375076E1,-9.750000238E-1,3.605625153E1
5.574272383E1,3.210000229E1,-1.125000000E0,3.609375000E1
5.576272935E1,3.286875153E1,-8.812500238E-1,3.650625229E1
5.578272970E1,3.189375114E1,-9.375000596E-1,3.643125153E1
5.580278234E1,3.273750305E1,-5.062500238E-1,3.691875076E1
5.582277355E1,3.277500153E1,-8.437500596E-1,3.609375000E1
5.584276100E1,3.333750153E1,-5.062500238E-1,3.660000229E1
5.586274615E1,3.305625153E1,-8.625000119E-1,3.628125000E1
5.588274160E1,3.322500229E1,-3.000000119E-1,3.648750305E1
5.590273376E1,3.273750305E1,-5.250000358E-1,3.723750305E1
5.592272465E1,3.391875076E1,-2.812500000E-1,3.585000229E1
5.594268157E1,3.322500229E1,-4.125000238E-1,3.690000153E1
5.596268834E1,3.378750229E1,1.687500030E-1,3.678750229E1
5.598270246E1,3.390000153E1,-9.375000000E-2,3.616875076E1
5.600271036E1,3.436875153E1,3.375000060E-1,3.688125229E1
5.602273596E1,3.418125153E1,-3.750000149E-2,3.656250000E1
5.604274032E1,3.444375229E1,7.312500477E-1,3.708750153E1
5.606273844E1,3.455625153E1,4.312500060E-1,3.697500229E1
5.608273248E1,3.481875229E1,1.012500048E0,3.686250305E1
5.610273472E1,3.378750229E1,3.562500179E-1,3.699375153E1
5.612273073E1,3.472500229E1,9.187500477E-1,3.708750153E1
5.614273654E1,3.465000153E1,5.062500238E-1,3.729375076E1
5.616273642E1,3.500625229E1,1.387500048E0,3.738750076E1
5.618273219E1,3.451875305E1,1.200000048E0,3.750000000E1
5.620273594E1,3.478125000E1,1.650000095E0,3.791250229E1
5.622273486E1,3.412500000E1,1.406250000E0,3.740625000E1
5.624274147E1,3.496875000E1,1.837500095E0,3.800625229E1
5.626273244E1,3.553125000E1,2.418750048E0,3.800625229E1
5.628273073E1,3.485625076E1,2.325000048E0,3.811875153E1
5.630272542E1,3.573750305E1,2.118750095E0,3.810000229E1
5.632272869E1,3.457500076E1,2.025000095E0,3.855000305E1
5.634278387E1,3.534375000E1,2.418750048E0,3.811875153E1
5.636277742E1,3.483750153E1,2.493750095E0,3.875625229E1
5.638276661E1,3.461250305E1,3.187500238E0,3.875625229E1
5.640275310E1,3.481875229E1,2.868750095E0,3.905625153E1
5.642273806E1,3.540000153E1,3.150000095E0,3.915000153E1
5.644273514E1,3.472500229E1,2.887500048E0,3.896250153E1
5.646272840E1,3.500625229E1,3.150000095E0,3.926250076E1
5.648268698E1,3.412500000E1,3.281250238E0,3.939375305E1
5.650269525E1,3.429375076E1,3.768750191E0,3.930000305E1
5.652269959E1,3.378750229E1,3.843750238E0,3.993750000E1
5.654271078E1,3.429375076E1,3.843750238E0,3.960000229E1
5.656275020E1,3.391875076E1,3.468750238E0,3.971250153E1
5.658275394E1,3.406875229E1,4.012500286E0,4.044375229E1
5.660275140E1,3.301875305E1,3.975000143E0,3.984375000E1
5.662274457E1,3.378750229E1,3.675000191E0,4.128750229E1
5.664273462E1,3.339375305E1,3.712500095E0,4.087500000E1
5.666273260E1,3.436875153E1,3.787500143E0,4.065000153E1
5.668272875E1,3.313125229E1,3.093750238E0,4.119375229E1
5.670272160E1,3.330000305E1,3.750000238E0,4.181250000E1
5.672272346E1,3.341250229E1,3.093750238E0,4.295625305E1
5.674272129E1,3.292500305E1,3.168750048E0,4.171875000E1
5.676272712E1,3.225000000E1,3.318750143E0,4.132500076E1
5.678272798E1,3.292500305E1,3.093750238E0,4.140000153E1
5.680272603E1,3.245625305E1,2.925000191E0,4.132500076E1
5.682273000E1,3.271875000E1,3.337500095E0,4.245000076E1
5.684272910E1,3.236250305E1,2.568750143E0,4.215000153E1
5.686272412E1,3.294375229E1,2.887500048E0,4.171875000E1
5.688278419E1,3.228750229E1,2.306250095E0,4.162500000E1
5.690276977E1,3.294375229E1,2.756250143E0,4.203750229E1
5.692275286E1,3.187500191E1,2.681250095E0,4.216875076E1
5.694274635E1,3.255000305E1,3.018750191E0,4.121250153E1
5.696273706E1,3.266250229E1,2.606250048E0,4.130625153E1
5.698273566E1,3.313125229E1,2.906250000E0,4.119375229E1
5.700273273E1,3.256875229E1,2.587500095E0,4.171875000E1
5.702269424E1,3.350625229E1,3.506250143E0,4.087500000E1
5.704270426E1,3.253125000E1,3.281250238E0,4.173750305E1
5.706270934E1,3.318750000E1,4.068750381E0,4.160625076E1
5.708271002E1,3.262500000E1,3.412500143E0,4.130625153E1
5.710275196E1,3.388125229E1,4.106250286E0,4.066875076E1
5.712274685E1,3.406875229E1,3.975000143E0,4.085625076E1
5.714273767E1,3.335625076E1,4.668750286E0,4.140000153E1
5.716273729E1,3.358125305E1,3.975000143E0,4.119375229E1
5.718273256E1,3.395625305E1,4.181250095E0,4.108125305E1
5.720273467E1,3.348750305E1,3.768750191E0,4.149375153E1
5.722273403E1,3.316875076E1,4.237500191E0,4.224375153E1
5.724272923E1,3.367500305E1,3.956250191E0,4.170000076E1
5.726273247E1,3.328125000E1,4.068750381E0,4.160625076E1
5.728273117E1,3.356250000E1,4.143750191E0,4.181250000E1
5.730272601E1,3.318750000E1,3.900000095E0,4.119375229E1
5.732272968E1,3.298125076E1,4.237500191E0,4.235625076E1
5.734272906E1,3.305625153E1,4.406250000E0,4.265625000E1
5.736272384E1,3.339375305E1,3.843750238E0,4.181250000E1
5.738272707E1,3.300000000E1,3.750000238E0,4.213125229E1
5.740272566E1,3.270000076E1,3.768750191E0,4.203750229E1
5.742272008E1,3.300000000E1,3.768750191E0,4.183125305E1
5.744272396E1,3.309375000E1,3.543750048E0,4.213125229E1
5.746272271E1,3.279375076E1,3.937500238E0,4.245000076E1
5.748272919E1,3.330000305E1,3.356250048E0,4.171875000E1
5.750273018E1,3.279375076E1,4.068750381E0,4.194375229E1
5.752272665E1,3.300000000E1,3.675000191E0,4.151250076E1
5.754273139E1,3.240000153E1,3.937500238E0,4.258125305E1
5.756269838E1,3.348750305E1,3.956250191E0,4.160625076E1
5.758270114E1,3.281250000E1,3.656250238E0,4.203750229E1
5.760271130E1,3.300000000E1,3.750000238E0,4.213125229E1
5.762271570E1,3.270000076E1,3.881250143E0,4.162500000E1
5.764276054E1,3.279375076E1,3.881250143E0,4.173750305E1
5.766274585E1,3.307500076E1,4.125000000E0,4.233750153E1
5.768274028E1,3.356250000E1,4.031250000E0,4.192500305E1
5.770274256E1,3.258750153E1,4.143750191E0,4.226250076E1
5.772273981E1,3.386250305E1,3.975000143E0,4.284375000E1
5.774273196E1,3.247500229E1,4.668750286E0,4.173750305E1
5.776272353E1,3.305625153E1,4.650000095E0,4.183125305E1
5.778273514E1,3.277500153E1,4.575000286E0,4.173750305E1
5.780272931E1,3.356250000E1,4.462500095E0,4.140000153E1
5.782273172E1,3.346875000E1,4.331250191E0,4.201875305E1
5.784272970E1,3.373125076E1,4.875000000E0,4.119375229E1
5.786273572E1,3.326250076E1,4.631250381E0,4.036875153E1
5.788272512E1,3.500625229E1,4.725000381E0,4.115625000E1
5.790272372E1,3.384375000E1,4.518750191E0,4.201875305E1
5.792272999E1,3.390000153E1,5.568750381E0,4.108125305E1
5.794273099E1,3.315000153E1,5.081250191E0,4.130625153E1
5.796272666E1,3.352500153E1,5.137500286E0,4.181250000E1
5.798272081E1,3.350625229E1,5.437500000E0,4.160625076E1
5.800272300E1,3.448125076E1,5.718750000E0,4.138125229E1
5.802272091E1,3.313125229E1,5.231250286E0,4.194375229E1
5.804272661E1,3.367500305E1,5.906250000E0,4.224375153E1
5.806272716E1,3.322500229E1,5.212500095E0,4.245000076E1
5.808272380E1,3.388125229E1,6.000000000E0,4.201875305E1
5.810270684E1,3.311250305E1,5.718750000E0,4.224375153E1
5.812271119E1,3.339375305E1,5.887500286E0,4.265625000E1
5.814271096E1,3.339375305E1,5.793750286E0,4.235625076E1
5.816271822E1,3.298125076E1,6.262500286E0,4.308750153E1
5.818276544E1,3.337500000E1,6.281250477E0,4.256250000E1
5.820276368E1,3.316875076E1,6.393750191E0,4.246875000E1
5.822275660E1,3.298125076E1,6.187500477E0,4.278750229E1
5.824274633E1,3.316875076E1,6.712500095E0,4.226250076E1
5.826274492E1,3.298125076E1,6.093750477E0,4.256250000E1
5.828273798E1,3.305625153E1,6.975000381E0,4.267500305E1
5.830273026E1,3.316875076E1,6.300000191E0,4.256250000E1
5.832268779E1,3.277500153E1,6.543750286E0,4.185000229E1
5.834269501E1,3.309375000E1,6.112500191E0,4.226250076E1
5.836269811E1,3.255000305E1,7.331250191E0,4.207500076E1
5.838270850E1,3.337500000E1,6.543750286E0,4.162500000E1
5.840272470E1,3.277500153E1,6.937500477E0,4.196250153E1
5.842273319E1,3.266250229E1,6.918750286E0,4.228125000E1
5.844273530E1,3.275625229E1,7.237500191E0,4.185000229E1
5.846273234E1,3.226875305E1,6.900000095E0,4.280625153E1
5.848273680E1,3.232500076E1,7.762500286E0,4.312500000E1
5.850273574E1,3.245625305E1,7.312500477E0,4.228125000E1
5.852273100E1,3.232500076E1,7.650000095E0,4.342500305E1
5.854273414E1,3.204375076E1,7.443750381E0,4.365000153E1
5.856273228E1,3.211875153E1,7.856250286E0,4.353750229E1
5.858272658E1,3.163125038E1,8.156250000E0,4.366875076E1
5.860272963E1,3.193125153E1,7.762500286E0,4.355625153E1
5.862272811E1,3.172500038E1,7.856250286E0,4.376250076E1
5.864271313E1,3.112500191E1,8.118750572E0,4.451250076E1
5.866271837E1,3.121875191E1,8.362500191E0,4.389375305E1
5.868271899E1,3.110625076E1,8.643750191E0,4.419375229E1
5.870272686E1,3.091875076E1,8.606250763E0,4.471875000E1
5.872277447E1,3.118125153E1,9.168750763E0,4.524375153E1
5.874277312E1,3.080625153E1,8.850000381E0,4.421250153E1
5.876276616E1,3.185625076E1,9.131250381E0,4.543125153E1
5.878275560E1,3.050625038E1,8.906250000E0,4.505625153E1
5.880274262E1,3.005625153E1,8.137500763E0,4.475625229E1
5.882273924E1,3.060000038E1,8.906250000E0,4.494375229E1
5.884273357E1,2.971875191E1,8.906250000E0,4.539375305E1
5.886268198E1,3.009375191E1,9.206250191E0,4.516875076E1
5.888269323E1,3.003750038E1,8.868750572E0,4.413750076E1
5.890269949E1,2.970000076E1,9.581250191E0,4.580625153E1
5.892270118E1,2.913750076E1,8.718750000E0,4.571250153E1
5.894272206E1,3.030000114E1,9.318750381E0,4.496250153E1
5.896272338E1,2.913750076E1,9.018750191E0,4.550625229E1
5.898273095E1,2.938125038E1,9.881250381E0,4.591875076E1
5.900273246E1,2.904375076E1,8.943750381E0,4.520625305E1
5.902272911E1,2.928750038E1,1.001250076E1,4.550625229E1
5.904273230E1,2.900625038E1,9.731250763E0,4.520625305E1
5.906273196E1,2.896875191E1,1.068750000E1,4.584375000E1
5.908272727E1,2.872500038E1,9.206250191E0,4.605000305E1
5.910273064E1,2.880000114E1,1.012500000E1,4.543125153E1
5.912272901E1,2.891250038E1,9.637500763E0,4.511250305E1
5.914272348E1,2.876250076E1,1.048125076E1,4.625625229E1
5.916272681E1,2.803125191E1,9.843750000E0,4.565625000E1
5.918272688E1,2.855625153E1,1.085625076E1,4.678125000E1
5.920273263E1,2.838750076E1,1.042500019E1,4.575000000E1
5.922273295E1,2.865000153E1,1.106250000E1,4.657500076E1
5.924272887E1,2.750625038E1,1.061250019E1,4.629375076E1
5.926277821E1,2.786250114E1,1.115625000E1,4.702500153E1
5.928276686E1,2.771250153E1,1.042500019E1,4.608750153E1
5.930275241E1,2.793750191E1,1.145625019E1,4.680000305E1
5.932274768E1,2.769375038E1,1.040625000E1,4.638750076E1
5.934274012E1,2.728125191E1,1.121250057E1,4.640625000E1
5.936273112E1,2.741250038E1,1.050000000E1,4.650000000E1
5.938273089E1,2.765625191E1,1.125000000E1,4.702500153E1
5.940268317E1,2.701875114E1,1.029375076E1,4.681875229E1
5.942268626E1,2.705625153E1,1.156875038E1,4.725000000E1
5.944269769E1,2.681250191E1,1.027500057E1,4.745625305E1
5.946270365E1,2.668125153E1,1.095000076E1,4.788750076E1
5.948273902E1,2.670000076E1,1.068750000E1,4.725000000E1
5.950273962E1,2.640000153E1,1.117500019E1,4.726875305E1
5.952273494E1,2.643750191E1,1.020000076E1,4.715625000E1
5.954273813E1,2.647500038E1,1.126875019E1,4.756875229E1
5.956273601E1,2.587500191E1,9.806250572E0,4.726875305E1
5.958272855E1,2.623125076E1,1.059375000E1,4.715625000E1
5.960273163E1,2.653125191E1,9.993750572E0,4.736250305E1
5.962272950E1,2.653125191E1,1.025625038E1,4.798125076E1
5.964272384E1,2.625000191E1,9.993750572E0,4.747500229E1
5.966272666E1,2.550000191E1,9.318750381E0,4.738125229E1
5.968272491E1,2.606250191E1,9.581250191E0,4.779375076E1
5.970273124E1,2.514375114E1,8.550000191E0,4.717500305E1
5.972272234E1,2.606250191E1,9.693750381E0,4.758750153E1
5.974272076E1,2.523750114E1,8.643750191E0,4.717500305E1
5.976272695E1,2.626875114E1,9.431250572E0,4.695000076E1
5.978272782E1,2.572500038E1,8.625000000E0,4.738125229E1
5.980278096E1,2.602500153E1,8.643750191E0,4.695000076E1
5.982277243E1,2.546250153E1,7.650000095E0,4.726875305E1
5.984276033E1,2.649375153E1,8.718750000E0,4.693125153E1
5.986274573E1,2.596875191E1,7.575000286E0,4.651875305E1
5.988274150E1,2.658750153E1,8.700000763E0,4.713750076E1
5.990273334E1,2.587500191E1,7.368750095E0,4.683750153E1
5.992273543E1,2.673750114E1,7.743750095E0,4.650000000E1
5.994268973E1,2.591250038E1,6.693750381E0,4.651875305E1
5.996269430E1,2.743125153E1,7.443750381E0,4.638750076E1
5.998270650E1,2.621250153E1,6.487500191E0,4.640625000E1
6.000271296E1,2.715000153E1,7.350000381E0,4.627500153E1
6.002274857E1,2.645625114E1,5.475000381E0,4.650000000E1
6.004274930E1,2.739375114E1,6.150000095E0,4.648125076E1
6.006274481E1,2.711250114E1,5.868750095E0,4.627500153E1
6.008273654E1,2.776875114E1,6.562500477E0,4.595625305E1
6.010273687E1,2.685000038E1,5.381250381E0,4.618125153E1
6.012273159E1,2.788125038E1,6.093750477E0,4.708125305E1
6.014272509E1,2.793750191E1,5.081250191E0,4.561875153E1
6.016272712E1,2.908125114E1,5.737500191E0,4.580625153E1
6.018272502E1,2.773125076E1,4.950000286E0,4.635000229E1
6.020271940E1,2.866875076E1,5.906250000E0,4.644375229E1
6.022272251E1,2.983125114E1,3.768750191E0,4.691250229E1
6.024272136E1,2.947500038E1,5.081250191E0,4.672500229E1
6.026271786E1,2.921250153E1,4.725000381E0,4.620000076E1
6.028272097E1,2.977500153E1,5.400000095E0,4.608750153E1
6.030271940E1,2.915625191E1,3.843750238E0,4.588125229E1
6.032272550E1,3.016875076E1,5.006250381E0,4.586250305E1
6.034272649E1,3.013125038E1,3.937500238E0,4.545000076E1
6.036272314E1,3.037500191E1,4.762500286E0,4.648125076E1
6.038272762E1,3.061875153E1,3.900000095E0,4.584375000E1
6.040272685E1,3.114375114E1,4.743750095E0,4.655625153E1
6.042273332E1,3.041250038E1,3.975000143E0,4.657500076E1
6.044273414E1,3.031875038E1,3.581250191E0,4.657500076E1
6.046273097E1,3.110625076E1,3.637500048E0,4.666875076E1
6.048270296E1,3.071250153E1,3.656250238E0,4.657500076E1
6.050270938E1,3.129375076E1,3.637500048E0,4.655625153E1
6.052271112E1,3.043125153E1,3.131250143E0,4.740000153E1
6.054272010E1,3.110625076E1,3.543750048E0,4.676250076E1
6.056275712E1,3.075000191E1,2.681250095E0,4.646250153E1
6.058275893E1,3.150000191E1,3.243750095E0,4.665000153E1
6.060275509E1,3.075000191E1,2.756250143E0,4.676250076E1
6.062274702E1,3.142500114E1,3.018750191E0,4.695000076E1
6.064273610E1,3.106875038E1,2.250000000E0,4.665000153E1
6.066273314E1,3.181875038E1,3.037500143E0,4.653750229E1
6.068272888E1,3.136875153E1,2.175000191E0,4.612500000E1
6.070273259E1,3.204375076E1,2.343750000E0,4.631250000E1
6.072273169E1,3.097500038E1,1.893750072E0,4.623750305E1
6.074272707E1,3.204375076E1,2.043750048E0,4.640625000E1
6.076273076E1,3.088125038E1,1.781250119E0,4.644375229E1
6.078272994E1,3.215625000E1,1.968750119E0,4.610625076E1
6.080273676E1,3.073125076E1,1.050000072E0,4.550625229E1
6.082273775E1,3.187500191E1,1.650000095E0,4.631250000E1
6.084273430E1,3.110625076E1,1.312500000E0,4.580625153E1
6.086272734E1,3.208125305E1,1.387500048E0,4.578750229E1
6.088272811E1,3.123750114E1,6.562500000E-1,4.507500076E1
6.090272632E1,3.208125305E1,1.518750072E0,4.526250076E1
6.092272074E1,3.153750038E1,7.687500119E-1,4.486875153E1
6.094272397E1,3.198750114E1,1.406250000E0,4.558125305E1
6.096272242E1,3.165000153E1,4.687500298E-1,4.475625229E1
6.098272885E1,3.219375229E1,1.443750024E0,4.473750305E1
6.100273022E1,3.165000153E1,3.750000000E-1,4.475625229E1
6.102270597E1,3.268125153E1,1.200000048E0,4.515000153E1
6.104271505E1,3.195000076E1,3.000000119E-1,4.423125076E1
6.106271872E1,3.249375153E1,1.012500048E0,4.503750229E1
6.108271755E1,3.204375076E1,3.562500179E-1,4.473750305E1
6.110275813E1,3.318750000E1,9.375000596E-1,4.449375153E1
6.112275140E1,3.245625305E1,-5.625000224E-2,4.327500153E1
6.114274111E1,3.318750000E1,9.750000238E-1,4.357500076E1
6.116273944E1,3.255000305E1,3.375000060E-1,4.306875229E1
6.118273397E1,3.320625305E1,4.875000119E-1,4.366875076E1
6.120273591E1,3.258750153E1,-5.437500477E-1,4.284375000E1
6.122273475E1,3.380625153E1,7.125000358E-1,4.282500076E1
6.124274063E1,3.288750076E1,-6.937500238E-1,4.179375076E1
6.126274130E1,3.435000229E1,-2.062500119E-1,4.123125076E1
6.128273726E1,3.408750153E1,-8.812500238E-1,4.113750076E1
6.130273016E1,3.433125305E1,-1.687500030E-1,4.237500000E1
6.132273228E1,3.380625153E1,-1.181250095E0,4.125000000E1
6.134272997E1,3.330000305E1,-1.068750024E0,4.147500229E1
6.136272395E1,3.403125000E1,-2.062500000E0,4.102500153E1
6.138272656E1,3.390000153E1,-1.350000024E0,4.081875229E1
6.140272508E1,3.472500229E1,-2.231250048E0,4.018125153E1
6.142271910E1,3.423750305E1,-2.006250143E0,3.988125229E1
6.144272329E1,3.543750000E1,-2.643750191E0,4.005000305E1
6.146272207E1,3.495000076E1,-2.831250191E0,3.995625305E1
6.148272840E1,3.536250305E1,-3.018750191E0,3.963750076E1
6.150272939E1,3.496875000E1,-3.168750048E0,3.901875305E1
6.152272609E1,3.596250153E1,-3.356250048E0,3.847500229E1
6.154273086E1,3.577500153E1,-3.468750238E0,3.856875229E1
6.156270910E1,3.607500076E1,-3.693750143E0,3.886875153E1
6.158270930E1,3.616875076E1,-3.450000048E0,3.825000000E1
6.160271748E1,3.735000229E1,-3.881250143E0,3.811875153E1
6.162271998E1,3.626250076E1,-3.581250191E0,3.845625305E1
6.164276318E1,3.723750305E1,-3.281250238E0,3.791250229E1
6.166275852E1,3.714375305E1,-3.675000191E0,3.800625229E1
6.168274950E1,3.774375153E1,-3.675000191E0,3.768750000E1
6.170274888E1,3.693750000E1,-3.393750191E0,3.855000305E1
6.172274379E1,3.781875229E1,-3.393750191E0,3.789375305E1
6.174273401E1,3.744375229E1,-3.450000048E0,3.738750076E1
6.176272452E1,3.793125153E1,-3.675000191E0,3.778125000E1
6.178268032E1,3.716250229E1,-4.181250095E0,3.832500076E1
6.180268657E1,3.834375000E1,-3.862500191E0,3.735000229E1
6.182270039E1,3.716250229E1,-3.731250048E0,3.738750076E1
6.184270790E1,3.806250000E1,-4.237500191E0,3.693750000E1
6.186273308E1,3.669375229E1,-4.106250286E0,3.720000076E1
6.188273702E1,3.727500153E1,-3.900000095E0,3.686250305E1
6.190273487E1,3.622500229E1,-4.368750095E0,3.678750229E1
6.192272865E1,3.759375000E1,-4.275000095E0,3.601875305E1
6.194273083E1,3.603750229E1,-4.537500381E0,3.648750305E1
6.196272740E1,3.699375153E1,-3.993750095E0,3.667500305E1
6.198273297E1,3.585000229E1,-4.612500191E0,3.607500076E1
6.200273289E1,3.720000076E1,-4.443750381E0,3.583125305E1
6.202272842E1,3.585000229E1,-4.593750000E0,3.566250229E1
6.204273226E1,3.652500153E1,-4.181250095E0,3.523125076E1
6.206273089E1,3.603750229E1,-4.068750381E0,3.523125076E1
6.208272633E1,3.691875076E1,-4.050000191E0,3.438750076E1
6.210270838E1,3.586875153E1,-4.518750191E0,3.431250000E1
6.212271187E1,3.663750076E1,-4.237500191E0,3.418125153E1
6.214271118E1,3.598125076E1,-4.706250191E0,3.408750153E1
6.216271811E1,3.665625000E1,-4.518750191E0,3.406875229E1
6.218276498E1,3.630000305E1,-5.287500381E0,3.397500229E1
6.220275218E1,3.637500000E1,-4.650000095E0,3.294375229E1
6.222274760E1,3.605625153E1,-4.631250381E0,3.450000000E1
6.224273936E1,3.646875000E1,-4.443750381E0,3.294375229E1
6.226273990E1,3.609375000E1,-4.950000286E0,3.315000153E1
6.228273500E1,3.598125076E1,-4.537500381E0,3.305625153E1
6.230272856E1,3.658125305E1,-5.156250000E0,3.324375153E1
6.232274189E1,3.600000000E1,-4.950000286E0,3.326250076E1
6.234273719E1,3.622500229E1,-5.531250000E0,3.283125305E1
6.236272928E1,3.560625076E1,-4.837500095E0,3.337500000E1
6.238273044E1,3.571875000E1,-5.568750381E0,3.388125229E1
6.240275020E1,3.592500305E1,-5.400000095E0,3.241875076E1
6.242273892E1,3.613125229E1,-5.625000000E0,3.283125305E1
6.244273673E1,3.600000000E1,-4.950000286E0,3.335625076E1
6.246273116E1,3.590625000E1,-5.231250286E0,3.315000153E1
6.248273409E1,3.609375000E1,-5.025000095E0,3.294375229E1
6.250273130E1,3.646875000E1,-4.987500191E0,3.356250000E1
6.252272662E1,3.635625076E1,-4.518750191E0,3.408750153E1
6.254272996E1,3.686250305E1,-4.781250000E0,3.324375153E1
6.256272867E1,3.663750076E1,-4.293750286E0,3.365625000E1
6.258272373E1,3.667500305E1,-5.025000095E0,3.427500153E1
6.260272736E1,3.643125153E1,-4.218750000E0,3.408750153E1
6.262272655E1,3.691875076E1,-4.162500381E0,3.448125076E1
6.264272327E1,3.631875229E1,-3.768750191E0,3.493125153E1
6.266272635E1,3.671250153E1,-3.881250143E0,3.511875153E1
6.268272494E1,3.628125000E1,-3.075000048E0,3.513750076E1
6.270273103E1,3.727500153E1,-3.900000095E0,3.676875305E1
6.272278817E1,3.616875076E1,-2.775000095E0,3.513750076E1
6.274277165E1,3.676875305E1,-3.112500191E0,3.543750000E1
6.276276404E1,3.556875229E1,-2.868750095E0,3.691875076E1
6.278275320E1,3.603750229E1,-2.381250143E0,3.680625153E1
6.280274052E1,3.547500229E1,-2.887500048E0,3.723750305E1
6.282273685E1,3.605625153E1,-2.587500095E0,3.680625153E1
6.284273164E1,3.485625076E1,-2.175000191E0,3.736875153E1
6.286269138E1,3.564375305E1,-2.325000048E0,3.776250076E1
6.288270047E1,3.474375153E1,-1.968750119E0,3.736875153E1
6.290270479E1,3.541875076E1,-1.800000072E0,3.746250153E1
6.292270495E1,3.453750229E1,-1.781250119E0,3.748125076E1
6.294273571E1,3.560625076E1,-1.725000024E0,3.765000153E1
6.296274457E1,3.481875229E1,-1.312500000E0,3.778125000E1
6.298274646E1,3.498750305E1,-1.162500024E0,3.851250076E1
6.300274338E1,3.463125229E1,-1.275000095E0,3.738750076E1
6.302273621E1,3.508125305E1,-8.250000477E-1,3.798750305E1
6.304273635E1,3.459375000E1,-7.312500477E-1,3.832500076E1
6.306273390E1,3.453750229E1,1.875000000E-1,3.937500000E1
6.308272750E1,3.476250076E1,-2.625000179E-1,3.862500000E1
6.310272965E1,3.483750153E1,3.375000060E-1,3.853125000E1
6.312272753E1,3.463125229E1,2.062500119E-1,3.905625153E1
6.314272204E1,3.468750000E1,1.293750048E0,3.905625153E1
6.316272544E1,3.433125305E1,5.437500477E-1,4.010625076E1
6.318272557E1,3.408750153E1,1.781250119E0,3.969375229E1
6.320273143E1,3.433125305E1,5.812500119E-1,3.958125305E1
6.322273196E1,3.457500076E1,1.518750072E0,4.051875305E1
6.324272805E1,3.373125076E1,9.937500358E-1,3.980625153E1
6.326278882E1,3.369375229E1,1.537500024E0,4.065000153E1
6.328277504E1,3.369375229E1,1.462500095E0,4.012500000E1
6.330275853E1,3.378750229E1,1.668750048E0,3.991875076E1
6.332275216E1,3.352500153E1,7.312500477E-1,4.085625076E1
6.334274276E1,3.348750305E1,1.950000048E0,4.044375229E1
6.336273158E1,3.303750229E1,1.031250000E0,3.952500153E1
6.338271959E1,3.318750000E1,1.968750119E0,4.025625229E1
6.340268541E1,3.292500305E1,1.387500048E0,4.014375305E1
6.342268820E1,3.330000305E1,1.556250095E0,4.044375229E1
6.344269905E1,3.350625229E1,1.256250024E0,4.044375229E1
6.346270452E1,3.360000229E1,1.650000095E0,4.033125305E1
6.348275069E1,3.380625153E1,1.031250000E0,4.085625076E1
6.350273742E1,3.358125305E1,1.762500048E0,4.023750305E1
6.352273293E1,3.352500153E1,9.750000238E-1,4.023750305E1
6.354273596E1,3.326250076E1,2.343750000E0,4.046250153E1
6.356273431E1,3.390000153E1,1.162500024E0,4.001250076E1
6.358272718E1,3.358125305E1,1.856250048E0,4.012500000E1
6.360273041E1,3.399375153E1,1.256250024E0,4.001250076E1
6.362272865E1,3.376875305E1,1.950000048E0,4.033125305E1
6.364272328E1,3.367500305E1,1.856250048E0,4.003125000E1
6.366272639E1,3.386250305E1,2.362500191E0,3.982500076E1
6.368272492E1,3.371250153E1,1.068750024E0,4.012500000E1
6.370273129E1,3.408750153E1,1.631250024E0,4.033125305E1
6.372273199E1,3.350625229E1,1.293750048E0,3.971250153E1
6.374272828E1,3.292500305E1,1.293750048E0,3.993750000E1
6.376273250E1,3.382500076E1,9.187500477E-1,3.907500076E1
6.378273187E1,3.363750076E1,6.000000238E-1,3.950625229E1
6.380272583E1,3.395625305E1,2.812500000E-1,3.825000000E1
6.382272987E1,3.365625000E1,7.500000298E-2,4.012500000E1
6.384272865E1,3.348750305E1,5.625000224E-2,3.898125076E1
6.386272362E1,3.346875000E1,3.562500179E-1,3.888750076E1
6.388272716E1,3.376875305E1,2.437500060E-1,3.898125076E1
6.390272592E1,3.350625229E1,-4.312500060E-1,3.856875229E1
6.392273251E1,3.405000305E1,3.562500179E-1,3.834375000E1
6.394270127E1,3.331875229E1,-5.062500238E-1,3.856875229E1
6.396270508E1,3.436875153E1,5.625000224E-2,3.823125076E1
6.398271596E1,3.333750153E1,-7.687500119E-1,3.783750153E1
6.400272098E1,3.380625153E1,-6.000000238E-1,3.802500153E1
6.402276587E1,3.384375000E1,-1.143750072E0,3.720000076E1
6.404275132E1,3.450000000E1,-5.625000000E-1,3.718125153E1
6.406274581E1,3.384375000E1,-1.312500000E0,3.676875305E1
6.408273685E1,3.373125076E1,-9.562500119E-1,3.729375076E1
6.410273676E1,3.397500229E1,-1.950000048E0,3.729375076E1
6.412273124E1,3.412500000E1,-1.050000072E0,3.697500229E1
6.414273576E1,3.408750153E1,-2.250000000E0,3.738750076E1
6.416274641E1,3.451875305E1,-1.050000072E0,3.676875305E1
6.418273912E1,3.474375153E1,-1.650000095E0,3.695625305E1
6.420274050E1,3.393750000E1,-1.162500024E0,3.740625000E1
6.422273744E1,3.465000153E1,-1.931250095E0,3.675000000E1
6.424274260E1,3.491250229E1,-1.143750072E0,3.663750076E1
6.426273119E1,3.418125153E1,-2.193750143E0,3.633750153E1
6.428272929E1,3.510000229E1,-8.812500238E-1,3.705000305E1
6.430272402E1,3.395625305E1,-1.612500072E0,3.656250000E1
6.432272735E1,3.472500229E1,-1.031250000E0,3.633750153E1
6.434272506E1,3.425625229E1,-1.425000072E0,3.676875305E1
6.436273222E1,3.459375000E1,-6.750000119E-1,3.718125153E1
6.438273347E1,3.446250153E1,-1.912500024E0,3.654375076E1
6.440273041E1,3.472500229E1,-1.162500024E0,3.686250305E1
6.442272377E1,3.427500153E1,-1.800000072E0,3.624375153E1
6.444272586E1,3.433125305E1,-1.031250000E0,3.665625000E1
6.446272404E1,3.453750229E1,-1.537500024E0,3.675000000E1
6.448270851E1,3.451875305E1,-1.050000072E0,3.686250305E1
6.450271382E1,3.453750229E1,-1.443750024E0,3.675000000E1
6.452271450E1,3.433125305E1,-9.562500119E-1,3.697500229E1
6.454272235E1,3.423750305E1,-1.143750072E0,3.688125229E1
6.456277020E1,3.489375305E1,-5.625000000E-1,3.675000000E1
6.458275752E1,3.508125305E1,-5.812500119E-1,3.705000305E1
6.460275325E1,3.515625000E1,-1.875000000E-1,3.716250229E1
6.462274524E1,3.489375305E1,-4.687500298E-1,3.706875229E1
6.464273448E1,3.496875000E1,-1.875000000E-1,3.727500153E1
6.466273178E1,3.476250076E1,-7.500000298E-2,3.718125153E1
6.468272754E1,3.532500076E1,6.187500358E-1,3.684375000E1
6.470274289E1,3.487500000E1,-1.687500030E-1,3.695625305E1
6.472273952E1,3.474375153E1,6.187500358E-1,3.697500229E1
6.474273280E1,3.511875153E1,7.875000238E-1,3.738750076E1
6.476273469E1,3.506250000E1,0.000000000E0,3.716250229E1
6.478274388E1,3.502500153E1,6.937500238E-1,3.727500153E1
6.480274695E1,3.476250076E1,0.000000000E0,3.727500153E1
6.482274464E1,3.530625153E1,1.087500095E0,3.706875229E1
6.484273852E1,3.465000153E1,3.000000119E-1,3.738750076E1
6.486272973E1,3.523125076E1,5.812500119E-1,3.727500153E1
6.488272952E1,3.478125000E1,-2.625000179E-1,3.686250305E1
6.490272650E1,3.553125000E1,3.000000119E-1,3.695625305E1
6.492272034E1,3.508125305E1,-4.312500060E-1,3.613125229E1
6.494272294E1,3.525000000E1,2.250000089E-1,3.654375076E1
6.496272128E1,3.508125305E1,-3.375000060E-1,3.613125229E1
6.498272750E1,3.566250229E1,-1.875000075E-2,3.570000076E1
6.500272865E1,3.568125153E1,-5.250000358E-1,3.570000076E1
6.502271565E1,3.519375229E1,-3.937500119E-1,3.549375153E1
6.504272246E1,3.551250076E1,-1.012500048E0,3.570000076E1
6.506272398E1,3.588750076E1,-6.375000477E-1,3.579375076E1
6.508272134E1,3.532500076E1,-1.406250000E0,3.579375076E1
6.510277190E1,3.553125000E1,-1.143750072E0,3.465000153E1
6.512276152E1,3.575625229E1,-2.175000191E0,3.495000076E1
6.514274775E1,3.583125305E1,-1.687500119E0,3.506250000E1
6.516274372E1,3.586875153E1,-2.362500191E0,3.474375153E1
6.518273626E1,3.615000153E1,-1.931250095E0,3.401250076E1
6.520273611E1,3.600000000E1,-2.793750048E0,3.378750229E1
6.522273412E1,3.549375153E1,-2.512500048E0,3.412500000E1
6.524269608E1,3.643125153E1,-3.918750048E0,3.418125153E1
6.526270656E1,3.583125305E1,-3.375000238E0,3.358125305E1
6.528271176E1,3.596250153E1,-4.143750191E0,3.296250153E1
6.530271233E1,3.641250229E1,-3.468750238E0,3.305625153E1
6.532273182E1,3.568125153E1,-4.612500191E0,3.285000229E1
6.534273168E1,3.601875305E1,-3.318750143E0,3.255000305E1
6.536272708E1,3.588750076E1,-4.537500381E0,3.305625153E1
6.538273046E1,3.585000229E1,-3.806250095E0,3.255000305E1
6.540272878E1,3.607500076E1,-4.218750000E0,3.253125000E1
6.542272198E1,3.643125153E1,-3.975000143E0,3.346875000E1
6.544272545E1,3.598125076E1,-4.406250000E0,3.232500076E1
6.546272402E1,3.603750229E1,-3.843750238E0,3.305625153E1
6.548273006E1,3.585000229E1,-4.031250000E0,3.296250153E1
6.550273066E1,3.645000076E1,-4.143750191E0,3.294375229E1
6.552272695E1,3.586875153E1,-4.331250191E0,3.305625153E1
6.554273156E1,3.592500305E1,-3.468750238E0,3.337500000E1
6.556272104E1,3.590625000E1,-5.100000381E0,3.232500076E1
6.558271853E1,3.528750229E1,-4.443750381E0,3.339375305E1
6.560272391E1,3.626250076E1,-4.200000286E0,3.211875153E1
6.562272430E1,3.577500153E1,-4.218750000E0,3.275625229E1
6.564277720E1,3.586875153E1,-4.031250000E0,3.285000229E1
6.566276876E1,3.534375000E1,-3.562500238E0,3.350625229E1
6.568275634E1,3.624375153E1,-3.881250143E0,3.358125305E1
6.570275286E1,3.476250076E1,-3.975000143E0,3.423750305E1
6.572274595E1,3.553125000E1,-3.375000238E0,3.380625153E1
6.574273454E1,3.525000000E1,-3.693750143E0,3.412500000E1
6.576273516E1,3.609375000E1,-3.112500191E0,3.410625076E1
6.578268802E1,3.511875153E1,-3.018750191E0,3.465000153E1
6.580269155E1,3.530625153E1,-2.850000143E0,3.517500305E1
6.582270327E1,3.528750229E1,-2.343750000E0,3.476250076E1
6.584270922E1,3.543750000E1,-1.800000072E0,3.568125153E1
6.586274460E1,3.496875000E1,-2.100000143E0,3.601875305E1
6.588274492E1,3.536250305E1,-2.231250048E0,3.631875229E1
6.590274022E1,3.506250000E1,-2.025000095E0,3.631875229E1
6.592273189E1,3.534375000E1,-1.837500095E0,3.641250229E1
6.594273238E1,3.513750076E1,-1.762500048E0,3.693750000E1
6.596272737E1,3.504375076E1,-1.875000119E0,3.716250229E1
6.598272120E1,3.455625153E1,-1.893750072E0,3.780000305E1
6.600272327E1,3.515625000E1,-2.362500191E0,3.693750000E1
6.602272110E1,3.496875000E1,-2.362500191E0,3.693750000E1
6.604272687E1,3.465000153E1,-1.800000072E0,3.778125000E1
6.606272725E1,3.466875076E1,-2.287500143E0,3.778125000E1
6.608272393E1,3.541875076E1,-1.800000072E0,3.735000229E1
6.610272854E1,3.555000305E1,-2.306250095E0,3.735000229E1
6.612272764E1,3.570000076E1,-1.631250024E0,3.785625076E1
6.614272291E1,3.581250000E1,-1.743750095E0,3.806250000E1
6.616272640E1,3.609375000E1,-1.556250095E0,3.785625076E1
6.618272530E1,3.590625000E1,-1.950000048E0,3.817500305E1
6.620272058E1,3.630000305E1,-1.650000095E0,3.774375153E1
6.622272375E1,3.601875305E1,-2.156250000E0,3.806250000E1
6.624272221E1,3.675000000E1,-1.331250072E0,3.877500153E1
6.626272854E1,3.660000229E1,-1.856250048E0,3.772500229E1
6.628272924E1,3.658125305E1,-1.518750072E0,3.710625076E1
6.630272581E1,3.562500000E1,-1.950000048E0,3.808125305E1
6.632269776E1,3.628125000E1,-1.518750072E0,3.733125305E1
6.634270458E1,3.581250000E1,-1.912500024E0,3.733125305E1
6.636270667E1,3.551250076E1,-1.818750024E0,3.766875076E1
6.638271568E1,3.566250229E1,-2.718750000E0,3.765000153E1
6.640275283E1,3.545625305E1,-2.250000000E0,3.661875153E1
6.642275496E1,3.525000000E1,-2.287500143E0,3.725625229E1
6.644275094E1,3.573750305E1,-2.081250191E0,3.703125000E1
6.646274315E1,3.538125229E1,-2.868750095E0,3.693750000E1
6.648274382E1,3.575625229E1,-2.587500095E0,3.712500000E1
6.650273865E1,3.607500076E1,-3.056250095E0,3.648750305E1
6.652273195E1,3.596250153E1,-2.681250095E0,3.680625153E1
6.654273367E1,3.598125076E1,-3.168750048E0,3.669375229E1
6.656273099E1,3.556875229E1,-2.981250048E0,3.703125000E1
6.658272507E1,3.628125000E1,-3.262500048E0,3.637500000E1
6.660272772E1,3.575625229E1,-2.775000095E0,3.691875076E1
6.662272641E1,3.665625000E1,-3.075000048E0,3.658125305E1
6.664273280E1,3.575625229E1,-2.756250143E0,3.671250153E1
6.666273331E1,3.586875153E1,-2.868750095E0,3.671250153E1
6.668272976E1,3.575625229E1,-2.587500095E0,3.723750305E1
6.670273412E1,3.615000153E1,-2.568750143E0,3.648750305E1
6.672273254E1,3.586875153E1,-2.850000143E0,3.630000305E1
6.674272863E1,3.575625229E1,-2.906250000E0,3.733125305E1
6.676273231E1,3.549375153E1,-3.187500238E0,3.723750305E1
6.678273128E1,3.558750153E1,-3.356250048E0,3.682500076E1
6.680272648E1,3.528750229E1,-3.093750238E0,3.744375229E1
6.682272973E1,3.558750153E1,-3.337500095E0,3.806250000E1
6.684272872E1,3.498750305E1,-2.962500095E0,3.725625229E1
6.686270257E1,3.536250305E1,-2.812500000E0,3.776250076E1
6.688271088E1,3.526875305E1,-2.812500000E0,3.787500000E1
6.690271400E1,3.566250229E1,-2.906250000E0,3.765000153E1
6.692271259E1,3.526875305E1,-2.906250000E0,3.787500000E1
6.694276433E1,3.515625000E1,-2.437500000E0,3.819375229E1
6.696275499E1,3.504375076E1,-2.175000191E0,3.736875153E1
6.698275350E1,3.562500000E1,-2.381250143E0,3.879375076E1
6.700274762E1,3.543750000E1,-2.156250000E0,3.838125229E1
6.702273837E1,3.504375076E1,-2.231250048E0,3.828750229E1
6.704273675E1,3.495000076E1,-2.531250000E0,3.840000153E1
6.706273318E1,3.523125076E1,-2.193750143E0,3.922500229E1
6.708273759E1,3.444375229E1,-2.137500048E0,3.873750305E1
6.710273705E1,3.474375153E1,-2.250000000E0,3.871875000E1
6.712273265E1,3.474375153E1,-2.250000000E0,3.883125305E1
6.714272522E1,3.502500153E1,-1.856250048E0,3.871875000E1
6.716272694E1,3.474375153E1,-2.362500191E0,3.892500305E1
6.718272456E1,3.502500153E1,-1.893750072E0,3.922500229E1
6.720273001E1,3.474375153E1,-2.343750000E0,3.871875000E1
6.722273032E1,3.491250229E1,-1.593750119E0,3.933750153E1
6.724272651E1,3.598125076E1,-1.800000072E0,4.055625153E1
6.726272972E1,3.519375229E1,-1.331250072E0,3.965625000E1
6.728272968E1,3.444375229E1,-1.987500072E0,3.935625076E1
6.730272537E1,3.481875229E1,-1.912500024E0,3.975000000E1
6.732272932E1,3.502500153E1,-1.893750072E0,3.913125229E1
6.734272829E1,3.463125229E1,-1.968750119E0,3.892500305E1
6.736272361E1,3.455625153E1,-2.418750048E0,3.830625153E1
6.738272766E1,3.433125305E1,-2.006250143E0,3.967500305E1
6.740270503E1,3.414375305E1,-2.062500000E0,3.926250076E1
6.742270483E1,3.433125305E1,-1.856250048E0,3.903750229E1
6.744271280E1,3.483750153E1,-2.137500048E0,3.851250076E1
6.746271536E1,3.444375229E1,-2.268750191E0,3.903750229E1
6.748276999E1,3.472500229E1,-1.968750119E0,3.883125305E1
6.750276280E1,3.423750305E1,-1.762500048E0,3.915000153E1
6.752275152E1,3.463125229E1,-1.743750095E0,3.841875076E1
6.754274902E1,3.470625305E1,-1.481250048E0,3.903750229E1
6.756274245E1,3.414375305E1,-1.743750095E0,3.873750305E1
6.758273177E1,3.412500000E1,-1.481250048E0,3.946875000E1
6.760273215E1,3.405000305E1,-2.062500000E0,3.926250076E1
6.762273980E1,3.382500076E1,-1.350000024E0,3.916875076E1
6.764273066E1,3.367500305E1,-2.343750000E0,3.905625153E1
6.766273065E1,3.386250305E1,-2.231250048E0,3.873750305E1
6.768272690E1,3.378750229E1,-2.625000000E0,3.873750305E1
6.770274290E1,3.350625229E1,-2.700000048E0,3.855000305E1
6.772272889E1,3.305625153E1,-3.468750238E0,3.845625305E1
6.774272488E1,3.320625305E1,-2.700000048E0,3.866250229E1
6.776272916E1,3.313125229E1,-2.981250048E0,3.845625305E1
6.778272860E1,3.301875305E1,-2.662500143E0,3.813750076E1
6.780272295E1,3.301875305E1,-2.643750191E0,3.793125153E1
6.782272743E1,3.350625229E1,-2.587500095E0,3.843750000E1
6.784272680E1,3.348750305E1,-2.475000143E0,3.823125076E1
6.786272237E1,3.376875305E1,-2.325000048E0,3.875625229E1
6.788272619E1,3.367500305E1,-2.306250095E0,3.864375305E1
6.790272542E1,3.356250000E1,-1.987500072E0,3.978750229E1
6.792272110E1,3.286875153E1,-1.762500048E0,3.991875076E1
6.794271466E1,3.247500229E1,-1.518750072E0,3.920625305E1
6.796271567E1,3.288750076E1,-2.043750048E0,3.950625229E1
6.798272391E1,3.240000153E1,-2.118750095E0,3.930000305E1
6.800272634E1,3.307500076E1,-2.250000000E0,3.969375229E1
6.802278079E1,3.249375153E1,-1.800000072E0,3.900000000E1
6.804276212E1,3.354375076E1,-1.818750024E0,4.042500305E1
6.806275290E1,3.277500153E1,-1.856250048E0,3.971250153E1
6.808274107E1,3.198750114E1,-1.931250095E0,3.984375000E1
6.810273889E1,3.210000229E1,-1.931250095E0,3.963750076E1
6.812273222E1,3.189375114E1,-1.743750095E0,3.995625305E1
6.814272448E1,3.230625153E1,-2.437500000E0,3.973125076E1
6.816268242E1,3.247500229E1,-1.650000095E0,3.973125076E1
6.818268997E1,3.195000076E1,-1.293750048E0,4.066875076E1
6.820270451E1,3.241875076E1,-7.875000238E-1,4.046250153E1
6.822271271E1,3.215625000E1,-1.181250095E0,4.036875153E1
6.824273801E1,3.300000000E1,-9.937500358E-1,4.200000000E1
6.826274239E1,3.234375000E1,-1.181250095E0,4.046250153E1
6.828274061E1,3.193125153E1,-9.187500477E-1,4.119375229E1
6.830273450E1,3.183750153E1,-6.000000238E-1,4.100625229E1
6.832273648E1,3.142500114E1,-1.125000045E-1,4.123125076E1
6.834273270E1,3.163125038E1,-4.687500298E-1,4.048125076E1
6.836273820E1,3.168750191E1,3.750000000E-1,4.121250153E1
6.838273793E1,3.151875114E1,1.875000075E-2,4.070625305E1
6.840273356E1,3.159375191E1,4.687500298E-1,4.132500076E1
6.842272610E1,3.148125076E1,4.687500298E-1,4.123125076E1
6.844272742E1,3.166875076E1,7.312500477E-1,4.194375229E1
6.846272490E1,3.150000191E1,1.687500030E-1,4.132500076E1
6.848272026E1,3.108750153E1,7.687500119E-1,4.155000305E1
6.850272253E1,3.208125305E1,4.687500298E-1,4.121250153E1
6.852272037E1,3.185625076E1,7.312500477E-1,4.183125305E1
6.854272637E1,3.157500076E1,4.500000179E-1,4.173750305E1
6.856278344E1,3.185625076E1,7.312500477E-1,4.173750305E1
6.858277822E1,3.136875153E1,9.562500119E-1,4.164375305E1
6.860276829E1,3.129375076E1,2.437500060E-1,4.185000229E1
6.862275543E1,3.138750076E1,2.437500060E-1,4.185000229E1
6.864274093E1,3.091875076E1,1.875000075E-2,4.102500153E1
6.866273630E1,3.140625191E1,-1.125000045E-1,4.132500076E1
6.868272986E1,3.180000114E1,-1.125000045E-1,4.110000229E1
6.870270001E1,3.135000038E1,-4.500000179E-1,4.008750153E1
6.872270569E1,3.095625114E1,-5.625000000E-1,4.081875229E1
6.874270719E1,3.123750114E1,-2.812500000E-1,4.081875229E1
6.876271639E1,3.121875191E1,-1.125000045E-1,4.123125076E1
6.878274281E1,3.155625153E1,-7.500000000E-1,4.027500153E1
6.880273686E1,3.125625038E1,-5.625000000E-1,4.059375000E1
6.882273847E1,3.135000038E1,-5.437500477E-1,4.018125153E1
6.884273547E1,3.144375038E1,-4.875000119E-1,4.091250229E1
6.886272877E1,3.172500038E1,-5.062500238E-1,4.100625229E1
6.888272925E1,3.110625076E1,9.375000000E-2,4.134375000E1
6.890272736E1,3.146250153E1,-8.625000119E-1,4.038750076E1
6.892272172E1,3.153750038E1,-4.687500298E-1,4.059375000E1
6.894272444E1,3.105000114E1,-5.812500119E-1,4.081875229E1
6.896272281E1,3.133125114E1,-2.812500000E-1,4.059375000E1
6.898272893E1,3.112500191E1,-3.000000119E-1,4.111875153E1
6.900273023E1,3.116250038E1,-8.250000477E-1,3.997500229E1
6.902272821E1,3.076875114E1,-6.375000477E-1,4.029375076E1
6.904273204E1,3.078750038E1,-1.031250000E0,4.040625000E1
6.906273088E1,3.056250191E1,-6.187500358E-1,4.020000076E1
6.908272586E1,3.041250038E1,-1.425000072E0,4.051875305E1
6.910278582E1,3.067500114E1,-1.031250000E0,4.040625000E1
6.912277146E1,3.028125191E1,-8.250000477E-1,4.031250000E1
6.914275459E1,3.069375038E1,-1.031250000E0,4.020000076E1
6.916274776E1,3.058125114E1,-9.187500477E-1,4.020000076E1
6.918273860E1,3.048750114E1,-1.050000072E0,4.072500229E1
6.920273721E1,3.018750191E1,-6.187500358E-1,4.031250000E1
6.922273442E1,2.998125076E1,-8.062500358E-1,4.198125076E1
6.924269558E1,3.054375076E1,-4.312500060E-1,4.198125076E1
6.926270545E1,3.024375153E1,3.750000149E-2,4.104375076E1
6.928271039E1,3.033750153E1,3.562500179E-1,4.053750229E1
6.930271114E1,3.003750038E1,3.375000060E-1,4.106250000E1
6.932275333E1,2.994375038E1,1.312500089E-1,4.106250000E1
6.934274811E1,3.052500153E1,9.375000000E-2,4.166250229E1
6.936273880E1,3.005625153E1,3.750000149E-2,4.106250000E1
6.938273832E1,2.973750114E1,1.875000000E-1,4.211250305E1
6.940273356E1,2.915625191E1,3.562500179E-1,4.128750229E1
6.942272544E1,2.934375191E1,2.250000089E-1,4.170000076E1
6.944272715E1,2.925000191E1,1.125000045E-1,4.201875305E1
6.946273554E1,2.953125191E1,3.750000000E-1,4.231875229E1
6.948273805E1,2.908125114E1,-1.687500030E-1,4.181250000E1
6.950273608E1,2.953125191E1,3.937500119E-1,4.211250305E1
6.952273023E1,2.895000076E1,5.437500477E-1,4.130625153E1
6.954274447E1,2.883750153E1,6.000000238E-1,4.213125229E1
6.956274010E1,2.902500153E1,1.106250048E0,4.201875305E1
6.958273210E1,2.889375114E1,1.462500095E0,4.265625000E1
6.960273318E1,2.921250153E1,1.181250095E0,4.233750153E1
6.962273020E1,2.977500153E1,1.575000048E0,4.190625000E1
6.964272245E1,2.938125038E1,1.687500119E0,4.201875305E1
6.966271414E1,2.925000191E1,1.987500072E0,4.368750000E1
6.968271489E1,2.906250191E1,1.931250095E0,4.318125153E1
6.970272326E1,2.953125191E1,2.718750000E0,4.306875229E1
6.972272586E1,2.915625191E1,2.231250048E0,4.297500229E1
6.974272400E1,2.951250076E1,2.550000191E0,4.430625153E1
6.976271872E1,2.949375153E1,3.168750048E0,4.380000305E1
6.978270054E1,2.938125038E1,3.318750143E0,4.453125000E1
6.980270376E1,2.919375038E1,3.562500238E0,4.391250229E1
6.982271418E1,2.917500114E1,3.956250191E0,4.402500153E1
6.984271872E1,2.966250038E1,3.618750095E0,4.430625153E1
6.986276343E1,2.934375191E1,4.256250381E0,4.380000305E1
6.988274849E1,2.955000114E1,4.087500095E0,4.483125305E1
6.990274244E1,2.955000114E1,4.237500191E0,4.400625229E1
6.992274442E1,3.063750076E1,3.787500143E0,4.438125229E1
6.994274152E1,2.951250076E1,4.912500381E0,4.453125000E1
6.996273341E1,3.018750191E1,4.762500286E0,4.483125305E1
6.998272485E1,3.056250191E1,5.400000095E0,4.387500000E1
7.000273646E1,3.076875114E1,5.193750381E0,4.398750305E1
7.002273040E1,3.125625038E1,5.362500191E0,4.438125229E1
7.004273299E1,3.144375038E1,5.250000000E0,4.438125229E1
7.006273105E1,3.144375038E1,5.437500000E0,4.458750153E1
7.008273964E1,3.211875153E1,5.493750095E0,4.509375000E1
7.010273977E1,3.191250038E1,5.643750191E0,4.415625000E1
7.012273520E1,3.307500076E1,5.981250286E0,4.443750000E1
7.014272746E1,3.228750229E1,6.262500286E0,4.363125229E1
7.016272869E1,3.286875153E1,6.262500286E0,4.486875153E1
7.018272563E1,3.268125153E1,6.450000286E0,4.351875305E1
7.020273115E1,3.296250153E1,6.093750477E0,4.443750000E1
7.022273121E1,3.307500076E1,6.243750095E0,4.340625000E1
7.024272706E1,3.412500000E1,6.206250191E0,4.524375153E1
7.026273120E1,3.309375000E1,5.625000000E0,4.370625305E1
7.028273046E1,3.356250000E1,5.981250286E0,4.432500076E1
7.030272621E1,3.386250305E1,6.131250381E0,4.316250229E1
7.032270902E1,3.395625305E1,6.000000000E0,4.378125000E1
7.034271248E1,3.378750229E1,5.550000191E0,4.316250229E1
7.036271189E1,3.474375153E1,5.925000191E0,4.303125000E1
7.038271886E1,3.418125153E1,5.475000381E0,4.231875229E1
7.040277717E1,3.418125153E1,5.325000286E0,4.346250153E1
7.042276158E1,3.446250153E1,5.793750286E0,4.200000000E1
7.044275472E1,3.478125000E1,5.043750286E0,4.271250153E1
7.046274477E1,3.468750000E1,5.306250095E0,4.168125153E1
7.048274375E1,3.468750000E1,5.062500000E0,4.230000305E1
7.050273736E1,3.451875305E1,4.631250381E0,4.158750153E1
7.052274163E1,3.461250305E1,4.912500381E0,4.179375076E1
7.054275175E1,3.442500305E1,4.875000000E0,4.074375153E1
7.056274440E1,3.455625153E1,4.143750191E0,4.115625000E1
7.058273439E1,3.455625153E1,4.275000095E0,4.074375153E1
7.060273374E1,3.455625153E1,4.050000191E0,4.115625000E1
7.062274102E1,3.448125076E1,3.693750143E0,4.042500305E1
7.064273160E1,3.487500000E1,3.468750238E0,4.083750153E1
7.066273127E1,3.401250076E1,3.225000143E0,4.033125305E1
7.068272721E1,3.457500076E1,3.600000143E0,4.042500305E1
7.070273143E1,3.489375305E1,3.431250095E0,3.969375229E1
7.072273009E1,3.440625000E1,3.356250048E0,3.971250153E1
7.074272622E1,3.491250229E1,2.850000143E0,3.946875000E1
7.076273028E1,3.459375000E1,3.450000048E0,3.960000229E1
7.078272952E1,3.521250153E1,2.550000191E0,3.946875000E1
7.080272501E1,3.470625305E1,3.056250095E0,3.937500000E1
7.082272875E1,3.511875153E1,2.531250000E0,3.978750229E1
7.084272796E1,3.440625000E1,3.487500191E0,3.907500076E1
7.086271332E1,3.481875229E1,2.793750048E0,3.885000229E1
7.088271903E1,3.423750305E1,3.112500191E0,3.856875229E1
7.090272002E1,3.453750229E1,2.456250191E0,3.948750305E1
7.092271674E1,3.433125305E1,2.906250000E0,3.886875153E1
7.094277822E1,3.397500229E1,2.081250191E0,3.950625229E1
7.096276527E1,3.369375229E1,1.818750024E0,3.909375000E1
7.098276074E1,3.401250076E1,9.937500358E-1,3.948750305E1
7.100275235E1,3.326250076E1,1.012500048E0,3.785625076E1
7.102274116E1,3.373125076E1,1.143750072E0,3.886875153E1
7.104273848E1,3.390000153E1,1.650000095E0,3.856875229E1
7.106273366E1,3.373125076E1,1.256250024E0,3.845625305E1
7.108269370E1,3.316875076E1,6.187500358E-1,3.795000076E1
7.110270285E1,3.268125153E1,6.000000238E-1,3.838125229E1
7.112270707E1,3.268125153E1,5.062500238E-1,3.838125229E1
7.114270742E1,3.335625076E1,5.812500119E-1,3.847500229E1
7.116273813E1,3.294375229E1,1.181250095E0,3.849375153E1
7.118273544E1,3.324375153E1,7.312500477E-1,3.930000305E1
7.120272862E1,3.245625305E1,1.087500095E0,3.860625076E1
7.122273016E1,3.268125153E1,5.437500477E-1,3.952500153E1
7.124272718E1,3.375000000E1,2.625000179E-1,4.042500305E1
7.126273052E1,3.315000153E1,7.125000358E-1,3.961875153E1
7.128273068E1,3.315000153E1,9.562500119E-1,3.879375076E1
7.130272630E1,3.247500229E1,3.375000060E-1,3.973125076E1
7.132273002E1,3.294375229E1,9.375000596E-1,3.931875229E1
7.134272896E1,3.247500229E1,2.812500000E-1,4.066875076E1
7.136272397E1,3.245625305E1,9.187500477E-1,3.984375000E1
7.138272775E1,3.315000153E1,7.125000358E-1,3.973125076E1
7.140272793E1,3.275625229E1,9.187500477E-1,3.963750076E1
7.142272260E1,3.315000153E1,5.812500119E-1,4.023750305E1
7.144272556E1,3.283125305E1,1.218750000E0,3.963750076E1
7.146272410E1,3.305625153E1,5.812500119E-1,4.023750305E1
7.148278665E1,3.236250305E1,1.050000072E0,3.954375076E1
7.150277437E1,3.255000305E1,9.937500358E-1,4.016250229E1
7.152275894E1,3.275625229E1,8.437500596E-1,3.943125153E1
7.154275309E1,3.273750305E1,1.293750048E0,4.016250229E1
7.156274417E1,3.243750000E1,1.218750000E0,3.984375000E1
7.158273312E1,3.283125305E1,1.293750048E0,4.014375305E1
7.160272111E1,3.301875305E1,1.387500048E0,4.005000305E1
7.162268714E1,3.311250305E1,1.500000000E0,3.993750000E1
7.164268992E1,3.300000000E1,1.875000119E0,4.014375305E1
7.166270068E1,3.290625000E1,1.743750095E0,4.078125000E1
7.168270597E1,3.339375305E1,1.575000048E0,4.003125000E1
7.170274099E1,3.271875000E1,1.443750024E0,4.098750305E1
7.172274154E1,3.341250229E1,1.256250024E0,4.055625153E1
7.174273672E1,3.320625305E1,1.518750072E0,4.096875000E1
7.176273944E1,3.311250305E1,1.462500095E0,4.046250153E1
7.178273739E1,3.260625076E1,1.612500072E0,4.151250076E1
7.180273038E1,3.331875229E1,1.068750024E0,4.035000229E1
7.182273316E1,3.311250305E1,1.443750024E0,4.076250076E1
7.184273111E1,3.292500305E1,9.562500119E-1,4.076250076E1
7.186272520E1,3.294375229E1,9.750000238E-1,4.025625229E1
7.188272795E1,3.343125153E1,9.000000358E-1,3.982500076E1
7.190272623E1,3.243750000E1,1.425000072E0,3.975000000E1
7.192272112E1,3.292500305E1,1.425000072E0,3.963750076E1
7.194272549E1,3.303750229E1,1.312500000E0,3.952500153E1
7.196272395E1,3.354375076E1,7.875000238E-1,3.991875076E1
7.198272973E1,3.380625153E1,1.331250072E0,3.886875153E1
7.200273034E1,3.450000000E1,1.162500024E0,3.969375229E1
7.202272569E1,3.397500229E1,1.912500024E0,3.918750000E1
7.204273062E1,3.369375229E1,1.481250048E0,3.971250153E1
7.206272982E1,3.378750229E1,1.875000119E0,3.971250153E1
7.208272514E1,3.410625076E1,1.181250095E0,3.948750305E1
7.210272900E1,3.408750153E1,1.575000048E0,3.960000229E1
7.212272776E1,3.361875153E1,1.218750000E0,3.930000305E1
7.214272304E1,3.330000305E1,1.818750024E0,3.941250229E1
7.216270554E1,3.391875076E1,9.000000358E-1,3.960000229E1
7.218270907E1,3.352500153E1,1.293750048E0,3.961875153E1
7.220271952E1,3.395625305E1,5.625000000E-1,3.845625305E1
7.222272384E1,3.380625153E1,1.612500072E0,3.918750000E1
7.224276850E1,3.393750000E1,9.562500119E-1,3.855000305E1
7.226276487E1,3.461250305E1,1.050000072E0,3.823125076E1
7.228275620E1,3.472500229E1,4.125000238E-1,3.873750305E1
7.230274473E1,3.421875000E1,1.068750024E0,3.813750076E1
7.232274242E1,3.521250153E1,6.375000477E-1,3.810000229E1
7.234273556E1,3.420000076E1,1.612500072E0,3.896250153E1
7.236273893E1,3.468750000E1,1.181250095E0,3.937500000E1
7.238273717E1,3.418125153E1,2.006250143E0,3.898125076E1
7.240273178E1,3.412500000E1,1.125000000E0,3.875625229E1
7.242272377E1,3.427500153E1,1.912500024E0,3.875625229E1
7.244272501E1,3.489375305E1,1.106250048E0,3.864375305E1
7.246273391E1,3.480000305E1,1.443750024E0,3.802500153E1
7.248272588E1,3.500625229E1,1.031250000E0,3.841875076E1
7.250272654E1,3.500625229E1,1.162500024E0,3.780000305E1
7.252272316E1,3.465000153E1,4.875000119E-1,3.770625305E1
7.254272775E1,3.463125229E1,7.687500119E-1,3.802500153E1
7.256272627E1,3.474375153E1,7.125000358E-1,3.718125153E1
7.258272282E1,3.513750076E1,6.187500358E-1,3.675000000E1
7.260272724E1,3.540000153E1,9.937500358E-1,3.716250229E1
7.262272656E1,3.558750153E1,1.237500072E0,3.778125000E1
7.264272212E1,3.530625153E1,9.750000238E-1,3.727500153E1
7.266272576E1,3.579375076E1,1.162500024E0,3.736875153E1
7.268272489E1,3.558750153E1,1.368750095E0,3.716250229E1
7.270269918E1,3.560625076E1,9.750000238E-1,3.725625229E1
7.272270743E1,3.570000076E1,1.068750024E0,3.725625229E1
7.274271050E1,3.560625076E1,9.000000358E-1,3.675000000E1
7.276272043E1,3.571875000E1,6.000000238E-1,3.684375000E1
7.278276927E1,3.532500076E1,9.187500477E-1,3.665625000E1
7.280275775E1,3.600000000E1,6.750000119E-1,3.705000305E1
7.282275439E1,3.523125076E1,6.375000477E-1,3.643125153E1
7.284274682E1,3.573750305E1,2.437500060E-1,3.611250305E1
7.286273639E1,3.564375305E1,4.500000179E-1,3.611250305E1
7.288273394E1,3.571875000E1,5.062500238E-1,3.684375000E1
7.290272987E1,3.564375305E1,4.687500298E-1,3.570000076E1
7.292274509E1,3.583125305E1,6.375000477E-1,3.620625305E1
7.294274151E1,3.594375229E1,-5.625000224E-2,3.600000000E1
7.296273463E1,3.603750229E1,1.125000045E-1,3.661875153E1
7.298273655E1,3.581250000E1,8.437500596E-1,3.590625000E1
7.300275673E1,3.661875153E1,2.062500119E-1,3.639375305E1
7.302274568E1,3.594375229E1,7.500000298E-2,3.538125229E1
7.304274359E1,3.603750229E1,3.750000149E-2,3.609375000E1
7.306273780E1,3.555000305E1,-5.625000224E-2,3.611250305E1
7.308272922E1,3.575625229E1,-1.500000060E-1,3.620625305E1
7.310272894E1,3.607500076E1,-5.250000358E-1,3.568125153E1
7.312272649E1,3.566250229E1,-2.437500060E-1,3.600000000E1
7.314272058E1,3.538125229E1,1.875000075E-2,3.496875000E1
7.316272363E1,3.547500229E1,-4.312500060E-1,3.579375076E1
7.318272217E1,3.609375000E1,-9.750000238E-1,3.483750153E1
7.320272868E1,3.585000229E1,-1.500000060E-1,3.588750076E1
7.322272993E1,3.598125076E1,-8.437500596E-1,3.600000000E1
7.324271703E1,3.603750229E1,1.875000075E-2,3.650625229E1
7.326272399E1,3.628125000E1,-8.250000477E-1,3.536250305E1
7.328272548E1,3.624375153E1,-4.312500060E-1,3.712500000E1
7.330272282E1,3.568125153E1,-3.000000119E-1,3.517500305E1
7.332277300E1,3.575625229E1,-1.875000075E-2,3.558750153E1
7.334276243E1,3.637500000E1,-8.250000477E-1,3.525000000E1
7.336274870E1,3.510000229E1,-6.375000477E-1,3.633750153E1
7.338274480E1,3.600000000E1,-9.000000358E-1,3.526875305E1
7.340273747E1,3.558750153E1,-8.437500596E-1,3.611250305E1
7.342272703E1,3.532500076E1,-9.750000238E-1,3.528750229E1
7.344271625E1,3.579375076E1,-9.375000596E-1,3.609375000E1
7.346267165E1,3.571875000E1,-1.181250095E0,3.495000076E1
7.348268878E1,3.607500076E1,-7.312500477E-1,3.568125153E1
7.350269981E1,3.630000305E1,-1.218750000E0,3.525000000E1
7.352270511E1,3.598125076E1,-7.500000000E-1,3.600000000E1
7.354272820E1,3.641250229E1,-1.387500048E0,3.472500229E1
7.356273077E1,3.616875076E1,-4.312500060E-1,3.547500229E1
7.358272799E1,3.660000229E1,-1.200000048E0,3.504375076E1
7.360273237E1,3.607500076E1,-6.375000477E-1,3.588750076E1
7.362273156E1,3.641250229E1,-1.500000000E0,3.504375076E1
7.364272504E1,3.660000229E1,-1.331250072E0,3.534375000E1
7.366272857E1,3.555000305E1,-1.875000119E0,3.517500305E1
7.368272698E1,3.613125229E1,-1.987500072E0,3.515625000E1
7.370273301E1,3.615000153E1,-2.137500048E0,3.410625076E1
7.372273337E1,3.596250153E1,-2.175000191E0,3.495000076E1
7.374272938E1,3.626250076E1,-2.493750095E0,3.513750076E1
7.376272261E1,3.616875076E1,-2.775000095E0,3.513750076E1
7.378271419E1,3.618750000E1,-2.943750143E0,3.431250000E1
7.380271372E1,3.628125000E1,-2.981250048E0,3.502500153E1
7.382272123E1,3.716250229E1,-2.756250143E0,3.406875229E1
7.384272300E1,3.639375305E1,-3.037500143E0,3.429375076E1
7.386271927E1,3.706875229E1,-2.850000143E0,3.397500229E1
7.388272510E1,3.628125000E1,-2.868750095E0,3.493125153E1
7.390272512E1,3.678750229E1,-3.356250048E0,3.450000000E1
7.392273243E1,3.688125229E1,-3.356250048E0,3.450000000E1
7.394273363E1,3.706875229E1,-3.168750048E0,3.448125076E1
7.396273294E1,3.669375229E1,-3.468750238E0,3.459375000E1
7.398273702E1,3.680625153E1,-3.750000238E0,3.427500153E1
7.400269250E1,3.663750076E1,-4.350000381E0,3.459375000E1
7.402269725E1,3.684375000E1,-4.425000191E0,3.418125153E1
7.404270905E1,3.594375229E1,-3.525000095E0,3.275625229E1
7.406271483E1,3.673125076E1,-4.256250381E0,3.470625305E1
7.408274965E1,3.596250153E1,-4.031250000E0,3.296250153E1
7.410274973E1,3.691875076E1,-4.181250095E0,3.500625229E1
7.412274448E1,3.615000153E1,-3.843750238E0,3.294375229E1
7.414273554E1,3.720000076E1,-3.975000143E0,3.448125076E1
7.416273547E1,3.633750153E1,-3.900000095E0,3.376875305E1
7.418272979E1,3.699375153E1,-4.050000191E0,3.594375229E1
7.420272303E1,3.592500305E1,-3.712500095E0,3.410625076E1
7.422272498E1,3.691875076E1,-4.387500286E0,3.521250153E1
7.424272266E1,3.622500229E1,-3.618750095E0,3.420000076E1
7.426272809E1,3.652500153E1,-4.312500000E0,3.564375305E1
7.428272849E1,3.564375305E1,-4.012500286E0,3.431250000E1
7.430272500E1,3.654375076E1,-4.725000381E0,3.605625153E1
7.432271940E1,3.573750305E1,-4.031250000E0,3.451875305E1
7.434272086E1,3.592500305E1,-4.106250286E0,3.575625229E1
7.436271825E1,3.525000000E1,-4.031250000E0,3.506250000E1
7.438272372E1,3.633750153E1,-4.500000000E0,3.564375305E1
7.440272317E1,3.543750000E1,-3.731250048E0,3.463125229E1
7.442271987E1,3.639375305E1,-3.637500048E0,3.605625153E1
7.444272402E1,3.607500076E1,-2.681250095E0,3.513750076E1
7.446272326E1,3.637500000E1,-3.487500191E0,3.699375153E1
7.448272981E1,3.558750153E1,-3.018750191E0,3.609375000E1
7.450273084E1,3.665625000E1,-3.131250143E0,3.740625000E1
7.452272754E1,3.570000076E1,-3.075000048E0,3.525000000E1
7.454269950E1,3.616875076E1,-3.412500143E0,3.751875305E1
7.456270610E1,3.579375076E1,-3.225000143E0,3.618750000E1
7.458270787E1,3.605625153E1,-3.037500143E0,3.774375153E1
7.460271701E1,3.538125229E1,-3.037500143E0,3.650625229E1
7.462275445E1,3.586875153E1,-3.225000143E0,3.795000076E1
7.464275638E1,3.566250229E1,-2.850000143E0,3.671250153E1
7.466275239E1,3.556875229E1,-2.906250000E0,3.765000153E1
7.468274431E1,3.575625229E1,-2.362500191E0,3.650625229E1
7.470273362E1,3.596250153E1,-2.925000191E0,3.785625076E1
7.472273087E1,3.564375305E1,-2.193750143E0,3.714375305E1
7.474272634E1,3.609375000E1,-1.987500072E0,3.856875229E1
7.476273010E1,3.590625000E1,-1.612500072E0,3.744375229E1
7.478272939E1,3.667500305E1,-1.743750095E0,3.918750000E1
7.480272461E1,3.560625076E1,-1.443750024E0,3.808125305E1
7.482272829E1,3.600000000E1,-1.893750072E0,3.868125153E1
7.484272772E1,3.626250076E1,-1.143750072E0,3.765000153E1
7.486273448E1,3.487500000E1,-5.625000224E-2,3.665625000E1
7.488273531E1,3.626250076E1,-1.181250095E0,3.836250305E1
7.490273180E1,3.498750305E1,-4.125000238E-1,3.592500305E1
7.492272484E1,3.635625076E1,-9.187500477E-1,3.701250076E1
7.494272608E1,3.496875000E1,9.375000000E-2,3.581250000E1
7.496272413E1,3.654375076E1,-6.750000119E-1,3.774375153E1
7.498272954E1,3.506250000E1,1.312500089E-1,3.654375076E1
7.500272991E1,3.645000076E1,-6.562500000E-1,3.765000153E1
7.502272617E1,3.573750305E1,2.062500119E-1,3.684375000E1
7.504273049E1,3.720000076E1,-1.125000045E-1,3.804375076E1
7.506271892E1,3.581250000E1,7.312500477E-1,3.611250305E1
7.508269559E1,3.710625076E1,-9.375000000E-2,3.793125153E1
7.510270636E1,3.592500305E1,6.187500358E-1,3.631875229E1
7.512271140E1,3.776250076E1,2.812500000E-1,3.781875229E1
7.514271179E1,3.669375229E1,6.750000119E-1,3.671250153E1
7.516275359E1,3.770625305E1,-3.937500119E-1,3.750000000E1
7.518274787E1,3.641250229E1,3.187500238E-1,3.618750000E1
7.520274918E1,3.748125076E1,9.375000000E-2,3.781875229E1
7.522274530E1,3.652500153E1,1.312500089E-1,3.577500153E1
7.524273783E1,3.759375000E1,-2.812500000E-1,3.729375076E1
7.526273752E1,3.673125076E1,-5.625000224E-2,3.566250229E1
7.528273487E1,3.830625153E1,-6.562500000E-1,3.665625000E1
7.530273979E1,3.682500076E1,2.625000179E-1,3.504375076E1
7.532273955E1,3.789375305E1,-2.437500060E-1,3.667500305E1
7.534273505E1,3.714375305E1,-2.437500060E-1,3.513750076E1
7.536272735E1,3.858750153E1,-6.000000238E-1,3.716250229E1
7.538272918E1,3.703125000E1,5.625000224E-2,3.534375000E1
7.540272665E1,3.888750076E1,-6.000000238E-1,3.705000305E1
7.542272072E1,3.733125305E1,-3.375000060E-1,3.511875153E1
7.544272340E1,3.870000076E1,-6.937500238E-1,3.716250229E1
7.546272172E1,3.774375153E1,-9.000000358E-1,3.583125305E1
7.548272694E1,3.881250000E1,-1.068750024E0,3.652500153E1
7.550272840E1,3.746250153E1,-1.237500072E0,3.511875153E1
7.552272502E1,3.873750305E1,-1.650000095E0,3.643125153E1
7.554272982E1,3.727500153E1,-1.312500000E0,3.470625305E1
7.556272940E1,3.856875229E1,-2.193750143E0,3.570000076E1
7.558272491E1,3.712500000E1,-2.193750143E0,3.470625305E1
7.560271756E1,3.830625153E1,-2.606250048E0,3.622500229E1
7.562270906E1,3.751875305E1,-2.193750143E0,3.459375000E1
7.564270885E1,3.841875076E1,-3.075000048E0,3.549375153E1
7.566271619E1,3.791250229E1,-2.212500095E0,3.446250153E1
7.568271828E1,3.858750153E1,-2.625000000E0,3.620625305E1
7.570277238E1,3.781875229E1,-2.625000000E0,3.489375305E1
7.572276478E1,3.624375153E1,-1.725000024E0,3.390000153E1
7.574275332E1,3.770625305E1,-2.325000048E0,3.489375305E1
7.576275041E1,3.596250153E1,-2.100000143E0,3.380625153E1
7.578274374E1,3.733125305E1,-2.512500048E0,3.489375305E1
7.580273288E1,3.577500153E1,-2.100000143E0,3.380625153E1
7.582273360E1,3.772500229E1,-2.831250191E0,3.519375229E1
7.584274127E1,3.570000076E1,-2.906250000E0,3.410625076E1
7.586273204E1,3.706875229E1,-3.393750191E0,3.500625229E1
7.588273222E1,3.510000229E1,-2.456250191E0,3.361875153E1
7.590272847E1,3.669375229E1,-3.581250191E0,3.502500153E1
7.592274448E1,3.523125076E1,-3.075000048E0,3.382500076E1
7.594273036E1,3.678750229E1,-3.487500191E0,3.511875153E1
7.596272628E1,3.532500076E1,-2.868750095E0,3.360000229E1
7.598273057E1,3.676875305E1,-3.112500191E0,3.523125076E1
7.600273004E1,3.481875229E1,-2.756250143E0,3.352500153E1
7.602272464E1,3.667500305E1,-3.093750238E0,3.502500153E1
7.604271788E1,3.508125305E1,-2.100000143E0,3.414375305E1
7.606271990E1,3.695625305E1,-2.943750143E0,3.585000229E1
7.608271755E1,3.547500229E1,-2.231250048E0,3.465000153E1
7.610272322E1,3.691875076E1,-2.343750000E0,3.585000229E1
7.612272410E1,3.526875305E1,-2.100000143E0,3.570000076E1
7.614272072E1,3.615000153E1,-2.568750143E0,3.669375229E1
7.616271527E1,3.495000076E1,-1.331250072E0,3.455625153E1
7.618271700E1,3.633750153E1,-2.475000143E0,3.648750305E1
7.620272570E1,3.455625153E1,-1.462500095E0,3.540000153E1
7.622272841E1,3.594375229E1,-2.456250191E0,3.639375305E1
7.624278296E1,3.429375076E1,-1.931250095E0,3.519375229E1
7.626276432E1,3.555000305E1,-2.287500143E0,3.703125000E1
7.628275503E1,3.378750229E1,-1.856250048E0,3.562500000E1
7.630274310E1,3.564375305E1,-2.306250095E0,3.755625153E1
7.632274083E1,3.446250153E1,-1.575000048E0,3.583125305E1
7.634273430E1,3.543750000E1,-2.006250143E0,3.755625153E1
7.636272625E1,3.435000229E1,-1.481250048E0,3.571875000E1
7.638268391E1,3.573750305E1,-1.987500072E0,3.703125000E1
7.640269121E1,3.446250153E1,-1.575000048E0,3.571875000E1
7.642269470E1,3.611250305E1,-1.818750024E0,3.744375229E1
7.644270530E1,3.382500076E1,-6.000000238E-1,3.616875076E1
7.646274425E1,3.577500153E1,-1.143750072E0,3.776250076E1
7.648273662E1,3.444375229E1,-1.200000048E0,3.592500305E1
7.650273682E1,3.577500153E1,-9.000000358E-1,3.693750000E1
7.652273212E1,3.450000000E1,-6.562500000E-1,3.686250305E1
7.654273534E1,3.566250229E1,-7.687500119E-1,3.840000153E1
7.656273224E1,3.489375305E1,-7.500000000E-1,3.654375076E1
7.658273893E1,3.343125153E1,-4.312500060E-1,3.543750000E1
7.660273919E1,3.423750305E1,-1.218750000E0,3.656250000E1
7.662273526E1,3.305625153E1,-5.437500477E-1,3.586875153E1
7.664272769E1,3.388125229E1,-1.556250095E0,3.583125305E1
7.666272922E1,3.277500153E1,-7.125000358E-1,3.536250305E1
7.668272661E1,3.388125229E1,-1.968750119E0,3.603750229E1
7.670272173E1,3.249375153E1,-1.050000072E0,3.453750229E1
7.672272402E1,3.330000305E1,-1.931250095E0,3.564375305E1
7.674272196E1,3.191250038E1,-1.293750048E0,3.547500229E1
7.676272762E1,3.448125076E1,-2.568750143E0,3.748125076E1
7.678278493E1,3.292500305E1,-1.875000119E0,3.472500229E1
7.680277955E1,3.391875076E1,-2.756250143E0,3.583125305E1
7.682276953E1,3.290625000E1,-1.368750095E0,3.463125229E1
7.684275662E1,3.438750076E1,-2.250000000E0,3.530625153E1
7.686274212E1,3.290625000E1,-1.687500119E0,3.493125153E1
7.688273816E1,3.431250000E1,-2.737500191E0,3.530625153E1
7.690274282E1,3.358125305E1,-1.500000000E0,3.481875229E1
7.692269865E1,3.429375076E1,-2.268750191E0,3.571875000E1
7.694270452E1,3.318750000E1,-1.368750095E0,3.461250305E1
7.696270648E1,3.478125000E1,-2.081250191E0,3.570000076E1
7.698271604E1,3.339375305E1,-1.687500119E0,3.491250229E1
7.700274305E1,3.457500076E1,-2.193750143E0,3.601875305E1
7.702273727E1,3.348750305E1,-1.462500095E0,3.429375076E1
7.704273911E1,3.457500076E1,-2.156250000E0,3.540000153E1
7.706273628E1,3.313125229E1,-1.837500095E0,3.399375153E1
7.708272975E1,3.427500153E1,-2.081250191E0,3.603750229E1
7.710273040E1,3.300000000E1,-1.462500095E0,3.451875305E1
7.712272846E1,3.468750000E1,-2.343750000E0,3.528750229E1
7.714272281E1,3.292500305E1,-1.968750119E0,3.461250305E1
7.716272574E1,3.427500153E1,-2.081250191E0,3.592500305E1
7.718272424E1,3.281250000E1,-1.462500095E0,3.451875305E1
7.720273023E1,3.410625076E1,-2.250000000E0,3.562500000E1
7.722273123E1,3.262500000E1,-1.443750024E0,3.431250000E1
7.724272802E1,3.446250153E1,-2.006250143E0,3.633750153E1
7.726273228E1,3.346875000E1,-1.106250048E0,3.511875153E1
7.728273171E1,3.581250000E1,-1.818750024E0,3.744375229E1
7.730272696E1,3.258750153E1,-7.875000238E-1,3.504375076E1
7.732272914E1,3.423750305E1,-1.443750024E0,3.686250305E1
7.734272829E1,3.277500153E1,-4.875000119E-1,3.483750153E1
7.736272337E1,3.405000305E1,-1.218750000E0,3.676875305E1
7.738272690E1,3.305625153E1,-3.000000119E-1,3.504375076E1
7.740272580E1,3.281250000E1,3.187500238E-1,3.641250229E1
7.742272090E1,3.294375229E1,-1.500000060E-1,3.598125076E1
7.744272443E1,3.241875076E1,2.062500119E-1,3.693750000E1
7.746269111E1,3.204375076E1,-1.687500030E-1,3.663750076E1
7.748270473E1,3.221250153E1,7.312500477E-1,3.643125153E1
7.750271232E1,3.245625305E1,-2.625000179E-1,3.641250229E1
7.752271436E1,3.213750076E1,3.187500238E-1,3.663750076E1
7.754275754E1,3.283125305E1,2.812500000E-1,3.515625000E1
7.756275270E1,3.181875038E1,7.312500477E-1,3.675000000E1
7.758274324E1,3.260625076E1,6.750000119E-1,3.558750153E1
7.760274241E1,3.210000229E1,9.375000596E-1,3.643125153E1
7.762273745E1,3.290625000E1,6.187500358E-1,3.618750000E1
7.764272768E1,3.249375153E1,1.031250000E0,3.620625305E1
7.766272914E1,3.290625000E1,6.187500358E-1,3.618750000E1
7.768273735E1,3.238125229E1,1.518750072E0,3.643125153E1
7.770273993E1,3.335625076E1,1.256250024E0,3.701250076E1
7.772273755E1,3.226875305E1,1.612500072E0,3.652500153E1
7.774273148E1,3.343125153E1,1.631250024E0,3.733125305E1
7.776273433E1,3.371250153E1,1.687500119E0,3.783750153E1
7.778272142E1,3.335625076E1,1.368750095E0,3.671250153E1
7.780271837E1,3.296250153E1,1.593750119E0,3.641250229E1
7.782272375E1,3.365625000E1,9.562500119E-1,3.690000153E1
7.784272408E1,3.226875305E1,1.593750119E0,3.684375000E1
7.786271907E1,3.405000305E1,1.068750024E0,3.658125305E1
7.788271313E1,3.266250229E1,1.593750119E0,3.652500153E1
7.790271543E1,3.365625000E1,9.562500119E-1,3.680625153E1
7.792271367E1,3.307500076E1,1.218750000E0,3.598125076E1
7.794271979E1,3.414375305E1,8.625000119E-1,3.646875000E1
7.796272040E1,3.298125076E1,1.218750000E0,3.620625305E1
7.798271700E1,3.416250229E1,7.500000000E-1,3.667500305E1
7.800270078E1,3.337500000E1,9.187500477E-1,3.586875153E1
7.802270520E1,3.493125153E1,9.562500119E-1,3.635625076E1
7.804271608E1,3.395625305E1,9.750000238E-1,3.637500000E1
7.806272074E1,3.553125000E1,5.250000358E-1,3.643125153E1
7.808276550E1,3.365625000E1,1.312500000E0,3.575625229E1
7.810276175E1,3.543750000E1,4.125000238E-1,3.663750076E1
7.812275322E1,3.414375305E1,9.937500358E-1,3.605625153E1
7.814274166E1,3.547500229E1,-2.250000089E-1,3.579375076E1
7.816273926E1,3.386250305E1,8.062500358E-1,3.596250153E1
7.818273200E1,3.566250229E1,-2.812500000E-1,3.673125076E1
7.820273546E1,3.450000000E1,-3.187500238E-1,3.624375153E1
7.822269001E1,3.577500153E1,-6.000000238E-1,3.693750000E1
7.824269485E1,3.489375305E1,-1.875000000E-1,3.560625076E1
7.826270713E1,3.480000305E1,-6.562500000E-1,3.675000000E1
7.828271347E1,3.451875305E1,-7.687500119E-1,3.541875076E1
7.830272623E1,3.519375229E1,-6.562500000E-1,3.654375076E1
7.832273203E1,3.472500229E1,-7.500000000E-1,3.489375305E1
7.834273174E1,3.570000076E1,-1.143750072E0,3.630000305E1
7.836272720E1,3.511875153E1,-1.050000072E0,3.496875000E1
7.838273052E1,3.560625076E1,-1.200000048E0,3.703125000E1
7.840272809E1,3.579375076E1,-9.937500358E-1,3.538125229E1
7.842273453E1,3.607500076E1,-6.750000119E-1,3.641250229E1
7.844273499E1,3.558750153E1,-5.250000358E-1,3.579375076E1
7.846273092E1,3.607500076E1,-8.250000477E-1,3.723750305E1
7.848273484E1,3.607500076E1,-8.625000119E-1,3.609375000E1
7.850273370E1,3.635625076E1,-7.125000358E-1,3.691875076E1
7.852274008E1,3.577500153E1,-5.625000000E-1,3.641250229E1
7.854271984E1,3.586875153E1,-9.187500477E-1,3.735000229E1
7.856272093E1,3.630000305E1,-1.481250048E0,3.639375305E1
7.858271810E1,3.609375000E1,-1.200000048E0,3.691875076E1
7.860272343E1,3.549375153E1,-9.000000358E-1,3.714375305E1
7.862276906E1,3.628125000E1,-1.406250000E0,3.701250076E1
7.864276627E1,3.590625000E1,-1.143750072E0,3.600000000E1
7.866275855E1,3.639375305E1,-1.518750072E0,3.721875000E1
7.868274771E1,3.579375076E1,-1.256250024E0,3.641250229E1
7.870274604E1,3.590625000E1,-1.650000095E0,3.785625076E1
7.872273925E1,3.600000000E1,-1.406250000E0,3.723750305E1
7.874273167E1,3.579375076E1,-1.237500072E0,3.765000153E1
7.876274409E1,3.693750000E1,-1.106250048E0,3.825000000E1
7.878273882E1,3.618750000E1,-1.218750000E0,3.733125305E1
7.880273074E1,3.646875000E1,-9.375000596E-1,3.721875000E1
7.882273192E1,3.615000153E1,-7.875000238E-1,3.838125229E1
7.884275187E1,3.635625076E1,-6.562500000E-1,3.765000153E1
7.886274085E1,3.654375076E1,-8.062500358E-1,3.847500229E1
7.888273869E1,3.673125076E1,-2.437500060E-1,3.721875000E1
7.890273297E1,3.620625305E1,1.687500030E-1,3.890625000E1
7.892272443E1,3.708750153E1,1.875000000E-1,3.804375076E1
7.894272466E1,3.650625229E1,7.500000298E-2,3.847500229E1
7.896272220E1,3.671250153E1,-2.250000089E-1,3.856875229E1
7.898272768E1,3.609375000E1,2.812500000E-1,3.879375076E1
7.900272808E1,3.706875229E1,2.625000179E-1,3.856875229E1
7.902272465E1,3.618750000E1,6.562500000E-1,3.901875305E1
7.904272924E1,3.697500229E1,3.937500119E-1,3.783750153E1
7.906271779E1,3.618750000E1,6.750000119E-1,3.870000076E1
7.908271759E1,3.736875153E1,-3.750000000E-1,4.083750153E1
7.910272326E1,3.609375000E1,3.562500179E-1,3.922500229E1
7.912272396E1,3.736875153E1,-2.437500060E-1,4.042500305E1
7.914272023E1,3.639375305E1,3.750000000E-1,3.868125153E1
7.916278123E1,3.690000153E1,-7.687500119E-1,4.106250000E1
7.918276807E1,3.628125000E1,4.500000179E-1,3.911250305E1
7.920276307E1,3.676875305E1,5.625000224E-2,4.044375229E1
7.922275418E1,3.570000076E1,5.062500238E-1,3.860625076E1
7.924274257E1,3.706875229E1,5.625000224E-2,4.033125305E1
7.926274044E1,3.648750305E1,4.687500298E-1,3.879375076E1
7.928273530E1,3.785625076E1,3.750000149E-2,4.040625000E1
7.930268368E1,3.615000153E1,1.275000095E0,3.860625076E1
7.932269533E1,3.830625153E1,5.062500238E-1,4.061250305E1
7.934270194E1,3.720000076E1,1.706250072E0,3.909375000E1
7.936270408E1,3.830625153E1,8.062500358E-1,4.040625000E1
7.938273615E1,3.693750000E1,1.256250024E0,3.856875229E1
7.940273477E1,3.817500305E1,1.406250000E0,4.031250000E1
7.942272880E1,3.712500000E1,1.425000072E0,3.888750076E1
7.944273125E1,3.793125153E1,5.437500477E-1,4.010625076E1
7.946272864E1,3.693750000E1,1.031250000E0,3.888750076E1
7.948273262E1,3.821250153E1,6.375000477E-1,4.008750153E1
7.950273306E1,3.695625305E1,1.068750024E0,3.836250305E1
7.952272880E1,3.763125229E1,8.625000119E-1,3.990000153E1
7.954273252E1,3.706875229E1,7.687500119E-1,3.825000000E1
7.956273132E1,3.813750076E1,2.812500000E-1,3.935625076E1
7.958272610E1,3.725625229E1,6.562500000E-1,3.836250305E1
7.960272975E1,3.796875000E1,0.000000000E0,3.916875076E1
7.962272959E1,3.746250153E1,7.125000358E-1,3.731250000E1
7.964272413E1,3.787500000E1,3.750000149E-2,3.864375305E1
7.966272703E1,3.750000000E1,1.875000075E-2,3.731250000E1
7.968272538E1,3.866250229E1,-3.562500179E-1,3.798750305E1
7.970278764E1,3.748125076E1,3.375000060E-1,3.710625076E1
7.972277526E1,3.845625305E1,1.125000045E-1,3.853125000E1
7.974275981E1,3.856875229E1,-0.000000000E0,3.727500153E1
7.976275420E1,3.980625153E1,-3.750000149E-2,3.890625000E1
7.978274533E1,3.866250229E1,2.250000089E-1,3.654375076E1
7.980273432E1,3.913125229E1,2.250000089E-1,3.798750305E1
7.982272230E1,3.847500229E1,2.437500060E-1,3.624375153E1
7.984268836E1,3.875625229E1,9.375000000E-2,3.716250229E1
7.986269115E1,3.845625305E1,4.312500060E-1,3.665625000E1
7.988270204E1,3.945000076E1,-1.500000060E-1,3.755625153E1
7.990270739E1,3.855000305E1,3.187500238E-1,3.675000000E1
7.992275351E1,3.847500229E1,-7.500000298E-2,3.686250305E1
7.994274016E1,3.986250305E1,-7.875000238E-1,3.815625000E1
7.996273553E1,3.868125153E1,-7.500000298E-2,3.654375076E1
7.998273897E1,4.014375305E1,-7.875000238E-1,3.783750153E1
8.000273694E1,3.847500229E1,5.625000224E-2,3.624375153E1
8.002272975E1,4.008750153E1,-1.200000048E0,3.660000229E1
8.004273290E1,3.877500153E1,0.000000000E0,3.519375229E1
8.006273121E1,4.065000153E1,-9.562500119E-1,3.699375153E1
8.008272588E1,3.896250153E1,3.000000119E-1,3.508125305E1
8.010272888E1,4.091250229E1,-2.437500060E-1,3.658125305E1
8.012272740E1,3.896250153E1,1.875000000E-1,3.517500305E1
8.014272243E1,4.080000305E1,5.625000224E-2,3.678750229E1
8.016272599E1,3.894375229E1,8.062500358E-1,3.498750305E1
8.018272473E1,4.061250305E1,1.312500089E-1,3.701250076E1
8.020273061E1,3.922500229E1,1.068750024E0,3.528750229E1
8.022273146E1,4.080000305E1,4.500000179E-1,3.678750229E1
8.024272679E1,3.845625305E1,9.000000358E-1,3.530625153E1
8.026273163E1,4.061250305E1,1.687500030E-1,3.648750305E1
8.028273117E1,3.875625229E1,4.875000119E-1,3.528750229E1
8.030272671E1,4.031250000E1,6.000000238E-1,3.618750000E1
8.032273026E1,3.826875305E1,6.187500358E-1,3.500625229E1
8.034272890E1,3.975000000E1,2.625000179E-1,3.547500229E1
8.036273559E1,3.849375153E1,5.625000224E-2,3.457500076E1
8.038270403E1,4.016250229E1,-2.437500060E-1,3.536250305E1
8.040270774E1,3.810000229E1,7.500000298E-2,3.416250229E1
8.042270735E1,3.997500229E1,-7.312500477E-1,3.525000000E1
8.044271462E1,3.841875076E1,-3.562500179E-1,3.478125000E1
8.046276191E1,3.986250305E1,-9.375000000E-2,3.474375153E1
8.048274926E1,3.821250153E1,0.000000000E0,3.386250305E1
8.050274519E1,4.027500153E1,-4.500000179E-1,3.369375229E1
8.052273743E1,3.864375305E1,-5.250000358E-1,3.228750229E1
8.054273822E1,3.980625153E1,-1.068750024E0,3.421875000E1
8.056273390E1,3.841875076E1,-1.875000075E-2,3.240000153E1
8.058272755E1,4.050000000E1,-1.125000000E0,3.326250076E1
8.060272988E1,3.903750229E1,-4.125000238E-1,3.185625076E1
8.062272785E1,4.021875000E1,-1.293750048E0,3.275625229E1
8.064272242E1,3.853125000E1,-3.000000119E-1,3.196875191E1
8.066272531E1,4.040625000E1,-9.375000596E-1,3.337500000E1
8.068273520E1,3.866250229E1,-6.750000119E-1,3.165000153E1
8.070272785E1,4.021875000E1,-1.087500095E0,3.285000229E1
8.072272883E1,3.875625229E1,-8.625000119E-1,3.123750114E1
8.074272560E1,3.982500076E1,-1.200000048E0,3.307500076E1
8.076273040E1,4.113750076E1,-2.193750143E0,3.251250076E1
8.078273042E1,3.956250000E1,-1.425000072E0,3.213750076E1
8.080273750E1,4.113750076E1,-1.781250119E0,3.230625153E1
8.082273870E1,3.916875076E1,-9.562500119E-1,3.091875076E1
8.084273518E1,4.093125153E1,-1.443750024E0,3.168750191E1
8.086272822E1,3.958125305E1,-1.331250072E0,3.037500191E1
8.088272994E1,4.173750305E1,-2.025000095E0,3.093750191E1
8.090272772E1,3.958125305E1,-1.293750048E0,2.964375114E1
8.092271195E1,4.156875229E1,-2.268750191E0,3.031875038E1
8.094271708E1,4.048125076E1,-1.875000119E0,2.919375038E1
8.096271745E1,4.207500076E1,-2.737500191E0,2.956875038E1
8.098272522E1,4.068750000E1,-1.987500072E0,2.910000038E1
8.100277278E1,4.306875229E1,-3.187500238E0,2.985000038E1
8.102275987E1,4.168125153E1,-2.700000048E0,2.906250191E1
8.104275555E1,4.348125076E1,-3.693750143E0,2.992500114E1
8.106274740E1,4.246875000E1,-3.075000048E0,2.986875153E1
8.108273657E1,4.415625000E1,-3.675000191E0,3.075000191E1
8.110273394E1,4.288125229E1,-3.506250143E0,3.037500191E1
8.112272985E1,4.462500000E1,-3.825000048E0,3.146250153E1
8.114267930E1,4.265625000E1,-3.262500048E0,3.120000076E1
8.116269147E1,4.406250000E1,-4.331250191E0,3.178125191E1
8.118269831E1,4.218750000E1,-3.562500238E0,3.174375153E1
8.120271191E1,4.404375076E1,-4.181250095E0,3.271875000E1
8.122273054E1,4.211250305E1,-4.068750381E0,3.183750153E1
8.124274070E1,4.316250229E1,-3.806250095E0,3.191250038E1
8.126274346E1,4.190625000E1,-4.087500095E0,3.236250305E1
8.128274094E1,4.310625076E1,-4.706250191E0,3.211875153E1
8.130273429E1,4.125000000E1,-4.162500381E0,3.050625038E1
8.132273501E1,4.282500076E1,-4.743750095E0,3.129375076E1
8.134273270E1,4.096875000E1,-4.406250000E0,2.979375076E1
8.136272646E1,4.224375153E1,-4.818750381E0,3.120000076E1
8.138272896E1,4.031250000E1,-4.856250286E0,2.940000153E1
8.140272686E1,4.218750000E1,-5.568750381E0,3.026250076E1
8.142272140E1,4.035000229E1,-5.325000286E0,2.876250076E1
8.144271344E1,4.151250076E1,-5.606250286E0,2.966250038E1
8.146270452E1,4.044375229E1,-5.212500095E0,2.866875076E1
8.148271534E1,4.222500229E1,-6.131250381E0,2.985000038E1
8.150272014E1,4.074375153E1,-5.475000381E0,2.791875076E1
8.152271983E1,4.261875153E1,-5.850000381E0,2.827500153E1
8.154277207E1,4.081875229E1,-4.968750000E0,2.750625038E1
8.156276315E1,4.288125229E1,-5.475000381E0,2.827500153E1
8.158275043E1,4.140000153E1,-4.481250286E0,2.739375114E1
8.160274694E1,4.353750229E1,-4.556250095E0,2.763750076E1
8.162273976E1,4.537500000E1,-4.537500381E0,2.799375153E1
8.164273031E1,4.370625305E1,-3.768750191E0,2.763750076E1
8.166273030E1,4.477500153E1,-3.993750095E0,2.730000114E1
8.168269397E1,4.410000229E1,-3.881250143E0,2.741250038E1
8.170269466E1,4.563750076E1,-3.543750048E0,2.778750038E1
8.172270378E1,4.485000229E1,-3.225000143E0,2.782500076E1
8.174270753E1,4.556250000E1,-3.937500238E0,2.769375038E1
8.176272972E1,4.398750305E1,-3.900000095E0,2.805000114E1
8.178273173E1,4.533750153E1,-3.562500238E0,2.810625076E1
8.180272853E1,4.395000076E1,-2.925000191E0,2.816250038E1
8.182273286E1,4.531875229E1,-2.962500095E0,2.821875191E1
8.184273196E1,4.387500000E1,-3.318750143E0,2.836875153E1
8.186272550E1,4.486875153E1,-4.200000286E0,2.915625191E1
8.188272920E1,4.395000076E1,-3.150000095E0,2.878125191E1
8.190272758E1,4.443750000E1,-3.281250238E0,2.896875191E1
8.192272226E1,4.336875153E1,-3.450000048E0,2.900625038E1
8.194272571E1,4.483125305E1,-3.300000191E0,2.906250191E1
8.196272419E1,4.336875153E1,-3.356250048E0,2.910000038E1
8.198273056E1,4.411875153E1,-3.037500143E0,3.013125038E1
8.200272130E1,4.258125305E1,-3.056250095E0,2.943750191E1
8.202272006E1,4.440000153E1,-2.437500000E0,2.970000076E1
8.204272606E1,4.254375076E1,-2.325000048E0,2.893125153E1
8.206272696E1,4.378125000E1,-1.950000048E0,3.035625076E1
8.208278010E1,4.250625229E1,-1.462500095E0,2.956875038E1
8.210277161E1,4.376250076E1,-1.331250072E0,2.994375038E1
8.212275931E1,4.269375229E1,-1.312500000E0,3.007500076E1
8.214274477E1,4.335000229E1,-1.181250095E0,3.088125038E1
8.216274067E1,4.200000000E1,-1.068750024E0,2.979375076E1
8.218273279E1,4.335000229E1,-8.437500596E-1,3.037500191E1
8.220273485E1,4.256250000E1,-5.812500119E-1,2.956875038E1
8.222268919E1,4.411875153E1,-2.250000089E-1,2.953125191E1
8.224269356E1,4.303125000E1,1.125000045E-1,2.913750076E1
8.226270582E1,4.565625000E1,-1.312500089E-1,3.052500153E1
8.228271196E1,4.333125305E1,-3.750000149E-2,2.820000076E1
8.230274754E1,4.546875000E1,-3.750000149E-2,2.876250076E1
8.232273692E1,4.421250153E1,3.750000149E-2,2.818125153E1
8.234273495E1,4.550625229E1,-4.125000238E-1,2.833125114E1
8.236272913E1,4.376250076E1,-7.125000358E-1,2.765625191E1
8.238273153E1,4.618125153E1,-6.187500358E-1,2.831250191E1
8.240272775E1,4.464375305E1,-5.812500119E-1,2.681250191E1
8.242272241E1,4.582500076E1,-1.068750024E0,2.760000038E1
8.244272534E1,4.612500000E1,-1.162500024E0,2.728125191E1
8.246272363E1,4.661250305E1,-1.256250024E0,2.715000153E1
8.248272955E1,4.693125153E1,-1.762500048E0,2.715000153E1
8.250273026E1,4.653750229E1,-1.687500119E0,2.767500114E1
8.252273817E1,4.713750076E1,-2.043750048E0,2.662500191E1
8.254272898E1,4.723125076E1,-1.987500072E0,2.724375153E1
8.256272855E1,4.753125000E1,-2.156250000E0,2.660625076E1
8.258272393E1,4.715625000E1,-2.437500000E0,2.660625076E1
8.260272771E1,4.773750305E1,-2.006250143E0,2.576250076E1
8.262272577E1,4.766250229E1,-2.643750191E0,2.660625076E1
8.264272123E1,4.830000305E1,-1.762500048E0,2.626875114E1
8.266272508E1,4.792500305E1,-1.987500072E0,2.535000038E1
8.268272402E1,4.901250076E1,-2.137500048E0,2.563125038E1
8.270273050E1,4.841250229E1,-2.156250000E0,2.615625191E1
8.272273132E1,4.891875076E1,-2.400000095E0,2.510625076E1
8.274272830E1,4.794375229E1,-2.512500048E0,2.585625076E1
8.276270043E1,4.837500381E1,-3.000000000E0,2.533125114E1
8.278270717E1,4.766250229E1,-2.606250048E0,2.587500191E1
8.280270916E1,4.837500381E1,-3.412500143E0,2.563125038E1
8.282271817E1,4.818750381E1,-3.056250095E0,2.491875076E1
8.284275556E1,4.858125305E1,-3.600000143E0,2.551875114E1
8.286275752E1,4.798125076E1,-3.281250238E0,2.523750114E1
8.288275369E1,4.839375305E1,-3.581250191E0,2.501250076E1
8.290274574E1,4.800000000E1,-3.543750048E0,2.460000038E1
8.292273506E1,4.850625229E1,-3.956250191E0,2.478750038E1
8.294273258E1,4.792500305E1,-3.712500095E0,2.430000114E1
8.296272804E1,4.850625229E1,-3.750000238E0,2.448750114E1
8.298273153E1,4.830000305E1,-3.618750095E0,2.407500076E1
8.300273054E1,4.852500153E1,-4.012500286E0,2.396250153E1
8.302272576E1,4.773750305E1,-3.937500238E0,2.471250153E1
8.304272937E1,4.839375305E1,-3.506250143E0,2.396250153E1
8.306272872E1,4.773750305E1,-3.675000191E0,2.377500153E1
8.308272421E1,4.830000305E1,-3.525000095E0,2.428125191E1
8.310272790E1,4.740000153E1,-3.112500191E0,2.452500153E1
8.312272678E1,4.741875076E1,-3.393750191E0,2.420625114E1
8.314272191E1,4.732500076E1,-3.393750191E0,2.431875038E1
8.316272425E1,4.790625000E1,-3.506250143E0,2.398125076E1
8.318272372E1,4.725000000E1,-3.843750238E0,2.358750153E1
8.320273023E1,4.685625076E1,-4.068750381E0,2.422500038E1
8.322273110E1,4.668750000E1,-4.293750286E0,2.287500000E1
8.324272790E1,4.715625000E1,-3.918750048E0,2.317500114E1
8.326273249E1,4.756875229E1,-4.781250000E0,2.409375191E1
8.328273211E1,4.666875076E1,-3.825000048E0,2.360625076E1
8.330270652E1,4.601250076E1,-4.387500286E0,2.310000038E1
8.332271480E1,4.638750076E1,-3.768750191E0,2.266875076E1
8.334271771E1,4.745625305E1,-3.918750048E0,2.306250000E1
8.336271619E1,4.631250000E1,-4.143750191E0,2.236875153E1
8.338276755E1,4.580625153E1,-3.581250191E0,2.145000076E1
8.340275820E1,4.629375076E1,-3.618750095E0,2.163750076E1
8.342274525E1,4.591875076E1,-4.087500095E0,2.154375076E1
8.344274171E1,4.618125153E1,-3.750000238E0,2.236875153E1
8.346273470E1,4.550625229E1,-3.675000191E0,2.156250000E1
8.348273521E1,4.783125305E1,-3.600000143E0,2.398125076E1
8.350273324E1,4.695000076E1,-3.731250048E0,2.328750038E1
8.352273864E1,4.590000153E1,-3.656250238E0,2.259375000E1
8.354273901E1,4.561875153E1,-3.768750191E0,2.145000076E1
8.356273506E1,4.590000153E1,-3.712500095E0,2.186250114E1
8.358272803E1,4.552500153E1,-3.900000095E0,2.176875114E1
8.360274136E1,4.582500076E1,-4.106250286E0,2.186250114E1
8.362273657E1,4.565625000E1,-4.462500095E0,2.124375153E1
8.364272831E1,4.561875153E1,-3.675000191E0,2.145000076E1
8.366272930E1,4.545000076E1,-4.443750381E0,2.092500114E1
8.368272626E1,4.563750076E1,-4.481250286E0,2.154375076E1
8.370273028E1,4.554375076E1,-4.200000286E0,2.030625153E1
8.372273075E1,4.563750076E1,-4.350000381E0,2.092500114E1
8.374272684E1,4.575000000E1,-4.293750286E0,2.019375038E1
8.376273102E1,4.545000076E1,-4.331250191E0,2.094375038E1
8.378273037E1,4.595625305E1,-4.368750095E0,1.966875076E1
8.380272592E1,4.507500076E1,-4.593750000E0,2.032500076E1
8.382272999E1,4.515000153E1,-3.881250143E0,2.011875153E1
8.384270772E1,4.537500000E1,-4.368750095E0,1.989375114E1
8.386270773E1,4.509375000E1,-4.650000095E0,1.968750000E1
8.388271556E1,4.666875076E1,-5.456250191E0,2.079375076E1
8.390271770E1,4.511250305E1,-4.912500381E0,1.897500038E1
8.392277243E1,4.530000305E1,-4.875000000E0,1.845000076E1
8.394275391E1,4.473750305E1,-5.062500000E0,1.835625076E1
8.396274529E1,4.453125000E1,-5.156250000E0,1.846875000E1
8.398274503E1,4.477500153E1,-5.793750286E0,1.730625153E1
8.400274071E1,4.466250229E1,-5.681250095E0,1.721250153E1
8.402273150E1,4.436250305E1,-5.343750000E0,1.659375000E1
8.404272191E1,4.428750229E1,-5.718750000E0,1.627500153E1
8.406267825E1,4.460625076E1,-6.150000095E0,1.689375114E1
8.408268483E1,4.411875153E1,-6.075000286E0,1.565625095E1
8.410269866E1,4.470000076E1,-5.887500286E0,1.565625095E1
8.412270640E1,4.383750153E1,-6.168750286E0,1.576875019E1
8.414273152E1,4.451250076E1,-6.206250191E0,1.616250038E1
8.416273549E1,4.383750153E1,-6.131250381E0,1.505625057E1
8.418273359E1,4.471875000E1,-6.337500095E0,1.481250095E1
8.420273886E1,4.344375229E1,-6.093750477E0,1.473750019E1
8.422273841E1,4.413750076E1,-6.093750477E0,1.430625057E1
8.424273224E1,4.406250000E1,-6.487500191E0,1.430625057E1
8.426272455E1,4.462500000E1,-6.075000286E0,1.357500076E1
8.428272547E1,4.385625076E1,-6.262500286E0,1.400625038E1
8.430272219E1,4.466250229E1,-6.862500191E0,1.366875076E1
8.432272693E1,4.318125153E1,-6.506250381E0,1.329375076E1
8.434272679E1,4.398750305E1,-6.712500095E0,1.295625019E1
8.436272288E1,4.361250305E1,-7.031250477E0,1.183125019E1
8.438271717E1,4.333125305E1,-7.162500381E0,1.256250095E1
8.440271847E1,4.342500305E1,-7.237500191E0,1.203750038E1
8.442271564E1,4.333125305E1,-7.200000286E0,1.162500000E1
8.444272088E1,4.295625305E1,-7.443750381E0,1.100625038E1
8.446277762E1,4.353750229E1,-7.143750191E0,1.057500076E1
8.448277228E1,4.327500153E1,-7.818750381E0,1.036875057E1
8.450276202E1,4.366875076E1,-7.800000191E0,9.731250763E0
8.452274889E1,4.269375229E1,-7.875000477E0,9.881250381E0
8.454274561E1,4.241250229E1,-7.725000381E0,9.150000572E0
8.456273810E1,4.252500153E1,-7.931250095E0,9.150000572E0
8.458274057E1,4.290000153E1,-8.043750763E0,9.337500572E0
8.460269472E1,4.243125153E1,-8.118750572E0,9.262500763E0
8.462269925E1,4.310625076E1,-7.912500381E0,8.512500763E0
8.464270008E1,4.233750153E1,-8.156250000E0,7.912500381E0
8.466270888E1,4.263750076E1,-8.362500191E0,7.893750191E0
8.468273533E1,4.256250000E1,-8.568750381E0,8.100000381E0
8.470274082E1,4.275000000E1,-8.343750000E0,7.781250477E0
8.472273988E1,4.246875000E1,-8.587500572E0,6.750000477E0
8.474273485E1,4.186875153E1,-8.381250381E0,7.087500095E0
8.476273763E1,4.151250076E1,-9.037500381E0,6.468750477E0
8.478273403E1,4.151250076E1,-8.962500572E0,6.881250381E0
8.480272862E1,4.181250000E1,-9.000000000E0,5.737500191E0
8.482273126E1,4.153125000E1,-9.281250000E0,5.643750191E0
8.484272963E1,4.096875000E1,-9.637500763E0,5.137500286E0
8.486272417E1,4.115625000E1,-9.356250763E0,5.437500000E0
8.488272718E1,4.078125000E1,-9.618750572E0,5.025000095E0
8.490272618E1,4.080000305E1,-1.018125057E1,4.612500191E0
8.492272231E1,4.044375229E1,-1.033125019E1,3.693750143E0
8.494272521E1,4.072500229E1,-1.021875000E1,3.468750238E0
8.496272378E1,4.016250229E1,-1.057500076E1,3.168750048E0
8.498272985E1,3.969375229E1,-1.108125019E1,3.393750191E0
8.500279827E1,4.008750153E1,-1.080000019E1,1.818750024E0
8.502277909E1,3.901875305E1,-1.108125019E1,2.156250000E0
8.504276908E1,3.961875153E1,-1.115625000E1,1.425000072E0
8.506275643E1,3.864375305E1,-1.104375076E1,1.556250095E0
8.508274190E1,3.894375229E1,-1.113750076E1,1.331250072E0
8.510273717E1,3.896250153E1,-1.170000076E1,9.187500477E-1
8.512273094E1,3.905625153E1,-1.158750057E1,5.062500238E-1
8.514270143E1,3.840000153E1,-1.185000038E1,4.125000238E-1
8.516270740E1,3.821250153E1,-1.224375057E1,3.000000119E-1
8.518270920E1,3.811875153E1,-1.213125038E1,1.125000045E-1
8.520271875E1,3.860625076E1,-1.190625000E1,-6.375000477E-1
8.522275660E1,3.843750000E1,-1.258125019E1,-6.375000477E-1
8.524274789E1,3.802500153E1,-1.215000057E1,-1.031250000E0
8.526274722E1,3.723750305E1,-1.185000038E1,-8.062500358E-1
8.528274226E1,3.736875153E1,-1.250625038E1,-1.425000072E0
8.530273420E1,3.680625153E1,-1.276875019E1,-1.725000024E0
8.532273337E1,3.708750153E1,-1.258125019E1,-1.837500095E0
8.534273041E1,3.601875305E1,-1.263750076E1,-1.912500024E0
8.536273532E1,3.682500076E1,-1.301250076E1,-2.568750143E0
8.538273522E1,3.577500153E1,-1.346250057E1,-2.850000143E0
8.540273118E1,3.568125153E1,-1.366875076E1,-2.850000143E0
8.542272383E1,3.538125229E1,-1.365000057E1,-2.737500191E0
8.544272572E1,3.538125229E1,-1.353750038E1,-3.150000095E0
8.546273497E1,3.511875153E1,-1.406250095E1,-4.087500095E0
8.548273797E1,3.474375153E1,-1.434375095E1,-4.387500286E0
8.550273604E1,3.423750305E1,-1.393125057E1,-4.162500381E0
8.552273026E1,3.406875229E1,-1.441875076E1,-4.162500381E0
8.554273178E1,3.337500000E1,-1.413750076E1,-3.712500095E0
8.556273040E1,3.397500229E1,-1.443750095E1,-4.050000191E0
8.558272507E1,3.418125153E1,-1.462500095E1,-4.368750095E0
8.560272811E1,3.418125153E1,-1.481250095E1,-4.575000286E0
8.562272690E1,3.360000229E1,-1.458750057E1,-4.556250095E0
8.564272182E1,3.399375153E1,-1.477500057E1,-4.987500191E0
8.566271420E1,3.348750305E1,-1.436250019E1,-4.968750000E0
8.568269445E1,3.388125229E1,-1.425000095E1,-5.493750095E0
8.570270793E1,3.358125305E1,-1.425000095E1,-5.287500381E0
8.572271511E1,3.365625000E1,-1.344375038E1,-5.381250381E0
8.574271729E1,3.418125153E1,-1.426875019E1,-5.193750381E0
8.576275984E1,3.414375305E1,-1.353750038E1,-5.925000191E0
8.578275467E1,3.421875000E1,-1.318125057E1,-5.193750381E0
8.580274498E1,3.401250076E1,-1.286250019E1,-5.493750095E0
8.582274386E1,3.470625305E1,-1.306875038E1,-5.831250191E0
8.584273875E1,3.446250153E1,-1.198125076E1,-5.700000286E0
8.586272914E1,3.478125000E1,-1.201875019E1,-6.656250477E0
8.588273066E1,3.465000153E1,-1.166250038E1,-6.018750191E0
8.590273872E1,3.541875076E1,-1.115625000E1,-6.562500477E0
8.592272987E1,3.530625153E1,-1.074375057E1,-6.862500191E0
8.594273018E1,3.616875076E1,-1.018125057E1,-6.787500381E0
8.596272653E1,3.613125229E1,-9.693750381E0,-6.675000191E0
8.598274266E1,3.613125229E1,-9.487500191E0,-6.881250381E0
8.600273972E1,3.678750229E1,-9.000000000E0,-6.900000095E0
8.602273293E1,3.727500153E1,-8.681250572E0,-7.631250381E0
8.604273477E1,3.684375000E1,-7.818750381E0,-6.787500381E0
8.606273220E1,3.841875076E1,-7.912500381E0,-7.875000477E0
8.608272594E1,3.731250000E1,-7.425000191E0,-7.218750477E0
8.610272880E1,3.759375000E1,-7.256250381E0,-6.900000095E0
8.612272708E1,3.780000305E1,-7.275000095E0,-8.362500191E0
8.614272167E1,3.838125229E1,-6.900000095E0,-8.081250191E0
8.616272488E1,3.787500000E1,-6.693750381E0,-8.062500000E0
8.618272363E1,3.808125305E1,-6.787500381E0,-8.175000191E0
8.620273019E1,3.776250076E1,-6.506250381E0,-7.837500095E0
8.622271004E1,3.780000305E1,-6.956250191E0,-8.681250572E0
8.624271128E1,3.819375229E1,-7.087500095E0,-8.381250381E0
8.626272021E1,3.838125229E1,-6.881250381E0,-8.493750572E0
8.628272336E1,3.750000000E1,-7.087500095E0,-8.043750763E0
8.630277813E1,3.800625229E1,-7.406250477E0,-7.968750477E0
8.632277115E1,3.751875305E1,-7.443750381E0,-8.775000572E0
8.634275983E1,3.821250153E1,-7.556250095E0,-8.906250000E0
8.636274586E1,3.800625229E1,-7.575000286E0,-8.175000191E0
8.638274185E1,3.759375000E1,-6.956250191E0,-8.568750381E0
8.640273321E1,3.742500305E1,-7.481250286E0,-7.837500095E0
8.642273583E1,3.819375229E1,-7.087500095E0,-8.175000191E0
8.644274506E1,3.742500305E1,-7.462500095E0,-8.362500191E0
8.646273692E1,3.791250229E1,-7.462500095E0,-8.587500572E0
8.648273781E1,3.755625153E1,-8.250000000E0,-8.362500191E0
8.650273454E1,3.813750076E1,-8.062500000E0,-8.381250381E0
8.652275109E1,3.735000229E1,-8.156250000E0,-8.268750191E0
8.654273736E1,3.785625076E1,-8.343750000E0,-8.587500572E0
8.656273320E1,3.688125229E1,-8.456250191E0,-7.931250095E0
8.658272615E1,3.755625153E1,-8.156250000E0,-8.268750191E0
8.660272809E1,3.729375076E1,-8.962500572E0,-7.856250286E0
8.662272485E1,3.742500305E1,-9.862500191E0,-7.968750477E0
8.664272001E1,3.663750076E1,-9.750000000E0,-7.725000381E0
8.666272353E1,3.635625076E1,-9.956250191E0,-7.518750191E0
8.668272246E1,3.656250000E1,-1.033125019E1,-7.837500095E0
8.670272893E1,3.598125076E1,-1.020000076E1,-8.025000572E0
8.672273003E1,3.570000076E1,-1.059375000E1,-8.025000572E0
8.674272695E1,3.571875000E1,-1.121250057E1,-7.612500191E0
8.676272178E1,3.513750076E1,-1.087500000E1,-8.118750572E0
8.678272354E1,3.534375000E1,-1.100625038E1,-9.150000572E0
8.680272112E1,3.496875000E1,-1.143750000E1,-8.418750763E0
8.682272648E1,3.438750076E1,-1.149375057E1,-8.718750000E0
8.684279460E1,3.448125076E1,-1.117500019E1,-9.243750572E0
8.686277522E1,3.487500000E1,-1.156875038E1,-9.562500000E0
8.688276514E1,3.476250076E1,-1.117500019E1,-9.562500000E0
8.690275220E1,3.440625000E1,-1.151250076E1,-1.016250038E1
8.692273800E1,3.410625076E1,-1.140000057E1,-1.036875057E1
8.694273309E1,3.403125000E1,-1.168125057E1,-1.057500076E1
8.696272704E1,3.382500076E1,-1.153125000E1,-1.119375038E1
8.698268608E1,3.345000076E1,-1.185000038E1,-1.076250076E1
8.700269473E1,3.345000076E1,-1.151250076E1,-1.149375057E1
8.702269895E1,3.316875076E1,-1.188750076E1,-1.158750057E1
8.704271046E1,3.345000076E1,-1.168125057E1,-1.211250019E1
8.706273882E1,3.335625076E1,-1.188750076E1,-1.170000076E1
8.708274565E1,3.376875305E1,-1.185000038E1,-1.275000095E1
8.710274571E1,3.316875076E1,-1.173750019E1,-1.243125057E1
8.712274090E1,3.326250076E1,-1.166250038E1,-1.231875038E1
8.714273268E1,3.298125076E1,-1.168125057E1,-1.346250057E1
8.716273158E1,3.296250153E1,-1.125000000E1,-1.241250038E1
8.718273984E1,3.296250153E1,-1.143750000E1,-1.252500057E1
8.720273042E1,3.322500229E1,-1.063125038E1,-1.282500076E1
8.722273048E1,3.296250153E1,-1.128750038E1,-1.344375038E1
8.724272616E1,3.337500000E1,-1.147500038E1,-1.387500095E1
8.726273041E1,3.294375229E1,-1.087500000E1,-1.376250076E1
8.728271868E1,3.354375076E1,-1.110000038E1,-1.357500076E1
8.730271856E1,3.275625229E1,-1.096875000E1,-1.365000057E1
8.732272437E1,3.225000000E1,-1.035000038E1,-1.374375057E1
8.734272496E1,3.277500153E1,-1.104375076E1,-1.396875095E1
8.736272139E1,3.268125153E1,-1.115625000E1,-1.385625076E1
8.738278242E1,3.256875229E1,-1.080000019E1,-1.468125057E1
8.740276915E1,3.298125076E1,-1.156875038E1,-1.376250076E1
8.742275274E1,3.228750229E1,-1.108125019E1,-1.488750076E1
8.744274643E1,3.249375153E1,-1.125000000E1,-1.541250038E1
8.746273719E1,3.202500153E1,-1.153125000E1,-1.550625038E1
8.748273878E1,3.193125153E1,-1.175625038E1,-1.498125076E1
8.750273517E1,3.174375153E1,-1.194375038E1,-1.518750095E1
8.752269592E1,3.157500076E1,-1.230000019E1,-1.571250057E1
8.754270562E1,3.118125153E1,-1.220625019E1,-1.548750019E1
8.756271029E1,3.120000076E1,-1.245000076E1,-1.621875000E1
8.758271044E1,3.099375153E1,-1.246875095E1,-1.599375057E1
8.760275243E1,3.060000038E1,-1.235625076E1,-1.608750153E1
8.762274723E1,3.080625153E1,-1.254375076E1,-1.631250000E1
8.764273775E1,3.011250114E1,-1.230000019E1,-1.650000000E1
8.766273714E1,2.992500114E1,-1.207500076E1,-1.711875153E1
8.768273259E1,3.024375153E1,-1.258125019E1,-1.702500153E1
8.770273500E1,3.033750153E1,-1.246875095E1,-1.743750000E1
8.772273405E1,3.043125153E1,-1.258125019E1,-1.723125076E1
8.774274021E1,3.020625114E1,-1.198125076E1,-1.721250153E1
8.776274094E1,3.033750153E1,-1.269375038E1,-1.681875038E1
8.778273710E1,3.052500153E1,-1.248750019E1,-1.693125153E1
8.780273005E1,2.975625038E1,-1.263750076E1,-1.741875076E1
8.782273228E1,2.985000038E1,-1.261875057E1,-1.773750114E1
8.784273023E1,2.898750114E1,-1.288125038E1,-1.792500114E1
8.786272421E1,2.866875076E1,-1.239375019E1,-1.779375076E1
8.788272689E1,2.870625114E1,-1.305000019E1,-1.843125153E1
8.790272504E1,2.949375153E1,-1.286250019E1,-1.865625000E1
8.792271977E1,2.763750076E1,-1.312500095E1,-1.809375000E1
8.794272357E1,2.793750191E1,-1.329375076E1,-1.873125076E1
8.796272227E1,2.718750191E1,-1.353750038E1,-1.953750038E1
8.798272867E1,2.748750114E1,-1.361250019E1,-1.995000076E1
8.800272970E1,2.671875191E1,-1.389375019E1,-1.993125153E1
8.802272635E1,2.690625191E1,-1.366875076E1,-2.056875038E1
8.804271991E1,2.553750038E1,-1.387500095E1,-1.968750000E1
8.806270105E1,2.583750153E1,-1.387500095E1,-1.980000114E1
8.808270352E1,2.566875076E1,-1.423125076E1,-2.043750000E1
8.810271331E1,2.535000038E1,-1.357500076E1,-2.135625076E1
8.812271734E1,2.506875038E1,-1.389375019E1,-2.062500000E1
8.814276181E1,2.495625114E1,-1.357500076E1,-2.092500114E1
8.816274668E1,2.486250114E1,-1.368750095E1,-2.081250000E1
8.818274073E1,2.493750191E1,-1.320000076E1,-2.071875000E1
8.820274269E1,2.475000191E1,-1.314375019E1,-2.143125153E1
8.822273968E1,2.523750114E1,-1.316250038E1,-2.145000076E1
8.824273175E1,2.398125076E1,-1.329375076E1,-2.193750000E1
8.826273465E1,2.407500076E1,-1.331250095E1,-2.161875153E1
8.828274378E1,2.435625076E1,-1.301250076E1,-2.184375000E1
8.830273546E1,2.456250191E1,-1.320000076E1,-2.205000114E1
8.832273606E1,2.407500076E1,-1.301250076E1,-2.182500076E1
8.834273253E1,2.428125191E1,-1.320000076E1,-2.184375000E1
8.836273718E1,2.437500191E1,-1.329375076E1,-2.205000114E1
8.838273681E1,2.418750191E1,-1.346250057E1,-2.246250153E1
8.840273216E1,2.400000000E1,-1.336875057E1,-2.223750114E1
8.842272438E1,2.405625153E1,-1.280625057E1,-2.193750000E1
8.844272599E1,2.388750076E1,-1.305000019E1,-2.265000153E1
8.846272313E1,2.398125076E1,-1.318125057E1,-2.223750114E1
8.848272886E1,2.409375191E1,-1.327500057E1,-2.235000038E1
8.850272918E1,2.338125038E1,-1.288125038E1,-2.191875076E1
8.852272538E1,2.358750153E1,-1.273125076E1,-2.285625076E1
8.854272980E1,2.340000153E1,-1.325625038E1,-2.233125114E1
8.856272924E1,2.321250153E1,-1.303125095E1,-2.263125038E1
8.858272470E1,2.328750038E1,-1.275000095E1,-2.221875000E1
8.860271860E1,2.328750038E1,-1.284375095E1,-2.242500114E1
8.862271981E1,2.310000038E1,-1.261875057E1,-2.283750153E1
8.864271697E1,2.308125114E1,-1.245000076E1,-2.242500114E1
8.866272211E1,2.328750038E1,-1.265625095E1,-2.221875000E1
8.868276765E1,2.317500114E1,-1.254375076E1,-2.242500114E1
8.870276466E1,2.336250114E1,-1.245000076E1,-2.233125114E1
8.872275693E1,2.366250038E1,-1.243125057E1,-2.295000076E1
8.874274580E1,2.310000038E1,-1.273125076E1,-2.272500038E1
8.876274407E1,2.278125000E1,-1.201875019E1,-2.272500038E1
8.878273701E1,2.377500153E1,-1.290000057E1,-2.182500076E1
8.880274056E1,2.325000000E1,-1.186875057E1,-2.210625076E1
8.882275051E1,2.326875114E1,-1.245000076E1,-2.231250000E1
8.884274274E1,2.345625114E1,-1.203750038E1,-2.295000076E1
8.886273262E1,2.347500038E1,-1.252500057E1,-2.295000076E1
8.888273198E1,2.308125114E1,-1.245000076E1,-2.242500114E1
8.890275066E1,2.289375114E1,-1.241250038E1,-2.272500038E1
8.892273873E1,2.334375000E1,-1.194375038E1,-2.263125038E1
8.894273602E1,2.298750114E1,-1.220625019E1,-2.313750076E1
8.896273020E1,2.355000114E1,-1.213125038E1,-2.295000076E1
8.898273279E1,2.328750038E1,-1.261875057E1,-2.295000076E1
8.900273018E1,2.356875038E1,-1.254375076E1,-2.274375153E1
8.902272552E1,2.300625038E1,-1.282500076E1,-2.251875114E1
8.904272915E1,2.334375000E1,-1.194375038E1,-2.263125038E1
8.906272792E1,2.317500114E1,-1.235625076E1,-2.242500114E1
8.908272313E1,2.358750153E1,-1.260000038E1,-2.356875038E1
8.910272678E1,2.347500038E1,-1.261875057E1,-2.295000076E1
8.912272625E1,2.319375038E1,-1.282500076E1,-2.274375153E1
8.914271186E1,2.340000153E1,-1.293750095E1,-2.263125038E1
8.916271769E1,2.347500038E1,-1.263750076E1,-2.263125038E1
8.918271853E1,2.300625038E1,-1.290000057E1,-2.293125153E1
8.920272677E1,2.321250153E1,-1.297500038E1,-2.356875038E1
8.922278565E1,2.328750038E1,-1.271250057E1,-2.315625000E1
8.924277042E1,2.289375114E1,-1.243125057E1,-2.251875114E1
8.926276374E1,2.289375114E1,-1.230000019E1,-2.313750076E1
8.928275354E1,2.242500114E1,-1.280625057E1,-2.270625114E1
8.930274107E1,2.310000038E1,-1.273125076E1,-2.272500038E1
8.932273710E1,2.300625038E1,-1.258125019E1,-2.334375000E1
8.934273216E1,2.261250114E1,-1.258125019E1,-2.323125076E1
8.936269202E1,2.280000114E1,-1.250625038E1,-2.293125153E1
8.938270107E1,2.272500038E1,-1.288125038E1,-2.313750076E1
8.940270532E1,2.298750114E1,-1.250625038E1,-2.313750076E1
8.942270551E1,2.289375114E1,-1.271250057E1,-2.283750153E1
8.944273608E1,2.261250114E1,-1.260000038E1,-2.293125153E1
8.946273368E1,2.298750114E1,-1.243125057E1,-2.272500038E1
8.948273806E1,2.240625000E1,-1.271250057E1,-2.270625114E1
8.950273708E1,2.280000114E1,-1.250625038E1,-2.281875038E1
8.952273184E1,2.240625000E1,-1.250625038E1,-2.270625114E1
8.954273353E1,2.259375000E1,-1.243125057E1,-2.250000000E1
8.956272108E1,2.248125076E1,-1.224375057E1,-2.197500038E1
8.958271818E1,2.248125076E1,-1.207500076E1,-2.323125076E1
8.960272335E1,2.259375000E1,-1.231875038E1,-2.261250114E1
8.962272369E1,2.287500000E1,-1.222500038E1,-2.261250114E1
8.964271997E1,2.259375000E1,-1.261875057E1,-2.261250114E1
8.966272450E1,2.278125000E1,-1.213125038E1,-2.261250114E1
8.968272534E1,2.278125000E1,-1.220625019E1,-2.281875038E1
8.970273167E1,2.295000076E1,-1.171875000E1,-2.302500153E1
8.972273262E1,2.306250000E1,-1.211250019E1,-2.293125153E1
8.974272902E1,2.278125000E1,-1.201875019E1,-2.261250114E1
8.976278983E1,2.278125000E1,-1.211250019E1,-2.293125153E1
8.978277601E1,2.383125114E1,-1.224375057E1,-2.109375000E1
8.980275940E1,2.306250000E1,-1.203750038E1,-2.251875114E1
8.982275278E1,2.287500000E1,-1.205625057E1,-2.220000076E1
8.984274329E1,2.278125000E1,-1.243125057E1,-2.261250114E1
8.986273210E1,2.317500114E1,-1.245000076E1,-2.251875114E1
8.988271976E1,2.259375000E1,-1.243125057E1,-2.250000000E1
8.990268540E1,2.296875000E1,-1.226250076E1,-2.199375153E1
8.992268823E1,2.289375114E1,-1.282500076E1,-2.263125038E1
8.994269908E1,2.308125114E1,-1.256250095E1,-2.221875000E1
8.996270462E1,2.308125114E1,-1.250625038E1,-2.293125153E1
8.998273941E1,2.306250000E1,-1.215000057E1,-2.220000076E1
9.000273989E1,2.338125038E1,-1.263750076E1,-2.253750038E1
9.002273514E1,2.298750114E1,-1.263750076E1,-2.242500114E1
9.004273816E1,2.308125114E1,-1.254375076E1,-2.251875114E1
9.006273595E1,2.298750114E1,-1.243125057E1,-2.272500038E1
9.008272854E1,2.319375038E1,-1.252500057E1,-2.295000076E1
9.010273169E1,2.340000153E1,-1.282500076E1,-2.295000076E1
9.012272976E1,2.281875038E1,-1.314375019E1,-2.220000076E1
9.014272390E1,2.317500114E1,-1.254375076E1,-2.242500114E1
9.016272668E1,2.317500114E1,-1.243125057E1,-2.272500038E1
9.018272504E1,2.328750038E1,-1.263750076E1,-2.253750038E1
9.020273164E1,2.308125114E1,-1.233750057E1,-2.242500114E1
9.022273226E1,2.347500038E1,-1.276875019E1,-2.221875000E1
9.024272830E1,2.375625038E1,-1.228125095E1,-2.223750114E1
9.026273239E1,2.386875153E1,-1.254375076E1,-2.276250076E1
9.028273152E1,2.375625038E1,-1.230000019E1,-2.191875076E1
9.030272641E1,2.355000114E1,-1.216875076E1,-2.242500114E1
9.032273028E1,2.385000038E1,-1.260000038E1,-2.182500076E1
9.034272882E1,2.415000153E1,-1.230000019E1,-2.203125000E1
9.036272384E1,2.413125038E1,-1.222500038E1,-2.150625038E1
9.038272726E1,2.405625153E1,-1.250625038E1,-2.182500076E1
9.040272600E1,2.461875153E1,-1.231875038E1,-2.193750000E1
9.042273254E1,2.403750038E1,-1.213125038E1,-2.141250038E1
9.044270119E1,2.441250038E1,-1.207500076E1,-2.111250114E1
9.046270493E1,2.443125153E1,-1.224375057E1,-2.152500153E1
9.048271582E1,2.452500153E1,-1.213125038E1,-2.184375000E1
9.050272089E1,2.452500153E1,-1.237500095E1,-2.100000000E1
9.052276603E1,2.422500038E1,-1.203750038E1,-2.150625038E1
9.054275146E1,2.471250153E1,-1.237500095E1,-2.111250114E1
9.056274602E1,2.491875076E1,-1.226250076E1,-2.131875038E1
9.058273691E1,2.443125153E1,-1.245000076E1,-2.120625114E1
9.060273673E1,2.529375076E1,-1.220625019E1,-2.092500114E1
9.062273108E1,2.452500153E1,-1.228125095E1,-2.100000000E1
9.064272450E1,2.431875038E1,-1.215000057E1,-2.131875038E1
9.066273763E1,2.510625076E1,-1.218750095E1,-2.113125038E1
9.068273282E1,2.508750153E1,-1.196250057E1,-2.143125153E1
9.070273619E1,2.501250076E1,-1.250625038E1,-2.060625076E1
9.072273481E1,2.450625038E1,-1.222500038E1,-2.006250000E1
9.074274114E1,2.491875076E1,-1.282500076E1,-2.040000153E1
9.076274216E1,2.529375076E1,-1.245000076E1,-1.998750114E1
9.078273817E1,2.580000114E1,-1.288125038E1,-1.959375000E1
9.080273086E1,2.510625076E1,-1.265625095E1,-1.987500000E1
9.082273237E1,2.491875076E1,-1.252500057E1,-2.040000153E1
9.084272927E1,2.538750076E1,-1.222500038E1,-2.071875000E1
9.086272373E1,2.491875076E1,-1.271250057E1,-2.049375153E1
9.088272649E1,2.482500076E1,-1.280625057E1,-2.060625076E1
9.090272481E1,2.482500076E1,-1.248750019E1,-2.081250000E1
9.092271970E1,2.508750153E1,-1.192500019E1,-2.040000153E1
9.094272357E1,2.491875076E1,-1.282500076E1,-2.019375038E1
9.096272280E1,2.480625153E1,-1.250625038E1,-2.040000153E1
9.098270785E1,2.570625114E1,-1.286250019E1,-1.989375114E1
9.100271371E1,2.540625191E1,-1.252500057E1,-2.040000153E1
9.102271475E1,2.559375191E1,-1.254375076E1,-2.030625153E1
9.104272283E1,2.578125191E1,-1.245000076E1,-2.021250153E1
9.106277038E1,2.550000191E1,-1.254375076E1,-2.010000038E1
9.108276895E1,2.589375114E1,-1.295625019E1,-2.032500076E1
9.110276204E1,2.559375191E1,-1.256250095E1,-1.989375114E1
9.112275167E1,2.598750114E1,-1.267500019E1,-1.980000114E1
9.114273905E1,2.638125038E1,-1.271250057E1,-1.961250114E1
9.116273480E1,2.666250038E1,-1.267500019E1,-2.034375000E1
9.118272957E1,2.647500038E1,-1.271250057E1,-1.970625114E1
9.120268888E1,2.698125076E1,-1.312500095E1,-1.942500114E1
9.122269776E1,2.705625153E1,-1.252500057E1,-1.983750153E1
9.124270183E1,2.752500153E1,-1.226250076E1,-1.942500114E1
9.126271336E1,2.782500076E1,-1.245000076E1,-1.985625076E1
9.128273017E1,2.821875191E1,-1.248750019E1,-1.935000038E1
9.130272777E1,2.771250153E1,-1.248750019E1,-1.903125000E1
9.132273252E1,2.880000114E1,-1.239375019E1,-1.946250153E1
9.134273198E1,2.872500038E1,-1.310625076E1,-1.925625038E1
9.136272726E1,2.898750114E1,-1.252500057E1,-1.895625114E1
9.138273079E1,2.896875191E1,-1.233750057E1,-1.875000000E1
9.140272935E1,2.956875038E1,-1.224375057E1,-1.906875038E1
9.142272351E1,2.956875038E1,-1.258125019E1,-1.845000076E1
9.144272636E1,2.985000038E1,-1.239375019E1,-1.824375153E1
9.146272460E1,3.013125038E1,-1.231875038E1,-1.794375038E1
9.148273043E1,3.013125038E1,-1.213125038E1,-1.794375038E1
9.150273142E1,3.011250114E1,-1.194375038E1,-1.773750114E1
9.152271791E1,3.011250114E1,-1.205625057E1,-1.741875076E1
9.154272426E1,3.041250038E1,-1.218750095E1,-1.691250038E1
9.156272524E1,3.011250114E1,-1.201875019E1,-1.627500153E1
9.158272206E1,3.030000114E1,-1.213125038E1,-1.629375076E1
9.160277219E1,2.962500191E1,-1.201875019E1,-1.627500153E1
9.162276172E1,2.971875191E1,-1.245000076E1,-1.565625095E1
9.164274799E1,2.960625076E1,-1.196250057E1,-1.543125057E1
9.166274371E1,2.964375114E1,-1.265625095E1,-1.533750057E1
9.168273613E1,2.904375076E1,-1.254375076E1,-1.543125057E1
9.170273606E1,2.934375191E1,-1.284375095E1,-1.543125057E1
9.172273405E1,2.855625153E1,-1.275000095E1,-1.500000095E1
9.174268488E1,2.913750076E1,-1.224375057E1,-1.552500057E1
9.176269769E1,2.896875191E1,-1.282500076E1,-1.543125057E1
9.178270513E1,2.964375114E1,-1.288125038E1,-1.503750038E1
9.180270774E1,2.926875114E1,-1.305000019E1,-1.513125038E1
9.182274028E1,2.943750191E1,-1.246875095E1,-1.513125038E1
9.184273908E1,2.932500076E1,-1.258125019E1,-1.481250095E1
9.186273299E1,2.953125191E1,-1.258125019E1,-1.501875019E1
9.188273495E1,2.923125076E1,-1.256250095E1,-1.501875019E1
9.190273222E1,2.953125191E1,-1.258125019E1,-1.501875019E1
9.192272422E1,2.962500191E1,-1.228125095E1,-1.501875019E1
9.194272693E1,2.960625076E1,-1.230000019E1,-1.471875095E1
9.196272499E1,3.001875114E1,-1.261875057E1,-1.462500095E1
9.198273054E1,3.060000038E1,-1.261875057E1,-1.485000038E1
9.200273092E1,3.009375191E1,-1.230000019E1,-1.494375038E1
9.202272702E1,3.020625114E1,-1.239375019E1,-1.515000057E1
9.204273133E1,3.031875038E1,-1.280625057E1,-1.494375038E1
9.206273047E1,3.061875153E1,-1.293750095E1,-1.432500076E1
9.208272562E1,2.971875191E1,-1.254375076E1,-1.389375019E1
9.210272901E1,3.050625038E1,-1.263750076E1,-1.432500076E1
9.212272797E1,3.041250038E1,-1.305000019E1,-1.411875057E1
9.214272195E1,3.011250114E1,-1.265625095E1,-1.389375019E1
9.216271448E1,2.992500114E1,-1.297500038E1,-1.357500076E1
9.218271588E1,3.022500038E1,-1.323750019E1,-1.421250057E1
9.220272448E1,3.001875114E1,-1.316250038E1,-1.359375095E1
9.222272738E1,2.934375191E1,-1.335000038E1,-1.357500076E1
9.224272523E1,2.955000114E1,-1.342500019E1,-1.410000038E1
9.226271970E1,2.936250114E1,-1.365000057E1,-1.346250057E1
9.228269015E1,2.977500153E1,-1.406250095E1,-1.338750076E1
9.230269584E1,2.908125114E1,-1.370625019E1,-1.387500095E1
9.232270841E1,2.928750038E1,-1.411875057E1,-1.378125095E1
9.234271471E1,2.859375191E1,-1.376250076E1,-1.438125038E1
9.236274959E1,2.872500038E1,-1.460625076E1,-1.376250076E1
9.238274956E1,2.851875114E1,-1.417500019E1,-1.417500019E1
9.240274438E1,2.870625114E1,-1.408125019E1,-1.417500019E1
9.242273520E1,2.889375114E1,-1.398750019E1,-1.408125019E1
9.244273531E1,2.861250114E1,-1.398750019E1,-1.396875095E1
9.246272935E1,2.898750114E1,-1.389375019E1,-1.419375038E1
9.248273366E1,2.896875191E1,-1.340625095E1,-1.408125019E1
9.250273284E1,2.917500114E1,-1.350000095E1,-1.428750038E1
9.252272795E1,2.945625114E1,-1.338750076E1,-1.460625076E1
9.254273119E1,2.973750114E1,-1.299375057E1,-1.471875095E1
9.256272996E1,2.983125114E1,-1.280625057E1,-1.462500095E1
9.258272527E1,2.951250076E1,-1.230000019E1,-1.449375057E1
9.260272892E1,2.983125114E1,-1.280625057E1,-1.462500095E1
9.262272749E1,2.964375114E1,-1.301250076E1,-1.440000057E1
9.264272232E1,2.990625191E1,-1.241250038E1,-1.471875095E1
9.266272560E1,3.011250114E1,-1.271250057E1,-1.453125095E1
9.268272317E1,3.031875038E1,-1.273125076E1,-1.441875076E1
9.270273001E1,3.011250114E1,-1.250625038E1,-1.471875095E1
9.272273095E1,3.041250038E1,-1.290000057E1,-1.494375038E1
9.274272760E1,3.022500038E1,-1.301250076E1,-1.462500095E1
9.276273218E1,3.050625038E1,-1.293750095E1,-1.453125095E1
9.278273148E1,3.091875076E1,-1.321875095E1,-1.496250057E1
9.280273871E1,3.120000076E1,-1.306875038E1,-1.434375095E1
9.282270718E1,3.121875191E1,-1.312500095E1,-1.498125076E1
9.284271109E1,3.168750191E1,-1.284375095E1,-1.488750076E1
9.286271069E1,3.138750076E1,-1.265625095E1,-1.466250038E1
9.288271818E1,3.225000000E1,-1.246875095E1,-1.488750076E1
9.290276546E1,3.236250305E1,-1.276875019E1,-1.479375076E1
9.292276385E1,3.294375229E1,-1.260000038E1,-1.460625076E1
9.294275684E1,3.331875229E1,-1.243125057E1,-1.430625057E1
9.296274648E1,3.371250153E1,-1.256250095E1,-1.400625038E1
9.298274511E1,3.408750153E1,-1.228125095E1,-1.400625038E1
9.300273844E1,3.517500305E1,-1.269375038E1,-1.415625095E1
9.302273119E1,3.500625229E1,-1.310625076E1,-1.404375076E1
9.304274367E1,3.564375305E1,-1.228125095E1,-1.312500095E1
9.306273842E1,3.585000229E1,-1.258125019E1,-1.323750019E1
9.308273027E1,3.671250153E1,-1.258125019E1,-1.201875019E1
9.310273111E1,3.690000153E1,-1.224375057E1,-1.275000095E1
9.312273985E1,3.736875153E1,-1.209375095E1,-1.213125038E1
9.314273102E1,3.806250000E1,-1.252500057E1,-1.185000038E1
9.316273125E1,3.823125076E1,-1.198125076E1,-1.091250038E1
9.318272770E1,3.841875076E1,-1.211250019E1,-1.061250019E1
9.320273199E1,3.909375000E1,-1.177500057E1,-9.993750572E0
9.322273030E1,3.967500305E1,-1.200000000E1,-9.918750763E0
9.324272643E1,3.993750000E1,-1.151250076E1,-8.043750763E0
9.326273067E1,3.963750076E1,-1.160625076E1,-8.043750763E0
9.328273000E1,3.971250153E1,-1.136250019E1,-7.106250286E0
9.330272532E1,3.931875229E1,-1.106250000E1,-6.881250381E0
9.332272911E1,3.811875153E1,-1.066875076E1,-6.225000381E0
9.334272849E1,3.800625229E1,-1.038750076E1,-5.793750286E0
9.336271389E1,3.710625076E1,-9.843750000E0,-6.281250477E0
9.338271964E1,3.594375229E1,-9.825000763E0,-5.943750381E0
9.340272049E1,3.555000305E1,-9.675000191E0,-6.768750191E0
9.342271741E1,3.517500305E1,-9.506250381E0,-7.781250477E0
9.344276757E1,3.457500076E1,-9.375000000E0,-7.987500191E0
9.346275740E1,3.408750153E1,-9.318750381E0,-8.475000381E0
9.348275475E1,3.371250153E1,-9.318750381E0,-8.475000381E0
9.350274810E1,3.378750229E1,-8.793750763E0,-9.000000000E0
9.352273830E1,3.320625305E1,-8.943750381E0,-9.487500191E0
9.354273646E1,3.262500000E1,-8.718750000E0,-9.787500381E0
9.356273280E1,3.213750076E1,-8.568750381E0,-1.029375076E1
9.358268263E1,3.157500076E1,-8.943750381E0,-1.048125076E1
9.360269467E1,3.125625038E1,-8.306250572E0,-1.089375019E1
9.362270162E1,3.097500038E1,-8.493750572E0,-1.098750019E1
9.364270392E1,3.039375114E1,-8.343750000E0,-1.158750057E1
9.366272495E1,3.039375114E1,-8.493750572E0,-1.220625019E1
9.368272589E1,2.949375153E1,-8.006250381E0,-1.186875057E1
9.370273320E1,2.911875153E1,-8.043750763E0,-1.258125019E1
9.372273478E1,2.865000153E1,-8.081250191E0,-1.351875019E1
9.374273125E1,2.788125038E1,-8.118750572E0,-1.421250057E1
9.376273458E1,2.848125076E1,-8.456250191E0,-1.558125019E1
9.378273410E1,2.799375153E1,-8.737500191E0,-1.380000019E1
9.380272909E1,2.713125038E1,-8.587500572E0,-1.586250019E1
9.382273204E1,2.752500153E1,-8.437500000E0,-1.700625038E1
9.384273037E1,2.655000114E1,-8.512500763E0,-1.698750114E1
9.386272490E1,2.658750153E1,-9.150000572E0,-1.783125114E1
9.388271713E1,2.610000038E1,-9.131250381E0,-1.781250000E1
9.390270846E1,2.660625076E1,-9.131250381E0,-1.833750153E1
9.392270773E1,2.604375076E1,-9.450000763E0,-1.936875153E1
9.394271486E1,2.604375076E1,-9.506250381E0,-1.989375114E1
9.396271689E1,2.596875191E1,-9.675000191E0,-2.040000153E1
9.398277109E1,2.613750076E1,-9.393750191E0,-2.040000153E1
9.400276347E1,2.557500076E1,-9.825000763E0,-2.101875114E1
9.402275170E1,2.655000114E1,-9.487500191E0,-2.218125153E1
9.404274880E1,2.610000038E1,-1.025625038E1,-2.238750076E1
9.406274228E1,2.649375153E1,-1.025625038E1,-2.281875038E1
9.408273451E1,2.649375153E1,-9.693750381E0,-2.373750114E1
9.410273466E1,2.679375076E1,-9.956250191E0,-2.448750114E1
9.412268702E1,2.709375191E1,-1.016250038E1,-2.469375038E1
9.414269012E1,2.836875153E1,-9.956250191E0,-2.557500076E1
9.416270127E1,2.876250076E1,-1.012500000E1,-2.610000038E1
9.418270679E1,2.970000076E1,-9.093750000E0,-2.570625114E1
9.420273037E1,3.050625038E1,-9.750000000E0,-2.666250038E1
9.422273355E1,3.165000153E1,-9.356250763E0,-2.576250076E1
9.424273086E1,3.316875076E1,-8.625000000E0,-2.529375076E1
9.426273556E1,3.354375076E1,-8.381250381E0,-2.467500114E1
9.428273495E1,3.478125000E1,-7.650000095E0,-2.428125191E1
9.430272866E1,3.513750076E1,-7.106250286E0,-2.345625114E1
9.432273236E1,3.586875153E1,-6.281250477E0,-2.295000076E1
9.434273086E1,3.615000153E1,-5.962500095E0,-2.161875153E1
9.436272552E1,3.562500000E1,-5.437500000E0,-2.004375076E1
9.438272846E1,3.577500153E1,-4.800000191E0,-1.931250000E1
9.440272689E1,3.466875076E1,-4.312500000E0,-1.854375076E1
9.442273318E1,3.399375153E1,-4.331250191E0,-1.779375076E1
9.444272407E1,3.279375076E1,-4.068750381E0,-1.661250114E1
9.446272238E1,3.211875153E1,-4.443750381E0,-1.670625114E1
9.448272858E1,3.065625191E1,-4.181250095E0,-1.696875000E1
9.450272937E1,2.970000076E1,-4.593750000E0,-1.621875000E1
9.452272549E1,2.776875114E1,-5.231250286E0,-1.616250038E1
9.454271908E1,2.679375076E1,-5.062500000E0,-1.676250076E1
9.456272109E1,2.565000153E1,-5.268750191E0,-1.766250038E1
9.458271894E1,2.448750114E1,-5.643750191E0,-1.753125000E1
9.460272470E1,2.364375114E1,-6.168750286E0,-1.824375153E1
9.462272512E1,2.366250038E1,-6.225000381E0,-1.875000000E1
9.464273305E1,2.233125114E1,-7.050000191E0,-1.935000038E1
9.466270214E1,2.246250153E1,-7.593750477E0,-2.040000153E1
9.468270646E1,2.257500076E1,-7.968750477E0,-2.081250000E1
9.470271766E1,2.238750076E1,-7.968750477E0,-2.060625076E1
9.472272270E1,2.231250000E1,-8.531250000E0,-2.101875114E1
9.474275663E1,2.278125000E1,-8.156250000E0,-2.092500114E1
9.476274459E1,2.261250114E1,-8.418750763E0,-2.165625000E1
9.478274126E1,2.272500038E1,-8.681250572E0,-2.206875038E1
9.480273412E1,2.283750153E1,-9.093750000E0,-2.186250114E1
9.482273538E1,2.272500038E1,-8.475000381E0,-2.238750076E1
9.484273155E1,2.311875153E1,-8.681250572E0,-2.229375076E1
9.486272556E1,2.355000114E1,-9.600000381E0,-2.231250000E1
9.488272820E1,2.343750000E1,-9.618750572E0,-2.178750038E1
9.490272612E1,2.383125114E1,-9.712500572E0,-2.221875000E1
9.492272056E1,2.362500000E1,-9.637500763E0,-2.158125114E1
9.494272381E1,2.385000038E1,-1.001250076E1,-2.190000153E1
9.496272273E1,2.443125153E1,-1.012500000E1,-2.203125000E1
9.498272914E1,2.396250153E1,-1.048125076E1,-2.242500114E1
9.500272990E1,2.398125076E1,-1.072500038E1,-2.180625153E1
9.502272630E1,2.415000153E1,-1.023750019E1,-2.180625153E1
9.504273062E1,2.416875076E1,-1.083750057E1,-2.171250153E1
9.506272882E1,2.390625000E1,-1.123125076E1,-2.171250153E1
9.508273616E1,2.428125191E1,-1.102500057E1,-2.182500076E1
9.510273730E1,2.368125153E1,-1.106250000E1,-2.107500076E1
9.512273386E1,2.388750076E1,-1.089375019E1,-2.212500000E1
9.514272689E1,2.381250000E1,-1.140000057E1,-2.212500000E1
9.516272874E1,2.437500191E1,-1.125000000E1,-2.141250038E1
9.518272648E1,2.371875000E1,-1.168125057E1,-2.212500000E1
9.520269984E1,2.409375191E1,-1.123125076E1,-2.182500076E1
9.522270762E1,2.390625000E1,-1.173750019E1,-2.139375114E1
9.524271028E1,2.428125191E1,-1.100625038E1,-2.212500000E1
9.526271984E1,2.439375114E1,-1.145625019E1,-2.150625038E1
9.528275750E1,2.418750191E1,-1.119375038E1,-2.244375038E1
9.530274852E1,2.428125191E1,-1.113750076E1,-2.171250153E1
9.532274734E1,2.437500191E1,-1.117500019E1,-2.100000000E1
9.534274187E1,2.456250191E1,-1.076250076E1,-2.130000114E1
9.536273304E1,2.418750191E1,-1.111875057E1,-2.182500076E1
9.538273197E1,2.379375076E1,-1.098750019E1,-2.221875000E1
9.540272881E1,2.398125076E1,-1.104375076E1,-2.150625038E1
9.542273355E1,2.381250000E1,-1.153125000E1,-2.160000038E1
9.544273327E1,2.388750076E1,-1.098750019E1,-2.221875000E1
9.546272896E1,2.430000114E1,-1.121250057E1,-2.212500000E1
9.548273270E1,2.379375076E1,-1.089375019E1,-2.212500000E1
9.550274329E1,2.400000000E1,-1.128750038E1,-2.223750114E1
9.552274738E1,2.390625000E1,-1.132500076E1,-2.171250153E1
9.554274595E1,2.388750076E1,-1.111875057E1,-2.191875076E1
9.556274027E1,2.370000076E1,-1.100625038E1,-2.180625153E1
9.558273184E1,2.478750038E1,-1.140000057E1,-2.246250153E1
9.560273122E1,2.456250191E1,-1.057500076E1,-2.308125114E1
9.562272859E1,2.458125114E1,-1.089375019E1,-2.276250076E1
9.564272225E1,2.495625114E1,-1.080000019E1,-2.278125000E1
9.566272491E1,2.525625038E1,-1.102500057E1,-2.248125076E1
9.568272321E1,2.533125114E1,-1.010625076E1,-2.287500000E1
9.570272935E1,2.572500038E1,-1.053750038E1,-2.259375000E1
9.572273042E1,2.572500038E1,-1.042500019E1,-2.268750000E1
9.574270574E1,2.602500153E1,-1.066875076E1,-2.229375076E1
9.576271513E1,2.598750114E1,-1.021875000E1,-2.145000076E1
9.578271918E1,2.640000153E1,-1.053750038E1,-2.115000153E1
9.580271821E1,2.688750076E1,-1.072500038E1,-2.169375038E1
9.582277023E1,2.718750191E1,-1.065000057E1,-2.137500000E1
9.584276108E1,2.700000191E1,-1.072500038E1,-2.158125114E1
9.586274841E1,2.688750076E1,-1.055625057E1,-2.116875076E1
9.588274500E1,2.716875076E1,-1.068750000E1,-2.066250038E1
9.590273787E1,2.758125114E1,-1.095000076E1,-2.139375114E1
9.592272672E1,2.767500114E1,-1.123125076E1,-2.004375076E1
9.594272753E1,2.795625114E1,-1.091250038E1,-2.079375076E1
9.596268034E1,2.767500114E1,-1.093125057E1,-2.015625000E1
9.598269526E1,2.836875153E1,-1.149375057E1,-1.955625153E1
9.600270433E1,2.857500076E1,-1.164375019E1,-2.028750038E1
9.602270798E1,2.853750038E1,-1.095000076E1,-2.017500114E1
9.604273008E1,2.895000076E1,-1.128750038E1,-1.998750114E1
9.606273168E1,2.902500153E1,-1.091250038E1,-1.957500076E1
9.608272835E1,2.913750076E1,-1.143750000E1,-1.916250038E1
9.610273250E1,2.951250076E1,-1.093125057E1,-1.957500076E1
9.612273125E1,2.930625153E1,-1.108125019E1,-1.843125153E1
9.614272485E1,3.009375191E1,-1.087500000E1,-1.908750153E1
9.616271725E1,2.990625191E1,-1.130625057E1,-1.845000076E1
9.618271825E1,3.009375191E1,-1.117500019E1,-1.897500038E1
9.620272640E1,2.970000076E1,-1.130625057E1,-1.813125038E1
9.622272860E1,3.030000114E1,-1.140000057E1,-1.867500114E1
9.624272640E1,3.011250114E1,-1.164375019E1,-1.783125114E1
9.626272064E1,3.048750114E1,-1.156875038E1,-1.764375114E1
9.628271363E1,3.020625114E1,-1.186875057E1,-1.721250153E1
9.630271360E1,3.088125038E1,-1.166250038E1,-1.775625038E1
9.632272128E1,3.011250114E1,-1.192500019E1,-1.794375038E1
9.634272357E1,3.138750076E1,-1.216875076E1,-1.788750076E1
9.636271982E1,3.052500153E1,-1.245000076E1,-1.785000038E1
9.638271435E1,3.118125153E1,-1.201875019E1,-1.704375076E1
9.640271712E1,3.090000153E1,-1.209375095E1,-1.734375000E1
9.642271526E1,3.097500038E1,-1.158750057E1,-1.745625114E1
9.644272112E1,3.090000153E1,-1.211250019E1,-1.702500153E1
9.646272155E1,3.114375114E1,-1.134375000E1,-1.651875114E1
9.648271818E1,3.097500038E1,-1.153125000E1,-1.672500038E1
9.650267908E1,3.172500038E1,-1.106250000E1,-1.653750038E1
9.652268836E1,3.136875153E1,-1.155000019E1,-1.818750000E1
9.654270377E1,3.105000114E1,-1.108125019E1,-1.755000114E1
9.656271228E1,3.078750038E1,-1.153125000E1,-1.828125000E1
9.658273761E1,3.075000191E1,-1.110000038E1,-1.711875153E1
9.660274175E1,3.105000114E1,-1.123125076E1,-1.693125153E1
9.662273969E1,3.200625229E1,-1.138125038E1,-1.456875038E1
9.664273311E1,3.028125191E1,-1.141875076E1,-1.650000000E1
9.666273461E1,3.026250076E1,-1.123125076E1,-1.627500153E1
9.668273012E1,3.076875114E1,-1.147500038E1,-1.599375057E1
9.670273530E1,3.028125191E1,-1.175625038E1,-1.576875019E1
9.672273491E1,3.067500114E1,-1.141875076E1,-1.681875038E1
9.674273029E1,3.028125191E1,-1.145625019E1,-1.606875038E1
9.676273388E1,3.028125191E1,-1.145625019E1,-1.576875019E1
9.678273255E1,3.054375076E1,-1.098750019E1,-1.565625095E1
9.680273869E1,3.071250153E1,-1.046250057E1,-1.608750153E1
9.682272949E1,2.994375038E1,-1.059375000E1,-1.533750057E1
9.684272780E1,3.071250153E1,-1.035000038E1,-1.659375000E1
9.686272256E1,3.071250153E1,-1.038750076E1,-1.588125038E1
9.688272580E1,3.091875076E1,-1.059375000E1,-1.567500019E1
9.690278130E1,3.063750076E1,-1.065000057E1,-1.629375076E1
9.692276342E1,3.052500153E1,-1.023750019E1,-1.650000000E1
9.694275529E1,3.011250114E1,-9.956250191E0,-1.595625019E1
9.696274431E1,3.060000038E1,-1.005000019E1,-1.638750076E1
9.698274281E1,2.994375038E1,-1.048125076E1,-1.543125057E1
9.700273710E1,2.992500114E1,-1.006875038E1,-1.575000095E1
9.702272946E1,2.994375038E1,-1.051875019E1,-1.648125076E1
9.704268734E1,3.013125038E1,-1.010625076E1,-1.678125000E1
9.706269488E1,2.964375114E1,-1.044375038E1,-1.584375095E1
9.708269815E1,3.024375153E1,-1.055625057E1,-1.606875038E1
9.710270891E1,2.981250191E1,-9.825000763E0,-1.646250153E1
9.712274794E1,3.050625038E1,-9.937500000E0,-1.659375000E1
9.714274048E1,3.001875114E1,-1.005000019E1,-1.616250038E1
9.716274047E1,2.981250191E1,-9.656250000E0,-1.593750095E1
9.718273584E1,3.076875114E1,-9.393750191E0,-1.586250019E1
9.720272823E1,3.088125038E1,-9.581250191E0,-1.597500038E1
9.722272776E1,3.097500038E1,-9.693750381E0,-1.588125038E1
9.724272507E1,3.135000038E1,-9.206250191E0,-1.588125038E1
9.726272987E1,3.076875114E1,-9.375000000E0,-1.606875038E1
9.728272962E1,3.065625191E1,-9.000000000E0,-1.565625095E1
9.730272544E1,3.135000038E1,-9.543750763E0,-1.526250076E1
9.732272923E1,3.123750114E1,-9.262500763E0,-1.505625057E1
9.734272860E1,3.105000114E1,-8.981250763E0,-1.629375076E1
9.736273537E1,3.084375191E1,-9.112500191E0,-1.565625095E1
9.738273624E1,3.048750114E1,-9.487500191E0,-1.586250019E1
9.740273249E1,3.105000114E1,-9.225000381E0,-1.567500019E1
9.742272541E1,3.095625114E1,-9.206250191E0,-1.588125038E1
9.744272630E1,3.116250038E1,-9.506250381E0,-1.599375057E1
9.746272453E1,3.095625114E1,-9.300000191E0,-1.588125038E1
9.748272985E1,3.133125114E1,-9.037500381E0,-1.556250095E1
9.750273003E1,3.133125114E1,-9.150000572E0,-1.526250076E1
9.752272635E1,3.103125191E1,-8.643750191E0,-1.535625076E1
9.754273074E1,3.180000114E1,-8.775000572E0,-1.516875076E1
9.756273026E1,3.219375229E1,-8.681250572E0,-1.516875076E1
9.758270464E1,3.189375114E1,-8.475000381E0,-1.537500095E1
9.760271303E1,3.142500114E1,-8.887500763E0,-1.453125095E1
9.762271600E1,3.178125191E1,-8.193750381E0,-1.475625038E1
9.764271459E1,3.103125191E1,-8.775000572E0,-1.473750019E1
9.766275507E1,3.159375191E1,-8.175000191E0,-1.505625057E1
9.768274831E1,3.140625191E1,-8.793750763E0,-1.473750019E1
9.770273770E1,3.170625114E1,-8.568750381E0,-1.505625057E1
9.772273615E1,3.103125191E1,-8.868750572E0,-1.494375038E1
9.774273070E1,3.208125305E1,-8.175000191E0,-1.537500095E1
9.776273320E1,3.131250191E1,-8.643750191E0,-1.546875095E1
9.778273184E1,3.168750191E1,-8.606250763E0,-1.453125095E1
9.780273793E1,3.103125191E1,-8.775000572E0,-1.483125019E1
9.782273856E1,3.131250191E1,-8.456250191E0,-1.515000057E1
9.784273468E1,3.129375076E1,-7.968750477E0,-1.494375038E1
9.786272783E1,3.110625076E1,-8.250000000E0,-1.524375057E1
9.788273008E1,3.099375153E1,-8.100000381E0,-1.451250076E1
9.790272783E1,3.118125153E1,-8.118750572E0,-1.410000038E1
9.792272159E1,3.120000076E1,-8.043750763E0,-1.535625076E1
9.794272434E1,3.138750076E1,-8.081250191E0,-1.503750038E1
9.796272259E1,3.069375038E1,-7.800000191E0,-1.428750038E1
9.798272747E1,3.041250038E1,-8.250000000E0,-1.481250095E1
9.800272902E1,3.061875153E1,-8.156250000E0,-1.501875019E1
9.802272569E1,3.001875114E1,-8.025000572E0,-1.531875038E1
9.804273044E1,2.986875153E1,-8.812500000E0,-1.511250019E1
9.806272996E1,2.985000038E1,-8.418750763E0,-1.500000095E1
9.808272536E1,2.926875114E1,-8.550000191E0,-1.582500076E1
9.810271805E1,2.866875076E1,-8.512500763E0,-1.455000019E1
9.812270957E1,2.928750038E1,-8.775000572E0,-1.550625038E1
9.814270903E1,2.915625191E1,-8.306250572E0,-1.509375095E1
9.816271622E1,2.857500076E1,-8.231250763E0,-1.590000057E1
9.818271826E1,2.846250153E1,-7.968750477E0,-1.537500095E1
9.820277232E1,2.808750153E1,-8.231250763E0,-1.567500019E1
9.822276493E1,2.795625114E1,-7.537500381E0,-1.556250095E1
9.824275315E1,2.838750076E1,-8.212500572E0,-1.610625076E1
9.826275038E1,2.857500076E1,-8.118750572E0,-1.621875000E1
9.828274391E1,2.760000038E1,-8.156250000E0,-1.659375000E1
9.830273392E1,2.844375038E1,-7.687500477E0,-1.496250057E1
9.832273417E1,2.730000114E1,-7.968750477E0,-1.648125076E1
9.834268676E1,2.758125114E1,-7.256250381E0,-1.689375114E1
9.836269005E1,2.701875114E1,-7.837500095E0,-1.668750000E1
9.838270130E1,2.741250038E1,-7.931250095E0,-1.721250153E1
9.840270728E1,2.692500114E1,-8.025000572E0,-1.698750114E1
9.842273094E1,2.662500191E1,-7.743750095E0,-1.657500076E1
9.844272281E1,2.668125153E1,-7.275000095E0,-1.605000114E1
9.846272294E1,2.630625153E1,-7.443750381E0,-1.644375038E1
9.848273010E1,2.641875076E1,-7.706250191E0,-1.696875000E1
9.850273160E1,2.679375076E1,-7.350000381E0,-1.657500076E1
9.852272733E1,2.649375153E1,-7.368750095E0,-1.605000114E1
9.854272120E1,2.716875076E1,-7.162500381E0,-1.648125076E1
9.856272309E1,2.718750191E1,-7.537500381E0,-1.678125000E1
9.858272069E1,2.647500038E1,-6.693750381E0,-1.582500076E1
9.860272589E1,2.688750076E1,-7.368750095E0,-1.625625038E1
9.862272621E1,2.630625153E1,-7.368750095E0,-1.593750095E1
9.864272253E1,2.679375076E1,-7.256250381E0,-1.646250153E1
9.866271657E1,2.600625038E1,-7.350000381E0,-1.603125000E1
9.868271814E1,2.688750076E1,-7.181250095E0,-1.595625019E1
9.870271539E1,2.619375038E1,-7.293750286E0,-1.541250038E1
9.872272052E1,2.658750153E1,-7.256250381E0,-1.625625038E1
9.874277682E1,2.640000153E1,-7.256250381E0,-1.623750114E1
9.876276002E1,2.640000153E1,-7.031250477E0,-1.655625153E1
9.878275238E1,2.626875114E1,-6.656250477E0,-1.612500000E1
9.880274182E1,2.655000114E1,-6.375000477E0,-1.603125000E1
9.882274024E1,2.643750191E1,-6.075000286E0,-1.603125000E1
9.884273406E1,2.664375114E1,-6.093750477E0,-1.593750095E1
9.886272673E1,2.696250153E1,-6.412500381E0,-1.728750038E1
9.888268434E1,2.686875153E1,-6.787500381E0,-1.605000114E1
9.890269176E1,2.686875153E1,-6.543750286E0,-1.678125000E1
9.892269505E1,2.688750076E1,-7.162500381E0,-1.646250153E1
9.894270599E1,2.700000191E1,-7.687500477E0,-1.595625019E1
9.896274482E1,2.709375191E1,-7.575000286E0,-1.627500153E1
9.898274839E1,2.658750153E1,-7.162500381E0,-1.635000038E1
9.900274575E1,2.630625153E1,-7.537500381E0,-1.635000038E1
9.902273863E1,2.662500191E1,-7.781250477E0,-1.760625076E1
9.904273975E1,2.671875191E1,-7.875000477E0,-1.584375095E1
9.906273510E1,2.634375191E1,-8.025000572E0,-1.655625153E1
9.908274022E1,2.700000191E1,-7.781250477E0,-1.605000114E1
9.910273960E1,2.662500191E1,-7.743750095E0,-1.657500076E1
9.912273495E1,2.711250114E1,-7.837500095E0,-1.700625038E1
9.914272717E1,2.651250076E1,-7.781250477E0,-1.573125076E1
9.916272827E1,2.611875153E1,-7.462500095E0,-1.603125000E1
9.918272580E1,2.679375076E1,-7.668750286E0,-1.605000114E1
9.920272120E1,2.713125038E1,-8.268750191E0,-1.627500153E1
9.922272375E1,2.645625114E1,-8.550000191E0,-1.625625038E1
9.924272171E1,2.613750076E1,-8.156250000E0,-1.603125000E1
9.926272769E1,2.655000114E1,-8.606250763E0,-1.687500000E1
9.928272702E1,2.656875038E1,-8.718750000E0,-1.666875076E1
9.930272397E1,2.664375114E1,-8.643750191E0,-1.636875153E1
9.932272852E1,2.656875038E1,-8.906250000E0,-1.689375114E1
9.934272794E1,2.647500038E1,-8.812500000E0,-1.666875076E1
9.936272344E1,2.715000153E1,-8.718750000E0,-1.689375114E1
9.938272618E1,2.754375076E1,-8.831250191E0,-1.711875153E1
9.940272563E1,2.668125153E1,-9.375000000E0,-1.575000095E1
9.942268850E1,2.735625076E1,-9.056250572E0,-1.650000000E1
9.944269981E1,2.703750038E1,-8.681250572E0,-1.586250019E1
9.946270529E1,2.696250153E1,-9.262500763E0,-1.606875038E1
9.948271740E1,2.666250038E1,-9.075000763E0,-1.575000095E1
9.950275702E1,2.696250153E1,-9.375000000E0,-1.575000095E1
9.952274928E1,2.666250038E1,-8.850000381E0,-1.605000114E1
9.954274929E1,2.628750038E1,-9.018750191E0,-1.657500076E1
9.956274424E1,2.668125153E1,-9.206250191E0,-1.678125000E1
9.958273588E1,2.658750153E1,-9.337500572E0,-1.648125076E1
9.960273471E1,2.610000038E1,-9.093750000E0,-1.676250076E1
9.962273129E1,2.630625153E1,-9.393750191E0,-1.698750114E1
9.964273571E1,2.647500038E1,-8.943750381E0,-1.625625038E1
9.966273515E1,2.656875038E1,-8.831250191E0,-1.636875153E1
9.968273057E1,2.707500076E1,-9.112500191E0,-1.700625038E1
9.970273432E1,2.724375153E1,-8.868750572E0,-1.627500153E1
9.972273348E1,2.666250038E1,-8.756250381E0,-1.605000114E1
9.974273999E1,2.686875153E1,-9.056250572E0,-1.616250038E1
9.976274079E1,2.705625153E1,-9.037500381E0,-1.648125076E1
9.978273746E1,2.686875153E1,-9.018750191E0,-1.668750000E1
9.980273034E1,2.715000153E1,-8.981250763E0,-1.586250019E1
9.982273142E1,2.686875153E1,-9.356250763E0,-1.606875038E1
9.984272939E1,2.735625076E1,-9.243750572E0,-1.670625114E1
9.986272359E1,2.677500153E1,-9.450000763E0,-1.606875038E1
9.988272647E1,2.698125076E1,-9.356250763E0,-1.618125153E1
9.990272498E1,2.797500038E1,-9.750000000E0,-1.661250114E1
9.992273114E1,2.745000076E1,-9.412500381E0,-1.546875095E1
9.994272101E1,2.724375153E1,-8.775000572E0,-1.597500038E1
9.996269882E1,2.696250153E1,-9.225000381E0,-1.492500019E1
9.998271046E1,2.761875153E1,-8.812500000E0,-1.556250095E1
1.000027162E2,2.833125114E1,-8.981250763E0,-1.651875114E1
1.000227170E2,2.863125038E1,-9.300000191E0,-1.633125114E1
1.000427588E2,2.823750114E1,-9.431250572E0,-1.558125019E1
1.000627532E2,2.812500191E1,-8.943750381E0,-1.537500095E1
1.000827434E2,2.842500114E1,-9.112500191E0,-1.601250076E1
1.001027425E2,2.850000191E1,-8.625000000E0,-1.601250076E1
1.001227370E2,2.833125114E1,-9.318750381E0,-1.569375038E1
1.001427275E2,2.851875114E1,-9.318750381E0,-1.590000057E1
1.001627289E2,2.814375114E1,-9.712500572E0,-1.569375038E1
1.001827370E2,2.883750153E1,-9.525000572E0,-1.601250076E1
1.002027395E2,2.921250153E1,-9.243750572E0,-1.582500076E1
1.002227371E2,2.880000114E1,-9.056250572E0,-1.560000038E1
1.002427313E2,2.923125076E1,-9.712500572E0,-1.644375038E1
1.002627341E2,2.891250038E1,-9.243750572E0,-1.571250057E1
1.002827326E2,2.872500038E1,-9.656250000E0,-1.539375019E1
1.003027269E2,2.910000038E1,-9.243750572E0,-1.582500076E1
1.003227299E2,2.893125153E1,-9.525000572E0,-1.612500000E1
1.003427282E2,2.865000153E1,-9.956250191E0,-1.539375019E1
1.003627219E2,2.844375038E1,-9.937500000E0,-1.548750019E1
1.003827256E2,2.865000153E1,-9.956250191E0,-1.518750095E1
1.004027245E2,2.835000038E1,-1.003125000E1,-1.569375038E1
1.004227197E2,2.855625153E1,-9.918750763E0,-1.601250076E1
1.004427236E2,2.865000153E1,-1.001250076E1,-1.591875076E1
1.004627224E2,2.853750038E1,-9.825000763E0,-1.569375038E1
1.004827292E2,2.865000153E1,-9.937500000E0,-1.571250057E1
1.005027090E2,2.904375076E1,-9.937500000E0,-1.582500076E1
1.005227103E2,2.866875076E1,-1.021875000E1,-1.601250076E1
1.005427191E2,2.891250038E1,-9.243750572E0,-1.560000038E1
1.005627222E2,2.853750038E1,-9.750000000E0,-1.528125095E1
1.005827770E2,2.876250076E1,-1.040625000E1,-1.612500000E1
1.006027588E2,2.818125153E1,-1.038750076E1,-1.621875000E1
1.006227502E2,2.868750191E1,-1.059375000E1,-1.612500000E1
1.006427388E2,2.838750076E1,-1.057500076E1,-1.633125114E1
1.006627366E2,2.801250076E1,-1.078125000E1,-1.621875000E1
1.006827307E2,2.801250076E1,-1.085625076E1,-1.663125038E1
1.007027228E2,2.797500038E1,-1.005000019E1,-1.672500038E1
1.007226803E2,2.850000191E1,-1.087500000E1,-1.653750038E1
1.007426877E2,2.836875153E1,-9.843750000E0,-1.695000076E1
1.007627022E2,2.799375153E1,-1.012500000E1,-1.725000000E1
1.007827102E2,2.827500153E1,-1.008750057E1,-1.631250000E1
1.008027356E2,2.896875191E1,-1.087500000E1,-1.509375095E1
1.008227284E2,2.780625153E1,-1.057500076E1,-1.610625076E1
1.008427292E2,2.791875076E1,-1.050000000E1,-1.745625114E1
1.008627255E2,2.754375076E1,-1.119375038E1,-1.734375000E1
1.008827294E2,2.775000191E1,-1.121250057E1,-1.713750076E1
1.009027272E2,2.743125153E1,-1.078125000E1,-1.743750000E1
1.009227226E2,2.735625076E1,-1.106250000E1,-1.785000038E1
1.009427261E2,2.752500153E1,-1.055625057E1,-1.807500076E1
1.009627246E2,2.780625153E1,-1.027500057E1,-1.775625038E1
1.009827308E2,2.722500038E1,-1.046250057E1,-1.764375114E1
1.010027315E2,2.829375076E1,-9.993750572E0,-1.798125076E1
1.010227280E2,2.778750038E1,-9.768750191E0,-1.796250153E1
1.010427222E2,2.761875153E1,-1.003125000E1,-1.858125114E1
1.010627236E2,2.752500153E1,-1.025625038E1,-1.805625153E1
1.010827209E2,2.760000038E1,-1.006875038E1,-1.807500076E1
1.011027258E2,2.692500114E1,-1.014375019E1,-1.783125114E1
1.011227822E2,2.743125153E1,-1.042500019E1,-1.848750114E1
1.011427767E2,2.685000038E1,-1.053750038E1,-1.794375038E1
1.011627663E2,2.673750114E1,-1.023750019E1,-1.803750038E1
1.011827530E2,2.656875038E1,-1.066875076E1,-1.897500038E1
1.012027382E2,2.724375153E1,-1.053750038E1,-1.816875076E1
1.012227330E2,2.666250038E1,-1.061250019E1,-1.824375153E1
1.012427267E2,2.655000114E1,-1.027500057E1,-1.886250114E1
1.012626851E2,2.655000114E1,-1.027500057E1,-1.897500038E1
1.012826935E2,2.634375191E1,-1.006875038E1,-1.906875038E1
1.013026976E2,2.598750114E1,-1.065000057E1,-1.886250114E1
1.013227091E2,2.615625191E1,-1.014375019E1,-1.916250038E1
1.013427373E2,2.598750114E1,-1.051875019E1,-1.948125076E1
1.013627327E2,2.598750114E1,-1.072500038E1,-1.936875153E1
1.013827354E2,2.512500191E1,-1.089375019E1,-1.955625153E1
1.014027330E2,2.550000191E1,-1.059375000E1,-1.966875076E1
1.014227268E2,2.501250076E1,-1.068750000E1,-1.955625153E1
1.014427274E2,2.521875191E1,-1.065000057E1,-2.028750038E1
1.014627259E2,2.512500191E1,-1.061250019E1,-2.101875114E1
1.014827315E2,2.561250114E1,-1.055625057E1,-2.030625153E1
1.015027317E2,2.550000191E1,-1.014375019E1,-2.081250000E1
1.015227275E2,2.570625114E1,-1.033125019E1,-2.092500114E1
1.015427313E2,2.559375191E1,-9.937500000E0,-2.070000076E1
1.015627308E2,2.540625191E1,-1.001250076E1,-2.101875114E1
1.015827261E2,2.490000153E1,-9.881250381E0,-2.141250038E1
1.016027293E2,2.521875191E1,-1.031250000E1,-2.111250114E1
1.016227277E2,2.475000191E1,-1.068750000E1,-2.120625114E1
1.016427225E2,2.523750114E1,-1.078125000E1,-2.143125153E1
1.016627934E2,2.495625114E1,-1.087500000E1,-2.152500153E1
1.016827768E2,2.512500191E1,-1.048125076E1,-2.163750076E1
1.017027691E2,2.495625114E1,-1.078125000E1,-2.143125153E1
1.017227578E2,2.551875114E1,-1.040625000E1,-2.113125038E1
1.017427445E2,2.523750114E1,-1.078125000E1,-2.143125153E1
1.017627408E2,2.544375038E1,-1.065000057E1,-2.227500153E1
1.017827351E2,2.568750191E1,-1.014375019E1,-2.081250000E1
1.018026945E2,2.658750153E1,-1.080000019E1,-2.011875153E1
1.018227034E2,2.581875038E1,-1.038750076E1,-2.175000000E1
1.018427073E2,2.574375153E1,-1.117500019E1,-2.176875114E1
1.018627074E2,2.559375191E1,-1.035000038E1,-2.071875000E1
1.018827495E2,2.553750038E1,-1.066875076E1,-2.175000000E1
1.019027444E2,2.583750153E1,-1.108125019E1,-2.165625000E1
1.019227352E2,2.544375038E1,-1.087500000E1,-2.163750076E1
1.019427349E2,2.670000076E1,-1.063125038E1,-2.146875000E1
1.019627305E2,2.621250153E1,-1.083750057E1,-2.115000153E1
1.019827326E2,2.600625038E1,-1.072500038E1,-2.103750038E1
1.020027321E2,2.610000038E1,-1.063125038E1,-2.115000153E1
1.020227386E2,2.649375153E1,-1.055625057E1,-2.085000038E1
1.020427397E2,2.610000038E1,-1.053750038E1,-2.094375038E1
1.020627363E2,2.593125153E1,-1.111875057E1,-2.103750038E1
1.020827293E2,2.641875076E1,-1.111875057E1,-2.146875000E1
1.021027313E2,2.630625153E1,-1.074375057E1,-2.105625153E1
1.021227290E2,2.574375153E1,-1.153125000E1,-2.071875000E1
1.021427230E2,2.641875076E1,-1.104375076E1,-2.115000153E1
1.021627258E2,2.602500153E1,-1.091250038E1,-2.145000076E1
1.021827241E2,2.690625191E1,-1.108125019E1,-2.055000114E1
1.022027299E2,2.688750076E1,-1.068750000E1,-2.064375114E1
1.022227197E2,2.686875153E1,-1.059375000E1,-2.034375000E1
1.022427187E2,2.638125038E1,-1.059375000E1,-2.032500076E1
1.022627254E2,2.670000076E1,-1.110000038E1,-2.002500153E1
1.022827267E2,2.670000076E1,-1.119375038E1,-2.043750000E1
1.023027238E2,2.638125038E1,-1.050000000E1,-2.000625038E1
1.023227176E2,2.621250153E1,-1.110000038E1,-2.000625038E1
1.023426987E2,2.632500076E1,-1.138125038E1,-2.021250153E1
1.023627017E2,2.613750076E1,-1.136250019E1,-2.053125000E1
1.023827117E2,2.658750153E1,-1.061250019E1,-2.000625038E1
1.024027158E2,2.688750076E1,-1.111875057E1,-1.981875038E1
1.024227718E2,2.707500076E1,-1.102500057E1,-1.981875038E1
1.024427544E2,2.658750153E1,-1.081875038E1,-1.970625114E1
1.024627459E2,2.671875191E1,-1.164375019E1,-1.940625000E1
1.024827460E2,2.670000076E1,-1.145625019E1,-1.908750153E1
1.025027416E2,2.670000076E1,-1.143750000E1,-1.961250114E1
1.025227323E2,2.572500038E1,-1.143750000E1,-1.884375000E1
1.025427340E2,2.651250076E1,-1.166250038E1,-1.876875114E1
1.025627425E2,2.611875153E1,-1.130625057E1,-1.980000114E1
1.025827336E2,2.707500076E1,-1.106250000E1,-1.940625000E1
1.026027341E2,2.666250038E1,-1.078125000E1,-1.876875114E1
1.026227305E2,2.638125038E1,-1.068750000E1,-1.856250000E1
1.026427352E2,2.675625038E1,-1.050000000E1,-1.867500114E1
1.026627349E2,2.675625038E1,-1.081875038E1,-1.815000153E1
1.026827304E2,2.626875114E1,-1.095000076E1,-1.741875076E1
1.027027343E2,2.617500114E1,-1.091250038E1,-1.792500114E1
1.027227334E2,2.608125114E1,-1.091250038E1,-1.801875114E1
1.027427275E2,2.615625191E1,-1.051875019E1,-1.801875114E1
1.027627315E2,2.626875114E1,-1.051875019E1,-1.813125038E1
1.027827303E2,2.636250114E1,-1.042500019E1,-1.792500114E1
1.028027255E2,2.662500191E1,-1.006875038E1,-1.730625153E1
1.028227290E2,2.615625191E1,-1.051875019E1,-1.636875153E1
1.028427278E2,2.613750076E1,-9.918750763E0,-1.801875114E1
1.028627345E2,2.574375153E1,-9.937500000E0,-1.738125038E1
1.028827145E2,2.621250153E1,-9.506250381E0,-1.678125000E1
1.029027160E2,2.595000076E1,-1.006875038E1,-1.719375038E1
1.029227134E2,2.525625038E1,-1.012500000E1,-1.738125038E1
1.029427189E2,2.525625038E1,-1.014375019E1,-1.717500114E1
1.029627760E2,2.604375076E1,-9.937500000E0,-1.770000076E1
1.029827597E2,2.544375038E1,-9.806250572E0,-1.790625000E1
1.030027524E2,2.563125038E1,-9.543750763E0,-1.726875114E1
1.030227419E2,2.593125153E1,-9.543750763E0,-1.749375153E1
1.030427406E2,2.602500153E1,-9.637500763E0,-1.760625076E1
1.030627342E2,2.581875038E1,-9.487500191E0,-1.676250076E1
1.030827271E2,2.570625114E1,-9.262500763E0,-1.717500114E1
1.031026851E2,2.632500076E1,-9.787500381E0,-1.687500000E1
1.031226928E2,2.611875153E1,-9.787500381E0,-1.698750114E1
1.031426963E2,2.593125153E1,-9.993750572E0,-1.655625153E1
1.031627069E2,2.611875153E1,-9.543750763E0,-1.749375153E1
1.031827349E2,2.611875153E1,-9.881250381E0,-1.687500000E1
1.032027411E2,2.677500153E1,-9.356250763E0,-1.616250038E1
1.032227407E2,2.660625076E1,-9.581250191E0,-1.741875076E1
1.032427359E2,2.668125153E1,-9.225000381E0,-1.657500076E1
1.032627388E2,2.647500038E1,-9.225000381E0,-1.646250153E1
1.032827352E2,2.668125153E1,-9.431250572E0,-1.636875153E1
1.033027299E2,2.688750076E1,-9.637500763E0,-1.659375000E1
1.033227325E2,2.641875076E1,-9.806250572E0,-1.657500076E1
1.033427304E2,2.662500191E1,-1.012500000E1,-1.648125076E1
1.033627247E2,2.730000114E1,-9.806250572E0,-1.723125076E1
1.033827275E2,2.701875114E1,-9.993750572E0,-1.732500076E1
1.034027263E2,2.825625038E1,-9.675000191E0,-1.663125038E1
1.034227226E2,2.788125038E1,-1.008750057E1,-1.610625076E1
1.034427254E2,2.806875038E1,-9.750000000E0,-1.672500038E1
1.034627240E2,2.795625114E1,-9.787500381E0,-1.599375057E1
1.034827298E2,2.767500114E1,-9.787500381E0,-1.599375057E1
1.035027870E2,2.778750038E1,-1.006875038E1,-1.640625000E1
1.035227816E2,2.771250153E1,-1.074375057E1,-1.672500038E1
1.035427713E2,2.776875114E1,-9.750000000E0,-1.651875114E1
1.035627584E2,2.797500038E1,-1.021875000E1,-1.548750019E1
1.035827435E2,2.806875038E1,-1.010625076E1,-1.578750038E1
1.036027391E2,2.814375114E1,-9.881250381E0,-1.475625038E1
1.036227326E2,2.805000114E1,-9.712500572E0,-1.569375038E1
1.036426912E2,2.805000114E1,-9.862500191E0,-1.475625038E1
1.036626994E2,2.767500114E1,-1.003125000E1,-1.515000057E1
1.036827032E2,2.778750038E1,-1.042500019E1,-1.537500095E1
1.037027031E2,2.758125114E1,-1.003125000E1,-1.505625057E1
1.037227338E2,2.760000038E1,-1.036875057E1,-1.608750153E1
1.037427314E2,2.746875191E1,-9.900000572E0,-1.546875095E1
1.037627361E2,2.730000114E1,-1.021875000E1,-1.524375057E1
1.037827351E2,2.758125114E1,-9.881250381E0,-1.588125038E1
1.038027301E2,2.775000191E1,-9.637500763E0,-1.505625057E1
1.038227316E2,2.715000153E1,-9.112500191E0,-1.533750057E1
1.038427304E2,2.716875076E1,-9.262500763E0,-1.606875038E1
1.038627364E2,2.694375038E1,-8.906250000E0,-1.533750057E1
1.038827368E2,2.668125153E1,-9.393750191E0,-1.533750057E1
1.039027330E2,2.694375038E1,-9.112500191E0,-1.533750057E1
1.039227258E2,2.707500076E1,-9.262500763E0,-1.627500153E1
1.039427276E2,2.656875038E1,-9.262500763E0,-1.595625019E1
1.039627264E2,2.670000076E1,-1.010625076E1,-1.513125038E1
1.039827313E2,2.696250153E1,-9.168750763E0,-1.606875038E1
1.040027313E2,2.763750076E1,-9.187500000E0,-1.597500038E1
1.040227269E2,2.801250076E1,-8.493750572E0,-1.640625000E1
1.040427299E2,2.810625076E1,-8.568750381E0,-1.661250114E1
1.040627295E2,2.694375038E1,-8.456250191E0,-1.648125076E1
1.040827247E2,2.752500153E1,-8.587500572E0,-1.618125153E1
1.041027283E2,2.745000076E1,-8.962500572E0,-1.638750076E1
1.041227271E2,2.686875153E1,-8.943750381E0,-1.636875153E1
1.041427222E2,2.735625076E1,-9.168750763E0,-1.618125153E1
1.041627257E2,2.735625076E1,-9.150000572E0,-1.659375000E1
1.041827035E2,2.705625153E1,-9.131250381E0,-1.659375000E1
1.042027146E2,2.793750191E1,-8.868750572E0,-1.672500038E1
1.042227198E2,2.812500191E1,-8.775000572E0,-1.651875114E1
1.042427199E2,2.840625191E1,-8.793750763E0,-1.642500114E1
1.042627613E2,2.851875114E1,-8.981250763E0,-1.663125038E1
1.042827440E2,2.823750114E1,-9.056250572E0,-1.693125153E1
1.043027366E2,2.842500114E1,-9.187500000E0,-1.651875114E1
1.043227375E2,2.816250038E1,-9.525000572E0,-1.725000000E1
1.043427341E2,2.872500038E1,-9.056250572E0,-1.736250114E1
1.043627258E2,2.818125153E1,-9.712500572E0,-1.756875038E1
1.043827283E2,2.885625076E1,-9.618750572E0,-1.768125153E1
1.044027374E2,2.895000076E1,-9.431250572E0,-1.779375076E1
1.044227292E2,2.941875076E1,-9.356250763E0,-1.758750153E1
1.044427299E2,2.902500153E1,-9.468750000E0,-1.717500114E1
1.044627265E2,2.953125191E1,-9.337500572E0,-1.801875114E1
1.044827316E2,3.022500038E1,-9.843750000E0,-1.815000153E1
1.045027315E2,3.001875114E1,-9.562500000E0,-1.771875000E1
1.045227269E2,2.992500114E1,-9.975000381E0,-1.740000153E1
1.045427307E2,2.985000038E1,-1.012500000E1,-1.813125038E1
1.045627298E2,2.996250153E1,-1.065000057E1,-1.762500000E1
1.045827240E2,3.026250076E1,-1.065000057E1,-1.794375038E1
1.046027283E2,3.035625076E1,-1.087500000E1,-1.753125000E1
1.046227273E2,3.103125191E1,-1.036875057E1,-1.805625153E1
1.046427225E2,3.065625191E1,-1.095000076E1,-1.805625153E1
1.046627259E2,3.180000114E1,-1.027500057E1,-1.818750000E1
1.046827244E2,3.112500191E1,-1.050000000E1,-1.743750000E1
1.047027198E2,3.151875114E1,-1.083750057E1,-1.704375076E1
1.047227023E2,3.075000191E1,-1.080000019E1,-1.711875153E1
1.047427058E2,3.153750038E1,-1.134375000E1,-1.683750153E1
1.047627165E2,3.105000114E1,-1.080000019E1,-1.743750000E1
1.047827208E2,3.114375114E1,-1.111875057E1,-1.704375076E1
1.048027657E2,3.283125305E1,-1.179375076E1,-1.646250153E1
1.048227621E2,3.193125153E1,-1.121250057E1,-1.768125153E1
1.048427537E2,3.135000038E1,-1.119375038E1,-1.745625114E1
1.048627420E2,3.221250153E1,-1.104375076E1,-1.717500114E1
1.048827400E2,3.232500076E1,-1.117500019E1,-1.685625076E1
1.049027327E2,3.204375076E1,-1.145625019E1,-1.685625076E1
1.049227360E2,3.243750000E1,-1.158750057E1,-1.666875076E1
1.049427455E2,3.225000000E1,-1.175625038E1,-1.696875000E1
1.049627376E2,3.271875000E1,-1.156875038E1,-1.698750114E1
1.049827386E2,3.234375000E1,-1.155000019E1,-1.708125114E1
1.050027355E2,3.236250305E1,-1.235625076E1,-1.687500000E1
1.050227517E2,3.196875191E1,-1.203750038E1,-1.696875000E1
1.050427492E2,3.296250153E1,-1.246875095E1,-1.698750114E1
1.050627423E2,3.311250305E1,-1.168125057E1,-1.710000038E1
1.050827327E2,3.255000305E1,-1.198125076E1,-1.655625153E1
1.051027325E2,3.301875305E1,-1.173750019E1,-1.584375095E1
1.051227281E2,3.322500229E1,-1.211250019E1,-1.657500076E1
1.051427220E2,3.322500229E1,-1.179375076E1,-1.668750000E1
1.051627244E2,3.331875229E1,-1.203750038E1,-1.606875038E1
1.051827227E2,3.294375229E1,-1.220625019E1,-1.625625038E1
1.052027288E2,3.420000076E1,-1.230000019E1,-1.526250076E1
1.052227296E2,3.345000076E1,-1.280625057E1,-1.638750076E1
1.052427263E2,3.303750229E1,-1.239375019E1,-1.648125076E1
1.052627100E2,3.296250153E1,-1.282500076E1,-1.595625019E1
1.052827145E2,3.352500153E1,-1.231875038E1,-1.638750076E1
1.053027143E2,3.305625153E1,-1.252500057E1,-1.606875038E1
1.053227218E2,3.382500076E1,-1.254375076E1,-1.597500038E1
1.053427802E2,3.350625229E1,-1.205625057E1,-1.586250019E1
1.053627647E2,3.450000000E1,-1.228125095E1,-1.590000057E1
1.053827579E2,3.371250153E1,-1.248750019E1,-1.524375057E1
1.054027477E2,3.373125076E1,-1.246875095E1,-1.576875019E1
1.054227354E2,3.343125153E1,-1.246875095E1,-1.565625095E1
1.054427327E2,3.414375305E1,-1.312500095E1,-1.651875114E1
1.054627277E2,3.393750000E1,-1.275000095E1,-1.599375057E1
1.054826877E2,3.403125000E1,-1.295625019E1,-1.608750153E1
1.055026964E2,3.346875000E1,-1.342500019E1,-1.608750153E1
1.055227006E2,3.416250229E1,-1.346250057E1,-1.599375057E1
1.055427120E2,3.414375305E1,-1.323750019E1,-1.620000076E1
1.055627402E2,3.472500229E1,-1.297500038E1,-1.590000057E1
1.055827466E2,3.382500076E1,-1.269375038E1,-1.526250076E1
1.056027462E2,3.440625000E1,-1.269375038E1,-1.569375038E1
1.056227412E2,3.442500305E1,-1.278750038E1,-1.569375038E1
1.056427330E2,3.401250076E1,-1.256250095E1,-1.576875019E1
1.056627329E2,3.382500076E1,-1.276875019E1,-1.567500019E1
1.056827407E2,3.423750305E1,-1.308750057E1,-1.546875095E1
1.057027423E2,3.412500000E1,-1.303125095E1,-1.464375019E1
1.057227394E2,3.421875000E1,-1.284375095E1,-1.443750095E1
1.057427328E2,3.416250229E1,-1.357500076E1,-1.558125019E1
1.057627347E2,3.421875000E1,-1.280625057E1,-1.526250076E1
1.057827216E2,3.431250000E1,-1.288125038E1,-1.411875057E1
1.058027195E2,3.429375076E1,-1.235625076E1,-1.453125095E1
1.058227246E2,3.429375076E1,-1.235625076E1,-1.443750095E1
1.058427244E2,3.478125000E1,-1.261875057E1,-1.372500038E1
1.058627207E2,3.478125000E1,-1.261875057E1,-1.372500038E1
1.058827248E2,3.448125076E1,-1.252500057E1,-1.350000095E1
1.059027247E2,3.408750153E1,-1.250625038E1,-1.338750076E1
1.059227203E2,3.476250076E1,-1.211250019E1,-1.372500038E1
1.059427240E2,3.448125076E1,-1.284375095E1,-1.299375057E1
1.059627231E2,3.390000153E1,-1.273125076E1,-1.297500038E1
1.059827277E2,3.410625076E1,-1.271250057E1,-1.329375076E1
1.060027293E2,3.457500076E1,-1.256250095E1,-1.288125038E1
1.060226939E2,3.429375076E1,-1.261875057E1,-1.329375076E1
1.060427059E2,3.376875305E1,-1.185000038E1,-1.254375076E1
1.060627122E2,3.483750153E1,-1.220625019E1,-1.216875076E1
1.060827132E2,3.435000229E1,-1.200000000E1,-1.203750038E1
1.061027557E2,3.444375229E1,-1.209375095E1,-1.226250076E1
1.061227503E2,3.444375229E1,-1.220625019E1,-1.205625057E1
1.061427407E2,3.425625229E1,-1.220625019E1,-1.203750038E1
1.061627397E2,3.418125153E1,-1.258125019E1,-1.215000057E1
1.061827346E2,3.397500229E1,-1.241250038E1,-1.162500000E1
1.062027362E2,3.346875000E1,-1.207500076E1,-1.190625000E1
1.062227351E2,3.337500000E1,-1.186875057E1,-1.222500038E1
1.062427409E2,3.414375305E1,-1.177500057E1,-1.235625076E1
1.062627415E2,3.423750305E1,-1.160625076E1,-1.183125019E1
1.062827376E2,3.371250153E1,-1.100625038E1,-1.170000076E1
1.063027305E2,3.382500076E1,-1.110000038E1,-1.192500019E1
1.063227327E2,3.408750153E1,-1.070625019E1,-1.192500019E1
1.063427192E2,3.406875229E1,-1.025625038E1,-1.128750038E1
1.063627155E2,3.303750229E1,-1.128750038E1,-1.168125057E1
1.063827205E2,3.373125076E1,-1.110000038E1,-1.201875019E1
1.064027209E2,3.277500153E1,-1.156875038E1,-1.200000000E1
1.064227284E2,3.311250305E1,-1.080000019E1,-1.158750057E1
1.064427192E2,3.324375153E1,-1.117500019E1,-1.200000000E1
1.064627190E2,3.373125076E1,-1.117500019E1,-1.222500038E1
1.064827264E2,3.303750229E1,-1.106250000E1,-1.220625019E1
1.065027282E2,3.371250153E1,-1.078125000E1,-1.243125057E1
1.065227254E2,3.371250153E1,-1.070625019E1,-1.201875019E1
1.065427194E2,3.378750229E1,-1.038750076E1,-1.222500038E1
1.065627006E2,3.399375153E1,-1.036875057E1,-1.275000095E1
1.065827034E2,3.408750153E1,-1.048125076E1,-1.245000076E1
1.066027134E2,3.378750229E1,-1.031250000E1,-1.170000076E1
1.066227175E2,3.388125229E1,-1.027500057E1,-1.243125057E1
1.066427619E2,3.303750229E1,-1.093125057E1,-1.282500076E1
1.066627581E2,3.313125229E1,-1.053750038E1,-1.273125076E1
1.066827495E2,3.313125229E1,-1.106250000E1,-1.231875038E1
1.067027492E2,3.301875305E1,-1.053750038E1,-1.282500076E1
1.067227444E2,3.208125305E1,-1.117500019E1,-1.333125019E1
1.067427360E2,3.275625229E1,-1.098750019E1,-1.344375038E1
1.067627259E2,3.225000000E1,-1.046250057E1,-1.363125038E1
1.067826817E2,3.253125000E1,-1.027500057E1,-1.353750038E1
1.068026878E2,3.247500229E1,-1.102500057E1,-1.426875019E1
1.068227013E2,3.138750076E1,-1.083750057E1,-1.340625095E1
1.068427085E2,3.127500153E1,-1.055625057E1,-1.329375076E1
1.068627333E2,3.120000076E1,-1.091250038E1,-1.381875038E1
1.068827370E2,3.108750153E1,-1.057500076E1,-1.432500076E1
1.069027350E2,3.069375038E1,-1.048125076E1,-1.432500076E1
1.069227287E2,3.123750114E1,-1.141875076E1,-1.537500095E1
1.069427307E2,3.073125076E1,-1.093125057E1,-1.505625057E1
1.069627270E2,3.033750153E1,-1.104375076E1,-1.462500095E1
1.069827324E2,3.015000153E1,-1.121250057E1,-1.483125019E1
1.070027324E2,3.054375076E1,-1.113750076E1,-1.473750019E1
1.070227282E2,2.975625038E1,-1.111875057E1,-1.470000076E1
1.070427320E2,2.955000114E1,-1.070625019E1,-1.479375076E1
1.070627307E2,3.060000038E1,-1.042500019E1,-1.494375038E1
1.070827260E2,3.011250114E1,-1.031250000E1,-1.501875019E1
1.071027083E2,2.943750191E1,-1.048125076E1,-1.531875038E1
1.071227119E2,3.001875114E1,-1.040625000E1,-1.522500038E1
1.071427109E2,2.913750076E1,-1.038750076E1,-1.479375076E1
1.071627180E2,2.934375191E1,-1.040625000E1,-1.479375076E1
1.071827761E2,2.915625191E1,-1.066875076E1,-1.509375095E1
1.072027605E2,2.983125114E1,-1.005000019E1,-1.584375095E1
1.072227539E2,2.896875191E1,-1.044375038E1,-1.561875057E1
1.072427437E2,2.962500191E1,-1.027500057E1,-1.552500057E1
1.072627425E2,2.934375191E1,-1.055625057E1,-1.541250038E1
1.072827363E2,2.971875191E1,-1.001250076E1,-1.501875019E1
1.073027292E2,2.895000076E1,-1.016250038E1,-1.520625019E1
1.073226875E2,2.960625076E1,-9.768750191E0,-1.563750076E1
1.073426948E2,2.970000076E1,-9.843750000E0,-1.428750038E1
1.073626978E2,2.990625191E1,-1.012500000E1,-1.481250095E1
1.073827085E2,2.953125191E1,-1.035000038E1,-1.408125019E1
1.074027362E2,2.941875076E1,-1.003125000E1,-1.426875019E1
1.074227421E2,2.921250153E1,-9.956250191E0,-1.385625076E1
1.074427417E2,2.951250076E1,-9.918750763E0,-1.470000076E1
1.074627367E2,2.930625153E1,-9.937500000E0,-1.417500019E1
1.074827396E2,2.911875153E1,-1.001250076E1,-1.468125057E1
1.075027362E2,2.951250076E1,-9.918750763E0,-1.458750057E1
1.075227420E2,3.018750191E1,-9.843750000E0,-1.471875095E1
1.075427419E2,2.990625191E1,-9.712500572E0,-1.501875019E1
1.075627377E2,3.016875076E1,-9.468750000E0,-1.440000057E1
1.075827301E2,3.028125191E1,-9.525000572E0,-1.492500019E1
1.076027313E2,3.035625076E1,-9.356250763E0,-1.460625076E1
1.076227287E2,3.046875191E1,-9.506250381E0,-1.389375019E1
1.076427342E2,3.093750191E1,-9.431250572E0,-1.359375095E1
1.076627341E2,3.082500076E1,-8.793750763E0,-1.430625057E1
1.076827302E2,3.163125038E1,-9.300000191E0,-1.455000019E1
1.077027344E2,3.103125191E1,-8.981250763E0,-1.453125095E1
1.077227901E2,3.112500191E1,-9.112500191E0,-1.411875057E1
1.077427722E2,3.056250191E1,-9.487500191E0,-1.398750019E1
1.077627640E2,3.153750038E1,-9.281250000E0,-1.464375019E1
1.077827530E2,3.163125038E1,-9.393750191E0,-1.455000019E1
1.078027400E2,3.155625153E1,-9.693750381E0,-1.443750095E1
1.078227382E2,3.153750038E1,-9.525000572E0,-1.402500057E1
1.078427325E2,3.240000153E1,-9.225000381E0,-1.436250019E1
1.078626918E2,3.211875153E1,-9.393750191E0,-1.498125076E1
1.078827005E2,3.281250000E1,-9.618750572E0,-1.479375076E1
1.079027047E2,3.279375076E1,-9.168750763E0,-1.395000076E1
1.079227049E2,3.305625153E1,-8.775000572E0,-1.395000076E1
1.079427470E2,3.307500076E1,-9.150000572E0,-1.458750057E1
1.079627418E2,3.300000000E1,-9.693750381E0,-1.365000057E1
1.079827440E2,3.298125076E1,-9.281250000E0,-1.395000076E1
1.080027411E2,3.328125000E1,-9.300000191E0,-1.376250076E1
1.080227343E2,3.360000229E1,-9.768750191E0,-1.428750038E1
1.080427345E2,3.367500305E1,-9.431250572E0,-1.346250057E1
1.080627325E2,3.350625229E1,-9.881250381E0,-1.387500095E1
1.080827265E2,3.331875229E1,-1.023750019E1,-1.460625076E1
1.081027291E2,3.352500153E1,-1.023750019E1,-1.470000076E1
1.081227272E2,3.322500229E1,-1.014375019E1,-1.438125038E1
1.081427218E2,3.343125153E1,-1.044375038E1,-1.440000057E1
1.081627254E2,3.361875153E1,-1.036875057E1,-1.428750038E1
1.081827243E2,3.352500153E1,-1.038750076E1,-1.398750019E1
1.082027192E2,3.408750153E1,-9.900000572E0,-1.410000038E1
1.082227226E2,3.390000153E1,-1.040625000E1,-1.368750095E1
1.082427214E2,3.408750153E1,-9.806250572E0,-1.398750019E1
1.082627277E2,3.369375229E1,-9.900000572E0,-1.387500095E1
1.082827290E2,3.390000153E1,-9.993750572E0,-1.389375019E1
1.083027254E2,3.397500229E1,-9.731250763E0,-1.346250057E1
1.083227298E2,3.361875153E1,-1.051875019E1,-1.336875057E1
1.083427291E2,3.401250076E1,-1.059375000E1,-1.400625038E1
1.083627245E2,3.380625153E1,-1.027500057E1,-1.440000057E1
1.083827169E2,3.390000153E1,-1.010625076E1,-1.368750095E1
1.084026972E2,3.371250153E1,-1.059375000E1,-1.378125095E1
1.084227106E2,3.391875076E1,-1.050000000E1,-1.389375019E1
1.084427178E2,3.427500153E1,-1.003125000E1,-1.359375095E1
1.084627193E2,3.429375076E1,-1.021875000E1,-1.380000019E1
1.084827731E2,3.341250229E1,-1.010625076E1,-1.355625057E1
1.085027651E2,3.378750229E1,-1.014375019E1,-1.316250038E1
1.085227529E2,3.438750076E1,-1.031250000E1,-1.380000019E1
1.085427498E2,3.416250229E1,-9.600000381E0,-1.410000038E1
1.085627429E2,3.408750153E1,-1.005000019E1,-1.327500057E1
1.085827319E2,3.425625229E1,-9.768750191E0,-1.286250019E1
1.086027324E2,3.416250229E1,-9.637500763E0,-1.336875057E1
1.086227400E2,3.446250153E1,-9.768750191E0,-1.306875038E1
1.086427307E2,3.416250229E1,-9.750000000E0,-1.306875038E1
1.086627307E2,3.446250153E1,-9.787500381E0,-1.275000095E1
1.086827270E2,3.397500229E1,-1.005000019E1,-1.305000019E1
1.087027317E2,3.418125153E1,-1.016250038E1,-1.295625019E1
1.087227316E2,3.369375229E1,-1.023750019E1,-1.325625038E1
1.087427271E2,3.331875229E1,-1.055625057E1,-1.261875057E1
1.087627309E2,3.294375229E1,-1.081875038E1,-1.303125095E1
1.087827300E2,3.258750153E1,-1.170000076E1,-1.291875076E1
1.088027256E2,3.240000153E1,-1.200000000E1,-1.271250057E1
1.088227296E2,3.283125305E1,-1.260000038E1,-1.305000019E1
1.088427283E2,3.240000153E1,-1.200000000E1,-1.271250057E1
1.088627236E2,3.255000305E1,-1.331250095E1,-1.241250038E1
1.088827270E2,3.174375153E1,-1.239375019E1,-1.228125095E1
1.089027258E2,3.157500076E1,-1.306875038E1,-1.269375038E1
1.089227322E2,3.196875191E1,-1.314375019E1,-1.323750019E1
1.089427121E2,3.118125153E1,-1.327500057E1,-1.228125095E1
1.089627135E2,3.140625191E1,-1.363125038E1,-1.321875095E1
1.089827223E2,3.099375153E1,-1.329375076E1,-1.205625057E1
1.090027252E2,3.120000076E1,-1.346250057E1,-1.258125019E1
1.090227799E2,3.187500191E1,-1.350000095E1,-1.218750095E1
1.090427614E2,3.118125153E1,-1.325625038E1,-1.258125019E1
1.090627525E2,3.097500038E1,-1.308750057E1,-1.205625057E1
1.090827408E2,3.136875153E1,-1.306875038E1,-1.248750019E1
1.091027389E2,3.118125153E1,-1.318125057E1,-1.226250076E1
1.091227317E2,3.106875038E1,-1.288125038E1,-1.216875076E1
1.091427241E2,3.163125038E1,-1.230000019E1,-1.228125095E1
1.091626820E2,3.195000076E1,-1.275000095E1,-1.312500095E1
1.091826898E2,3.202500153E1,-1.231875038E1,-1.228125095E1
1.092026931E2,3.241875076E1,-1.209375095E1,-1.291875076E1
1.092227039E2,3.238125229E1,-1.138125038E1,-1.333125019E1
1.092427318E2,3.285000229E1,-1.055625057E1,-1.406250095E1
1.092627267E2,3.292500305E1,-1.016250038E1,-1.406250095E1
1.092827291E2,3.309375000E1,-9.356250763E0,-1.417500019E1
1.093027266E2,3.354375076E1,-8.775000572E0,-1.438125038E1
1.093227316E2,3.429375076E1,-8.025000572E0,-1.398750019E1
1.093427297E2,3.487500000E1,-7.818750381E0,-1.462500095E1
1.093627256E2,3.485625076E1,-7.537500381E0,-1.421250057E1
1.093827294E2,3.504375076E1,-7.200000286E0,-1.483125019E1
1.094027280E2,3.534375000E1,-7.462500095E0,-1.391250038E1
1.094227229E2,3.504375076E1,-7.012500286E0,-1.494375038E1
1.094427258E2,3.571875000E1,-6.900000095E0,-1.526250076E1
1.094627244E2,3.465000153E1,-7.087500095E0,-1.503750038E1
1.094827210E2,3.534375000E1,-7.256250381E0,-1.421250057E1
1.095027237E2,3.515625000E1,-7.425000191E0,-1.462500095E1
1.095227220E2,3.536250305E1,-7.762500286E0,-1.411875057E1
1.095427278E2,3.547500229E1,-7.912500381E0,-1.485000038E1
1.095627848E2,3.489375305E1,-8.456250191E0,-1.359375095E1
1.095827796E2,3.457500076E1,-7.818750381E0,-1.441875076E1
1.096027695E2,3.480000305E1,-8.643750191E0,-1.389375019E1
1.096227565E2,3.442500305E1,-8.718750000E0,-1.421250057E1
1.096427415E2,3.406875229E1,-9.281250000E0,-1.430625057E1
1.096627375E2,3.339375305E1,-9.675000191E0,-1.417500019E1
1.096827420E2,3.294375229E1,-1.078125000E1,-1.355625057E1
1.097026979E2,3.236250305E1,-1.063125038E1,-1.426875019E1
1.097227036E2,3.279375076E1,-1.156875038E1,-1.355625057E1
1.097427055E2,3.249375153E1,-1.162500000E1,-1.426875019E1
1.097627150E2,3.202500153E1,-1.190625000E1,-1.436250019E1
1.097827417E2,3.183750153E1,-1.188750076E1,-1.436250019E1
1.098027475E2,3.155625153E1,-1.261875057E1,-1.372500038E1
1.098227466E2,3.211875153E1,-1.216875076E1,-1.301250076E1
1.098427414E2,3.221250153E1,-1.171875000E1,-1.426875019E1
1.098627328E2,3.191250038E1,-1.138125038E1,-1.466250038E1
1.098827317E2,3.238125229E1,-1.066875076E1,-1.509375095E1
1.099027287E2,3.275625229E1,-1.046250057E1,-1.561875057E1
1.099227336E2,3.236250305E1,-1.048125076E1,-1.518750095E1
1.099427332E2,3.234375000E1,-9.881250381E0,-1.530000019E1
1.099627290E2,3.275625229E1,-1.040625000E1,-1.468125057E1
1.099827328E2,3.266250229E1,-1.025625038E1,-1.582500076E1
1.100027322E2,3.226875305E1,-1.042500019E1,-1.603125000E1
1.100227290E2,3.245625305E1,-1.014375019E1,-1.591875076E1
1.100427321E2,3.249375153E1,-1.095000076E1,-1.561875057E1
1.100627305E2,3.180000114E1,-1.106250000E1,-1.507500076E1
1.100827254E2,3.121875191E1,-1.111875057E1,-1.526250076E1
1.101027280E2,3.151875114E1,-1.100625038E1,-1.569375038E1
1.101227269E2,3.054375076E1,-1.121250057E1,-1.524375057E1
1.101427219E2,3.073125076E1,-1.087500000E1,-1.608750153E1
1.101627252E2,3.114375114E1,-1.119375038E1,-1.590000057E1
1.101827239E2,3.123750114E1,-1.119375038E1,-1.569375038E1
1.102027303E2,3.101250076E1,-1.066875076E1,-1.608750153E1
1.102227316E2,3.151875114E1,-1.119375038E1,-1.590000057E1
1.102427069E2,3.082500076E1,-1.066875076E1,-1.608750153E1
1.102627161E2,3.161250114E1,-1.068750000E1,-1.610625076E1
1.102827198E2,3.138750076E1,-1.006875038E1,-1.651875114E1
1.103027188E2,3.110625076E1,-1.038750076E1,-1.599375057E1
1.103227594E2,3.108750153E1,-9.768750191E0,-1.640625000E1
1.103427528E2,3.159375191E1,-1.031250000E1,-1.578750038E1
1.103627423E2,3.120000076E1,-9.956250191E0,-1.661250114E1
1.103827407E2,3.136875153E1,-9.768750191E0,-1.661250114E1
1.104027351E2,3.148125076E1,-1.010625076E1,-1.578750038E1
1.104227263E2,3.185625076E1,-9.806250572E0,-1.631250000E1
1.104427162E2,3.150000191E1,-1.016250038E1,-1.672500038E1
1.104627269E2,3.189375114E1,-1.021875000E1,-1.768125153E1
1.104827316E2,3.148125076E1,-1.031250000E1,-1.569375038E1
1.105027312E2,3.148125076E1,-1.014375019E1,-1.526250076E1
1.105227268E2,3.140625191E1,-1.050000000E1,-1.590000057E1
1.105427308E2,3.208125305E1,-1.065000057E1,-1.530000019E1
1.105627299E2,3.150000191E1,-1.063125038E1,-1.537500095E1
1.105827251E2,3.255000305E1,-1.040625000E1,-1.479375076E1
1.106027286E2,3.236250305E1,-1.001250076E1,-1.644375038E1
1.106227272E2,3.238125229E1,-1.055625057E1,-1.550625038E1
1.106427215E2,3.273750305E1,-1.018125057E1,-1.530000019E1
1.106627256E2,3.333750153E1,-1.016250038E1,-1.584375095E1
1.106827244E2,3.283125305E1,-9.993750572E0,-1.509375095E1
1.107027306E2,3.331875229E1,-1.016250038E1,-1.408125019E1
1.107227316E2,3.290625000E1,-9.862500191E0,-1.396875095E1
1.107427282E2,3.292500305E1,-1.029375076E1,-1.355625057E1
1.107627328E2,3.253125000E1,-1.006875038E1,-1.374375057E1
1.107827111E2,3.271875000E1,-1.008750057E1,-1.344375038E1
1.108027111E2,3.330000305E1,-9.881250381E0,-1.396875095E1
1.108227189E2,3.348750305E1,-1.021875000E1,-1.158750057E1
1.108427214E2,3.281250000E1,-9.881250381E0,-1.374375057E1
1.108627757E2,3.328125000E1,-9.750000000E0,-1.261875057E1
1.108827684E2,3.318750000E1,-9.525000572E0,-1.323750019E1
1.109027568E2,3.376875305E1,-9.450000763E0,-1.293750095E1
1.109227429E2,3.307500076E1,-9.300000191E0,-1.365000057E1
1.109427387E2,3.307500076E1,-9.337500572E0,-1.303125095E1
1.109627307E2,3.395625305E1,-9.356250763E0,-1.305000019E1
1.109827219E2,3.305625153E1,-9.018750191E0,-1.312500095E1
1.110026788E2,3.296250153E1,-8.793750763E0,-1.374375057E1
1.110226858E2,3.300000000E1,-9.806250572E0,-1.344375038E1
1.110427002E2,3.279375076E1,-9.581250191E0,-1.374375057E1
1.110627082E2,3.211875153E1,-9.675000191E0,-1.331250095E1
1.110827448E2,3.223125076E1,-9.768750191E0,-1.351875019E1
1.111027465E2,3.249375153E1,-9.468750000E0,-1.374375057E1
1.111227425E2,3.219375229E1,-9.168750763E0,-1.372500038E1
1.111427347E2,3.210000229E1,-9.281250000E0,-1.340625095E1
1.111627352E2,3.249375153E1,-9.206250191E0,-1.301250076E1
1.111827302E2,3.256875229E1,-8.868750572E0,-1.383750057E1
1.112027237E2,3.247500229E1,-8.681250572E0,-1.383750057E1
1.112227254E2,3.151875114E1,-9.150000572E0,-1.359375095E1
1.112427230E2,3.191250038E1,-9.243750572E0,-1.381875038E1
1.112627284E2,3.131250191E1,-8.831250191E0,-1.400625038E1
1.112827288E2,3.161250114E1,-9.093750000E0,-1.455000019E1
1.113027252E2,3.140625191E1,-8.793750763E0,-1.441875076E1
1.113227198E2,3.103125191E1,-9.187500000E0,-1.432500076E1
1.113427212E2,3.114375114E1,-9.056250572E0,-1.494375038E1
1.113627183E2,3.114375114E1,-9.356250763E0,-1.505625057E1
1.113827237E2,3.133125114E1,-9.262500763E0,-1.494375038E1
1.114027804E2,3.082500076E1,-8.643750191E0,-1.503750038E1
1.114227748E2,3.024375153E1,-8.512500763E0,-1.543125057E1
1.114427645E2,3.131250191E1,-8.756250381E0,-1.505625057E1
1.114627514E2,3.033750153E1,-8.718750000E0,-1.533750057E1
1.114827479E2,3.035625076E1,-9.225000381E0,-1.501875019E1
1.115027412E2,2.970000076E1,-9.487500191E0,-1.552500057E1
1.115227325E2,2.977500153E1,-8.962500572E0,-1.605000114E1
1.115426892E2,2.958750153E1,-9.037500381E0,-1.625625038E1
1.115626961E2,2.960625076E1,-9.337500572E0,-1.614375114E1
1.115826989E2,2.930625153E1,-9.431250572E0,-1.623750114E1
1.116027092E2,2.960625076E1,-9.112500191E0,-1.666875076E1
1.116227367E2,2.941875076E1,-9.712500572E0,-1.646250153E1
1.116427315E2,2.911875153E1,-9.412500381E0,-1.644375038E1
1.116627337E2,2.891250038E1,-8.868750572E0,-1.706250000E1
1.116827310E2,2.917500114E1,-8.512500763E0,-1.665000153E1
1.117027360E2,2.880000114E1,-8.700000763E0,-1.663125038E1
1.117227342E2,2.881875038E1,-8.868750572E0,-1.706250000E1
1.117427301E2,2.833125114E1,-9.056250572E0,-1.693125153E1
1.117627337E2,2.823750114E1,-9.131250381E0,-1.725000000E1
1.117827327E2,2.784375191E1,-9.037500381E0,-1.702500153E1
1.118027276E2,2.793750191E1,-8.737500191E0,-1.723125076E1
1.118227306E2,2.863125038E1,-9.431250572E0,-1.591875076E1
1.118427294E2,2.782500076E1,-8.868750572E0,-1.650000000E1
1.118627257E2,2.737500191E1,-9.318750381E0,-1.691250038E1
1.118827286E2,2.793750191E1,-8.925000191E0,-1.734375000E1
1.119027268E2,2.773125076E1,-8.718750000E0,-1.732500076E1
1.119227214E2,2.754375076E1,-8.756250381E0,-1.670625114E1
1.119427234E2,2.724375153E1,-8.625000000E0,-1.700625038E1
1.119627225E2,2.715000153E1,-8.737500191E0,-1.659375000E1
1.119827289E2,2.716875076E1,-9.000000000E0,-1.721250153E1
1.120027298E2,2.716875076E1,-8.981250763E0,-1.753125000E1
1.120227265E2,2.671875191E1,-9.731250763E0,-1.803750038E1
1.120427310E2,2.670000076E1,-9.375000000E0,-1.730625153E1
1.120627307E2,2.688750076E1,-9.300000191E0,-1.710000038E1
1.120827050E2,2.649375153E1,-9.187500000E0,-1.730625153E1
1.121027134E2,2.690625191E1,-9.881250381E0,-1.753125000E1
1.121227164E2,2.728125191E1,-9.281250000E0,-1.764375114E1
1.121427150E2,2.666250038E1,-8.606250763E0,-1.698750114E1
1.121627553E2,2.686875153E1,-8.812500000E0,-1.710000038E1
1.121827598E2,2.666250038E1,-8.493750572E0,-1.719375038E1
1.122027467E2,2.591250038E1,-9.037500381E0,-1.770000076E1
1.122227429E2,2.668125153E1,-8.962500572E0,-1.771875000E1
1.122427354E2,2.621250153E1,-9.450000763E0,-1.760625076E1
1.122627362E2,2.638125038E1,-8.887500763E0,-1.728750038E1
1.122827225E2,2.649375153E1,-9.393750191E0,-1.698750114E1
1.123027300E2,2.630625153E1,-9.337500572E0,-1.792500114E1
1.123227323E2,2.583750153E1,-9.937500000E0,-1.740000153E1
1.123427301E2,2.602500153E1,-9.450000763E0,-1.760625076E1
1.123627244E2,2.621250153E1,-9.131250381E0,-1.813125038E1
1.123827277E2,2.630625153E1,-9.356250763E0,-1.751250076E1
1.124027263E2,2.600625038E1,-9.056250572E0,-1.760625076E1
1.124227209E2,2.666250038E1,-8.643750191E0,-1.803750038E1
1.124427241E2,2.647500038E1,-8.962500572E0,-1.751250076E1
1.124627227E2,2.656875038E1,-8.906250000E0,-1.678125000E1
1.124827279E2,2.572500038E1,-9.225000381E0,-1.770000076E1
1.125027295E2,2.611875153E1,-9.337500572E0,-1.770000076E1
1.125227262E2,2.611875153E1,-9.525000572E0,-1.790625000E1
1.125427306E2,2.632500076E1,-9.525000572E0,-1.813125038E1
1.125627300E2,2.623125076E1,-9.712500572E0,-1.813125038E1
1.125827253E2,2.632500076E1,-9.525000572E0,-1.801875114E1
1.126027293E2,2.643750191E1,-1.014375019E1,-1.771875000E1
1.126227072E2,2.651250076E1,-9.637500763E0,-1.803750038E1
1.126427069E2,2.643750191E1,-9.825000763E0,-1.824375153E1
1.126627148E2,2.660625076E1,-9.450000763E0,-1.771875000E1
1.126827169E2,2.660625076E1,-9.656250000E0,-1.783125114E1
1.127027714E2,2.728125191E1,-9.581250191E0,-1.753125000E1
1.127227640E2,2.700000191E1,-9.337500572E0,-1.815000153E1
1.127427526E2,2.681250191E1,-9.637500763E0,-1.803750038E1
1.127627501E2,2.653125191E1,-9.712500572E0,-1.833750153E1
1.127827438E2,2.664375114E1,-1.048125076E1,-1.721250153E1
1.128027338E2,2.664375114E1,-1.020000076E1,-1.845000076E1
1.128227341E2,2.780625153E1,-1.033125019E1,-1.693125153E1
1.128426869E2,2.685000038E1,-1.063125038E1,-1.805625153E1
1.128626904E2,2.731875038E1,-1.035000038E1,-1.805625153E1
1.128827018E2,2.760000038E1,-1.010625076E1,-1.743750000E1
1.129027076E2,2.730000114E1,-9.881250381E0,-1.764375114E1
1.129227315E2,2.761875153E1,-1.018125057E1,-1.786875153E1
1.129427233E2,2.780625153E1,-1.023750019E1,-1.693125153E1
1.129627234E2,2.731875038E1,-1.016250038E1,-1.775625038E1
1.129827305E2,2.773125076E1,-1.078125000E1,-1.775625038E1
1.130027320E2,2.782500076E1,-1.078125000E1,-1.755000114E1
1.130227273E2,2.803125191E1,-1.066875076E1,-1.807500076E1
1.130427209E2,2.791875076E1,-1.078125000E1,-1.766250038E1
1.130627227E2,2.793750191E1,-1.089375019E1,-1.766250038E1
1.130827203E2,2.765625191E1,-1.138125038E1,-1.755000114E1
1.131027257E2,2.765625191E1,-1.117500019E1,-1.766250038E1
1.131227258E2,2.861250114E1,-1.091250038E1,-1.768125153E1
1.131427222E2,2.823750114E1,-1.110000038E1,-1.756875038E1
1.131627163E2,2.919375038E1,-1.091250038E1,-1.790625000E1
1.131827176E2,2.889375114E1,-1.061250019E1,-1.770000076E1
1.132027261E2,2.926875114E1,-1.066875076E1,-1.708125114E1
1.132227287E2,2.908125114E1,-1.063125038E1,-1.770000076E1
1.132427831E2,2.881875038E1,-1.100625038E1,-1.770000076E1
1.132627756E2,2.919375038E1,-1.115625000E1,-1.708125114E1
1.132827638E2,2.891250038E1,-1.125000000E1,-1.696875000E1
1.133027493E2,2.921250153E1,-1.141875076E1,-1.760625076E1
1.133227449E2,2.932500076E1,-1.141875076E1,-1.781250000E1
1.133427378E2,2.953125191E1,-1.173750019E1,-1.760625076E1
1.133627399E2,2.992500114E1,-1.185000038E1,-1.753125000E1
1.133826937E2,3.030000114E1,-1.141875076E1,-1.835625076E1
1.134026979E2,3.050625038E1,-1.185000038E1,-1.796250153E1
1.134226986E2,3.088125038E1,-1.156875038E1,-1.766250038E1
1.134427074E2,3.116250038E1,-1.117500019E1,-1.796250153E1
1.134627335E2,3.148125076E1,-1.179375076E1,-1.745625114E1
1.134827274E2,3.112500191E1,-1.083750057E1,-1.672500038E1
1.135027294E2,3.097500038E1,-1.175625038E1,-1.631250000E1
1.135227266E2,3.127500153E1,-1.185000038E1,-1.663125038E1
1.135427314E2,3.110625076E1,-1.230000019E1,-1.704375076E1
1.135627297E2,3.148125076E1,-1.205625057E1,-1.642500114E1
1.135827258E2,3.127500153E1,-1.226250076E1,-1.621875000E1
1.136027295E2,3.127500153E1,-1.216875076E1,-1.621875000E1
1.136227283E2,3.073125076E1,-1.291875076E1,-1.651875114E1
1.136427234E2,3.210000229E1,-1.297500038E1,-1.623750114E1
1.136627268E2,3.217500305E1,-1.256250095E1,-1.666875076E1
1.136827258E2,3.226875305E1,-1.228125095E1,-1.635000038E1
1.137027324E2,3.236250305E1,-1.284375095E1,-1.531875038E1
1.137227328E2,3.243750000E1,-1.205625057E1,-1.520625019E1
1.137427288E2,3.255000305E1,-1.224375057E1,-1.563750076E1
1.137627329E2,3.273750305E1,-1.260000038E1,-1.449375057E1
1.137827318E2,3.341250229E1,-1.239375019E1,-1.513125038E1
1.138027271E2,3.273750305E1,-1.237500095E1,-1.511250019E1
1.138227305E2,3.322500229E1,-1.284375095E1,-1.398750019E1
1.138427291E2,3.322500229E1,-1.250625038E1,-1.471875095E1
1.138627239E2,3.320625305E1,-1.220625019E1,-1.481250095E1
1.138827272E2,3.315000153E1,-1.278750038E1,-1.492500019E1
1.139027263E2,3.322500229E1,-1.273125076E1,-1.430625057E1
1.139227005E2,3.391875076E1,-1.276875019E1,-1.391250038E1
1.139427087E2,3.420000076E1,-1.256250095E1,-1.432500076E1
1.139627117E2,3.448125076E1,-1.243125057E1,-1.340625095E1
1.139827215E2,3.397500229E1,-1.211250019E1,-1.348125076E1
1.140027594E2,3.453750229E1,-1.177500057E1,-1.276875019E1
1.140227617E2,3.465000153E1,-1.215000057E1,-1.299375057E1
1.140427578E2,3.485625076E1,-1.237500095E1,-1.258125019E1
1.140627498E2,3.504375076E1,-1.220625019E1,-1.237500095E1
1.140827390E2,3.474375153E1,-1.230000019E1,-1.237500095E1
1.141027364E2,3.436875153E1,-1.269375038E1,-1.205625057E1
1.141227318E2,3.483750153E1,-1.231875038E1,-1.185000038E1
1.141427354E2,3.436875153E1,-1.248750019E1,-1.215000057E1
1.141627345E2,3.495000076E1,-1.286250019E1,-1.123125076E1
1.141827298E2,3.436875153E1,-1.271250057E1,-1.185000038E1
1.142027221E2,3.523125076E1,-1.228125095E1,-1.123125076E1
1.142227239E2,3.511875153E1,-1.209375095E1,-1.102500057E1
1.142427216E2,3.530625153E1,-1.190625000E1,-1.093125057E1
1.142627272E2,3.577500153E1,-1.171875000E1,-1.093125057E1
1.142827277E2,3.556875229E1,-1.143750000E1,-1.061250019E1
1.143027241E2,3.585000229E1,-1.125000000E1,-1.042500019E1
1.143227274E2,3.564375305E1,-1.115625000E1,-1.020000076E1
1.143427276E2,3.545625305E1,-1.115625000E1,-1.008750057E1
1.143627231E2,3.566250229E1,-1.158750057E1,-9.693750381E0
1.143827268E2,3.568125153E1,-1.162500000E1,-1.083750057E1
1.144027258E2,3.536250305E1,-1.123125076E1,-1.040625000E1
1.144227323E2,3.534375000E1,-1.065000057E1,-1.040625000E1
1.144427336E2,3.568125153E1,-1.153125000E1,-1.063125038E1
1.144627089E2,3.607500076E1,-1.175625038E1,-1.021875000E1
1.144827180E2,3.596250153E1,-1.149375057E1,-9.806250572E0
1.145027215E2,3.583125305E1,-1.076250076E1,-1.020000076E1
1.145227203E2,3.603750229E1,-1.095000076E1,-1.051875019E1
1.145427720E2,3.603750229E1,-1.100625038E1,-9.693750381E0
1.145627628E2,3.590625000E1,-1.048125076E1,-9.993750572E0
1.145827499E2,3.622500229E1,-1.078125000E1,-1.010625076E1
1.146027466E2,3.553125000E1,-1.080000019E1,-9.468750000E0
1.146227395E2,3.571875000E1,-1.050000000E1,-9.675000191E0
1.146427283E2,3.498750305E1,-1.130625057E1,-1.081875038E1
1.146627285E2,3.504375076E1,-1.063125038E1,-1.050000000E1
1.146826814E2,3.476250076E1,-1.070625019E1,-1.080000019E1
1.147026965E2,3.504375076E1,-1.051875019E1,-1.050000000E1
1.147227056E2,3.466875076E1,-1.078125000E1,-1.100625038E1
1.147427093E2,3.506250000E1,-1.093125057E1,-1.038750076E1
1.147627313E2,3.457500076E1,-1.076250076E1,-1.141875076E1
1.147827219E2,3.483750153E1,-1.010625076E1,-1.100625038E1
1.148027210E2,3.513750076E1,-1.040625000E1,-1.102500057E1
1.148227275E2,3.493125153E1,-9.900000572E0,-1.100625038E1
1.148427281E2,3.474375153E1,-1.027500057E1,-1.121250057E1
1.148627232E2,3.463125229E1,-1.001250076E1,-1.068750000E1
1.148827168E2,3.463125229E1,-9.656250000E0,-1.151250076E1
1.149027187E2,3.474375153E1,-9.862500191E0,-1.151250076E1
1.149227274E2,3.418125153E1,-1.044375038E1,-1.160625076E1
1.149427304E2,3.405000305E1,-9.731250763E0,-1.170000076E1
1.149627281E2,3.369375229E1,-1.048125076E1,-1.243125057E1
1.149827225E2,3.378750229E1,-1.040625000E1,-1.190625000E1
1.150027153E2,3.339375305E1,-1.027500057E1,-1.220625019E1
1.150227156E2,3.360000229E1,-1.021875000E1,-1.325625038E1
1.150427230E2,3.320625305E1,-1.048125076E1,-1.209375095E1
1.150627250E2,3.301875305E1,-1.046250057E1,-1.230000019E1
1.150827793E2,3.350625229E1,-1.025625038E1,-1.263750076E1
1.151027714E2,3.330000305E1,-1.021875000E1,-1.325625038E1
1.151227595E2,3.223125076E1,-1.020000076E1,-1.301250076E1
1.151427452E2,3.300000000E1,-9.731250763E0,-1.282500076E1
1.151627408E2,3.270000076E1,-9.600000381E0,-1.333125019E1
1.151827343E2,3.232500076E1,-1.020000076E1,-1.290000057E1
1.152027361E2,3.241875076E1,-1.010625076E1,-1.301250076E1
1.152226900E2,3.146250153E1,-1.025625038E1,-1.329375076E1
1.152426943E2,3.202500153E1,-9.843750000E0,-1.372500038E1
1.152627062E2,3.176250076E1,-1.046250057E1,-1.320000076E1
1.152827123E2,3.166875076E1,-1.046250057E1,-1.320000076E1
1.153027476E2,3.135000038E1,-1.016250038E1,-1.308750057E1
1.153227484E2,3.174375153E1,-1.029375076E1,-1.288125038E1
1.153427437E2,3.136875153E1,-1.044375038E1,-1.350000095E1
1.153627353E2,3.165000153E1,-1.012500000E1,-1.381875038E1
1.153827357E2,3.136875153E1,-1.031250000E1,-1.411875057E1
1.154027309E2,3.223125076E1,-9.843750000E0,-1.383750057E1
1.154227354E2,3.146250153E1,-9.918750763E0,-1.402500057E1
1.154427347E2,3.133125114E1,-9.525000572E0,-1.391250038E1
1.154627300E2,3.135000038E1,-1.005000019E1,-1.340625095E1
1.154827337E2,3.146250153E1,-9.918750763E0,-1.411875057E1
1.155027325E2,3.144375038E1,-9.712500572E0,-1.402500057E1
1.155227277E2,3.142500114E1,-9.543750763E0,-1.359375095E1
1.155427212E2,3.123750114E1,-9.881250381E0,-1.276875019E1
1.155627221E2,3.103125191E1,-9.356250763E0,-1.327500057E1
1.155827191E2,3.067500114E1,-1.021875000E1,-1.359375095E1
1.156027242E2,3.125625038E1,-1.012500000E1,-1.370625019E1
1.156227243E2,3.048750114E1,-1.001250076E1,-1.357500076E1
1.156427206E2,3.106875038E1,-1.012500000E1,-1.380000019E1
1.156627249E2,3.069375038E1,-1.016250038E1,-1.441875076E1
1.156827242E2,3.028125191E1,-9.993750572E0,-1.366875076E1
1.157027307E2,3.069375038E1,-1.020000076E1,-1.400625038E1
1.157227318E2,3.086250114E1,-9.881250381E0,-1.432500076E1
1.157427287E2,3.067500114E1,-9.993750572E0,-1.389375019E1
1.157627008E2,3.065625191E1,-9.600000381E0,-1.389375019E1
1.157827075E2,3.086250114E1,-9.600000381E0,-1.421250057E1
1.158027093E2,3.125625038E1,-1.001250076E1,-1.391250038E1
1.158227184E2,3.142500114E1,-9.562500000E0,-1.329375076E1
1.158427558E2,3.121875191E1,-9.243750572E0,-1.370625019E1
1.158627578E2,3.093750191E1,-9.543750763E0,-1.348125076E1
1.158827538E2,3.045000076E1,-9.543750763E0,-1.295625019E1
1.159027456E2,3.082500076E1,-9.262500763E0,-1.306875038E1
1.159227347E2,3.101250076E1,-9.056250572E0,-1.327500057E1
1.159427330E2,3.075000191E1,-9.656250000E0,-1.306875038E1
1.159627399E2,3.112500191E1,-9.262500763E0,-1.306875038E1
1.159827408E2,3.084375191E1,-9.881250381E0,-1.265625095E1
1.160027371E2,3.095625114E1,-9.768750191E0,-1.297500038E1
1.160227303E2,3.065625191E1,-9.618750572E0,-1.348125076E1
1.160427325E2,3.028125191E1,-1.005000019E1,-1.295625019E1
1.160627308E2,3.015000153E1,-9.450000763E0,-1.273125076E1
1.160827251E2,3.009375191E1,-1.021875000E1,-1.314375019E1
1.161027280E2,3.037500191E1,-9.806250572E0,-1.366875076E1
1.161227266E2,3.009375191E1,-1.012500000E1,-1.305000019E1
1.161427213E2,3.056250191E1,-9.956250191E0,-1.295625019E1
1.161627236E2,3.007500076E1,-1.005000019E1,-1.273125076E1
1.161827230E2,3.065625191E1,-9.656250000E0,-1.286250019E1
1.162027297E2,3.065625191E1,-9.675000191E0,-1.263750076E1
1.162227306E2,3.103125191E1,-9.581250191E0,-1.265625095E1
1.162427273E2,3.073125076E1,-9.525000572E0,-1.192500019E1
1.162627318E2,3.091875076E1,-9.300000191E0,-1.233750057E1
1.162827203E2,3.063750076E1,-9.393750191E0,-1.243125057E1
1.163027085E2,3.101250076E1,-9.225000381E0,-1.213125038E1
1.163227166E2,3.043125153E1,-9.112500191E0,-1.181250000E1
1.163427194E2,3.091875076E1,-9.225000381E0,-1.213125038E1
1.163627179E2,3.033750153E1,-9.393750191E0,-1.211250019E1
1.163827690E2,3.016875076E1,-9.787500381E0,-1.222500038E1
1.164027593E2,3.035625076E1,-9.768750191E0,-1.243125057E1
1.164227464E2,3.005625153E1,-9.675000191E0,-1.220625019E1
1.164427427E2,2.977500153E1,-9.750000000E0,-1.252500057E1
1.164627354E2,2.956875038E1,-9.450000763E0,-1.241250038E1
1.164827366E2,2.940000153E1,-1.025625038E1,-1.230000019E1
1.165027341E2,3.005625153E1,-9.562500000E0,-1.241250038E1
1.165226846E2,2.951250076E1,-1.033125019E1,-1.261875057E1
1.165426972E2,2.988750076E1,-9.937500000E0,-1.293750095E1
1.165627046E2,2.951250076E1,-1.023750019E1,-1.271250057E1
1.165827070E2,2.975625038E1,-9.487500191E0,-1.209375095E1
1.166027283E2,2.970000076E1,-1.001250076E1,-1.323750019E1
1.166227292E2,2.996250153E1,-1.001250076E1,-1.158750057E1
1.166427254E2,2.986875153E1,-9.750000000E0,-1.261875057E1
1.166627291E2,3.026250076E1,-9.562500000E0,-1.273125076E1
1.166827279E2,2.956875038E1,-9.543750763E0,-1.261875057E1
1.167027327E2,2.992500114E1,-9.000000000E0,-1.200000000E1
1.167227338E2,2.983125114E1,-8.962500572E0,-1.241250038E1
1.167427299E2,2.986875153E1,-9.693750381E0,-1.179375076E1
1.167627339E2,2.956875038E1,-9.656250000E0,-1.230000019E1
1.167827328E2,2.994375038E1,-9.375000000E0,-1.241250038E1
1.168027277E2,2.956875038E1,-9.543750763E0,-1.250625038E1
1.168227199E2,2.985000038E1,-9.468750000E0,-1.231875038E1
1.168427111E2,2.936250114E1,-9.337500572E0,-1.260000038E1
1.168627106E2,2.977500153E1,-9.525000572E0,-1.293750095E1
1.168827178E2,2.956875038E1,-9.768750191E0,-1.230000019E1
1.169027195E2,2.938125038E1,-9.543750763E0,-1.250625038E1
1.169227736E2,2.917500114E1,-9.318750381E0,-1.280625057E1
1.169427661E2,2.938125038E1,-9.600000381E0,-1.312500095E1
1.169627543E2,2.956875038E1,-9.637500763E0,-1.282500076E1
1.169827515E2,2.919375038E1,-9.806250572E0,-1.291875076E1
1.170027450E2,2.958750153E1,-1.005000019E1,-1.250625038E1
1.170227371E2,2.891250038E1,-1.001250076E1,-1.280625057E1
1.170427371E2,2.966250038E1,-9.300000191E0,-1.335000038E1
1.170626892E2,2.985000038E1,-9.356250763E0,-1.273125076E1
1.170826922E2,3.005625153E1,-9.468750000E0,-1.252500057E1
1.171027034E2,3.015000153E1,-9.243750572E0,-1.293750095E1
1.171227089E2,2.955000114E1,-9.056250572E0,-1.239375019E1
1.171427437E2,3.005625153E1,-9.375000000E0,-1.252500057E1
1.171627440E2,3.045000076E1,-9.468750000E0,-1.275000095E1
1.171827394E2,3.005625153E1,-9.487500191E0,-1.200000000E1
1.172027422E2,2.992500114E1,-8.981250763E0,-1.209375095E1
1.172227399E2,3.033750153E1,-9.375000000E0,-1.252500057E1
1.172427323E2,3.063750076E1,-9.468750000E0,-1.284375095E1
1.172627240E2,3.024375153E1,-9.506250381E0,-1.190625000E1
1.172827247E2,3.022500038E1,-9.093750000E0,-1.231875038E1
1.173027213E2,2.994375038E1,-9.412500381E0,-1.168125057E1
1.173227260E2,3.024375153E1,-9.506250381E0,-1.200000000E1
1.173427258E2,3.091875076E1,-9.393750191E0,-1.245000076E1
1.173627334E2,3.075000191E1,-9.675000191E0,-1.265625095E1
1.173827252E2,3.026250076E1,-9.993750572E0,-1.201875019E1
1.174027243E2,3.046875191E1,-1.005000019E1,-1.275000095E1
1.174227196E2,3.045000076E1,-9.693750381E0,-1.222500038E1
1.174427234E2,3.035625076E1,-9.787500381E0,-1.231875038E1
1.174627213E2,3.016875076E1,-9.881250381E0,-1.231875038E1
1.174827171E2,3.054375076E1,-9.393750191E0,-1.222500038E1
1.175027209E2,3.046875191E1,-9.993750572E0,-1.213125038E1
1.175227202E2,3.093750191E1,-9.618750572E0,-1.203750038E1
1.175427267E2,3.073125076E1,-9.356250763E0,-1.306875038E1
1.175627278E2,3.082500076E1,-9.487500191E0,-1.245000076E1
1.175827246E2,3.065625191E1,-9.806250572E0,-1.222500038E1
1.176026968E2,3.091875076E1,-9.375000000E0,-1.110000038E1
1.176227037E2,3.075000191E1,-9.918750763E0,-1.192500019E1
1.176427055E2,3.082500076E1,-9.525000572E0,-1.192500019E1
1.176627145E2,3.075000191E1,-9.787500381E0,-1.233750057E1
1.176827517E2,3.073125076E1,-9.393750191E0,-1.254375076E1
1.177027539E2,3.005625153E1,-9.693750381E0,-1.211250019E1
1.177227498E2,3.084375191E1,-9.825000763E0,-1.192500019E1
1.177427417E2,3.065625191E1,-9.900000572E0,-1.222500038E1
1.177627420E2,3.054375076E1,-9.675000191E0,-1.243125057E1
1.177827367E2,3.056250191E1,-9.768750191E0,-1.263750076E1
1.178027413E2,3.007500076E1,-9.881250381E0,-1.211250019E1
1.178227404E2,3.037500191E1,-1.014375019E1,-1.305000019E1
1.178427357E2,3.016875076E1,-1.008750057E1,-1.222500038E1
1.178627279E2,2.988750076E1,-9.825000763E0,-1.303125095E1
1.178827291E2,3.035625076E1,-9.881250381E0,-1.222500038E1
1.179027266E2,3.000000191E1,-1.042500019E1,-1.305000019E1
1.179227208E2,2.998125076E1,-9.825000763E0,-1.305000019E1
1.179427237E2,3.018750191E1,-1.003125000E1,-1.305000019E1
1.179627222E2,3.016875076E1,-9.825000763E0,-1.325625038E1
1.179827282E2,3.086250114E1,-9.825000763E0,-1.368750095E1
1.180027284E2,3.037500191E1,-9.993750572E0,-1.368750095E1
1.180227368E2,3.028125191E1,-9.787500381E0,-1.378125095E1
1.180427387E2,3.063750076E1,-9.431250572E0,-1.327500057E1
1.180627358E2,3.007500076E1,-9.506250381E0,-1.346250057E1
1.180827294E2,3.065625191E1,-9.543750763E0,-1.306875038E1
1.181027317E2,3.123750114E1,-9.431250572E0,-1.359375095E1
1.181227297E2,3.056250191E1,-9.768750191E0,-1.263750076E1
1.181427025E2,3.054375076E1,-9.675000191E0,-1.254375076E1
1.181627102E2,3.075000191E1,-9.656250000E0,-1.306875038E1
1.181827127E2,3.116250038E1,-9.825000763E0,-1.380000019E1
1.182027224E2,3.026250076E1,-9.618750572E0,-1.325625038E1
1.182227713E2,3.035625076E1,-9.731250763E0,-1.316250038E1
1.182427597E2,2.988750076E1,-9.993750572E0,-1.366875076E1
1.182627565E2,3.018750191E1,-1.001250076E1,-1.346250057E1
1.182827488E2,2.979375076E1,-1.008750057E1,-1.355625057E1
1.183027385E2,3.009375191E1,-9.900000572E0,-1.357500076E1
1.183227360E2,2.962500191E1,-1.038750076E1,-1.335000038E1
1.183427317E2,3.011250114E1,-1.036875057E1,-1.398750019E1
1.183626812E2,2.981250191E1,-1.016250038E1,-1.396875095E1
1.183826932E2,3.011250114E1,-1.012500000E1,-1.492500019E1
1.184027001E2,2.990625191E1,-1.012500000E1,-1.460625076E1
1.184227021E2,2.981250191E1,-1.046250057E1,-1.396875095E1
1.184427231E2,3.001875114E1,-1.046250057E1,-1.419375038E1
1.184627357E2,3.020625114E1,-9.918750763E0,-1.513125038E1
1.184827407E2,3.011250114E1,-1.035000038E1,-1.440000057E1
1.185027399E2,3.039375114E1,-1.005000019E1,-1.451250076E1
1.185227345E2,2.988750076E1,-9.656250000E0,-1.417500019E1
1.185427371E2,3.067500114E1,-9.843750000E0,-1.503750038E1
1.185627351E2,3.011250114E1,-1.031250000E1,-1.501875019E1
1.185827288E2,3.035625076E1,-8.943750381E0,-1.481250095E1
1.186027311E2,3.000000191E1,-9.731250763E0,-1.470000076E1
1.186227292E2,2.998125076E1,-9.768750191E0,-1.396875095E1
1.186427234E2,3.037500191E1,-9.750000000E0,-1.451250076E1
1.186627155E2,3.054375076E1,-9.056250572E0,-1.481250095E1
1.186827067E2,3.026250076E1,-9.262500763E0,-1.449375057E1
1.187027059E2,3.026250076E1,-9.487500191E0,-1.398750019E1
1.187227132E2,3.018750191E1,-9.525000572E0,-1.513125038E1
1.187427150E2,3.016875076E1,-9.243750572E0,-1.481250095E1
1.187627693E2,3.007500076E1,-9.450000763E0,-1.460625076E1
1.187827618E2,3.045000076E1,-8.850000381E0,-1.471875095E1
1.188027503E2,2.998125076E1,-9.506250381E0,-1.522500038E1
1.188227477E2,3.026250076E1,-9.243750572E0,-1.492500019E1
1.188427411E2,3.067500114E1,-9.750000000E0,-1.483125019E1
1.188627335E2,3.030000114E1,-1.010625076E1,-1.513125038E1
1.188827220E2,3.018750191E1,-9.731250763E0,-1.471875095E1
1.189026880E2,2.992500114E1,-1.029375076E1,-1.522500038E1
1.189226907E2,2.992500114E1,-1.020000076E1,-1.533750057E1
1.189427012E2,3.003750038E1,-1.102500057E1,-1.460625076E1
1.189627065E2,2.966250038E1,-1.119375038E1,-1.481250095E1
1.189827412E2,2.996250153E1,-1.110000038E1,-1.492500019E1
1.190027413E2,3.020625114E1,-1.201875019E1,-1.650000000E1
1.190227362E2,2.988750076E1,-1.156875038E1,-1.545000076E1
1.190427389E2,2.941875076E1,-1.215000057E1,-1.554375076E1
1.190627367E2,2.979375076E1,-1.196250057E1,-1.545000076E1
1.190827288E2,2.902500153E1,-1.207500076E1,-1.479375076E1
1.191027315E2,2.941875076E1,-1.201875019E1,-1.584375095E1
1.191227295E2,2.928750038E1,-1.171875000E1,-1.438125038E1
1.191427237E2,2.968125153E1,-1.166250038E1,-1.366875076E1
1.191627265E2,2.940000153E1,-1.183125019E1,-1.408125019E1
1.191827247E2,2.910000038E1,-1.201875019E1,-1.408125019E1
1.192027198E2,2.940000153E1,-1.183125019E1,-1.396875095E1
1.192227247E2,2.889375114E1,-1.175625038E1,-1.353750038E1
1.192427229E2,2.926875114E1,-1.147500038E1,-1.344375038E1
1.192627288E2,2.930625153E1,-1.194375038E1,-1.387500095E1
1.192827294E2,2.919375038E1,-1.171875000E1,-1.408125019E1
1.193027252E2,2.960625076E1,-1.226250076E1,-1.357500076E1
1.193227186E2,2.958750153E1,-1.173750019E1,-1.408125019E1
1.193427204E2,2.928750038E1,-1.151250076E1,-1.428750038E1
1.193627180E2,2.926875114E1,-1.132500076E1,-1.428750038E1
1.193827235E2,2.908125114E1,-1.145625019E1,-1.365000057E1
1.194027240E2,2.994375038E1,-1.085625076E1,-1.408125019E1
1.194227204E2,3.015000153E1,-1.091250038E1,-1.503750038E1
1.194426922E2,3.048750114E1,-9.750000000E0,-1.483125019E1
1.194626989E2,3.060000038E1,-1.035000038E1,-1.471875095E1
1.194827123E2,3.153750038E1,-9.393750191E0,-1.453125095E1
1.195027190E2,3.163125038E1,-9.056250572E0,-1.526250076E1
1.195227539E2,3.176250076E1,-7.668750286E0,-1.526250076E1
1.195427540E2,3.159375191E1,-8.043750763E0,-1.556250095E1
1.195627487E2,3.204375076E1,-7.706250191E0,-1.505625057E1
1.195827395E2,3.189375114E1,-8.437500000E0,-1.599375057E1
1.196027391E2,3.195000076E1,-7.387500286E0,-1.516875076E1
1.196227333E2,3.196875191E1,-8.193750381E0,-1.485000038E1
1.196427374E2,3.243750000E1,-7.593750477E0,-1.516875076E1
1.196627364E2,3.168750191E1,-7.931250095E0,-1.588125038E1
1.196827315E2,3.195000076E1,-7.687500477E0,-1.516875076E1
1.197027348E2,3.187500191E1,-7.893750191E0,-1.496250057E1
1.197227335E2,3.159375191E1,-8.268750191E0,-1.505625057E1
1.197427399E2,3.159375191E1,-8.287500381E0,-1.473750019E1
1.197627410E2,3.129375076E1,-8.175000191E0,-1.494375038E1
1.197827372E2,3.138750076E1,-8.043750763E0,-1.556250095E1
1.198027301E2,3.131250191E1,-8.362500191E0,-1.524375057E1
1.198227320E2,3.084375191E1,-8.831250191E0,-1.524375057E1
1.198427288E2,3.101250076E1,-8.587500572E0,-1.451250076E1
1.198627235E2,3.054375076E1,-8.718750000E0,-1.554375076E1
1.198827264E2,3.015000153E1,-8.850000381E0,-1.481250095E1
1.199027248E2,3.015000153E1,-8.812500000E0,-1.522500038E1
1.199227197E2,3.056250191E1,-9.675000191E0,-1.441875076E1
1.199427233E2,2.979375076E1,-9.618750572E0,-1.490625095E1
1.199627228E2,2.968125153E1,-9.300000191E0,-1.520625019E1
1.199826968E2,2.883750153E1,-1.018125057E1,-1.498125076E1
1.200027052E2,2.896875191E1,-1.083750057E1,-1.550625038E1
1.200227087E2,2.810625076E1,-1.108125019E1,-1.601250076E1
1.200427189E2,2.801250076E1,-1.134375000E1,-1.496250057E1
1.200627681E2,2.686875153E1,-1.188750076E1,-1.524375057E1
1.200827568E2,2.716875076E1,-1.200000000E1,-1.515000057E1
1.201027535E2,2.649375153E1,-1.213125038E1,-1.597500038E1
1.201227460E2,2.677500153E1,-1.183125019E1,-1.597500038E1
1.201427353E2,2.696250153E1,-1.134375000E1,-1.597500038E1
1.201627328E2,2.733750153E1,-1.104375076E1,-1.629375076E1
1.201827286E2,2.731875038E1,-1.061250019E1,-1.681875038E1
1.202027436E2,2.818125153E1,-9.956250191E0,-1.663125038E1
1.202227403E2,2.711250114E1,-1.021875000E1,-1.680000114E1
1.202427333E2,2.806875038E1,-9.731250763E0,-1.713750076E1
1.202627352E2,2.784375191E1,-9.150000572E0,-1.681875038E1
1.202827443E2,2.746875191E1,-9.318750381E0,-1.723125076E1
1.203027471E2,2.795625114E1,-9.393750191E0,-1.620000076E1
1.203227446E2,2.735625076E1,-9.262500763E0,-1.629375076E1
1.203427388E2,2.765625191E1,-9.281250000E0,-1.620000076E1
1.203627297E2,2.709375191E1,-9.637500763E0,-1.648125076E1
1.203827291E2,2.737500191E1,-9.431250572E0,-1.670625114E1
1.204027376E2,2.748750114E1,-9.918750763E0,-1.691250038E1
1.204227286E2,2.814375114E1,-9.243750572E0,-1.693125153E1
1.204427291E2,2.805000114E1,-9.150000572E0,-1.693125153E1
1.204627256E2,2.823750114E1,-8.962500572E0,-1.693125153E1
1.204827301E2,2.805000114E1,-9.131250381E0,-1.734375000E1
1.205027192E2,2.842500114E1,-8.925000191E0,-1.745625114E1
1.205227077E2,2.812500191E1,-8.850000381E0,-1.702500153E1
1.205427163E2,2.851875114E1,-8.868750572E0,-1.672500038E1
1.205627195E2,2.833125114E1,-9.056250572E0,-1.693125153E1
1.205827181E2,2.821875191E1,-8.906250000E0,-1.620000076E1
1.206027808E2,2.805000114E1,-9.281250000E0,-1.651875114E1
1.206227688E2,2.910000038E1,-8.868750572E0,-1.726875114E1
1.206427535E2,2.872500038E1,-9.093750000E0,-1.642500114E1
1.206627479E2,2.910000038E1,-9.000000000E0,-1.653750038E1
1.206827393E2,2.928750038E1,-8.756250381E0,-1.591875076E1
1.207027381E2,2.986875153E1,-8.662500381E0,-1.614375114E1
1.207227353E2,2.917500114E1,-8.456250191E0,-1.571250057E1
1.207426852E2,2.994375038E1,-8.381250381E0,-1.593750095E1
1.207626981E2,3.005625153E1,-8.662500381E0,-1.625625038E1
1.207827052E2,3.035625076E1,-8.700000763E0,-1.554375076E1
1.208027076E2,3.013125038E1,-8.400000572E0,-1.552500057E1
1.208227399E2,2.996250153E1,-8.700000763E0,-1.552500057E1
1.208427387E2,3.103125191E1,-9.093750000E0,-1.421250057E1
1.208627324E2,3.024375153E1,-8.643750191E0,-1.470000076E1
1.208827342E2,3.024375153E1,-8.512500763E0,-1.531875038E1
1.209027316E2,3.045000076E1,-8.737500191E0,-1.513125038E1
1.209227240E2,2.966250038E1,-8.718750000E0,-1.488750076E1
1.209427268E2,3.015000153E1,-8.718750000E0,-1.531875038E1
1.209627245E2,2.998125076E1,-9.412500381E0,-1.522500038E1
1.209827301E2,2.928750038E1,-9.187500000E0,-1.509375095E1
1.210027306E2,2.926875114E1,-8.906250000E0,-1.477500057E1
1.210227267E2,2.970000076E1,-9.562500000E0,-1.584375095E1
1.210427312E2,2.951250076E1,-9.750000000E0,-1.593750095E1
1.210627320E2,2.941875076E1,-9.768750191E0,-1.541250038E1
1.210827270E2,2.900625038E1,-9.243750572E0,-1.571250057E1
1.211027300E2,2.833125114E1,-9.637500763E0,-1.537500095E1
1.211227285E2,2.923125076E1,-9.750000000E0,-1.561875057E1
1.211427220E2,2.872500038E1,-9.506250381E0,-1.621875000E1
1.211627257E2,2.842500114E1,-9.112500191E0,-1.610625076E1
1.211827244E2,2.853750038E1,-9.487500191E0,-1.663125038E1
1.212027307E2,2.863125038E1,-9.262500763E0,-1.695000076E1
1.212227316E2,2.836875153E1,-9.937500000E0,-1.704375076E1
1.212427281E2,2.823750114E1,-9.150000572E0,-1.713750076E1
1.212627213E2,2.709375191E1,-9.525000572E0,-1.691250038E1
1.212826913E2,2.756250191E1,-9.131250381E0,-1.702500153E1
1.213026963E2,2.700000191E1,-9.487500191E0,-1.732500076E1
1.213227086E2,2.748750114E1,-9.506250381E0,-1.743750000E1
1.213427144E2,2.718750191E1,-9.600000381E0,-1.732500076E1
1.213627492E2,2.658750153E1,-9.056250572E0,-1.792500114E1
1.213827491E2,2.681250191E1,-9.412500381E0,-1.865625000E1
1.214027436E2,2.670000076E1,-9.318750381E0,-1.835625076E1
1.214227344E2,2.632500076E1,-9.525000572E0,-1.822500038E1
1.214427346E2,2.690625191E1,-9.412500381E0,-1.876875114E1
1.214627287E2,2.613750076E1,-9.881250381E0,-1.854375076E1
1.214827219E2,2.632500076E1,-9.506250381E0,-1.854375076E1
1.215027348E2,2.602500153E1,-9.356250763E0,-1.916250038E1
1.215227298E2,2.643750191E1,-9.562500000E0,-1.906875038E1
1.215427331E2,2.653125191E1,-9.600000381E0,-1.875000000E1
1.215627315E2,2.640000153E1,-8.868750572E0,-1.927500153E1
1.215827377E2,2.700000191E1,-9.375000000E0,-1.918125153E1
1.216027271E2,2.666250038E1,-8.400000572E0,-1.895625114E1
1.216227257E2,2.610000038E1,-8.756250381E0,-1.936875153E1
1.216427207E2,2.660625076E1,-8.943750381E0,-1.959375000E1
1.216627242E2,2.698125076E1,-8.775000572E0,-1.929375076E1
1.216827219E2,2.647500038E1,-8.381250381E0,-1.906875038E1
1.217027178E2,2.668125153E1,-8.568750381E0,-1.927500153E1
1.217227218E2,2.686875153E1,-8.381250381E0,-1.918125153E1
1.217427208E2,2.666250038E1,-8.400000572E0,-1.895625114E1
1.217627276E2,2.647500038E1,-8.587500572E0,-1.906875038E1
1.217827285E2,2.671875191E1,-9.337500572E0,-1.980000114E1
1.218027254E2,2.658750153E1,-8.568750381E0,-1.936875153E1
1.218227088E2,2.628750038E1,-8.681250572E0,-1.905000114E1
1.218427130E2,2.735625076E1,-8.868750572E0,-1.815000153E1
1.218627128E2,2.621250153E1,-8.850000381E0,-1.957500076E1
1.218827200E2,2.677500153E1,-8.437500000E0,-1.989375114E1
1.219027673E2,2.630625153E1,-8.737500191E0,-1.957500076E1
1.219227544E2,2.718750191E1,-8.756250381E0,-2.002500153E1
1.219427500E2,2.700000191E1,-9.018750191E0,-2.023125076E1
1.219627416E2,2.728125191E1,-8.981250763E0,-1.961250114E1
1.219827420E2,2.726250076E1,-8.456250191E0,-2.002500153E1
1.220027368E2,2.746875191E1,-8.587500572E0,-1.950000000E1
1.220227304E2,2.705625153E1,-8.381250381E0,-1.929375076E1
1.220427435E2,2.686875153E1,-8.381250381E0,-1.927500153E1
1.220627387E2,2.718750191E1,-8.775000572E0,-1.950000000E1
1.220827307E2,2.716875076E1,-8.681250572E0,-1.938750076E1
1.221027320E2,2.735625076E1,-8.400000572E0,-1.918125153E1
1.221227404E2,2.670000076E1,-8.868750572E0,-1.938750076E1
1.221427430E2,2.707500076E1,-8.718750000E0,-1.876875114E1
1.221627406E2,2.707500076E1,-9.037500381E0,-1.845000076E1
1.221827344E2,2.660625076E1,-8.981250763E0,-1.906875038E1
1.222027367E2,2.701875114E1,-9.468750000E0,-1.929375076E1
1.222227343E2,2.651250076E1,-9.281250000E0,-1.906875038E1
1.222427404E2,2.606250191E1,-9.806250572E0,-1.978125000E1
1.222627407E2,2.641875076E1,-9.450000763E0,-1.948125076E1
1.222827369E2,2.671875191E1,-9.543750763E0,-1.959375000E1
1.223027297E2,2.630625153E1,-9.037500381E0,-1.968750000E1
1.223227315E2,2.683125114E1,-9.618750572E0,-2.000625038E1
1.223427293E2,2.632500076E1,-9.431250572E0,-1.980000114E1
1.223627251E2,2.660625076E1,-9.150000572E0,-1.959375000E1
1.223827275E2,2.640000153E1,-8.643750191E0,-1.957500076E1
1.224027258E2,2.681250191E1,-9.337500572E0,-1.980000114E1
1.224227205E2,2.690625191E1,-9.262500763E0,-1.938750076E1
1.224427802E2,2.688750076E1,-8.681250572E0,-1.927500153E1
1.224627663E2,2.688750076E1,-8.756250381E0,-1.970625114E1
1.224827607E2,2.728125191E1,-8.887500763E0,-1.940625000E1
1.225027515E2,2.698125076E1,-8.868750572E0,-1.938750076E1
1.225227399E2,2.765625191E1,-8.718750000E0,-1.899375153E1
1.225427370E2,2.726250076E1,-8.606250763E0,-1.908750153E1
1.225627326E2,2.756250191E1,-8.906250000E0,-1.920000076E1
1.225826819E2,2.786250114E1,-8.793750763E0,-1.942500114E1
1.226026936E2,2.786250114E1,-9.131250381E0,-1.899375153E1
1.226227004E2,2.776875114E1,-9.018750191E0,-1.890000153E1
1.226427026E2,2.707500076E1,-8.700000763E0,-1.897500038E1
1.226627350E2,2.795625114E1,-8.812500000E0,-1.931250000E1
1.226827336E2,2.786250114E1,-9.018750191E0,-1.910625076E1
1.227027389E2,2.786250114E1,-9.037500381E0,-1.890000153E1
1.227227384E2,2.806875038E1,-9.150000572E0,-1.860000038E1
1.227427337E2,2.769375038E1,-9.525000572E0,-1.890000153E1
1.227627357E2,2.816250038E1,-9.225000381E0,-1.921875000E1
1.227827344E2,2.806875038E1,-9.018750191E0,-1.931250000E1
1.228027288E2,2.737500191E1,-8.906250000E0,-1.920000076E1
1.228227317E2,2.784375191E1,-8.643750191E0,-1.878750038E1
1.228427300E2,2.911875153E1,-8.718750000E0,-1.820625114E1
1.228627244E2,2.844375038E1,-8.962500572E0,-1.860000038E1
1.228827167E2,2.872500038E1,-8.868750572E0,-1.882500076E1
1.229027189E2,2.883750153E1,-8.868750572E0,-1.871250153E1
1.229227156E2,2.793750191E1,-8.568750381E0,-1.848750114E1
1.229427206E2,2.855625153E1,-9.168750763E0,-1.860000038E1
1.229627209E2,2.816250038E1,-9.337500572E0,-1.880625153E1
1.229827848E2,2.805000114E1,-8.868750572E0,-1.848750114E1
1.230027736E2,2.786250114E1,-9.037500381E0,-1.890000153E1
1.230227587E2,2.848125076E1,-9.656250000E0,-1.882500076E1
1.230427534E2,2.790000153E1,-9.843750000E0,-1.869375038E1
1.230627449E2,2.829375076E1,-9.731250763E0,-1.912500000E1
1.230827340E2,2.829375076E1,-9.731250763E0,-1.901250076E1
1.231027334E2,2.827500153E1,-9.543750763E0,-1.880625153E1
1.231226963E2,2.808750153E1,-9.637500763E0,-1.890000153E1
1.231426965E2,2.818125153E1,-9.431250572E0,-1.912500000E1
1.231627055E2,2.806875038E1,-9.225000381E0,-1.901250076E1
1.231827091E2,2.797500038E1,-9.487500191E0,-1.775625038E1
1.232027538E2,2.816250038E1,-9.075000763E0,-1.839375114E1
1.232227509E2,2.844375038E1,-9.187500000E0,-1.818750000E1
1.232427434E2,2.816250038E1,-9.056250572E0,-1.860000038E1
1.232627438E2,2.816250038E1,-9.281250000E0,-1.818750000E1
1.232827398E2,2.806875038E1,-9.337500572E0,-1.880625153E1
1.233027312E2,2.836875153E1,-9.675000191E0,-1.830000114E1
1.233227330E2,2.752500153E1,-1.001250076E1,-1.878750038E1
1.233427302E2,2.778750038E1,-9.337500572E0,-1.878750038E1
1.233627242E2,2.750625038E1,-9.900000572E0,-1.899375153E1
1.233827270E2,2.709375191E1,-9.431250572E0,-1.835625076E1
1.234027253E2,2.743125153E1,-9.975000381E0,-1.931250000E1
1.234227316E2,2.780625153E1,-9.581250191E0,-1.951875114E1
1.234427324E2,2.673750114E1,-9.881250381E0,-1.897500038E1
1.234627287E2,2.720625114E1,-9.506250381E0,-1.899375153E1
1.234827331E2,2.701875114E1,-9.487500191E0,-1.908750153E1
1.235027325E2,2.700000191E1,-9.375000000E0,-1.938750076E1
1.235227267E2,2.737500191E1,-9.000000000E0,-1.920000076E1
1.235427197E2,2.728125191E1,-8.868750572E0,-1.961250114E1
1.235627214E2,2.709375191E1,-8.868750572E0,-1.950000000E1
1.235827188E2,2.700000191E1,-9.262500763E0,-1.950000000E1
1.236027243E2,2.707500076E1,-8.550000191E0,-1.991250038E1
1.236227245E2,2.632500076E1,-9.225000381E0,-2.000625038E1
1.236427211E2,2.640000153E1,-8.756250381E0,-1.948125076E1
1.236627043E2,2.563125038E1,-9.018750191E0,-1.966875076E1
1.236827085E2,2.611875153E1,-9.018750191E0,-1.998750114E1
1.237027196E2,2.681250191E1,-8.906250000E0,-2.053125000E1
1.237227244E2,2.681250191E1,-9.112500191E0,-2.032500076E1
1.237427691E2,2.653125191E1,-9.093750000E0,-2.062500000E1
1.237627658E2,2.698125076E1,-8.456250191E0,-1.970625114E1
1.237827572E2,2.658750153E1,-8.625000000E0,-2.010000038E1
1.238027453E2,2.696250153E1,-8.362500191E0,-1.970625114E1
1.238227428E2,2.666250038E1,-8.025000572E0,-2.021250153E1
1.238427362E2,2.842500114E1,-8.587500572E0,-1.839375114E1
1.238627281E2,2.668125153E1,-8.343750000E0,-2.000625038E1
1.238827400E2,2.707500076E1,-8.587500572E0,-1.938750076E1
1.239027344E2,2.619375038E1,-8.400000572E0,-2.051250076E1
1.239227261E2,2.715000153E1,-8.287500381E0,-1.950000000E1
1.239427270E2,2.640000153E1,-8.400000572E0,-2.030625153E1
1.239627354E2,2.696250153E1,-8.268750191E0,-1.959375000E1
1.239827380E2,2.823750114E1,-8.456250191E0,-1.869375038E1
1.240027357E2,2.756250191E1,-8.493750572E0,-1.950000000E1
1.240227297E2,2.698125076E1,-8.606250763E0,-2.064375114E1
1.240427322E2,2.883750153E1,-8.587500572E0,-2.038125038E1
1.240627294E2,2.911875153E1,-8.587500572E0,-1.861875153E1
1.240827244E2,2.880000114E1,-8.643750191E0,-1.736250114E1
1.241027279E2,2.949375153E1,-8.568750381E0,-1.738125038E1
1.241227266E2,2.968125153E1,-8.362500191E0,-1.758750153E1
1.241427215E2,2.891250038E1,-8.231250763E0,-1.953750038E1
1.241627251E2,2.998125076E1,-8.775000572E0,-1.771875000E1
1.241827242E2,2.784375191E1,-8.681250572E0,-1.805625153E1
1.242027094E2,2.821875191E1,-8.268750191E0,-1.848750114E1
1.242227152E2,2.821875191E1,-8.493750572E0,-1.816875076E1
1.242427161E2,2.870625114E1,-8.625000000E0,-1.768125153E1
1.242627243E2,2.851875114E1,-8.962500572E0,-1.715625000E1
1.242827832E2,2.893125153E1,-9.168750763E0,-1.695000076E1
1.243027678E2,2.853750038E1,-9.168750763E0,-1.695000076E1
1.243227612E2,2.968125153E1,-8.831250191E0,-1.646250153E1
1.243427510E2,3.065625191E1,-9.150000572E0,-1.503750038E1
1.243627387E2,3.101250076E1,-8.681250572E0,-1.451250076E1
1.243827360E2,2.928750038E1,-9.075000763E0,-1.530000019E1
1.244027306E2,2.988750076E1,-9.281250000E0,-1.563750076E1
1.244226903E2,3.018750191E1,-9.618750572E0,-1.501875019E1
1.244426990E2,3.000000191E1,-9.600000381E0,-1.522500038E1
1.244627031E2,3.001875114E1,-1.010625076E1,-1.513125038E1
1.244827144E2,3.041250038E1,-1.023750019E1,-1.483125019E1
1.245027426E2,3.018750191E1,-9.656250000E0,-1.428750038E1
1.245227376E2,3.013125038E1,-1.051875019E1,-1.492500019E1
1.245427399E2,3.018750191E1,-9.975000381E0,-1.398750019E1
1.245627373E2,3.046875191E1,-9.900000572E0,-1.378125095E1
1.245827310E2,3.114375114E1,-9.975000381E0,-1.297500038E1
1.246027317E2,3.088125038E1,-1.012500000E1,-1.338750076E1
1.246227296E2,3.146250153E1,-1.057500076E1,-1.308750057E1
1.246427237E2,3.204375076E1,-1.006875038E1,-1.331250095E1
1.246627265E2,3.163125038E1,-9.900000572E0,-1.278750038E1
1.246827249E2,3.116250038E1,-1.027500057E1,-1.288125038E1
1.247027308E2,3.174375153E1,-1.020000076E1,-1.258125019E1
1.247227319E2,3.271875000E1,-1.055625057E1,-1.218750095E1
1.247427297E2,3.153750038E1,-1.010625076E1,-1.246875095E1
1.247627335E2,3.148125076E1,-1.080000019E1,-1.237500095E1
1.247827323E2,3.183750153E1,-1.012500000E1,-1.246875095E1
1.248027273E2,3.204375076E1,-1.074375057E1,-1.216875076E1
1.248227870E2,3.213750076E1,-1.042500019E1,-1.237500095E1
1.248427730E2,3.279375076E1,-1.033125019E1,-1.095000076E1
1.248627559E2,3.260625076E1,-9.862500191E0,-1.218750095E1
1.248827493E2,3.210000229E1,-9.881250381E0,-1.155000019E1
1.249027398E2,3.339375305E1,-1.008750057E1,-1.200000000E1
1.249227287E2,3.376875305E1,-1.036875057E1,-1.076250076E1
1.249427166E2,3.425625229E1,-1.040625000E1,-1.057500076E1
1.249626938E2,3.191250038E1,-9.956250191E0,-1.196250057E1
1.249827051E2,3.251250076E1,-1.018125057E1,-1.166250038E1
1.250027112E2,3.221250153E1,-1.018125057E1,-1.166250038E1
1.250227125E2,3.288750076E1,-9.993750572E0,-1.168125057E1
1.250427551E2,3.211875153E1,-9.862500191E0,-1.185000038E1
1.250627502E2,3.296250153E1,-9.525000572E0,-1.147500038E1
1.250827410E2,3.238125229E1,-9.618750572E0,-1.125000000E1
1.251027404E2,3.247500229E1,-9.337500572E0,-1.093125057E1
1.251227359E2,3.277500153E1,-9.825000763E0,-1.115625000E1
1.251427276E2,3.238125229E1,-9.731250763E0,-1.104375076E1
1.251627290E2,3.208125305E1,-9.431250572E0,-1.091250038E1
1.251827374E2,3.226875305E1,-9.468750000E0,-1.008750057E1
1.252027398E2,3.258750153E1,-9.731250763E0,-1.104375076E1
1.252227376E2,3.181875038E1,-9.975000381E0,-1.153125000E1
1.252427316E2,3.240000153E1,-9.937500000E0,-1.072500038E1
1.252627344E2,3.249375153E1,-9.806250572E0,-1.145625019E1
1.252827326E2,3.296250153E1,-9.225000381E0,-1.125000000E1
1.253027268E2,3.266250229E1,-9.243750572E0,-1.072500038E1
1.253227297E2,3.285000229E1,-8.943750381E0,-1.113750076E1
1.253427282E2,3.255000305E1,-9.037500381E0,-1.104375076E1
1.253627217E2,3.217500305E1,-9.318750381E0,-1.113750076E1
1.253827142E2,3.238125229E1,-9.468750000E0,-1.207500076E1
1.254027156E2,3.225000000E1,-8.925000191E0,-1.102500057E1
1.254227134E2,3.168750191E1,-9.150000572E0,-1.215000057E1
1.254427190E2,3.219375229E1,-9.375000000E0,-1.164375019E1
1.254627194E2,3.189375114E1,-9.468750000E0,-1.173750019E1
1.254827162E2,3.210000229E1,-9.768750191E0,-1.175625038E1
1.255026995E2,3.168750191E1,-8.962500572E0,-1.173750019E1
1.255227039E2,3.217500305E1,-9.075000763E0,-1.175625038E1
1.255427153E2,3.217500305E1,-8.981250763E0,-1.185000038E1
1.255627205E2,3.236250305E1,-8.868750572E0,-1.216875076E1
1.255827654E2,3.159375191E1,-9.243750572E0,-1.205625057E1
1.256027617E2,3.178125191E1,-9.018750191E0,-1.256250095E1
1.256227531E2,3.121875191E1,-9.093750000E0,-1.276875019E1
1.256427414E2,3.131250191E1,-9.300000191E0,-1.256250095E1
1.256627389E2,3.133125114E1,-9.693750381E0,-1.267500019E1
1.256827315E2,3.105000114E1,-9.731250763E0,-1.359375095E1
1.257027348E2,3.086250114E1,-9.825000763E0,-1.348125076E1
1.257227447E2,3.084375191E1,-9.225000381E0,-1.380000019E1
1.257427370E2,3.123750114E1,-9.431250572E0,-1.391250038E1
1.257627378E2,3.125625038E1,-9.693750381E0,-1.432500076E1
1.257827347E2,3.112500191E1,-8.925000191E0,-1.389375019E1
1.258027508E2,3.082500076E1,-9.000000000E0,-1.410000038E1
1.258227480E2,3.086250114E1,-9.450000763E0,-1.494375038E1
1.258427411E2,3.133125114E1,-9.225000381E0,-1.400625038E1
1.258627316E2,2.998125076E1,-9.412500381E0,-1.511250019E1
1.258827314E2,2.970000076E1,-9.412500381E0,-1.511250019E1
1.259027268E2,2.941875076E1,-9.787500381E0,-1.520625019E1
1.259227204E2,2.988750076E1,-9.337500572E0,-1.625625038E1
1.259427228E2,3.009375191E1,-9.693750381E0,-1.543125057E1
1.259627211E2,3.037500191E1,-9.506250381E0,-1.554375076E1
1.259827271E2,3.016875076E1,-9.018750191E0,-1.531875038E1
1.260027280E2,3.009375191E1,-9.393750191E0,-1.563750076E1
1.260227251E2,3.028125191E1,-9.300000191E0,-1.554375076E1
1.260427202E2,2.958750153E1,-9.056250572E0,-1.593750095E1
1.260627218E2,3.020625114E1,-9.937500000E0,-1.636875153E1
1.260827193E2,2.930625153E1,-9.243750572E0,-1.591875076E1
1.261027247E2,2.951250076E1,-9.750000000E0,-1.605000114E1
1.261227817E2,2.941875076E1,-9.862500191E0,-1.561875057E1
1.261427761E2,2.941875076E1,-9.731250763E0,-1.625625038E1
1.261627657E2,2.971875191E1,-9.618750572E0,-1.646250153E1
1.261827528E2,2.990625191E1,-9.431250572E0,-1.646250153E1
1.262027381E2,2.970000076E1,-9.243750572E0,-1.614375114E1
1.262227326E2,3.007500076E1,-9.168750763E0,-1.605000114E1
1.262427265E2,3.058125114E1,-9.431250572E0,-1.668750000E1
1.262626856E2,3.041250038E1,-1.006875038E1,-1.606875038E1
1.262826942E2,3.000000191E1,-9.768750191E0,-1.595625019E1
1.263026982E2,2.990625191E1,-9.562500000E0,-1.605000114E1
1.263227095E2,2.983125114E1,-9.993750572E0,-1.687500000E1
1.263427378E2,3.001875114E1,-9.825000763E0,-1.668750000E1
1.263627331E2,2.983125114E1,-1.001250076E1,-1.657500076E1
1.263827356E2,3.011250114E1,-9.937500000E0,-1.636875153E1
1.264027332E2,3.011250114E1,-9.937500000E0,-1.636875153E1
1.264227271E2,3.048750114E1,-9.525000572E0,-1.689375114E1
1.264427277E2,3.020625114E1,-9.843750000E0,-1.648125076E1
1.264627257E2,3.048750114E1,-9.581250191E0,-1.586250019E1
1.264827311E2,3.030000114E1,-9.450000763E0,-1.648125076E1
1.265027313E2,3.086250114E1,-9.393750191E0,-1.597500038E1
1.265227273E2,3.030000114E1,-9.562500000E0,-1.606875038E1
1.265427314E2,3.009375191E1,-9.656250000E0,-1.627500153E1
1.265627306E2,3.003750038E1,-1.012500000E1,-1.657500076E1
1.265827272E2,3.050625038E1,-9.862500191E0,-1.606875038E1
1.266027302E2,3.129375076E1,-1.021875000E1,-1.546875095E1
1.266227284E2,3.052500153E1,-1.014375019E1,-1.659375000E1
1.266427233E2,3.020625114E1,-9.825000763E0,-1.657500076E1
1.266627260E2,3.058125114E1,-9.543750763E0,-1.648125076E1
1.266827248E2,3.078750038E1,-9.562500000E0,-1.629375076E1
1.267027197E2,3.088125038E1,-9.468750000E0,-1.650000000E1
1.267227230E2,3.078750038E1,-9.731250763E0,-1.700625038E1
1.267427216E2,3.069375038E1,-9.543750763E0,-1.659375000E1
1.267627279E2,3.058125114E1,-9.468750000E0,-1.627500153E1
1.267827291E2,3.041250038E1,-1.012500000E1,-1.680000114E1
1.268027049E2,3.069375038E1,-9.525000572E0,-1.711875153E1
1.268227140E2,3.031875038E1,-9.993750572E0,-1.721250153E1
1.268427176E2,3.011250114E1,-1.006875038E1,-1.595625019E1
1.268627164E2,3.003750038E1,-1.021875000E1,-1.648125076E1
1.268827569E2,3.041250038E1,-9.900000572E0,-1.732500076E1
1.269027503E2,3.001875114E1,-1.005000019E1,-1.627500153E1
1.269227399E2,3.031875038E1,-1.001250076E1,-1.689375114E1
1.269427385E2,3.030000114E1,-9.862500191E0,-1.616250038E1
1.269627328E2,3.020625114E1,-9.843750000E0,-1.648125076E1
1.269827346E2,3.050625038E1,-9.862500191E0,-1.627500153E1
1.270027221E2,3.041250038E1,-1.012500000E1,-1.680000114E1
1.270227306E2,2.983125114E1,-1.001250076E1,-1.678125000E1
1.270427334E2,3.024375153E1,-1.057500076E1,-1.741875076E1
1.270627314E2,2.973750114E1,-9.993750572E0,-1.687500000E1
1.270827258E2,2.992500114E1,-1.023750019E1,-1.627500153E1
1.271027292E2,2.964375114E1,-1.020000076E1,-1.678125000E1
1.271227278E2,2.956875038E1,-1.035000038E1,-1.760625076E1
1.271427225E2,2.955000114E1,-1.010625076E1,-1.666875076E1
1.271627258E2,2.983125114E1,-1.021875000E1,-1.646250153E1
1.271827245E2,2.947500038E1,-1.070625019E1,-1.646250153E1
1.272027294E2,3.031875038E1,-9.918750763E0,-1.680000114E1
1.272227308E2,2.992500114E1,-1.014375019E1,-1.605000114E1
1.272427274E2,3.033750153E1,-1.031250000E1,-1.680000114E1
1.272627319E2,2.964375114E1,-1.001250076E1,-1.666875076E1
1.272827312E2,2.953125191E1,-1.001250076E1,-1.655625153E1
1.273027264E2,2.908125114E1,-1.048125076E1,-1.676250076E1
1.273227304E2,2.975625038E1,-1.027500057E1,-1.710000038E1
1.273427081E2,2.966250038E1,-1.050000000E1,-1.657500076E1
1.273627079E2,2.985000038E1,-1.061250019E1,-1.668750000E1
1.273827157E2,2.928750038E1,-1.076250076E1,-1.696875000E1
1.274027182E2,2.985000038E1,-1.072500038E1,-1.648125076E1
1.274227726E2,2.945625114E1,-1.038750076E1,-1.698750114E1
1.274427539E2,3.031875038E1,-9.956250191E0,-1.627500153E1
1.274627450E2,3.005625153E1,-1.065000057E1,-1.616250038E1
1.274827450E2,3.030000114E1,-9.862500191E0,-1.606875038E1
1.275027406E2,2.985000038E1,-1.051875019E1,-1.648125076E1
1.275227318E2,3.003750038E1,-1.035000038E1,-1.616250038E1
1.275427334E2,2.983125114E1,-1.021875000E1,-1.666875076E1
1.275626872E2,2.973750114E1,-1.016250038E1,-1.573125076E1
1.275826912E2,2.955000114E1,-1.051875019E1,-1.636875153E1
1.276027032E2,3.052500153E1,-1.066875076E1,-1.597500038E1
1.276227093E2,3.015000153E1,-1.078125000E1,-1.565625095E1
1.276427334E2,3.043125153E1,-1.046250057E1,-1.597500038E1
1.276627363E2,2.996250153E1,-1.085625076E1,-1.595625019E1
1.276827340E2,3.052500153E1,-1.035000038E1,-1.638750076E1
1.277027387E2,3.011250114E1,-1.031250000E1,-1.513125038E1
1.277227380E2,3.013125038E1,-1.061250019E1,-1.501875019E1
1.277427314E2,3.071250153E1,-1.018125057E1,-1.576875019E1
1.277627352E2,3.013125038E1,-1.059375000E1,-1.524375057E1
1.277827334E2,3.030000114E1,-1.010625076E1,-1.513125038E1
1.278027281E2,3.001875114E1,-1.033125019E1,-1.460625076E1
1.278227310E2,3.043125153E1,-1.061250019E1,-1.524375057E1
1.278427295E2,3.118125153E1,-1.063125038E1,-1.361250019E1
1.278627356E2,3.110625076E1,-1.044375038E1,-1.494375038E1
1.278827263E2,3.024375153E1,-1.115625000E1,-1.430625057E1
1.279027248E2,3.052500153E1,-1.063125038E1,-1.483125019E1
1.279227196E2,3.024375153E1,-1.123125076E1,-1.451250076E1
1.279427233E2,3.073125076E1,-1.081875038E1,-1.515000057E1
1.279627789E2,3.022500038E1,-1.066875076E1,-1.398750019E1
1.279827724E2,3.082500076E1,-1.095000076E1,-1.453125095E1
1.280027616E2,3.082500076E1,-1.085625076E1,-1.473750019E1
1.280227483E2,3.146250153E1,-9.993750572E0,-1.455000019E1
1.280427446E2,3.061875153E1,-1.068750000E1,-1.410000038E1
1.280627376E2,3.095625114E1,-9.693750381E0,-1.411875057E1
1.280827288E2,3.118125153E1,-1.051875019E1,-1.370625019E1
1.281026858E2,3.114375114E1,-9.843750000E0,-1.338750076E1
1.281226929E2,3.101250076E1,-1.110000038E1,-1.391250038E1
1.281426957E2,3.176250076E1,-1.055625057E1,-1.351875019E1
1.281627061E2,3.148125076E1,-1.074375057E1,-1.350000095E1
1.281827448E2,3.135000038E1,-1.003125000E1,-1.381875038E1
1.282027374E2,3.101250076E1,-1.132500076E1,-1.350000095E1
1.282227377E2,3.118125153E1,-1.050000000E1,-1.423125076E1
1.282427330E2,3.101250076E1,-1.102500057E1,-1.359375095E1
1.282627362E2,3.127500153E1,-1.051875019E1,-1.381875038E1
1.282827332E2,3.088125038E1,-1.053750038E1,-1.327500057E1
1.283027284E2,3.116250038E1,-1.012500000E1,-1.370625019E1
1.283227314E2,3.157500076E1,-1.042500019E1,-1.402500057E1
1.283427298E2,3.176250076E1,-1.012500000E1,-1.393125057E1
1.283627244E2,3.146250153E1,-1.025625038E1,-1.329375076E1
1.283827275E2,3.151875114E1,-9.468750000E0,-1.329375076E1
1.284027378E2,3.183750153E1,-9.956250191E0,-1.351875019E1
1.284227304E2,3.153750038E1,-9.675000191E0,-1.320000076E1
1.284427310E2,3.157500076E1,-1.044375038E1,-1.340625095E1
1.284627275E2,3.172500038E1,-9.768750191E0,-1.340625095E1
1.284827321E2,3.166875076E1,-1.031250000E1,-1.423125076E1
1.285027305E2,3.165000153E1,-1.023750019E1,-1.361250019E1
1.285227266E2,3.090000153E1,-1.059375000E1,-1.400625038E1
1.285427304E2,3.148125076E1,-1.085625076E1,-1.329375076E1
1.285627295E2,3.088125038E1,-1.038750076E1,-1.411875057E1
1.285827250E2,3.108750153E1,-1.063125038E1,-1.338750076E1
1.286027283E2,3.099375153E1,-1.061250019E1,-1.359375095E1
1.286227276E2,3.150000191E1,-1.100625038E1,-1.393125057E1
1.286427012E2,3.129375076E1,-1.065000057E1,-1.485000038E1
1.286627098E2,3.127500153E1,-1.044375038E1,-1.329375076E1
1.286827128E2,3.127500153E1,-1.038750076E1,-1.443750095E1
1.287027229E2,3.157500076E1,-1.051875019E1,-1.393125057E1
1.287227719E2,3.088125038E1,-1.006875038E1,-1.462500095E1
1.287427604E2,3.118125153E1,-1.033125019E1,-1.350000095E1
1.287627571E2,3.086250114E1,-9.918750763E0,-1.368750095E1
1.287827493E2,3.076875114E1,-1.023750019E1,-1.327500057E1
1.288027388E2,3.135000038E1,-9.487500191E0,-1.443750095E1
1.288227368E2,3.118125153E1,-1.031250000E1,-1.380000019E1
1.288427327E2,3.097500038E1,-1.008750057E1,-1.421250057E1
1.288626820E2,3.106875038E1,-1.020000076E1,-1.391250038E1
1.288826938E2,3.099375153E1,-1.027500057E1,-1.432500076E1
1.289027003E2,3.058125114E1,-1.008750057E1,-1.400625038E1
1.289227023E2,3.095625114E1,-9.712500572E0,-1.400625038E1
1.289427233E2,3.069375038E1,-1.016250038E1,-1.462500095E1
1.289627243E2,3.108750153E1,-1.001250076E1,-1.556250095E1
1.289827317E2,3.018750191E1,-1.018125057E1,-1.378125095E1
1.290027333E2,3.009375191E1,-1.003125000E1,-1.460625076E1
1.290227300E2,3.060000038E1,-1.044375038E1,-1.471875095E1
1.290427329E2,3.076875114E1,-9.862500191E0,-1.462500095E1
1.290627324E2,3.060000038E1,-1.027500057E1,-1.410000038E1
1.290827274E2,3.108750153E1,-1.012500000E1,-1.535625076E1
1.291027305E2,3.052500153E1,-1.051875019E1,-1.503750038E1
1.291227289E2,3.125625038E1,-9.862500191E0,-1.473750019E1
1.291427238E2,3.090000153E1,-1.036875057E1,-1.462500095E1
1.291627158E2,3.148125076E1,-1.014375019E1,-1.537500095E1
1.291827070E2,3.127500153E1,-1.016250038E1,-1.485000038E1
1.292027178E2,3.144375038E1,-9.581250191E0,-1.464375019E1
1.292227223E2,3.129375076E1,-1.065000057E1,-1.485000038E1
1.292427218E2,3.108750153E1,-1.016250038E1,-1.464375019E1
1.292627851E2,3.103125191E1,-1.125000000E1,-1.473750019E1
1.292827622E2,3.294375229E1,-1.059375000E1,-1.344375038E1
1.293027498E2,3.135000038E1,-1.198125076E1,-1.413750076E1
1.293227467E2,3.101250076E1,-1.123125076E1,-1.338750076E1
1.293427396E2,3.073125076E1,-1.162500000E1,-1.318125057E1
1.293627321E2,3.069375038E1,-1.258125019E1,-1.391250038E1
1.293827321E2,2.970000076E1,-1.248750019E1,-1.325625038E1
1.294026844E2,2.962500191E1,-1.290000057E1,-1.275000095E1
1.294226876E2,2.941875076E1,-1.265625095E1,-1.357500076E1
1.294426988E2,3.003750038E1,-1.327500057E1,-1.348125076E1
1.294627047E2,2.941875076E1,-1.276875019E1,-1.325625038E1
1.294827396E2,2.936250114E1,-1.357500076E1,-1.305000019E1
1.295027403E2,2.915625191E1,-1.335000038E1,-1.346250057E1
1.295227356E2,2.971875191E1,-1.286250019E1,-1.368750095E1
1.295427384E2,2.934375191E1,-1.335000038E1,-1.357500076E1
1.295627362E2,2.992500114E1,-1.318125057E1,-1.327500057E1
1.295827286E2,2.934375191E1,-1.312500095E1,-1.408125019E1
1.296027317E2,3.022500038E1,-1.308750057E1,-1.348125076E1
1.296227295E2,3.001875114E1,-1.275000095E1,-1.400625038E1
1.296427239E2,3.086250114E1,-1.241250038E1,-1.329375076E1
1.296627268E2,3.037500191E1,-1.226250076E1,-1.389375019E1
1.296827251E2,3.135000038E1,-1.200000000E1,-1.393125057E1
1.297027200E2,3.075000191E1,-1.147500038E1,-1.421250057E1
1.297227135E2,3.181875038E1,-1.162500000E1,-1.372500038E1
1.297427142E2,3.161250114E1,-1.119375038E1,-1.413750076E1
1.297627224E2,3.285000229E1,-1.085625076E1,-1.406250095E1
1.297827249E2,3.283125305E1,-1.035000038E1,-1.417500019E1
1.298027225E2,3.330000305E1,-9.806250572E0,-1.355625057E1
1.298227287E2,3.281250000E1,-9.768750191E0,-1.395000076E1
1.298427288E2,3.376875305E1,-9.375000000E0,-1.428750038E1
1.298627245E2,3.468750000E1,-8.493750572E0,-1.306875038E1
1.298827283E2,3.500625229E1,-8.568750381E0,-1.370625019E1
1.299027273E2,3.478125000E1,-7.837500095E0,-1.410000038E1
1.299227225E2,3.485625076E1,-7.781250477E0,-1.348125076E1
1.299426935E2,3.495000076E1,-7.143750191E0,-1.421250057E1
1.299626996E2,3.545625305E1,-7.668750286E0,-1.402500057E1
1.299827123E2,3.513750076E1,-7.181250095E0,-1.368750095E1
1.300027185E2,3.526875305E1,-7.968750477E0,-1.370625019E1
1.300227534E2,3.515625000E1,-7.762500286E0,-1.391250038E1
1.300427534E2,3.470625305E1,-8.343750000E0,-1.389375019E1
1.300627479E2,3.487500000E1,-7.968750477E0,-1.359375095E1
1.300827388E2,3.500625229E1,-8.868750572E0,-1.359375095E1
1.301027387E2,3.423750305E1,-9.262500763E0,-1.327500057E1
1.301227328E2,3.395625305E1,-9.131250381E0,-1.366875076E1
1.301427259E2,3.328125000E1,-9.431250572E0,-1.314375019E1
1.301627386E2,3.388125229E1,-1.001250076E1,-1.378125095E1
1.301827336E2,3.330000305E1,-9.806250572E0,-1.355625057E1
1.302027254E2,3.303750229E1,-1.078125000E1,-1.355625057E1
1.302227263E2,3.363750076E1,-1.104375076E1,-1.295625019E1
1.302427351E2,3.268125153E1,-1.143750000E1,-1.406250095E1
1.302627267E2,3.305625153E1,-1.117500019E1,-1.366875076E1
1.302827267E2,3.240000153E1,-1.177500057E1,-1.333125019E1
1.303027230E2,3.328125000E1,-1.170000076E1,-1.325625038E1
1.303227274E2,3.225000000E1,-1.263750076E1,-1.353750038E1
1.303427257E2,3.288750076E1,-1.170000076E1,-1.303125095E1
1.303627220E2,3.243750000E1,-1.256250095E1,-1.323750019E1
1.303827259E2,3.300000000E1,-1.200000000E1,-1.305000019E1
1.304027251E2,3.223125076E1,-1.215000057E1,-1.353750038E1
1.304227205E2,3.286875153E1,-1.153125000E1,-1.241250038E1
1.304427243E2,3.240000153E1,-1.185000038E1,-1.374375057E1
1.304627235E2,3.296250153E1,-1.108125019E1,-1.344375038E1
1.304827089E2,3.258750153E1,-1.123125076E1,-1.417500019E1
1.305027146E2,3.275625229E1,-1.091250038E1,-1.303125095E1
1.305227152E2,3.268125153E1,-1.147500038E1,-1.335000038E1
1.305427232E2,3.277500153E1,-1.138125038E1,-1.323750019E1
1.305627708E2,3.213750076E1,-1.200000000E1,-1.447500038E1
1.305827696E2,3.279375076E1,-1.164375019E1,-1.408125019E1
1.306027625E2,3.202500153E1,-1.211250019E1,-1.406250095E1
1.306227522E2,3.211875153E1,-1.228125095E1,-1.291875076E1
1.306427394E2,3.123750114E1,-1.190625000E1,-1.393125057E1
1.306627350E2,3.258750153E1,-1.153125000E1,-1.417500019E1
1.306827408E2,3.153750038E1,-1.211250019E1,-1.372500038E1
1.307027525E2,3.202500153E1,-1.171875000E1,-1.395000076E1
1.307227460E2,3.241875076E1,-1.168125057E1,-1.488750076E1
1.307427368E2,3.240000153E1,-1.166250038E1,-1.353750038E1
1.307627369E2,3.183750153E1,-1.201875019E1,-1.374375057E1
1.307827444E2,3.228750229E1,-1.145625019E1,-1.365000057E1
1.308027353E2,3.198750114E1,-1.111875057E1,-1.415625095E1
1.308227351E2,3.210000229E1,-1.155000019E1,-1.363125038E1
1.308427313E2,3.123750114E1,-1.155000019E1,-1.464375019E1
1.308627242E2,3.133125114E1,-1.162500000E1,-1.351875019E1
1.308827255E2,3.114375114E1,-1.185000038E1,-1.455000019E1
1.309027242E2,3.142500114E1,-1.158750057E1,-1.434375095E1
1.309227188E2,3.105000114E1,-1.164375019E1,-1.475625038E1
1.309427225E2,3.140625191E1,-1.130625057E1,-1.402500057E1
1.309627213E2,3.075000191E1,-1.162500000E1,-1.505625057E1
1.309827276E2,3.144375038E1,-1.175625038E1,-1.466250038E1
1.310027177E2,3.058125114E1,-1.179375076E1,-1.546875095E1
1.310227185E2,3.135000038E1,-1.181250000E1,-1.548750019E1
1.310427253E2,3.219375229E1,-1.108125019E1,-1.498125076E1
1.310627265E2,3.135000038E1,-1.175625038E1,-1.486875057E1
1.310827234E2,3.210000229E1,-1.141875076E1,-1.395000076E1
1.311027845E2,3.172500038E1,-1.158750057E1,-1.434375095E1
1.311227715E2,3.210000229E1,-1.121250057E1,-1.425000095E1
1.311427549E2,3.151875114E1,-1.160625076E1,-1.393125057E1
1.311627486E2,3.219375229E1,-1.121250057E1,-1.415625095E1
1.311827393E2,3.191250038E1,-1.130625057E1,-1.415625095E1
1.312027387E2,3.238125229E1,-1.100625038E1,-1.456875038E1
1.312227354E2,3.144375038E1,-1.177500057E1,-1.445625019E1
1.312426965E2,3.189375114E1,-1.123125076E1,-1.372500038E1
1.312627063E2,3.165000153E1,-1.196250057E1,-1.466250038E1
1.312827112E2,3.260625076E1,-1.151250076E1,-1.438125038E1
1.313027115E2,3.144375038E1,-1.218750095E1,-1.404375076E1
1.313227422E2,3.219375229E1,-1.145625019E1,-1.363125038E1
1.313427396E2,3.181875038E1,-1.138125038E1,-1.456875038E1
1.313627329E2,3.318750000E1,-1.153125000E1,-1.449375057E1
1.313827342E2,3.200625229E1,-1.162500000E1,-1.383750057E1
1.314027311E2,3.335625076E1,-1.119375038E1,-1.357500076E1
1.314227352E2,3.268125153E1,-1.113750076E1,-1.417500019E1
1.314427352E2,3.343125153E1,-1.080000019E1,-1.335000038E1
1.314627308E2,3.275625229E1,-1.093125057E1,-1.417500019E1
1.314827344E2,3.371250153E1,-1.059375000E1,-1.378125095E1
1.315027331E2,3.277500153E1,-1.126875019E1,-1.365000057E1
1.315227279E2,3.403125000E1,-1.113750076E1,-1.327500057E1
1.315427315E2,3.326250076E1,-1.164375019E1,-1.252500057E1
1.315627305E2,3.335625076E1,-1.164375019E1,-1.243125057E1
1.315827252E2,3.307500076E1,-1.162500000E1,-1.273125076E1
1.316027283E2,3.382500076E1,-1.117500019E1,-1.254375076E1
1.316227269E2,3.288750076E1,-1.168125057E1,-1.323750019E1
1.316427206E2,3.373125076E1,-1.117500019E1,-1.243125057E1
1.316627247E2,3.375000000E1,-1.149375057E1,-1.357500076E1
1.316827234E2,3.401250076E1,-1.096875000E1,-1.275000095E1
1.317027300E2,3.352500153E1,-1.106250000E1,-1.243125057E1
1.317227310E2,3.478125000E1,-1.081875038E1,-1.235625076E1
1.317427276E2,3.420000076E1,-1.087500000E1,-1.275000095E1
1.317627325E2,3.468750000E1,-1.059375000E1,-1.267500019E1
1.317826994E2,3.420000076E1,-1.055625057E1,-1.295625019E1
1.318027022E2,3.515625000E1,-1.065000057E1,-1.196250057E1
1.318227123E2,3.420000076E1,-1.072500038E1,-1.192500019E1
1.318427169E2,3.489375305E1,-1.121250057E1,-1.226250076E1
1.318627730E2,3.487500000E1,-1.081875038E1,-1.215000057E1
1.318827669E2,3.508125305E1,-1.095000076E1,-1.164375019E1
1.319027562E2,3.555000305E1,-1.066875076E1,-1.166250038E1
1.319227429E2,3.547500229E1,-1.085625076E1,-1.207500076E1
1.319427393E2,3.547500229E1,-1.083750057E1,-1.216875076E1
1.319627310E2,3.536250305E1,-1.078125000E1,-1.155000019E1
1.319827226E2,3.571875000E1,-1.018125057E1,-1.166250038E1
1.320027343E2,3.613125229E1,-1.038750076E1,-1.177500057E1
1.320227287E2,3.630000305E1,-1.003125000E1,-1.125000000E1
1.320427316E2,3.613125229E1,-1.065000057E1,-1.083750057E1
1.320627300E2,3.581250000E1,-1.018125057E1,-9.993750572E0
1.320827362E2,3.603750229E1,-1.072500038E1,-1.095000076E1
1.321027369E2,3.590625000E1,-1.014375019E1,-1.072500038E1
1.321227330E2,3.603750229E1,-1.117500019E1,-1.010625076E1
1.321427259E2,3.573750305E1,-1.055625057E1,-1.051875019E1
1.321627277E2,3.556875229E1,-1.123125076E1,-1.051875019E1
1.321827249E2,3.585000229E1,-1.117500019E1,-1.010625076E1
1.322027308E2,3.538125229E1,-1.143750000E1,-1.051875019E1
1.322227311E2,3.575625229E1,-1.126875019E1,-1.020000076E1
1.322427273E2,3.556875229E1,-1.153125000E1,-1.061250019E1
1.322627316E2,3.583125305E1,-1.065000057E1,-1.040625000E1
1.322827309E2,3.526875305E1,-1.110000038E1,-1.091250038E1
1.323027377E2,3.594375229E1,-1.085625076E1,-1.042500019E1
1.323227177E2,3.573750305E1,-1.072500038E1,-1.081875038E1
1.323427191E2,3.600000000E1,-1.027500057E1,-1.031250000E1
1.323627164E2,3.601875305E1,-1.048125076E1,-1.010625076E1
1.323827217E2,3.592500305E1,-1.061250019E1,-9.581250191E0
1.324027788E2,3.573750305E1,-1.095000076E1,-1.031250000E1
1.324227623E2,3.603750229E1,-1.087500000E1,-1.010625076E1
1.324427549E2,3.525000000E1,-1.104375076E1,-1.020000076E1
1.324627444E2,3.583125305E1,-1.057500076E1,-1.010625076E1
1.324827432E2,3.573750305E1,-1.085625076E1,-1.040625000E1
1.325027368E2,3.583125305E1,-1.068750000E1,-9.787500381E0
1.325227293E2,3.534375000E1,-1.074375057E1,-1.050000000E1
1.325426873E2,3.631875229E1,-1.074375057E1,-1.074375057E1
1.325626951E2,3.603750229E1,-1.096875000E1,-1.042500019E1
1.325826987E2,3.603750229E1,-1.076250076E1,-1.051875019E1
1.326027095E2,3.553125000E1,-1.063125038E1,-1.081875038E1
1.326227373E2,3.618750000E1,-1.021875000E1,-9.600000381E0
1.326427432E2,3.592500305E1,-1.057500076E1,-1.031250000E1
1.326627428E2,3.600000000E1,-9.993750572E0,-1.010625076E1
1.326827379E2,3.571875000E1,-1.036875057E1,-1.010625076E1
1.327027407E2,3.609375000E1,-9.993750572E0,-1.010625076E1
1.327227373E2,3.571875000E1,-1.035000038E1,-1.040625000E1
1.327427320E2,3.560625076E1,-1.027500057E1,-9.993750572E0
1.327627347E2,3.513750076E1,-1.063125038E1,-1.038750076E1
1.327827331E2,3.543750000E1,-1.076250076E1,-1.020000076E1
1.328027274E2,3.495000076E1,-1.051875019E1,-1.059375000E1
1.328227304E2,3.483750153E1,-1.042500019E1,-1.048125076E1
1.328427292E2,3.573750305E1,-1.061250019E1,-1.125000000E1
1.328627254E2,3.594375229E1,-1.098750019E1,-1.001250076E1
1.328827280E2,3.506250000E1,-1.087500000E1,-1.143750000E1
1.329027265E2,3.525000000E1,-1.046250057E1,-1.164375019E1
1.329227211E2,3.562500000E1,-1.040625000E1,-1.123125076E1
1.329427811E2,3.525000000E1,-1.057500076E1,-1.153125000E1
1.329627667E2,3.485625076E1,-1.025625038E1,-1.162500000E1
1.329827609E2,3.553125000E1,-1.027500057E1,-1.185000038E1
1.330027516E2,3.485625076E1,-1.029375076E1,-1.111875057E1
1.330227401E2,3.485625076E1,-1.016250038E1,-1.153125000E1
1.330427406E2,3.457500076E1,-1.074375057E1,-1.162500000E1
1.330627354E2,3.429375076E1,-1.063125038E1,-1.183125019E1
1.330826947E2,3.408750153E1,-1.042500019E1,-1.192500019E1
1.331027032E2,3.410625076E1,-1.110000038E1,-1.203750038E1
1.331227072E2,3.361875153E1,-1.089375019E1,-1.201875019E1
1.331427071E2,3.420000076E1,-1.078125000E1,-1.245000076E1
1.331627490E2,3.408750153E1,-1.057500076E1,-1.254375076E1
1.331827437E2,3.382500076E1,-1.083750057E1,-1.305000019E1
1.332027458E2,3.399375153E1,-1.055625057E1,-1.286250019E1
1.332227427E2,3.420000076E1,-1.046250057E1,-1.295625019E1
1.332427359E2,3.448125076E1,-1.029375076E1,-1.245000076E1
1.332627360E2,3.436875153E1,-9.993750572E0,-1.245000076E1
1.332827339E2,3.504375076E1,-1.012500000E1,-1.246875095E1
1.333027391E2,3.418125153E1,-1.018125057E1,-1.275000095E1
1.333227389E2,3.406875229E1,-1.012500000E1,-1.192500019E1
1.333427347E2,3.446250153E1,-1.010625076E1,-1.224375057E1
1.333627274E2,3.444375229E1,-9.806250572E0,-1.254375076E1
1.333827295E2,3.380625153E1,-1.036875057E1,-1.275000095E1
1.334027271E2,3.408750153E1,-1.050000000E1,-1.222500038E1
1.334227210E2,3.408750153E1,-1.018125057E1,-1.254375076E1
1.334427238E2,3.459375000E1,-1.085625076E1,-1.308750057E1
1.334627221E2,3.438750076E1,-1.057500076E1,-1.286250019E1
1.334827281E2,3.459375000E1,-1.098750019E1,-1.267500019E1
1.335027292E2,3.440625000E1,-1.065000057E1,-1.327500057E1
1.335227259E2,3.515625000E1,-1.027500057E1,-1.320000076E1
1.335427303E2,3.461250305E1,-1.083750057E1,-1.350000095E1
1.335627297E2,3.506250000E1,-1.061250019E1,-1.246875095E1
1.335827252E2,3.575625229E1,-1.066875076E1,-1.196250057E1
1.336027291E2,3.525000000E1,-1.031250000E1,-1.267500019E1
1.336227183E2,3.511875153E1,-1.136250019E1,-1.331250095E1
1.336427155E2,3.611250305E1,-1.021875000E1,-1.115625000E1
1.336627208E2,3.588750076E1,-1.113750076E1,-1.415625095E1
1.336827211E2,3.553125000E1,-1.005000019E1,-1.228125095E1
1.337027627E2,3.536250305E1,-1.085625076E1,-1.196250057E1
1.337227569E2,3.496875000E1,-1.078125000E1,-1.111875057E1
1.337427470E2,3.466875076E1,-1.065000057E1,-1.162500000E1
1.337627459E2,3.515625000E1,-1.046250057E1,-1.164375019E1
1.337827405E2,3.457500076E1,-1.046250057E1,-1.151250076E1
1.338027307E2,3.457500076E1,-1.076250076E1,-1.130625057E1
1.338227322E2,3.367500305E1,-1.035000038E1,-1.117500019E1
1.338427407E2,3.376875305E1,-1.027500057E1,-1.076250076E1
1.338627319E2,3.476250076E1,-1.063125038E1,-1.027500057E1
1.338827322E2,3.388125229E1,-1.021875000E1,-1.181250000E1
1.339027285E2,3.369375229E1,-1.029375076E1,-1.211250019E1
1.339227447E2,3.328125000E1,-1.001250076E1,-1.147500038E1
1.339427306E2,3.326250076E1,-9.487500191E0,-1.209375095E1
1.339627264E2,3.337500000E1,-9.806250572E0,-1.168125057E1
1.339827308E2,3.290625000E1,-1.025625038E1,-1.250625038E1
1.340027302E2,3.290625000E1,-1.006875038E1,-1.230000019E1
1.340227246E2,3.271875000E1,-1.035000038E1,-1.230000019E1
1.340427179E2,3.243750000E1,-1.063125038E1,-1.260000038E1
1.340627197E2,3.313125229E1,-1.100625038E1,-1.158750057E1
1.340827176E2,3.234375000E1,-1.061250019E1,-1.269375038E1
1.341027232E2,3.266250229E1,-1.100625038E1,-1.303125095E1
1.341227238E2,3.238125229E1,-1.115625000E1,-1.374375057E1
1.341427206E2,3.226875305E1,-1.108125019E1,-1.312500095E1
1.341627154E2,3.238125229E1,-1.117500019E1,-1.342500019E1
1.341827171E2,3.296250153E1,-1.096875000E1,-1.376250076E1
1.342027258E2,3.285000229E1,-1.080000019E1,-1.323750019E1
1.342227285E2,3.283125305E1,-1.029375076E1,-1.323750019E1
1.342427830E2,3.264375305E1,-1.080000019E1,-1.312500095E1
1.342627756E2,3.361875153E1,-1.081875038E1,-1.325625038E1
1.342827638E2,3.281250000E1,-1.003125000E1,-1.291875076E1
1.343027494E2,3.303750229E1,-1.074375057E1,-1.250625038E1
1.343227451E2,3.292500305E1,-1.021875000E1,-1.303125095E1
1.343427381E2,3.290625000E1,-1.038750076E1,-1.168125057E1
1.343627401E2,3.208125305E1,-1.117500019E1,-1.333125019E1
1.343826939E2,3.262500000E1,-1.021875000E1,-1.291875076E1
1.344026980E2,3.170625114E1,-1.125000000E1,-1.351875019E1
1.344226986E2,3.217500305E1,-1.119375038E1,-1.290000057E1
1.344427074E2,3.140625191E1,-1.132500076E1,-1.361250019E1
1.344627451E2,3.238125229E1,-1.108125019E1,-1.333125019E1
1.344827477E2,3.110625076E1,-1.111875057E1,-1.361250019E1
1.345027445E2,3.210000229E1,-1.147500038E1,-1.312500095E1
1.345227373E2,3.123750114E1,-1.160625076E1,-1.381875038E1
1.345427386E2,3.172500038E1,-1.173750019E1,-1.363125038E1
1.345627339E2,3.084375191E1,-1.177500057E1,-1.402500057E1
1.345827276E2,3.219375229E1,-1.123125076E1,-1.383750057E1
1.346027299E2,3.093750191E1,-1.136250019E1,-1.432500076E1
1.346227276E2,3.180000114E1,-1.113750076E1,-1.351875019E1
1.346427221E2,3.063750076E1,-1.115625000E1,-1.441875076E1
1.346627250E2,3.118125153E1,-1.053750038E1,-1.329375076E1
1.346827239E2,3.073125076E1,-1.108125019E1,-1.421250057E1
1.347027201E2,3.129375076E1,-1.072500038E1,-1.381875038E1
1.347227234E2,3.052500153E1,-1.104375076E1,-1.453125095E1
1.347427220E2,3.082500076E1,-1.098750019E1,-1.411875057E1
1.347627281E2,3.033750153E1,-1.125000000E1,-1.441875076E1
1.347827285E2,3.033750153E1,-1.115625000E1,-1.430625057E1
1.348027254E2,3.005625153E1,-1.130625057E1,-1.483125019E1
1.348227296E2,3.073125076E1,-1.125000000E1,-1.441875076E1
1.348427289E2,3.028125191E1,-1.181250000E1,-1.483125019E1
1.348627244E2,3.071250153E1,-1.126875019E1,-1.235625076E1
1.348827280E2,3.000000191E1,-1.201875019E1,-1.471875095E1
1.349027269E2,3.026250076E1,-1.155000019E1,-1.421250057E1
1.349227011E2,2.988750076E1,-1.183125019E1,-1.419375038E1
1.349427092E2,2.986875153E1,-1.168125057E1,-1.357500076E1
1.349627123E2,3.007500076E1,-1.183125019E1,-1.441875076E1
1.349827221E2,3.061875153E1,-1.132500076E1,-1.327500057E1
1.350027597E2,3.033750153E1,-1.138125038E1,-1.368750095E1
1.350227508E2,3.082500076E1,-1.110000038E1,-1.370625019E1
1.350427495E2,3.054375076E1,-1.143750000E1,-1.453125095E1
1.350627439E2,3.131250191E1,-1.110000038E1,-1.393125057E1
1.350827349E2,3.033750153E1,-1.115625000E1,-1.421250057E1
1.351027335E2,3.101250076E1,-1.162500000E1,-1.173750019E1
1.351227304E2,3.181875038E1,-1.190625000E1,-1.237500095E1
1.351427349E2,3.129375076E1,-1.141875076E1,-1.194375038E1
1.351627345E2,3.054375076E1,-1.160625076E1,-1.338750076E1
1.351827300E2,3.225000000E1,-1.095000076E1,-1.198125076E1
1.352027339E2,3.125625038E1,-1.198125076E1,-1.434375095E1
1.352227446E2,3.033750153E1,-1.128750038E1,-1.380000019E1
1.352427376E2,3.140625191E1,-1.145625019E1,-1.310625076E1
1.352627386E2,3.050625038E1,-1.080000019E1,-1.359375095E1
1.352827353E2,3.150000191E1,-1.145625019E1,-1.299375057E1
1.353027288E2,3.121875191E1,-1.149375057E1,-1.235625076E1
1.353227298E2,3.273750305E1,-1.078125000E1,-1.177500057E1
1.353427281E2,3.155625153E1,-1.055625057E1,-1.164375019E1
1.353627227E2,3.232500076E1,-1.053750038E1,-1.063125038E1
1.353827260E2,3.127500153E1,-1.098750019E1,-1.070625019E1
1.354027246E2,3.253125000E1,-1.074375057E1,-1.042500019E1
1.354227196E2,3.138750076E1,-1.147500038E1,-1.091250038E1
1.354427236E2,3.193125153E1,-1.065000057E1,-9.993750572E0
1.354627126E2,3.118125153E1,-1.108125019E1,-1.070625019E1
1.354827213E2,3.185625076E1,-1.119375038E1,-9.375000000E0
1.355027244E2,3.148125076E1,-1.145625019E1,-9.768750191E0
1.355227227E2,3.225000000E1,-1.126875019E1,-9.900000572E0
1.355427739E2,3.157500076E1,-1.140000057E1,-1.061250019E1
1.355627530E2,3.155625153E1,-1.104375076E1,-9.975000381E0
1.355827424E2,3.226875305E1,-1.211250019E1,-9.075000763E0
1.356027406E2,3.195000076E1,-1.140000057E1,-9.168750763E0
1.356227353E2,3.266250229E1,-1.201875019E1,-9.187500000E0
1.356427259E2,3.204375076E1,-1.083750057E1,-1.031250000E1
1.356627274E2,3.099375153E1,-1.151250076E1,-1.027500057E1
1.356826809E2,3.172500038E1,-1.057500076E1,-9.562500000E0
1.357026852E2,3.138750076E1,-1.128750038E1,-1.080000019E1
1.357226972E2,3.153750038E1,-1.074375057E1,-1.018125057E1
1.357427035E2,3.118125153E1,-1.098750019E1,-1.080000019E1
1.357627277E2,3.153750038E1,-1.076250076E1,-9.675000191E0
1.357827311E2,3.106875038E1,-1.111875057E1,-1.006875038E1
1.358027287E2,3.200625229E1,-1.050000000E1,-9.375000000E0
1.358227335E2,3.146250153E1,-1.093125057E1,-1.018125057E1
1.358427328E2,3.211875153E1,-1.021875000E1,-1.072500038E1
1.358627265E2,3.251250076E1,-1.089375019E1,-9.600000381E0
1.358827302E2,3.191250038E1,-1.061250019E1,-9.056250572E0
1.359027284E2,3.125625038E1,-1.070625019E1,-1.059375000E1
1.359227230E2,3.183750153E1,-1.087500000E1,-9.787500381E0
1.359427260E2,3.163125038E1,-1.063125038E1,-1.018125057E1
1.359627247E2,3.241875076E1,-1.042500019E1,-1.072500038E1
1.359827310E2,3.163125038E1,-1.042500019E1,-1.059375000E1
1.360027216E2,3.230625153E1,-1.018125057E1,-9.900000572E0
1.360227200E2,3.271875000E1,-1.081875038E1,-1.095000076E1
1.360427261E2,3.161250114E1,-9.993750572E0,-1.100625038E1
1.360627268E2,3.388125229E1,-1.074375057E1,-9.431250572E0
1.360827222E2,3.211875153E1,-1.038750076E1,-1.145625019E1
1.361027162E2,3.378750229E1,-1.096875000E1,-9.000000000E0
1.361227184E2,3.146250153E1,-1.080000019E1,-1.059375000E1
1.361427163E2,3.240000153E1,-1.023750019E1,-1.063125038E1
1.361627221E2,3.125625038E1,-1.091250038E1,-1.038750076E1
1.361827225E2,3.251250076E1,-1.051875019E1,-1.093125057E1
1.362027192E2,3.155625153E1,-1.080000019E1,-1.081875038E1
1.362226911E2,3.232500076E1,-1.065000057E1,-1.031250000E1
1.362426978E2,3.165000153E1,-1.080000019E1,-1.081875038E1
1.362627109E2,3.260625076E1,-1.057500076E1,-1.021875000E1
1.362827175E2,3.114375114E1,-1.031250000E1,-1.048125076E1
1.363027526E2,3.260625076E1,-1.048125076E1,-9.900000572E0
1.363227528E2,3.245625305E1,-1.119375038E1,-1.125000000E1
1.363427474E2,3.341250229E1,-1.106250000E1,-1.065000057E1
1.363627383E2,3.271875000E1,-1.080000019E1,-1.126875019E1
1.363827379E2,3.335625076E1,-1.003125000E1,-9.712500572E0
1.364027320E2,3.260625076E1,-1.068750000E1,-1.001250076E1
1.364227360E2,3.367500305E1,-1.031250000E1,-9.937500000E0
1.364427352E2,3.270000076E1,-1.059375000E1,-9.693750381E0
1.364627303E2,3.393750000E1,-1.006875038E1,-9.318750381E0
1.364827336E2,3.260625076E1,-1.048125076E1,-1.010625076E1
1.365027324E2,3.395625305E1,-1.057500076E1,-9.112500191E0
1.365227389E2,3.290625000E1,-1.081875038E1,-9.393750191E0
1.365427285E2,3.378750229E1,-1.085625076E1,-9.412500381E0
1.365627274E2,3.283125305E1,-1.119375038E1,-9.918750763E0
1.365827227E2,3.348750305E1,-1.096875000E1,-8.793750763E0
1.366027265E2,3.234375000E1,-1.158750057E1,-9.600000381E0
1.366227242E2,3.330000305E1,-1.113750076E1,-9.206250191E0
1.366427202E2,3.266250229E1,-1.175625038E1,-1.021875000E1
1.366627242E2,3.343125153E1,-1.151250076E1,-9.731250763E0
1.366827235E2,3.226875305E1,-1.198125076E1,-9.693750381E0
1.367027301E2,3.292500305E1,-1.141875076E1,-9.393750191E0
1.367227311E2,3.255000305E1,-1.155000019E1,-1.033125019E1
1.367427278E2,3.320625305E1,-1.111875057E1,-9.412500381E0
1.367627115E2,3.236250305E1,-1.173750019E1,-1.053750038E1
1.367827157E2,3.294375229E1,-1.147500038E1,-1.003125000E1
1.368027155E2,3.217500305E1,-1.171875000E1,-1.051875019E1
1.368227227E2,3.283125305E1,-1.130625057E1,-9.600000381E0
1.368427697E2,3.217500305E1,-1.192500019E1,-1.042500019E1
1.368627565E2,3.253125000E1,-1.132500076E1,-8.981250763E0
1.368827521E2,3.187500191E1,-1.164375019E1,-9.881250381E0
1.369027440E2,3.120000076E1,-1.170000076E1,-1.059375000E1
1.369227331E2,3.159375191E1,-1.179375076E1,-1.061250019E1
1.369427311E2,3.082500076E1,-1.186875057E1,-1.089375019E1
1.369627269E2,3.170625114E1,-1.188750076E1,-1.081875038E1
1.369827419E2,3.120000076E1,-1.143750000E1,-1.164375019E1
1.370027385E2,3.208125305E1,-1.190625000E1,-1.063125038E1
1.370227314E2,3.121875191E1,-1.203750038E1,-1.132500076E1
1.370427335E2,3.198750114E1,-1.190625000E1,-1.083750057E1
1.370627537E2,3.108750153E1,-1.136250019E1,-1.121250057E1
1.370827541E2,3.245625305E1,-1.153125000E1,-1.074375057E1
1.371027496E2,3.118125153E1,-1.128750038E1,-1.080000019E1
1.371227415E2,3.253125000E1,-1.083750057E1,-1.074375057E1
1.371427311E2,3.157500076E1,-1.140000057E1,-1.081875038E1
1.371627293E2,3.301875305E1,-1.128750038E1,-1.003125000E1
1.371827256E2,3.185625076E1,-1.093125057E1,-1.050000000E1
1.372027300E2,3.331875229E1,-1.083750057E1,-1.096875000E1
1.372227296E2,3.183750153E1,-1.051875019E1,-1.050000000E1
1.372427256E2,3.279375076E1,-1.018125057E1,-1.001250076E1
1.372627299E2,3.281250000E1,-1.110000038E1,-9.712500572E0
1.372827296E2,3.360000229E1,-1.121250057E1,-9.937500000E0
1.373027152E2,3.249375153E1,-1.036875057E1,-1.010625076E1
1.373227211E2,3.328125000E1,-1.065000057E1,-9.206250191E0
1.373427223E2,3.251250076E1,-1.091250038E1,-9.375000000E0
1.373627195E2,3.339375305E1,-1.111875057E1,-8.062500000E0
1.373827809E2,3.290625000E1,-1.070625019E1,-9.600000381E0
1.374027680E2,3.330000305E1,-1.095000076E1,-9.206250191E0
1.374227520E2,3.290625000E1,-1.093125057E1,-9.393750191E0
1.374427460E2,3.388125229E1,-1.098750019E1,-8.700000763E0
1.374627372E2,3.311250305E1,-1.100625038E1,-9.618750572E0
1.374827368E2,3.375000000E1,-1.050000000E1,-8.587500572E0
1.375027337E2,3.300000000E1,-1.102500057E1,-9.393750191E0
1.375226951E2,3.406875229E1,-1.111875057E1,-8.287500381E0
1.375427050E2,3.300000000E1,-1.087500000E1,-8.662500381E0
1.375627100E2,3.403125000E1,-1.033125019E1,-8.287500381E0
1.375827104E2,3.339375305E1,-1.081875038E1,-9.618750572E0
1.376027412E2,3.435000229E1,-1.051875019E1,-8.606250763E0
1.376227387E2,3.348750305E1,-1.083750057E1,-9.525000572E0
1.376427316E2,3.412500000E1,-1.010625076E1,-8.793750763E0
1.376627328E2,3.337500000E1,-1.044375038E1,-9.206250191E0
1.376827297E2,3.414375305E1,-1.053750038E1,-8.081250191E0
1.377027330E2,3.328125000E1,-1.053750038E1,-9.300000191E0
1.377227332E2,3.277500153E1,-1.025625038E1,-8.756250381E0
1.377427291E2,3.300000000E1,-1.096875000E1,-8.775000572E0
1.377627329E2,3.320625305E1,-1.102500057E1,-9.618750572E0
1.377827316E2,3.378750229E1,-1.095000076E1,-9.318750381E0
1.378027266E2,3.281250000E1,-1.123125076E1,-9.300000191E0
1.378227302E2,3.320625305E1,-1.123125076E1,-9.412500381E0
1.378427295E2,3.234375000E1,-1.147500038E1,-9.693750381E0
1.378627241E2,3.313125229E1,-1.160625076E1,-9.618750572E0
1.378827274E2,3.215625000E1,-1.149375057E1,-9.281250000E0
1.379027259E2,3.255000305E1,-1.156875038E1,-1.012500000E1
1.379227214E2,3.187500191E1,-1.128750038E1,-1.113750076E1
1.379427249E2,3.298125076E1,-1.213125038E1,-1.085625076E1
1.379627234E2,3.187500191E1,-1.155000019E1,-9.993750572E0
1.379827295E2,3.285000229E1,-1.170000076E1,-9.712500572E0
1.380027303E2,3.234375000E1,-1.111875057E1,-1.093125057E1
1.380227267E2,3.350625229E1,-1.106250000E1,-1.076250076E1
1.380427202E2,3.262500000E1,-1.061250019E1,-1.104375076E1
1.380627010E2,3.350625229E1,-1.096875000E1,-1.055625057E1
1.380827034E2,3.253125000E1,-1.074375057E1,-1.063125038E1
1.381027133E2,3.429375076E1,-1.108125019E1,-1.078125000E1
1.381227171E2,3.223125076E1,-1.076250076E1,-1.020000076E1
1.381427615E2,3.348750305E1,-1.061250019E1,-1.003125000E1
1.381627578E2,3.292500305E1,-1.093125057E1,-1.095000076E1
1.381827495E2,3.320625305E1,-1.087500000E1,-1.044375038E1
1.382027492E2,3.245625305E1,-1.128750038E1,-1.136250019E1
1.382227443E2,3.352500153E1,-1.140000057E1,-1.014375019E1
1.382427347E2,3.285000229E1,-1.119375038E1,-1.147500038E1
1.382627361E2,3.352500153E1,-1.145625019E1,-1.087500000E1
1.382827443E2,3.253125000E1,-1.068750000E1,-1.145625019E1
1.383027355E2,3.391875076E1,-1.111875057E1,-1.160625076E1
1.383227357E2,3.273750305E1,-1.119375038E1,-1.136250019E1
1.383427319E2,3.391875076E1,-1.138125038E1,-1.046250057E1
1.383627366E2,3.303750229E1,-1.141875076E1,-1.117500019E1
1.383827363E2,3.363750076E1,-1.185000038E1,-1.078125000E1
1.384027319E2,3.305625153E1,-1.140000057E1,-1.158750057E1
1.384227244E2,3.354375076E1,-1.200000000E1,-9.937500000E0
1.384427257E2,3.275625229E1,-1.166250038E1,-1.021875000E1
1.384627223E2,3.391875076E1,-1.160625076E1,-1.025625038E1
1.384827284E2,3.352500153E1,-1.136250019E1,-1.066875076E1
1.385027290E2,3.418125153E1,-1.080000019E1,-1.057500076E1
1.385227253E2,3.380625153E1,-1.093125057E1,-1.128750038E1
1.385427297E2,3.331875229E1,-1.083750057E1,-1.117500019E1
1.385627291E2,3.343125153E1,-1.147500038E1,-1.035000038E1
1.385827362E2,3.360000229E1,-1.095000076E1,-1.087500000E1
1.386027160E2,3.461250305E1,-1.166250038E1,-1.132500076E1
1.386227175E2,3.283125305E1,-1.093125057E1,-1.095000076E1
1.386427151E2,3.373125076E1,-1.175625038E1,-1.098750019E1
1.386627208E2,3.294375229E1,-1.151250076E1,-1.117500019E1
1.386827777E2,3.401250076E1,-1.156875038E1,-1.068750000E1
1.387027612E2,3.440625000E1,-1.175625038E1,-9.543750763E0
1.387227538E2,3.451875305E1,-1.164375019E1,-1.162500000E1
1.387427435E2,3.399375153E1,-1.093125057E1,-1.151250076E1
1.387627422E2,3.438750076E1,-1.096875000E1,-1.100625038E1
1.387827361E2,3.429375076E1,-1.083750057E1,-1.171875000E1
1.388027287E2,3.420000076E1,-1.125000000E1,-1.130625057E1
1.388226981E2,3.382500076E1,-1.141875076E1,-1.151250076E1
1.388427029E2,3.390000153E1,-1.106250000E1,-1.078125000E1
1.388627040E2,3.352500153E1,-1.149375057E1,-1.025625038E1
1.388827127E2,3.373125076E1,-1.164375019E1,-1.119375038E1
1.389027387E2,3.316875076E1,-1.201875019E1,-1.128750038E1
1.389227436E2,3.335625076E1,-1.194375038E1,-1.076250076E1
1.389427424E2,3.277500153E1,-1.211250019E1,-1.095000076E1
1.389627367E2,3.288750076E1,-1.220625019E1,-1.106250000E1
1.389827392E2,3.266250229E1,-1.151250076E1,-1.115625000E1
1.390027354E2,3.286875153E1,-1.213125038E1,-1.076250076E1
1.390227416E2,3.230625153E1,-1.222500038E1,-1.239375019E1
1.390427416E2,3.286875153E1,-1.179375076E1,-1.158750057E1
1.390627374E2,3.249375153E1,-1.186875057E1,-1.177500057E1
1.390827298E2,3.279375076E1,-1.241250038E1,-1.096875000E1
1.391027313E2,3.266250229E1,-1.168125057E1,-1.156875038E1
1.391227288E2,3.296250153E1,-1.177500057E1,-1.190625000E1
1.391427242E2,3.226875305E1,-1.136250019E1,-1.177500057E1
1.391627266E2,3.333750153E1,-1.141875076E1,-1.117500019E1
1.391827247E2,3.238125229E1,-1.168125057E1,-1.125000000E1
1.392027304E2,3.273750305E1,-1.106250000E1,-1.188750076E1
1.392227302E2,3.266250229E1,-1.130625057E1,-1.282500076E1
1.392427272E2,3.382500076E1,-1.098750019E1,-1.213125038E1
1.392627317E2,3.294375229E1,-1.081875038E1,-1.293750095E1
1.392827310E2,3.350625229E1,-1.078125000E1,-1.211250019E1
1.393027265E2,3.275625229E1,-1.110000038E1,-1.323750019E1
1.393227302E2,3.217500305E1,-1.087500000E1,-1.321875095E1
1.393427292E2,3.217500305E1,-1.115625000E1,-1.342500019E1
1.393627034E2,3.198750114E1,-1.115625000E1,-1.342500019E1
1.393827115E2,3.211875153E1,-1.175625038E1,-1.353750038E1
1.394027146E2,3.215625000E1,-1.089375019E1,-1.290000057E1
1.394227132E2,3.226875305E1,-1.085625076E1,-1.353750038E1
1.394427535E2,3.245625305E1,-1.059375000E1,-1.321875095E1
1.394627581E2,3.245625305E1,-1.059375000E1,-1.321875095E1
1.394827563E2,3.292500305E1,-1.051875019E1,-1.282500076E1
1.395027498E2,3.275625229E1,-1.078125000E1,-1.355625057E1
1.395227402E2,3.283125305E1,-1.029375076E1,-1.333125019E1
1.395427381E2,3.343125153E1,-1.081875038E1,-1.325625038E1
1.395627343E2,3.292500305E1,-1.042500019E1,-1.303125095E1
1.395827381E2,3.292500305E1,-1.051875019E1,-1.303125095E1
1.396027372E2,3.300000000E1,-1.014375019E1,-1.261875057E1
1.396227326E2,3.322500229E1,-1.027500057E1,-1.376250076E1
1.396427250E2,3.241875076E1,-9.975000381E0,-1.353750038E1
1.396627382E2,3.311250305E1,-1.018125057E1,-1.385625076E1
1.396827335E2,3.315000153E1,-1.089375019E1,-1.346250057E1
1.397027365E2,3.313125229E1,-1.061250019E1,-1.323750019E1
1.397227348E2,3.294375229E1,-1.057500076E1,-1.365000057E1
1.397427295E2,3.380625153E1,-1.063125038E1,-1.336875057E1
1.397627312E2,3.301875305E1,-1.023750019E1,-1.282500076E1
1.397827304E2,3.358125305E1,-1.018125057E1,-1.231875038E1
1.398027257E2,3.262500000E1,-1.042500019E1,-1.271250057E1
1.398227290E2,3.331875229E1,-1.053750038E1,-1.282500076E1
1.398427280E2,3.301875305E1,-1.021875000E1,-1.291875076E1
1.398627230E2,3.361875153E1,-1.053750038E1,-1.316250038E1
1.398827267E2,3.253125000E1,-1.021875000E1,-1.271250057E1
1.399027160E2,3.283125305E1,-1.044375038E1,-1.239375019E1
1.399227132E2,3.266250229E1,-1.117500019E1,-1.355625057E1
1.399427188E2,3.343125153E1,-1.095000076E1,-1.252500057E1
1.399627194E2,3.213750076E1,-1.025625038E1,-1.351875019E1
1.399827725E2,3.275625229E1,-1.102500057E1,-1.261875057E1
1.400027529E2,3.210000229E1,-1.141875076E1,-1.395000076E1
1.400227433E2,3.286875153E1,-1.115625000E1,-1.396875095E1
1.400427424E2,3.198750114E1,-1.104375076E1,-1.351875019E1
1.400627375E2,3.266250229E1,-1.119375038E1,-1.303125095E1
1.400827282E2,3.236250305E1,-1.068750000E1,-1.321875095E1
1.401027188E2,3.264375305E1,-1.080000019E1,-1.312500095E1
1.401226754E2,3.176250076E1,-1.066875076E1,-1.310625076E1
1.401426819E2,3.215625000E1,-1.078125000E1,-1.301250076E1
1.401626956E2,3.168750191E1,-1.074375057E1,-1.361250019E1
1.401827034E2,3.208125305E1,-1.119375038E1,-1.269375038E1
1.402027285E2,3.099375153E1,-1.104375076E1,-1.297500038E1
1.402227327E2,3.123750114E1,-1.162500000E1,-1.361250019E1
1.402427311E2,3.105000114E1,-1.192500019E1,-1.320000076E1
1.402627363E2,3.003750038E1,-1.143750000E1,-1.263750076E1
1.402827359E2,3.035625076E1,-1.170000076E1,-1.348125076E1
1.403027296E2,3.015000153E1,-1.140000057E1,-1.327500057E1
1.403227332E2,3.016875076E1,-1.166250038E1,-1.400625038E1
1.403427315E2,3.052500153E1,-1.134375000E1,-1.275000095E1
1.403627260E2,3.060000038E1,-1.083750057E1,-1.318125057E1
1.403827291E2,3.031875038E1,-1.106250000E1,-1.243125057E1
1.404027273E2,3.071250153E1,-1.106250000E1,-1.265625095E1
1.404227334E2,3.069375038E1,-1.087500000E1,-1.245000076E1
1.404427237E2,3.039375114E1,-1.046250057E1,-1.243125057E1
1.404627221E2,3.030000114E1,-1.074375057E1,-1.263750076E1
1.404827283E2,3.108750153E1,-1.096875000E1,-1.288125038E1
1.405027292E2,2.983125114E1,-1.091250038E1,-1.293750095E1
1.405227246E2,2.983125114E1,-1.104375076E1,-1.263750076E1
1.405427300E2,2.992500114E1,-1.104375076E1,-1.243125057E1
1.405627295E2,3.050625038E1,-1.095000076E1,-1.265625095E1
1.405827251E2,3.041250038E1,-1.085625076E1,-1.254375076E1
1.406027286E2,3.039375114E1,-1.091250038E1,-1.171875000E1
1.406227277E2,3.058125114E1,-1.048125076E1,-1.222500038E1
1.406427230E2,3.105000114E1,-1.033125019E1,-1.162500000E1
1.406626941E2,3.035625076E1,-1.012500000E1,-1.149375057E1
1.406827002E2,3.125625038E1,-1.035000038E1,-1.153125000E1
1.407027130E2,3.026250076E1,-1.012500000E1,-1.160625076E1
1.407227194E2,3.075000191E1,-1.005000019E1,-1.130625057E1
1.407427544E2,3.016875076E1,-1.016250038E1,-1.076250076E1
1.407627546E2,3.153750038E1,-1.029375076E1,-1.080000019E1
1.407827492E2,3.086250114E1,-1.055625057E1,-1.121250057E1
1.408027402E2,3.181875038E1,-1.018125057E1,-1.143750000E1
1.408227398E2,3.112500191E1,-9.862500191E0,-1.121250057E1
1.408427340E2,3.125625038E1,-1.035000038E1,-1.141875076E1
1.408627382E2,3.125625038E1,-1.036875057E1,-1.132500076E1
1.408827375E2,3.181875038E1,-1.029375076E1,-1.111875057E1
1.409027326E2,3.161250114E1,-9.581250191E0,-1.132500076E1
1.409227247E2,3.159375191E1,-9.618750572E0,-1.070625019E1
1.409427262E2,3.151875114E1,-9.787500381E0,-1.100625038E1
1.409627351E2,3.189375114E1,-9.543750763E0,-1.050000000E1
1.409827269E2,3.189375114E1,-9.412500381E0,-1.091250038E1
1.410027273E2,3.268125153E1,-9.750000000E0,-1.083750057E1
1.410227239E2,3.103125191E1,-9.993750572E0,-1.068750000E1
1.410427284E2,3.170625114E1,-9.675000191E0,-1.143750000E1
1.410627282E2,3.133125114E1,-9.975000381E0,-1.132500076E1
1.410827241E2,3.181875038E1,-1.012500000E1,-1.061250019E1
1.411027281E2,3.123750114E1,-1.014375019E1,-1.162500000E1
1.411227270E2,3.191250038E1,-9.993750572E0,-1.132500076E1
1.411427224E2,3.230625153E1,-9.918750763E0,-1.113750076E1
1.411627259E2,3.206250000E1,-9.131250381E0,-1.091250038E1
1.411827248E2,3.200625229E1,-9.825000763E0,-1.061250019E1
1.412027099E2,3.217500305E1,-9.206250191E0,-1.134375000E1
1.412227156E2,3.228750229E1,-9.600000381E0,-1.123125076E1
1.412427164E2,3.208125305E1,-9.300000191E0,-1.123125076E1
1.412627246E2,3.219375229E1,-9.731250763E0,-1.081875038E1
1.412827718E2,3.198750114E1,-9.506250381E0,-1.111875057E1
1.413027703E2,3.290625000E1,-9.975000381E0,-1.218750095E1
1.413227634E2,3.181875038E1,-9.975000381E0,-1.143750000E1
1.413427529E2,3.193125153E1,-1.027500057E1,-1.164375019E1
1.413627403E2,3.230625153E1,-9.975000381E0,-1.166250038E1
1.413827361E2,3.300000000E1,-1.033125019E1,-1.115625000E1
1.414027305E2,3.191250038E1,-9.768750191E0,-1.164375019E1
1.414226896E2,3.230625153E1,-9.975000381E0,-1.186875057E1
1.414426984E2,3.260625076E1,-1.008750057E1,-1.156875038E1
1.414627026E2,3.251250076E1,-1.016250038E1,-1.207500076E1
1.414827139E2,3.210000229E1,-9.675000191E0,-1.175625038E1
1.415027307E2,3.253125000E1,-1.036875057E1,-1.198125076E1
1.415227287E2,3.211875153E1,-1.029375076E1,-1.123125076E1
1.415427335E2,3.240000153E1,-9.975000381E0,-1.186875057E1
1.415627328E2,3.204375076E1,-1.046250057E1,-1.164375019E1
1.415827280E2,3.253125000E1,-1.055625057E1,-1.207500076E1
1.416027303E2,3.215625000E1,-1.076250076E1,-1.175625038E1
1.416227293E2,3.262500000E1,-1.048125076E1,-1.177500057E1
1.416427241E2,3.176250076E1,-1.076250076E1,-1.164375019E1
1.416627272E2,3.320625305E1,-1.038750076E1,-1.200000000E1
1.416827256E2,3.273750305E1,-1.076250076E1,-1.209375095E1
1.417027316E2,3.309375000E1,-1.018125057E1,-1.200000000E1
1.417227325E2,3.211875153E1,-1.005000019E1,-1.196250057E1
1.417427300E2,3.311250305E1,-1.083750057E1,-1.096875000E1
1.417627338E2,3.290625000E1,-1.040625000E1,-1.136250019E1
1.417827327E2,3.301875305E1,-1.070625019E1,-1.158750057E1
1.418027276E2,3.213750076E1,-1.055625057E1,-1.196250057E1
1.418227875E2,3.262500000E1,-1.063125038E1,-1.095000076E1
1.418427732E2,3.234375000E1,-1.078125000E1,-1.156875038E1
1.418627563E2,3.361875153E1,-1.123125076E1,-1.128750038E1
1.418827495E2,3.245625305E1,-1.095000076E1,-1.207500076E1
1.419027399E2,3.330000305E1,-1.065000057E1,-1.076250076E1
1.419227287E2,3.320625305E1,-1.050000000E1,-1.179375076E1
1.419427164E2,3.406875229E1,-1.012500000E1,-1.171875000E1
1.419626823E2,3.318750000E1,-1.033125019E1,-1.126875019E1
1.419826966E2,3.444375229E1,-9.993750572E0,-1.089375019E1
1.420027051E2,3.358125305E1,-1.031250000E1,-1.158750057E1
1.420227082E2,3.416250229E1,-1.048125076E1,-1.087500000E1
1.420427411E2,3.339375305E1,-1.065000057E1,-1.096875000E1
1.420627400E2,3.397500229E1,-1.059375000E1,-1.057500076E1
1.420827342E2,3.341250229E1,-1.083750057E1,-1.108125019E1
1.421027363E2,3.360000229E1,-1.093125057E1,-1.117500019E1
1.421227334E2,3.341250229E1,-1.104375076E1,-1.087500000E1
1.421427256E2,3.361875153E1,-1.119375038E1,-1.025625038E1
1.421627283E2,3.380625153E1,-1.126875019E1,-1.087500000E1
1.421827262E2,3.459375000E1,-1.108125019E1,-1.100625038E1
1.422027206E2,3.390000153E1,-1.115625000E1,-1.098750019E1
1.422227235E2,3.429375076E1,-1.128750038E1,-1.068750000E1
1.422427219E2,3.478125000E1,-1.089375019E1,-1.100625038E1
1.422627281E2,3.474375153E1,-1.042500019E1,-1.027500057E1
1.422827294E2,3.455625153E1,-1.061250019E1,-1.048125076E1
1.423027256E2,3.476250076E1,-1.093125057E1,-1.038750076E1
1.423227299E2,3.448125076E1,-1.089375019E1,-1.059375000E1
1.423427291E2,3.438750076E1,-1.102500057E1,-9.956250191E0
1.423627254E2,3.436875153E1,-1.093125057E1,-9.956250191E0
1.423827178E2,3.508125305E1,-1.175625038E1,-9.768750191E0
1.424027189E2,3.373125076E1,-1.156875038E1,-1.057500076E1
1.424227159E2,3.508125305E1,-1.153125000E1,-1.029375076E1
1.424427211E2,3.451875305E1,-1.156875038E1,-1.111875057E1
1.424627210E2,3.442500305E1,-1.190625000E1,-1.018125057E1
1.424827174E2,3.442500305E1,-1.211250019E1,-1.018125057E1
1.425027005E2,3.442500305E1,-1.201875019E1,-9.975000381E0
1.425227046E2,3.493125153E1,-1.254375076E1,-9.993750572E0
1.425427157E2,3.459375000E1,-1.166250038E1,-9.450000763E0
1.425627203E2,3.502500153E1,-1.245000076E1,-9.881250381E0
1.425827652E2,3.521250153E1,-1.237500095E1,-9.375000000E0
1.426027615E2,3.480000305E1,-1.196250057E1,-9.562500000E0
1.426227529E2,3.468750000E1,-1.158750057E1,-9.243750572E0
1.426427411E2,3.521250153E1,-1.228125095E1,-9.468750000E0
1.426627387E2,3.481875229E1,-1.239375019E1,-8.831250191E0
1.426827326E2,3.551250076E1,-1.273125076E1,-8.756250381E0
1.427027356E2,3.481875229E1,-1.269375038E1,-8.850000381E0
1.427227451E2,3.511875153E1,-1.261875057E1,-8.737500191E0
1.427427372E2,3.481875229E1,-1.256250095E1,-9.468750000E0
1.427627378E2,3.541875076E1,-1.282500076E1,-8.550000191E0
1.427827345E2,3.444375229E1,-1.267500019E1,-8.925000191E0
1.428027507E2,3.532500076E1,-1.293750095E1,-8.437500000E0
1.428227368E2,3.491250229E1,-1.235625076E1,-9.562500000E0
1.428427324E2,3.560625076E1,-1.252500057E1,-8.756250381E0
1.428627251E2,3.521250153E1,-1.235625076E1,-9.787500381E0
1.428827270E2,3.605625153E1,-1.194375038E1,-8.662500381E0
1.429027239E2,3.549375153E1,-1.198125076E1,-9.693750381E0
1.429227189E2,3.596250153E1,-1.216875076E1,-8.456250191E0
1.429427224E2,3.558750153E1,-1.201875019E1,-8.962500572E0
1.429627212E2,3.596250153E1,-1.196250057E1,-8.343750000E0
1.429827276E2,3.528750229E1,-1.220625019E1,-8.850000381E0
1.430027286E2,3.579375076E1,-1.267500019E1,-8.043750763E0
1.430227256E2,3.530625153E1,-1.263750076E1,-8.550000191E0
1.430427204E2,3.541875076E1,-1.295625019E1,-8.137500763E0
1.430627222E2,3.513750076E1,-1.288125038E1,-9.168750763E0
1.430827197E2,3.510000229E1,-1.258125019E1,-7.500000477E0
1.431027250E2,3.470625305E1,-1.231875038E1,-8.531250000E0
1.431227247E2,3.500625229E1,-1.261875057E1,-8.437500000E0
1.431427213E2,3.481875229E1,-1.261875057E1,-8.325000763E0
1.431627256E2,3.491250229E1,-1.245000076E1,-7.912500381E0
1.431827249E2,3.414375305E1,-1.265625095E1,-9.337500572E0
1.432027202E2,3.577500153E1,-1.224375057E1,-8.662500381E0
1.432227231E2,3.568125153E1,-1.190625000E1,-9.375000000E0
1.432427336E2,3.596250153E1,-1.185000038E1,-8.756250381E0
1.432626937E2,3.583125305E1,-1.110000038E1,-9.693750381E0
1.432827022E2,3.710625076E1,-1.160625076E1,-8.268750191E0
1.433027058E2,3.658125305E1,-1.055625057E1,-8.981250763E0
1.433227162E2,3.723750305E1,-9.881250381E0,-9.300000191E0
1.433427431E2,3.761250305E1,-9.487500191E0,-9.412500381E0
1.433627372E2,3.817500305E1,-9.018750191E0,-9.225000381E0
1.433827388E2,3.885000229E1,-8.868750572E0,-8.512500763E0
1.434027356E2,3.862500000E1,-8.268750191E0,-8.718750000E0
1.434227284E2,3.890625000E1,-7.950000286E0,-9.037500381E0
1.434427285E2,3.988125229E1,-7.593750477E0,-9.056250572E0
1.434627261E2,3.920625305E1,-7.725000381E0,-9.975000381E0
1.434827314E2,3.967500305E1,-7.406250477E0,-8.625000000E0
1.435027315E2,3.975000000E1,-7.218750477E0,-8.418750763E0
1.435227274E2,3.975000000E1,-7.012500286E0,-8.850000381E0
1.435427313E2,4.083750153E1,-7.706250191E0,-7.518750191E0
1.435627307E2,3.993750000E1,-7.087500095E0,-7.500000477E0
1.435827271E2,4.100625229E1,-7.256250381E0,-6.900000095E0
1.436027302E2,4.051875305E1,-6.881250381E0,-7.818750381E0
1.436227285E2,4.110000229E1,-7.350000381E0,-7.012500286E0
1.436427231E2,4.005000305E1,-7.481250286E0,-7.706250191E0
1.436627249E2,4.023750305E1,-7.762500286E0,-6.262500286E0
1.436827241E2,3.967500305E1,-7.668750286E0,-7.593750477E0
1.437027304E2,4.093125153E1,-7.856250286E0,-6.693750381E0
1.437227313E2,3.988125229E1,-8.175000191E0,-7.406250477E0
1.437427277E2,4.048125076E1,-8.850000381E0,-6.375000477E0
1.437627322E2,3.971250153E1,-8.550000191E0,-7.706250191E0
1.437827319E2,4.040625000E1,-9.150000572E0,-6.375000477E0
1.438027062E2,3.963750076E1,-9.150000572E0,-7.818750381E0
1.438227144E2,4.012500000E1,-9.656250000E0,-6.168750286E0
1.438427175E2,3.924375153E1,-9.600000381E0,-6.356250286E0
1.438627161E2,3.984375000E1,-9.862500191E0,-5.756250381E0
1.438827565E2,3.877500153E1,-9.993750572E0,-6.337500095E0
1.439027499E2,3.898125076E1,-1.010625076E1,-6.037500381E0
1.439227392E2,3.804375076E1,-1.085625076E1,-6.431250095E0
1.439427376E2,3.930000305E1,-1.117500019E1,-5.118750095E0
1.439627321E2,3.825000000E1,-1.141875076E1,-5.193750381E0
1.439827337E2,3.841875076E1,-1.126875019E1,-4.462500095E0
1.440027212E2,3.843750000E1,-1.153125000E1,-5.306250095E0
1.440226751E2,3.823125076E1,-1.104375076E1,-5.081250191E0
1.440426909E2,3.804375076E1,-1.085625076E1,-6.431250095E0
1.440627006E2,3.841875076E1,-1.080000019E1,-5.812500000E0
1.440827049E2,3.851250076E1,-1.076250076E1,-6.543750286E0
1.441027271E2,3.851250076E1,-1.057500076E1,-6.225000381E0
1.441227290E2,3.772500229E1,-1.057500076E1,-5.793750286E0
1.441427257E2,3.860625076E1,-1.070625019E1,-6.037500381E0
1.441627300E2,3.783750153E1,-1.040625000E1,-7.143750191E0
1.441827288E2,3.810000229E1,-1.027500057E1,-6.225000381E0
1.442027349E2,3.795000076E1,-1.081875038E1,-7.143750191E0
1.442227355E2,3.755625153E1,-1.123125076E1,-6.412500381E0
1.442427314E2,3.648750305E1,-1.085625076E1,-7.425000191E0
1.442627350E2,3.729375076E1,-1.149375057E1,-6.825000286E0
1.442827335E2,3.690000153E1,-1.113750076E1,-7.856250286E0
1.443027281E2,3.699375153E1,-1.125000000E1,-7.650000095E0
1.443227204E2,3.669375229E1,-1.110000038E1,-8.268750191E0
1.443427114E2,3.699375153E1,-1.143750000E1,-7.856250286E0
1.443627106E2,3.759375000E1,-1.177500057E1,-7.256250381E0
1.443827179E2,3.759375000E1,-1.181250000E1,-6.843750477E0
1.444027197E2,3.750000000E1,-1.168125057E1,-7.143750191E0
1.444227738E2,3.573750305E1,-1.140000057E1,-7.612500191E0
1.444427661E2,3.780000305E1,-1.185000038E1,-7.781250477E0
1.444627543E2,3.691875076E1,-1.151250076E1,-8.062500000E0
1.444827514E2,3.712500000E1,-1.194375038E1,-7.556250095E0
1.445027449E2,3.594375229E1,-1.132500076E1,-9.168750763E0
1.445227365E2,3.691875076E1,-1.170000076E1,-8.475000381E0
1.445427365E2,3.645000076E1,-1.162500000E1,-9.300000191E0
1.445626888E2,3.693750000E1,-1.190625000E1,-8.062500000E0
1.445826918E2,3.622500229E1,-1.149375057E1,-8.156250000E0
1.446027029E2,3.691875076E1,-1.171875000E1,-7.968750477E0
1.446227086E2,3.605625153E1,-1.151250076E1,-9.281250000E0
1.446427435E2,3.684375000E1,-1.198125076E1,-8.587500572E0
1.446627441E2,3.585000229E1,-1.136250019E1,-1.010625076E1
1.446827391E2,3.635625076E1,-1.207500076E1,-8.362500191E0
1.447027420E2,3.558750153E1,-1.218750095E1,-9.487500191E0
1.447227398E2,3.626250076E1,-1.235625076E1,-8.568750381E0
1.447427323E2,3.491250229E1,-1.192500019E1,-1.008750057E1
1.447627241E2,3.579375076E1,-1.245000076E1,-8.343750000E0
1.447827247E2,3.566250229E1,-1.149375057E1,-9.693750381E0
1.448027213E2,3.630000305E1,-1.295625019E1,-8.681250572E0
1.448227261E2,3.526875305E1,-1.156875038E1,-9.675000191E0
1.448427258E2,3.626250076E1,-1.207500076E1,-8.250000000E0
1.448627333E2,3.566250229E1,-1.140000057E1,-9.487500191E0
1.448827239E2,3.654375076E1,-1.179375076E1,-8.268750191E0
1.449027232E2,3.643125153E1,-1.143750000E1,-9.093750000E0
1.449227189E2,3.631875229E1,-1.162500000E1,-7.631250381E0
1.449427229E2,3.564375305E1,-1.155000019E1,-8.437500000E0
1.449627220E2,3.675000000E1,-1.211250019E1,-8.062500000E0
1.449827290E2,3.585000229E1,-1.186875057E1,-8.456250191E0
1.450027302E2,3.633750153E1,-1.183125019E1,-7.537500381E0
1.450227268E2,3.556875229E1,-1.175625038E1,-8.437500000E0
1.450427312E2,3.605625153E1,-1.207500076E1,-8.362500191E0
1.450627305E2,3.506250000E1,-1.158750057E1,-7.706250191E0
1.450827262E2,3.596250153E1,-1.224375057E1,-7.106250286E0
1.451026976E2,3.633750153E1,-1.190625000E1,-7.950000286E0
1.451227037E2,3.575625229E1,-1.201875019E1,-7.312500477E0
1.451427053E2,3.566250229E1,-1.177500057E1,-8.137500763E0
1.451627141E2,3.590625000E1,-1.125000000E1,-6.993750095E0
1.451827512E2,3.718125153E1,-1.175625038E1,-5.681250095E0
1.452027419E2,3.688125229E1,-1.102500057E1,-6.300000191E0
1.452227406E2,3.706875229E1,-1.136250019E1,-5.568750381E0
1.452427350E2,3.665625000E1,-1.055625057E1,-5.868750095E0
1.452627375E2,3.714375305E1,-1.093125057E1,-4.743750095E0
1.452827337E2,3.723750305E1,-1.053750038E1,-6.300000191E0
1.453027284E2,3.755625153E1,-1.119375038E1,-5.475000381E0
1.453227423E2,3.654375076E1,-1.036875057E1,-5.343750000E0
1.453427379E2,3.712500000E1,-1.055625057E1,-4.218750000E0
1.453627303E2,3.673125076E1,-1.018125057E1,-5.250000000E0
1.453827314E2,3.819375229E1,-1.063125038E1,-3.525000095E0
1.454027400E2,3.643125153E1,-1.020000076E1,-4.931250095E0
1.454227425E2,3.671250153E1,-1.012500000E1,-4.518750191E0
1.454427400E2,3.661875153E1,-1.008750057E1,-5.343750000E0
1.454627337E2,3.712500000E1,-1.053750038E1,-4.631250381E0
1.454827360E2,3.661875153E1,-1.010625076E1,-4.818750381E0
1.455027325E2,3.688125229E1,-9.675000191E0,-3.900000095E0
1.455227273E2,3.639375305E1,-9.506250381E0,-4.912500381E0
1.455427305E2,3.680625153E1,-1.006875038E1,-3.993750095E0
1.455627290E2,3.545625305E1,-9.956250191E0,-5.193750381E0
1.455827239E2,3.680625153E1,-1.014375019E1,-4.406250000E0
1.456027275E2,3.543750000E1,-9.618750572E0,-5.925000191E0
1.456227264E2,3.596250153E1,-1.036875057E1,-5.006250381E0
1.456427120E2,3.487500000E1,-9.806250572E0,-5.812500000E0
1.456627176E2,3.545625305E1,-1.025625038E1,-5.100000381E0
1.456827184E2,3.429375076E1,-9.843750000E0,-6.525000095E0
1.457027265E2,3.547500229E1,-1.040625000E1,-5.831250191E0
1.457227855E2,3.403125000E1,-1.051875019E1,-6.825000286E0
1.457427817E2,3.489375305E1,-1.048125076E1,-6.225000381E0
1.457627725E2,3.421875000E1,-9.975000381E0,-7.443750381E0
1.457827598E2,3.538125229E1,-1.014375019E1,-7.181250095E0
1.458027454E2,3.429375076E1,-9.375000000E0,-7.762500286E0
1.458227399E2,3.489375305E1,-1.023750019E1,-6.750000477E0
1.458427335E2,3.408750153E1,-9.375000000E0,-7.650000095E0
1.458626818E2,3.517500305E1,-1.003125000E1,-7.068750381E0
1.458826927E2,3.380625153E1,-9.375000000E0,-7.650000095E0
1.459026988E2,3.421875000E1,-1.038750076E1,-7.462500095E0
1.459227007E2,3.365625000E1,-1.033125019E1,-8.175000191E0
1.459427330E2,3.431250000E1,-1.016250038E1,-7.762500286E0
1.459627317E2,3.361875153E1,-9.600000381E0,-8.681250572E0
1.459827371E2,3.423750305E1,-1.057500076E1,-7.668750286E0
1.460027369E2,3.504375076E1,-1.125000000E1,-8.418750763E0
1.460227322E2,3.384375000E1,-1.040625000E1,-8.700000763E0
1.460427340E2,3.455625153E1,-1.123125076E1,-8.193750381E0
1.460627327E2,3.403125000E1,-1.003125000E1,-8.381250381E0
1.460827273E2,3.502500153E1,-1.063125038E1,-8.625000000E0
1.461027303E2,3.442500305E1,-1.020000076E1,-9.131250381E0
1.461227285E2,3.502500153E1,-1.065000057E1,-8.512500763E0
1.461427231E2,3.403125000E1,-1.021875000E1,-8.381250381E0
1.461627152E2,3.523125076E1,-1.078125000E1,-7.800000191E0
1.461827179E2,3.382500076E1,-9.825000763E0,-8.175000191E0
1.462027259E2,3.513750076E1,-1.096875000E1,-7.893750191E0
1.462227283E2,3.470625305E1,-9.843750000E0,-8.512500763E0
1.462427260E2,3.500625229E1,-1.038750076E1,-7.893750191E0
1.462627877E2,3.403125000E1,-1.008750057E1,-9.000000000E0
1.462827751E2,3.530625153E1,-1.057500076E1,-8.006250381E0
1.463027587E2,3.472500229E1,-1.025625038E1,-8.100000381E0
1.463227524E2,3.570000076E1,-1.063125038E1,-7.500000477E0
1.463427432E2,3.491250229E1,-1.006875038E1,-8.193750381E0
1.463627320E2,3.549375153E1,-1.065000057E1,-6.975000381E0
1.463827312E2,3.596250153E1,-9.862500191E0,-7.087500095E0
1.464026946E2,3.615000153E1,-9.862500191E0,-7.200000286E0
1.464226949E2,3.515625000E1,-9.543750763E0,-7.162500381E0
1.464427036E2,3.519375229E1,-1.023750019E1,-7.068750381E0
1.464627076E2,3.468750000E1,-9.806250572E0,-7.462500095E0
1.464827525E2,3.519375229E1,-1.053750038E1,-7.068750381E0
1.465027492E2,3.468750000E1,-9.787500381E0,-7.575000286E0
1.465227415E2,3.609375000E1,-1.108125019E1,-6.693750381E0
1.465427421E2,3.500625229E1,-1.029375076E1,-7.781250477E0
1.465627380E2,3.570000076E1,-1.081875038E1,-7.500000477E0
1.465827292E2,3.481875229E1,-1.016250038E1,-8.193750381E0
1.466027315E2,3.549375153E1,-1.025625038E1,-8.418750763E0
1.466227403E2,3.491250229E1,-1.016250038E1,-8.193750381E0
1.466427318E2,3.530625153E1,-1.042500019E1,-7.387500286E0
1.466627321E2,3.480000305E1,-9.750000000E0,-8.306250572E0
1.466827283E2,3.521250153E1,-1.072500038E1,-7.068750381E0
1.467027330E2,3.410625076E1,-9.862500191E0,-7.650000095E0
1.467227329E2,3.513750076E1,-1.095000076E1,-8.531250000E0
1.467427283E2,3.465000153E1,-1.048125076E1,-9.243750572E0
1.467627319E2,3.465000153E1,-1.117500019E1,-7.781250477E0
1.467827309E2,3.354375076E1,-1.020000076E1,-8.568750381E0
1.468027253E2,3.446250153E1,-1.121250057E1,-8.606250763E0
1.468227293E2,3.515625000E1,-1.155000019E1,-8.325000763E0
1.468427281E2,3.436875153E1,-1.113750076E1,-8.306250572E0
1.468627233E2,3.495000076E1,-1.125000000E1,-8.100000381E0
1.468827268E2,3.453750229E1,-1.065000057E1,-8.193750381E0
1.469027257E2,3.543750000E1,-1.111875057E1,-8.943750381E0
1.469227323E2,3.455625153E1,-1.111875057E1,-8.718750000E0
1.469427123E2,3.525000000E1,-1.125000000E1,-8.325000763E0
1.469627136E2,3.463125229E1,-1.033125019E1,-8.400000572E0
1.469827223E2,3.534375000E1,-1.119375038E1,-7.706250191E0
1.470027251E2,3.425625229E1,-1.072500038E1,-8.287500381E0
1.470227798E2,3.536250305E1,-1.130625057E1,-9.056250572E0
1.470427726E2,3.502500153E1,-1.076250076E1,-8.006250381E0
1.470627611E2,3.525000000E1,-1.143750000E1,-8.643750191E0
1.470827472E2,3.455625153E1,-1.123125076E1,-8.306250572E0
1.471027432E2,3.545625305E1,-1.155000019E1,-8.531250000E0
1.471227346E2,3.504375076E1,-1.083750057E1,-8.531250000E0
1.471427258E2,3.575625229E1,-1.188750076E1,-8.025000572E0
1.471626828E2,3.511875153E1,-1.061250019E1,-7.481250286E0
1.471826901E2,3.592500305E1,-1.153125000E1,-7.200000286E0
1.472026931E2,3.541875076E1,-1.076250076E1,-8.231250763E0
1.472227036E2,3.631875229E1,-1.143750000E1,-7.518750191E0
1.472427314E2,3.560625076E1,-1.083750057E1,-7.293750286E0
1.472627375E2,3.609375000E1,-1.121250057E1,-6.056250095E0
1.472827373E2,3.579375076E1,-1.085625076E1,-6.993750095E0
1.473027324E2,3.660000229E1,-1.171875000E1,-6.187500477E0
1.473227355E2,3.513750076E1,-1.125000000E1,-6.656250477E0
1.473427327E2,3.690000153E1,-1.153125000E1,-6.093750477E0
1.473627385E2,3.541875076E1,-1.095000076E1,-6.768750191E0
1.473827386E2,3.727500153E1,-1.151250076E1,-4.856250286E0
1.474027344E2,3.601875305E1,-1.136250019E1,-6.900000095E0
1.474227270E2,3.766875076E1,-1.192500019E1,-4.875000000E0
1.474427281E2,3.568125153E1,-1.083750057E1,-5.418750286E0
1.474627255E2,3.706875229E1,-1.173750019E1,-4.331250191E0
1.474827308E2,3.635625076E1,-1.035000038E1,-5.550000191E0
1.475027308E2,3.725625229E1,-1.111875057E1,-4.743750095E0
1.475227265E2,3.615000153E1,-1.018125057E1,-5.025000095E0
1.475427305E2,3.725625229E1,-1.136250019E1,-4.125000000E0
1.475627863E2,3.684375000E1,-1.080000019E1,-5.043750286E0
1.475827687E2,3.705000305E1,-1.125000000E1,-4.125000000E0
1.476027604E2,3.646875000E1,-1.111875057E1,-4.312500000E0
1.476227492E2,3.648750305E1,-1.194375038E1,-3.787500143E0
1.476427361E2,3.618750000E1,-1.119375038E1,-4.612500191E0
1.476627334E2,3.675000000E1,-1.130625057E1,-3.168750048E0
1.476827280E2,3.755625153E1,-1.171875000E1,-3.206250191E0
1.477026986E2,3.712500000E1,-1.055625057E1,-4.106250286E0
1.477227050E2,3.791250229E1,-1.134375000E1,-2.887500048E0
1.477427071E2,3.691875076E1,-1.093125057E1,-2.868750095E0
1.477627166E2,3.761250305E1,-1.115625000E1,-2.681250095E0
1.477827544E2,3.759375000E1,-1.048125076E1,-2.250000000E0
1.478027461E2,3.731250000E1,-1.063125038E1,-3.075000048E0
1.478227453E2,3.710625076E1,-1.074375057E1,-2.756250143E0
1.478427400E2,3.701250076E1,-1.068750000E1,-2.025000095E0
1.478627316E2,3.701250076E1,-1.053750038E1,-2.662500143E0
1.478827311E2,3.721875000E1,-1.121250057E1,-1.518750072E0
1.479027283E2,3.641250229E1,-1.066875076E1,-1.800000072E0
1.479227333E2,3.742500305E1,-1.106250000E1,-2.568750143E0
1.479427329E2,3.641250229E1,-1.046250057E1,-2.006250143E0
1.479627288E2,3.691875076E1,-1.108125019E1,-2.025000095E0
1.479827330E2,3.660000229E1,-1.036875057E1,-1.912500024E0
1.480027437E2,3.757500076E1,-1.038750076E1,-2.362500191E0
1.480227365E2,3.650625229E1,-1.001250076E1,-2.943750143E0
1.480427377E2,3.691875076E1,-1.078125000E1,-1.818750024E0
1.480627343E2,3.630000305E1,-1.027500057E1,-1.706250072E0
1.480827275E2,3.650625229E1,-1.068750000E1,-1.706250072E0
1.481027286E2,3.590625000E1,-9.862500191E0,-1.781250119E0
1.481227270E2,3.622500229E1,-1.055625057E1,-2.118750095E0
1.481427216E2,3.543750000E1,-1.035000038E1,-1.875000119E0
1.481627247E2,3.652500153E1,-1.076250076E1,-1.912500024E0
1.481827234E2,3.555000305E1,-1.057500076E1,-2.925000191E0
1.482027297E2,3.624375153E1,-1.083750057E1,-2.212500095E0
1.482227308E2,3.564375305E1,-1.048125076E1,-3.131250143E0
1.482427063E2,3.631875229E1,-1.050000000E1,-3.150000095E0
1.482627156E2,3.553125000E1,-1.008750057E1,-2.812500000E0
1.482827197E2,3.622500229E1,-1.042500019E1,-2.418750048E0
1.483027190E2,3.555000305E1,-1.038750076E1,-2.812500000E0
1.483227711E2,3.643125153E1,-1.063125038E1,-2.531250000E0
1.483427616E2,3.583125305E1,-1.050000000E1,-2.831250191E0
1.483627487E2,3.669375229E1,-1.014375019E1,-2.643750191E0
1.483827451E2,3.553125000E1,-9.993750572E0,-2.812500000E0
1.484027382E2,3.594375229E1,-1.059375000E1,-2.831250191E0
1.484227271E2,3.555000305E1,-1.046250057E1,-3.243750095E0
1.484427164E2,3.605625153E1,-1.091250038E1,-2.531250000E0
1.484626718E2,3.536250305E1,-1.078125000E1,-2.812500000E0
1.484826890E2,3.622500229E1,-1.059375000E1,-2.943750143E0
1.485027000E2,3.633750153E1,-1.076250076E1,-3.787500143E0
1.485227052E2,3.633750153E1,-1.093125057E1,-2.531250000E0
1.485427284E2,3.684375000E1,-1.096875000E1,-3.900000095E0
1.485627308E2,3.663750076E1,-1.093125057E1,-2.643750191E0
1.485827279E2,3.675000000E1,-1.123125076E1,-2.756250143E0
1.486027324E2,3.712500000E1,-1.095000076E1,-2.456250191E0
1.486227318E2,3.703125000E1,-1.123125076E1,-2.868750095E0
1.486427253E2,3.712500000E1,-1.100625038E1,-3.187500238E0
1.486627289E2,3.686250305E1,-1.156875038E1,-3.693750143E0
1.486827274E2,3.723750305E1,-1.143750000E1,-2.662500143E0
1.487027332E2,3.755625153E1,-1.200000000E1,-3.412500143E0
1.487227334E2,3.686250305E1,-1.170000076E1,-3.075000048E0
1.487427295E2,3.748125076E1,-1.216875076E1,-3.918750048E0
1.487627341E2,3.765000153E1,-1.170000076E1,-3.731250048E0
1.487827233E2,3.815625000E1,-1.222500038E1,-3.225000143E0
1.488027206E2,3.793125153E1,-1.164375019E1,-2.906250000E0
1.488227257E2,3.862500000E1,-1.194375038E1,-3.337500095E0
1.488427259E2,3.853125000E1,-1.205625057E1,-3.018750191E0
1.488627210E2,3.922500229E1,-1.218750095E1,-2.737500191E0
1.488827144E2,3.941250229E1,-1.207500076E1,-3.262500048E0
1.489027165E2,3.901875305E1,-1.207500076E1,-2.925000191E0
1.489227142E2,3.825000000E1,-1.226250076E1,-2.700000048E0
1.489427201E2,3.913125229E1,-1.258125019E1,-2.737500191E0
1.489627207E2,3.866250229E1,-1.275000095E1,-3.243750095E0
1.489827173E2,3.945000076E1,-1.271250057E1,-4.087500095E0
1.490026893E2,3.856875229E1,-1.284375095E1,-3.131250143E0
1.490226961E2,3.886875153E1,-1.246875095E1,-4.593750000E0
1.490427095E2,3.856875229E1,-1.252500057E1,-3.656250238E0
1.490627162E2,3.915000153E1,-1.243125057E1,-3.768750191E0
1.490827514E2,3.836250305E1,-1.250625038E1,-3.750000238E0
1.491027517E2,3.952500153E1,-1.231875038E1,-4.087500095E0
1.491227462E2,3.886875153E1,-1.233750057E1,-5.212500095E0
1.491427371E2,3.894375229E1,-1.205625057E1,-5.006250381E0
1.491627369E2,3.813750076E1,-1.166250038E1,-4.462500095E0
1.491827308E2,3.855000305E1,-1.181250000E1,-5.512500286E0
1.492027236E2,3.759375000E1,-1.198125076E1,-5.700000286E0
1.492227364E2,3.787500000E1,-1.166250038E1,-6.225000381E0
1.492427312E2,3.680625153E1,-1.171875000E1,-6.187500477E0
1.492627343E2,3.671250153E1,-1.190625000E1,-6.506250381E0
1.492827326E2,3.631875229E1,-1.147500038E1,-6.806250095E0
1.493027389E2,3.678750229E1,-1.126875019E1,-7.125000477E0
1.493227282E2,3.658125305E1,-1.085625076E1,-7.218750477E0
1.493427267E2,3.656250000E1,-1.068750000E1,-6.693750381E0
1.493627219E2,3.639375305E1,-1.093125057E1,-7.631250381E0
1.493827255E2,3.616875076E1,-1.044375038E1,-7.312500477E0
1.494027232E2,3.558750153E1,-1.042500019E1,-7.293750286E0
1.494227190E2,3.596250153E1,-1.005000019E1,-7.087500095E0
1.494427231E2,3.585000229E1,-9.506250381E0,-7.912500381E0
1.494627221E2,3.605625153E1,-9.862500191E0,-7.087500095E0
1.494827289E2,3.556875229E1,-9.750000000E0,-7.181250095E0
1.495027300E2,3.566250229E1,-9.656250000E0,-7.068750381E0
1.495227269E2,3.538125229E1,-9.918750763E0,-7.481250286E0
1.495427105E2,3.517500305E1,-9.918750763E0,-7.368750095E0
1.495627145E2,3.558750153E1,-1.021875000E1,-7.706250191E0
1.495827141E2,3.538125229E1,-1.021875000E1,-7.387500286E0
1.496027212E2,3.605625153E1,-9.731250763E0,-7.706250191E0
1.496227681E2,3.635625076E1,-1.005000019E1,-7.612500191E0
1.496427665E2,3.575625229E1,-9.656250000E0,-7.087500095E0
1.496627594E2,3.585000229E1,-9.881250381E0,-6.562500477E0
1.496827487E2,3.635625076E1,-9.843750000E0,-7.518750191E0
1.497027472E2,3.622500229E1,-9.506250381E0,-6.675000191E0
1.497227402E2,3.605625153E1,-9.843750000E0,-7.500000477E0
1.497427326E2,3.645000076E1,-1.005000019E1,-7.425000191E0
1.497627451E2,3.635625076E1,-1.012500000E1,-8.043750763E0
1.497827397E2,3.635625076E1,-1.016250038E1,-7.312500477E0
1.498027313E2,3.646875000E1,-1.033125019E1,-7.837500095E0
1.498227322E2,3.607500076E1,-1.042500019E1,-7.725000381E0
1.498427519E2,3.686250305E1,-1.040625000E1,-8.362500191E0
1.498627407E2,3.688125229E1,-1.085625076E1,-7.425000191E0
1.498827387E2,3.718125153E1,-1.083750057E1,-7.856250286E0
1.499027329E2,3.639375305E1,-1.072500038E1,-7.725000381E0
1.499227245E2,3.744375229E1,-1.033125019E1,-8.493750572E0
1.499427243E2,3.695625305E1,-1.066875076E1,-7.218750477E0
1.499627222E2,3.695625305E1,-1.035000038E1,-7.631250381E0
1.499827278E2,3.637500000E1,-1.053750038E1,-7.518750191E0
1.500027283E2,3.776250076E1,-1.076250076E1,-7.762500286E0
1.500227247E2,3.695625305E1,-1.057500076E1,-7.331250191E0
1.500427292E2,3.738750076E1,-1.104375076E1,-8.081250191E0
1.500627289E2,3.699375153E1,-1.126875019E1,-7.331250191E0
1.500827258E2,3.748125076E1,-1.136250019E1,-7.668750286E0
1.501027293E2,3.671250153E1,-1.164375019E1,-7.443750381E0
1.501227280E2,3.691875076E1,-1.162500000E1,-7.968750477E0
1.501427230E2,3.603750229E1,-1.164375019E1,-7.106250286E0
1.501627828E2,3.729375076E1,-1.156875038E1,-7.237500191E0
1.501827798E2,3.738750076E1,-1.125000000E1,-7.875000477E0
1.502027716E2,3.757500076E1,-1.128750038E1,-7.350000381E0
1.502227601E2,3.718125153E1,-1.096875000E1,-7.331250191E0
1.502427464E2,3.796875000E1,-1.121250057E1,-7.162500381E0
1.502627435E2,3.768750000E1,-1.147500038E1,-7.462500095E0
1.502827371E2,3.765000153E1,-1.106250000E1,-6.000000000E0
1.503026960E2,3.690000153E1,-1.168125057E1,-6.918750286E0
1.503227042E2,3.688125229E1,-1.132500076E1,-6.187500477E0
1.503427080E2,3.680625153E1,-1.158750057E1,-6.806250095E0
1.503627078E2,3.680625153E1,-1.175625038E1,-5.662500381E0
1.503827496E2,3.710625076E1,-1.168125057E1,-6.918750286E0
1.504027442E2,3.729375076E1,-1.205625057E1,-5.887500286E0
1.504227349E2,3.661875153E1,-1.211250019E1,-6.300000191E0
1.504427345E2,3.718125153E1,-1.162500000E1,-6.412500381E0
1.504627302E2,3.671250153E1,-1.181250000E1,-6.393750191E0
1.504827326E2,3.639375305E1,-1.141875076E1,-5.962500095E0
1.505027320E2,3.669375229E1,-1.143750000E1,-5.981250286E0
1.505227384E2,3.656250000E1,-1.083750057E1,-6.075000286E0
1.505427394E2,3.705000305E1,-1.096875000E1,-5.775000095E0
1.505627361E2,3.714375305E1,-1.100625038E1,-5.043750286E0
1.505827293E2,3.706875229E1,-1.111875057E1,-6.506250381E0
1.506027314E2,3.686250305E1,-1.106250000E1,-5.568750381E0
1.506227293E2,3.648750305E1,-1.098750019E1,-6.600000381E0
1.506427232E2,3.686250305E1,-1.117500019E1,-5.456250191E0
1.506627260E2,3.678750229E1,-1.123125076E1,-6.187500477E0
1.506827244E2,3.654375076E1,-1.046250057E1,-5.662500381E0
1.507027291E2,3.688125229E1,-1.102500057E1,-6.300000191E0
1.507227304E2,3.648750305E1,-1.145625019E1,-5.550000191E0
1.507427271E2,3.746250153E1,-1.102500057E1,-6.731250286E0
1.507627314E2,3.693750000E1,-1.025625038E1,-5.868750095E0
1.507827309E2,3.781875229E1,-1.044375038E1,-6.412500381E0
1.508027263E2,3.691875076E1,-1.006875038E1,-5.868750095E0
1.508227302E2,3.761250305E1,-9.937500000E0,-6.712500095E0
1.508427081E2,3.750000000E1,-9.787500381E0,-5.681250095E0
1.508627081E2,3.721875000E1,-9.937500000E0,-6.300000191E0
1.508827159E2,3.673125076E1,-1.040625000E1,-5.043750286E0
1.509027183E2,3.742500305E1,-1.070625019E1,-5.268750191E0
1.509227724E2,3.663750076E1,-1.035000038E1,-5.962500095E0
1.509427652E2,3.712500000E1,-1.003125000E1,-6.393750191E0
1.509627539E2,3.703125000E1,-1.035000038E1,-5.981250286E0
1.509827514E2,3.703125000E1,-1.025625038E1,-6.075000286E0
1.510027449E2,3.733125305E1,-1.001250076E1,-7.031250477E0
1.510227349E2,3.761250305E1,-9.956250191E0,-6.412500381E0
1.510427354E2,3.759375000E1,-9.862500191E0,-6.206250191E0
1.510626881E2,3.819375229E1,-1.016250038E1,-6.431250095E0
1.510826916E2,3.750000000E1,-9.675000191E0,-6.093750477E0
1.511027029E2,3.810000229E1,-9.993750572E0,-6.000000000E0
1.511227086E2,3.761250305E1,-9.843750000E0,-6.506250381E0
1.511427324E2,3.810000229E1,-1.018125057E1,-6.225000381E0
1.511627354E2,3.721875000E1,-9.900000572E0,-7.012500286E0
1.511827328E2,3.791250229E1,-1.018125057E1,-6.112500191E0
1.512027378E2,3.735000229E1,-1.063125038E1,-6.618750095E0
1.512227374E2,3.780000305E1,-1.018125057E1,-6.000000000E0
1.512427310E2,3.723750305E1,-1.063125038E1,-6.412500381E0
1.512627234E2,3.761250305E1,-1.027500057E1,-6.000000000E0
1.512827246E2,3.693750000E1,-1.010625076E1,-6.918750286E0
1.513027216E2,3.791250229E1,-1.031250000E1,-5.587500095E0
1.513227267E2,3.751875305E1,-1.023750019E1,-6.506250381E0
1.513427266E2,3.781875229E1,-1.036875057E1,-6.112500191E0
1.513627229E2,3.772500229E1,-1.035000038E1,-6.412500381E0
1.513827173E2,3.736875153E1,-1.091250038E1,-6.825000286E0
1.514027187E2,3.705000305E1,-1.051875019E1,-6.506250381E0
1.514227159E2,3.675000000E1,-1.053750038E1,-5.981250286E0
1.514427211E2,3.611250305E1,-1.115625000E1,-6.900000095E0
1.514627890E2,3.667500305E1,-1.111875057E1,-6.281250477E0
1.514827808E2,3.688125229E1,-1.128750038E1,-7.012500286E0
1.515027683E2,3.630000305E1,-1.115625000E1,-7.106250286E0
1.515227533E2,3.641250229E1,-1.132500076E1,-7.837500095E0
1.515427483E2,3.641250229E1,-1.123125076E1,-7.631250381E0
1.515627402E2,3.658125305E1,-1.076250076E1,-7.312500477E0
1.515827307E2,3.616875076E1,-1.042500019E1,-5.962500095E0
1.516026867E2,3.609375000E1,-1.076250076E1,-6.993750095E0
1.516226930E2,3.628125000E1,-1.065000057E1,-7.312500477E0
1.516426957E2,3.598125076E1,-1.053750038E1,-7.406250477E0
1.516627059E2,3.607500076E1,-1.053750038E1,-7.312500477E0
1.516827448E2,3.609375000E1,-1.051875019E1,-7.725000381E0
1.517027371E2,3.609375000E1,-1.093125057E1,-7.406250477E0
1.517227370E2,3.571875000E1,-1.093125057E1,-7.293750286E0
1.517427326E2,3.521250153E1,-1.051875019E1,-7.275000095E0
1.517627360E2,3.590625000E1,-1.072500038E1,-7.406250477E0
1.517827333E2,3.558750153E1,-1.035000038E1,-6.881250381E0
1.518027285E2,3.605625153E1,-1.005000019E1,-7.406250477E0
1.518227427E2,3.586875153E1,-9.937500000E0,-7.406250477E0
1.518427384E2,3.594375229E1,-9.656250000E0,-7.181250095E0
1.518627307E2,3.603750229E1,-9.318750381E0,-7.818750381E0
1.518827319E2,3.611250305E1,-9.356250763E0,-5.737500191E0
1.519027293E2,3.532500076E1,-9.075000763E0,-6.656250477E0
1.519227230E2,3.600000000E1,-8.906250000E0,-6.356250286E0
1.519427253E2,3.540000153E1,-8.587500572E0,-6.656250477E0
1.519627231E2,3.570000076E1,-8.793750763E0,-6.450000286E0
1.519827289E2,3.472500229E1,-8.662500381E0,-6.525000095E0
1.520027284E2,3.611250305E1,-9.000000000E0,-6.768750191E0
1.520227254E2,3.541875076E1,-8.756250381E0,-7.068750381E0
1.520427300E2,3.586875153E1,-8.362500191E0,-5.625000000E0
1.520627295E2,3.568125153E1,-8.081250191E0,-6.750000477E0
1.520827250E2,3.635625076E1,-7.950000286E0,-6.150000095E0
1.521027287E2,3.575625229E1,-7.612500191E0,-6.337500095E0
1.521227279E2,3.611250305E1,-7.181250095E0,-5.512500286E0
1.521427016E2,3.603750229E1,-7.556250095E0,-5.925000191E0
1.521627098E2,3.678750229E1,-7.125000477E0,-5.118750095E0
1.521827130E2,3.585000229E1,-7.556250095E0,-5.606250286E0
1.522027228E2,3.652500153E1,-7.612500191E0,-5.212500095E0
1.522227723E2,3.631875229E1,-7.350000381E0,-6.037500381E0
1.522427607E2,3.611250305E1,-7.350000381E0,-4.481250286E0
1.522627571E2,3.590625000E1,-6.975000381E0,-5.718750000E0
1.522827493E2,3.611250305E1,-7.087500095E0,-5.418750286E0
1.523027388E2,3.553125000E1,-7.143750191E0,-5.812500000E0
1.523227365E2,3.601875305E1,-7.218750477E0,-4.781250000E0
1.523427324E2,3.613125229E1,-7.368750095E0,-5.831250191E0
1.523626820E2,3.667500305E1,-6.693750381E0,-5.737500191E0
1.523826936E2,3.620625305E1,-6.750000477E0,-6.243750095E0
1.524027004E2,3.667500305E1,-6.618750095E0,-5.212500095E0
1.524227025E2,3.590625000E1,-6.862500191E0,-5.812500000E0
1.524427235E2,3.586875153E1,-6.243750095E0,-4.350000381E0
1.524627245E2,3.639375305E1,-6.712500095E0,-5.306250095E0
1.524827319E2,3.658125305E1,-6.862500191E0,-4.593750000E0
1.525027333E2,3.648750305E1,-6.468750477E0,-6.037500381E0
1.525227298E2,3.658125305E1,-6.843750477E0,-4.687500000E0
1.525427346E2,3.600000000E1,-6.900000095E0,-5.306250095E0
1.525627339E2,3.656250000E1,-6.431250095E0,-5.006250381E0
1.525827285E2,3.630000305E1,-6.975000381E0,-5.625000000E0
1.526027314E2,3.648750305E1,-6.937500477E0,-4.687500000E0
1.526227296E2,3.650625229E1,-6.993750095E0,-5.531250000E0
1.526427240E2,3.648750305E1,-7.162500381E0,-4.275000095E0
1.526627160E2,3.622500229E1,-7.293750286E0,-5.418750286E0
1.526827182E2,3.600000000E1,-7.012500286E0,-5.100000381E0
1.527027261E2,3.697500229E1,-6.956250191E0,-4.818750381E0
1.527227284E2,3.630000305E1,-7.143750191E0,-4.593750000E0
1.527427262E2,3.678750229E1,-7.612500191E0,-3.562500238E0
1.527627880E2,3.590625000E1,-6.937500477E0,-4.462500095E0
1.527827751E2,3.639375305E1,-7.293750286E0,-3.750000238E0
1.528027590E2,3.562500000E1,-7.556250095E0,-4.050000191E0
1.528227527E2,3.609375000E1,-7.050000191E0,-4.368750095E0
1.528427436E2,3.525000000E1,-7.256250381E0,-5.493750095E0
1.528627324E2,3.600000000E1,-7.068750381E0,-3.956250191E0
1.528827314E2,3.504375076E1,-7.481250286E0,-5.062500000E0
1.529026943E2,3.564375305E1,-8.025000572E0,-4.256250381E0
1.529226947E2,3.496875000E1,-7.856250286E0,-5.175000191E0
1.529427035E2,3.603750229E1,-7.856250286E0,-3.956250191E0
1.529627073E2,3.517500305E1,-8.268750191E0,-5.081250191E0
1.529827409E2,3.613125229E1,-7.931250095E0,-4.593750000E0
1.530027406E2,3.543750000E1,-7.518750191E0,-4.462500095E0
1.530227351E2,3.661875153E1,-7.706250191E0,-5.231250286E0
1.530427377E2,3.573750305E1,-7.500000477E0,-4.875000000E0
1.530627352E2,3.648750305E1,-7.312500477E0,-3.543750048E0
1.530827277E2,3.562500000E1,-7.237500191E0,-4.256250381E0
1.531027308E2,3.671250153E1,-7.762500286E0,-4.293750286E0
1.531227287E2,3.590625000E1,-7.256250381E0,-4.050000191E0
1.531427232E2,3.631875229E1,-7.687500477E0,-3.862500191E0
1.531627263E2,3.609375000E1,-7.031250477E0,-4.781250000E0
1.531827247E2,3.611250305E1,-7.818750381E0,-2.925000191E0
1.532027311E2,3.601875305E1,-7.575000286E0,-3.956250191E0
1.532227209E2,3.620625305E1,-7.368750095E0,-4.162500381E0
1.532427197E2,3.485625076E1,-7.706250191E0,-4.331250191E0
1.532627263E2,3.613125229E1,-8.306250572E0,-3.337500095E0
1.532827274E2,3.633750153E1,-8.268750191E0,-4.068750381E0
1.533027243E2,3.661875153E1,-8.025000572E0,-3.356250048E0
1.533227180E2,3.622500229E1,-7.987500191E0,-3.543750048E0
1.533427200E2,3.660000229E1,-7.631250381E0,-3.243750095E0
1.533627180E2,3.630000305E1,-7.312500477E0,-3.337500095E0
1.533827238E2,3.678750229E1,-7.331250191E0,-3.356250048E0
1.534027242E2,3.748125076E1,-7.931250095E0,-3.487500191E0
1.534227208E2,3.718125153E1,-7.556250095E0,-3.150000095E0
1.534427040E2,3.699375153E1,-7.500000477E0,-3.768750191E0
1.534627083E2,3.727500153E1,-7.650000095E0,-3.262500048E0
1.534827189E2,3.699375153E1,-7.725000381E0,-3.356250048E0
1.535027236E2,3.658125305E1,-7.218750477E0,-3.450000048E0
1.535227793E2,3.688125229E1,-7.331250191E0,-3.243750095E0
1.535427616E2,3.641250229E1,-7.725000381E0,-3.037500143E0
1.535627533E2,3.671250153E1,-7.931250095E0,-3.243750095E0
1.535827419E2,3.678750229E1,-7.631250381E0,-3.150000095E0
1.536027400E2,3.766875076E1,-7.462500095E0,-3.168750048E0
1.536227341E2,3.633750153E1,-8.193750381E0,-3.656250238E0
1.536427374E2,3.748125076E1,-7.950000286E0,-3.375000238E0
1.536627472E2,3.750000000E1,-8.043750763E0,-3.168750048E0
1.536827392E2,3.736875153E1,-7.650000095E0,-3.262500048E0
1.537027403E2,3.690000153E1,-7.706250191E0,-3.562500238E0
1.537227369E2,3.796875000E1,-7.800000191E0,-2.775000095E0
1.537427532E2,3.718125153E1,-7.668750286E0,-2.943750143E0
1.537627391E2,3.825000000E1,-7.818750381E0,-2.456250191E0
1.537827349E2,3.759375000E1,-8.362500191E0,-3.168750048E0
1.538027276E2,3.795000076E1,-7.631250381E0,-2.043750048E0
1.538227294E2,3.766875076E1,-7.593750477E0,-2.662500143E0
1.538427267E2,3.796875000E1,-8.231250763E0,-2.156250000E0
1.538627216E2,3.787500000E1,-8.100000381E0,-2.456250191E0
1.538827249E2,3.843750000E1,-7.743750095E0,-2.268750191E0
1.539027238E2,3.768750000E1,-8.062500000E0,-3.168750048E0
1.539227190E2,3.847500229E1,-8.400000572E0,-2.681250095E0
1.539427228E2,3.740625000E1,-8.287500381E0,-2.550000191E0
1.539627223E2,3.808125305E1,-8.531250000E0,-2.043750048E0
1.539827191E2,3.710625076E1,-8.175000191E0,-2.643750191E0
1.540027224E2,3.772500229E1,-8.981250763E0,-2.662500143E0
1.540227211E2,3.753750229E1,-9.225000381E0,-3.393750191E0
1.540427273E2,3.780000305E1,-8.475000381E0,-2.981250048E0
1.540627847E2,3.703125000E1,-8.718750000E0,-3.375000238E0
1.540827796E2,3.781875229E1,-9.075000763E0,-2.868750095E0
1.541027696E2,3.785625076E1,-9.600000381E0,-4.031250000E0
1.541227566E2,3.755625153E1,-9.468750000E0,-2.775000095E0
1.541427418E2,3.678750229E1,-9.581250191E0,-3.675000191E0
1.541627372E2,3.697500229E1,-9.806250572E0,-3.375000238E0
1.541827419E2,3.708750153E1,-9.675000191E0,-4.106250286E0
1.542026979E2,3.718125153E1,-9.993750572E0,-3.600000143E0
1.542227037E2,3.631875229E1,-9.825000763E0,-4.406250000E0
1.542427054E2,3.727500153E1,-9.900000572E0,-3.806250095E0
1.542627150E2,3.699375153E1,-9.675000191E0,-4.106250286E0
1.542827529E2,3.663750076E1,-1.029375076E1,-5.231250286E0
1.543027446E2,3.731250000E1,-1.046250057E1,-4.331250191E0
1.543227441E2,3.613125229E1,-1.003125000E1,-4.181250095E0
1.543427392E2,3.693750000E1,-1.070625019E1,-4.837500095E0
1.543627310E2,3.615000153E1,-1.063125038E1,-4.087500095E0
1.543827305E2,3.663750076E1,-1.042500019E1,-4.612500191E0
1.544027391E2,3.684375000E1,-1.074375057E1,-4.106250286E0
1.544227414E2,3.645000076E1,-1.070625019E1,-4.612500191E0
1.544427391E2,3.577500153E1,-1.066875076E1,-5.006250381E0
1.544627332E2,3.646875000E1,-1.108125019E1,-4.931250095E0
1.544827357E2,3.528750229E1,-1.072500038E1,-5.512500286E0
1.545027342E2,3.568125153E1,-1.085625076E1,-5.006250381E0
1.545227400E2,3.510000229E1,-1.100625038E1,-5.512500286E0
1.545427401E2,3.581250000E1,-1.151250076E1,-5.850000381E0
1.545627359E2,3.495000076E1,-1.177500057E1,-6.131250381E0
1.545827287E2,3.571875000E1,-1.141875076E1,-5.643750191E0
1.546027294E2,3.504375076E1,-1.134375000E1,-6.656250477E0
1.546227275E2,3.543750000E1,-1.147500038E1,-6.243750095E0
1.546427217E2,3.504375076E1,-1.136250019E1,-6.337500095E0
1.546627248E2,3.543750000E1,-1.156875038E1,-6.243750095E0
1.546827233E2,3.485625076E1,-1.171875000E1,-7.068750381E0
1.547027186E2,3.534375000E1,-1.186875057E1,-6.243750095E0
1.547227111E2,3.397500229E1,-1.151250076E1,-6.731250286E0
1.547426915E2,3.564375305E1,-1.207500076E1,-6.468750477E0
1.547627051E2,3.446250153E1,-1.160625076E1,-7.050000191E0
1.547827124E2,3.525000000E1,-1.198125076E1,-6.150000095E0
1.548027142E2,3.517500305E1,-1.201875019E1,-7.087500095E0
1.548227570E2,3.571875000E1,-1.136250019E1,-6.675000191E0
1.548427520E2,3.511875153E1,-1.115625000E1,-6.656250477E0
1.548627425E2,3.590625000E1,-1.119375038E1,-6.262500286E0
1.548827416E2,3.541875076E1,-1.126875019E1,-6.562500477E0
1.549027363E2,3.658125305E1,-1.140000057E1,-4.725000381E0
1.549227266E2,3.523125076E1,-1.128750038E1,-5.925000191E0
1.549427283E2,3.590625000E1,-1.141875076E1,-5.962500095E0
1.549626816E2,3.549375153E1,-1.113750076E1,-5.418750286E0
1.549826966E2,3.568125153E1,-1.095000076E1,-5.212500095E0
1.550027057E2,3.570000076E1,-1.089375019E1,-6.356250286E0
1.550227093E2,3.609375000E1,-1.134375000E1,-5.643750191E0
1.550427312E2,3.560625076E1,-1.145625019E1,-5.118750095E0
1.550627328E2,3.598125076E1,-1.130625057E1,-4.406250000E0
1.550827291E2,3.521250153E1,-1.113750076E1,-5.100000381E0
1.551027331E2,3.598125076E1,-1.132500076E1,-3.975000143E0
1.551227317E2,3.532500076E1,-1.173750019E1,-5.006250381E0
1.551427250E2,3.483750153E1,-1.173750019E1,-4.893750191E0
1.551627171E2,3.493125153E1,-1.173750019E1,-4.987500191E0
1.551827180E2,3.489375305E1,-1.085625076E1,-4.781250000E0
1.552027262E2,3.588750076E1,-1.108125019E1,-4.800000191E0
1.552227284E2,3.570000076E1,-1.138125038E1,-4.500000000E0
1.552427260E2,3.577500153E1,-1.081875038E1,-4.068750381E0
1.552627318E2,3.549375153E1,-1.111875057E1,-3.862500191E0
1.552827332E2,3.579375076E1,-1.119375038E1,-4.593750000E0
1.553027284E2,3.526875305E1,-1.081875038E1,-3.862500191E0
1.553227318E2,3.547500229E1,-1.081875038E1,-4.068750381E0
1.553427305E2,3.526875305E1,-1.065000057E1,-3.225000143E0
1.553627817E2,3.575625229E1,-1.085625076E1,-3.450000048E0
1.553827718E2,3.510000229E1,-1.123125076E1,-3.543750048E0
1.554027585E2,3.654375076E1,-1.132500076E1,-2.550000191E0
1.554227432E2,3.510000229E1,-1.100625038E1,-4.050000191E0
1.554427383E2,3.540000153E1,-1.134375000E1,-3.337500095E0
1.554627295E2,3.508125305E1,-1.063125038E1,-3.637500048E0
1.554827319E2,3.517500305E1,-1.051875019E1,-3.843750238E0
1.555026861E2,3.431250000E1,-1.121250057E1,-3.300000191E0
1.555226909E2,3.472500229E1,-1.162500000E1,-3.318750143E0
1.555427034E2,3.451875305E1,-1.138125038E1,-3.843750238E0
1.555627101E2,3.502500153E1,-1.158750057E1,-4.162500381E0
1.555827457E2,3.423750305E1,-1.166250038E1,-4.143750191E0
1.556027353E2,3.530625153E1,-1.158750057E1,-4.181250095E0
1.556227334E2,3.435000229E1,-1.151250076E1,-4.968750000E0
1.556427274E2,3.472500229E1,-1.158750057E1,-4.050000191E0
1.556627299E2,3.483750153E1,-1.168125057E1,-4.256250381E0
1.556827263E2,3.540000153E1,-1.126875019E1,-4.687500000E0
1.557027210E2,3.519375229E1,-1.119375038E1,-4.275000095E0
1.557227239E2,3.586875153E1,-1.083750057E1,-3.975000143E0
1.557427223E2,3.573750305E1,-1.010625076E1,-4.275000095E0
1.557627283E2,3.673125076E1,-1.033125019E1,-4.612500191E0
1.557827289E2,3.564375305E1,-1.001250076E1,-4.368750095E0
1.558027257E2,3.669375229E1,-9.881250381E0,-3.787500143E0
1.558227301E2,3.630000305E1,-9.543750763E0,-4.181250095E0
1.558427294E2,3.688125229E1,-9.768750191E0,-3.900000095E0
1.558627246E2,3.622500229E1,-1.033125019E1,-4.087500095E0
1.558827283E2,3.708750153E1,-9.806250572E0,-3.581250191E0
1.559027259E2,3.609375000E1,-9.468750000E0,-3.562500238E0
1.559227326E2,3.620625305E1,-9.900000572E0,-3.150000095E0
1.559427333E2,3.688125229E1,-9.487500191E0,-3.900000095E0
1.559627297E2,3.738750076E1,-1.001250076E1,-3.600000143E0
1.559827337E2,3.736875153E1,-9.675000191E0,-4.106250286E0
1.560027331E2,3.763125229E1,-8.943750381E0,-3.393750191E0
1.560227285E2,3.776250076E1,-9.618750572E0,-3.600000143E0
1.560426994E2,3.781875229E1,-8.831250191E0,-3.506250143E0
1.560627055E2,3.823125076E1,-9.262500763E0,-3.093750238E0
1.560827073E2,3.791250229E1,-8.981250763E0,-2.662500143E0
1.561027162E2,3.870000076E1,-8.662500381E0,-3.618750095E0
1.561227646E2,3.810000229E1,-8.475000381E0,-3.093750238E0
1.561427529E2,3.885000229E1,-8.231250763E0,-2.700000048E0
1.561627493E2,3.892500305E1,-7.612500191E0,-3.000000000E0
1.561827418E2,3.980625153E1,-7.762500286E0,-2.606250048E0
1.562027315E2,3.960000229E1,-7.462500095E0,-2.493750095E0
1.562227292E2,3.980625153E1,-7.575000286E0,-2.400000095E0
1.562427253E2,4.066875076E1,-7.425000191E0,-1.912500024E0
1.562627406E2,4.095000076E1,-7.350000381E0,-1.706250072E0
1.562827373E2,4.025625229E1,-7.162500381E0,-1.068750024E0
1.563027308E2,4.151250076E1,-6.787500381E0,-1.612500072E0
1.563227328E2,4.051875305E1,-6.825000286E0,-4.500000179E-1
1.563427418E2,4.149375153E1,-6.731250286E0,-8.812500238E-1
1.563627450E2,4.132500076E1,-6.787500381E0,-1.406250000E0
1.563827425E2,4.198125076E1,-6.618750095E0,-1.106250048E0
1.564027363E2,4.276875305E1,-6.693750381E0,-2.062500119E-1
1.564227274E2,4.128750229E1,-6.543750286E0,-3.562500179E-1
1.564427276E2,4.170000076E1,-6.918750286E0,-9.937500358E-1
1.564627245E2,4.207500076E1,-6.450000286E0,-8.062500358E-1
1.564827292E2,4.179375076E1,-6.656250477E0,-5.812500119E-1
1.565027294E2,4.237500000E1,-6.843750477E0,-9.187500477E-1
1.565227253E2,4.188750076E1,-6.731250286E0,-1.012500048E0
1.565427296E2,4.207500076E1,-6.675000191E0,-2.812500000E-1
1.565627292E2,4.211250305E1,-7.256250381E0,-6.000000238E-1
1.565827149E2,4.267500305E1,-6.956250191E0,-1.031250000E0
1.566027209E2,4.200000000E1,-6.993750095E0,-1.537500024E0
1.566227218E2,4.237500000E1,-6.975000381E0,-3.937500119E-1
1.566427186E2,4.230000305E1,-7.106250286E0,-1.650000095E0
1.566627799E2,4.248750305E1,-7.181250095E0,-5.062500238E-1
1.566827670E2,4.220625305E1,-7.200000286E0,-1.650000095E0
1.567027622E2,4.278750229E1,-7.143750191E0,-1.143750072E0
1.567227535E2,4.250625229E1,-7.462500095E0,-7.125000358E-1
1.567427422E2,4.239375305E1,-7.368750095E0,-5.062500238E-1
1.567627390E2,4.261875153E1,-7.837500095E0,-1.143750072E0
1.567827344E2,4.269375229E1,-7.462500095E0,-8.250000477E-1
1.568026948E2,4.250625229E1,-7.518750191E0,-1.350000024E0
1.568227040E2,4.258125305E1,-7.162500381E0,-6.187500358E-1
1.568427085E2,4.278750229E1,-6.937500477E0,-1.237500072E0
1.568627086E2,4.338750076E1,-7.368750095E0,-1.050000072E0
1.568827391E2,4.327500153E1,-7.256250381E0,-1.368750095E0
1.569027365E2,4.340625000E1,-7.931250095E0,-1.575000048E0
1.569227297E2,4.303125000E1,-8.156250000E0,-1.050000072E0
1.569427310E2,4.267500305E1,-8.906250000E0,-1.350000024E0
1.569627280E2,4.256250000E1,-8.925000191E0,-9.375000596E-1
1.569827321E2,4.267500305E1,-8.943750381E0,-7.312500477E-1
1.570027322E2,4.220625305E1,-9.412500381E0,-9.375000596E-1
1.570227390E2,4.203750229E1,-1.008750057E1,-1.237500072E0
1.570427401E2,4.183125305E1,-9.768750191E0,-1.443750024E0
1.570627366E2,4.166250229E1,-1.036875057E1,-1.237500072E0
1.570827297E2,4.156875229E1,-1.023750019E1,-1.856250048E0
1.571027319E2,4.160625076E1,-1.134375000E1,-1.650000095E0
1.571227298E2,4.170000076E1,-1.100625038E1,-2.381250143E0
1.571427237E2,4.177500153E1,-1.087500000E1,-1.350000024E0
1.571627262E2,4.110000229E1,-1.091250038E1,-1.837500095E0
1.571827243E2,4.123125076E1,-1.151250076E1,-1.856250048E0
1.572027980E2,4.171875000E1,-1.117500019E1,-2.793750048E0
1.572227830E2,4.121250153E1,-1.123125076E1,-1.650000095E0
1.572427654E2,4.209375000E1,-1.087500000E1,-3.112500191E0
1.572627579E2,4.168125153E1,-1.080000019E1,-2.381250143E0
1.572827477E2,4.188750076E1,-1.091250038E1,-2.381250143E0
1.573027357E2,4.237500000E1,-1.061250019E1,-2.493750095E0
1.573227343E2,4.246875000E1,-1.055625057E1,-3.750000238E0
1.573427084E2,4.216875076E1,-1.057500076E1,-3.112500191E0
1.573627059E2,4.245000076E1,-1.016250038E1,-3.637500048E0
1.573827123E2,4.226250076E1,-1.016250038E1,-3.525000095E0
1.574027139E2,4.291875076E1,-9.693750381E0,-3.337500095E0
1.574227571E2,4.305000305E1,-1.014375019E1,-4.387500286E0
1.574427529E2,4.323750305E1,-1.006875038E1,-3.881250143E0
1.574627444E2,4.256250000E1,-1.035000038E1,-3.862500191E0
1.574827443E2,4.293750000E1,-1.005000019E1,-4.068750381E0
1.575027399E2,4.325625229E1,-1.044375038E1,-4.293750286E0
1.575227313E2,4.353750229E1,-1.046250057E1,-4.087500095E0
1.575427332E2,4.325625229E1,-1.053750038E1,-4.500000000E0
1.575627417E2,4.344375229E1,-1.055625057E1,-4.200000286E0
1.575827331E2,4.297500229E1,-1.065000057E1,-3.862500191E0
1.576027336E2,4.462500000E1,-1.038750076E1,-4.443750381E0
1.576227303E2,4.402500153E1,-1.005000019E1,-4.631250381E0
1.576427463E2,4.477500153E1,-9.393750191E0,-4.425000191E0
1.576627434E2,4.458750153E1,-9.581250191E0,-4.425000191E0
1.576827368E2,4.496250153E1,-9.075000763E0,-4.856250286E0
1.577027385E2,4.477500153E1,-9.225000381E0,-5.568750381E0
1.577227360E2,4.522500229E1,-8.718750000E0,-4.443750381E0
1.577427292E2,4.494375229E1,-8.643750191E0,-5.362500191E0
1.577627209E2,4.552500153E1,-8.906250000E0,-4.668750286E0
1.577827219E2,4.513125229E1,-8.700000763E0,-4.743750095E0
1.578027189E2,4.610625076E1,-8.812500000E0,-4.875000000E0
1.578227241E2,4.543125153E1,-8.793750763E0,-4.968750000E0
1.578427244E2,4.552500153E1,-9.018750191E0,-4.443750381E0
1.578627321E2,4.507500076E1,-9.487500191E0,-4.856250286E0
1.578827241E2,4.498125076E1,-9.918750763E0,-4.125000000E0
1.579027237E2,4.479375076E1,-9.881250381E0,-4.650000095E0
1.579227193E2,4.518750000E1,-1.003125000E1,-3.937500238E0
1.579427233E2,4.451250076E1,-1.018125057E1,-4.537500381E0
1.579627792E2,4.453125000E1,-1.061250019E1,-3.712500095E0
1.579827728E2,4.451250076E1,-1.050000000E1,-3.918750048E0
1.580027620E2,4.436250305E1,-1.160625076E1,-3.600000143E0
1.580227489E2,4.395000076E1,-1.078125000E1,-4.106250286E0
1.580427455E2,4.417500305E1,-1.162500000E1,-3.187500238E0
1.580627379E2,4.485000229E1,-1.132500076E1,-3.731250048E0
1.580827290E2,4.434375000E1,-1.102500057E1,-3.281250238E0
1.581026857E2,4.511250305E1,-1.065000057E1,-3.525000095E0
1.581226925E2,4.516875076E1,-1.020000076E1,-2.793750048E0
1.581426953E2,4.516875076E1,-1.010625076E1,-2.681250095E0
1.581627058E2,4.535625076E1,-9.918750763E0,-2.381250143E0
1.581827334E2,4.533750153E1,-9.412500381E0,-2.681250095E0
1.582027285E2,4.552500153E1,-9.543750763E0,-2.268750191E0
1.582227309E2,4.552500153E1,-9.543750763E0,-2.381250143E0
1.582427285E2,4.582500076E1,-9.562500000E0,-2.175000191E0
1.582627334E2,4.545000076E1,-9.881250381E0,-3.112500191E0
1.582827317E2,4.526250076E1,-9.918750763E0,-2.475000143E0
1.583027277E2,4.631250000E1,-1.005000019E1,-6.375000477E-1
1.583227314E2,4.595625305E1,-1.072500038E1,-9.375000596E-1
1.583427300E2,4.674375153E1,-1.093125057E1,-1.275000095E0
1.583627248E2,4.603125000E1,-1.035000038E1,-6.375000477E-1
1.583827281E2,4.593750000E1,-1.044375038E1,-5.250000358E-1
1.584027269E2,4.545000076E1,-1.033125019E1,-5.062500238E-1
1.584227231E2,4.537500000E1,-1.076250076E1,-1.650000095E0
1.584427261E2,4.451250076E1,-1.080000019E1,-2.156250000E0
1.584627243E2,4.451250076E1,-1.100625038E1,-2.156250000E0
1.584827302E2,4.402500153E1,-1.080000019E1,-2.137500048E0
1.585027297E2,4.481250000E1,-1.081875038E1,-2.062500000E0
1.585227380E2,4.462500000E1,-1.108125019E1,-2.681250095E0
1.585427397E2,4.385625076E1,-1.147500038E1,-2.343750000E0
1.585627366E2,4.366875076E1,-1.111875057E1,-3.056250095E0
1.585827299E2,4.395000076E1,-1.104375076E1,-2.756250143E0
1.586027320E2,4.378125000E1,-1.153125000E1,-3.075000048E0
1.586227297E2,4.415625000E1,-1.100625038E1,-3.693750143E0
1.586427027E2,4.376250076E1,-1.098750019E1,-3.787500143E0
1.586627101E2,4.336875153E1,-1.108125019E1,-3.581250191E0
1.586827128E2,4.261875153E1,-1.164375019E1,-3.862500191E0
1.587027225E2,4.301250076E1,-1.155000019E1,-3.768750191E0
1.587227715E2,4.245000076E1,-1.200000000E1,-4.481250286E0
1.587427713E2,4.256250000E1,-1.248750019E1,-4.500000000E0
1.587627654E2,4.215000153E1,-1.173750019E1,-5.418750286E0
1.587827554E2,4.158750153E1,-1.226250076E1,-4.462500095E0
1.588027430E2,4.128750229E1,-1.190625000E1,-5.493750095E0
1.588227389E2,4.171875000E1,-1.267500019E1,-5.925000191E0
1.588427335E2,4.085625076E1,-1.291875076E1,-6.525000095E0
1.588626819E2,4.065000153E1,-1.284375095E1,-5.887500286E0
1.588826932E2,4.162500000E1,-1.276875019E1,-5.925000191E0
1.589026997E2,4.125000000E1,-1.348125076E1,-5.400000095E0
1.589227016E2,4.185000229E1,-1.378125095E1,-5.737500191E0
1.589427226E2,4.201875305E1,-1.310625076E1,-5.737500191E0
1.589627237E2,4.106250000E1,-1.346250057E1,-5.812500000E0
1.589827311E2,4.134375000E1,-1.318125057E1,-5.606250286E0
1.590027326E2,4.074375153E1,-1.280625057E1,-6.825000286E0
1.590227295E2,3.999375153E1,-1.335000038E1,-7.237500191E0
1.590427331E2,3.931875229E1,-1.333125019E1,-7.218750477E0
1.590627213E2,3.911250305E1,-1.333125019E1,-7.106250286E0
1.590827190E2,3.915000153E1,-1.376250076E1,-8.137500763E0
1.591027244E2,3.896250153E1,-1.387500095E1,-7.818750381E0
1.591227250E2,3.866250229E1,-1.383750057E1,-8.231250763E0
1.591427211E2,3.903750229E1,-1.359375095E1,-7.612500191E0
1.591627143E2,3.866250229E1,-1.383750057E1,-8.343750000E0
1.591827063E2,3.838125229E1,-1.426875019E1,-7.500000477E0
1.592027176E2,3.836250305E1,-1.351875019E1,-8.531250000E0
1.592227226E2,3.868125153E1,-1.404375076E1,-8.025000572E0
1.592427222E2,3.894375229E1,-1.389375019E1,-7.406250477E0
1.592627746E2,3.991875076E1,-1.402500057E1,-5.775000095E0
1.592827656E2,3.935625076E1,-1.411875057E1,-7.312500477E0
1.593027527E2,4.008750153E1,-1.374375057E1,-5.568750381E0
1.593227490E2,3.991875076E1,-1.400625038E1,-6.187500477E0
1.593427418E2,4.048125076E1,-1.357500076E1,-5.381250381E0
1.593627312E2,3.991875076E1,-1.423125076E1,-5.475000381E0
1.593827312E2,3.892500305E1,-1.355625057E1,-6.375000477E0
1.594026835E2,4.020000076E1,-1.408125019E1,-4.743750095E0
1.594226869E2,3.920625305E1,-1.350000095E1,-5.962500095E0
1.594426983E2,3.883125305E1,-1.381875038E1,-5.118750095E0
1.594627040E2,3.894375229E1,-1.398750019E1,-5.756250381E0
1.594827392E2,3.913125229E1,-1.395000076E1,-4.931250095E0
1.595027400E2,3.950625229E1,-1.342500019E1,-5.456250191E0
1.595227354E2,3.990000153E1,-1.391250038E1,-4.331250191E0
1.595427382E2,3.928125000E1,-1.340625095E1,-4.087500095E0
1.595627362E2,4.016250229E1,-1.353750038E1,-4.012500286E0
1.595827293E2,3.995625305E1,-1.301250076E1,-4.425000191E0
1.596027322E2,3.963750076E1,-1.290000057E1,-2.850000143E0
1.596227412E2,3.916875076E1,-1.314375019E1,-3.468750238E0
1.596427328E2,3.991875076E1,-1.271250057E1,-2.756250143E0
1.596627331E2,3.963750076E1,-1.290000057E1,-2.850000143E0
1.596827293E2,3.976875305E1,-1.336875057E1,-3.281250238E0
1.597027228E2,3.945000076E1,-1.290000057E1,-2.737500191E0
1.597227261E2,3.991875076E1,-1.265625095E1,-2.025000095E0
1.597427235E2,3.971250153E1,-1.231875038E1,-2.643750191E0
1.597627286E2,3.991875076E1,-1.295625019E1,-2.025000095E0
1.597827288E2,3.969375229E1,-1.213125038E1,-2.231250048E0
1.598027237E2,4.066875076E1,-1.228125095E1,-1.837500095E0
1.598227287E2,4.008750153E1,-1.220625019E1,-1.200000048E0
1.598427282E2,4.083750153E1,-1.149375057E1,-1.950000048E0
1.598627235E2,4.083750153E1,-1.158750057E1,-1.950000048E0
1.598827272E2,4.141875076E1,-1.132500076E1,-1.650000095E0
1.599027260E2,4.091250229E1,-1.113750076E1,-1.312500000E0
1.599227214E2,4.168125153E1,-1.089375019E1,-8.250000477E-1
1.599426926E2,4.119375229E1,-1.095000076E1,-1.425000072E0
1.599626987E2,4.147500229E1,-1.061250019E1,-3.937500119E-1
1.599827117E2,4.175625229E1,-1.040625000E1,-8.250000477E-1
1.600027182E2,4.196250153E1,-1.046250057E1,-1.556250095E0
1.600227645E2,4.246875000E1,-1.143750000E1,-4.312500060E-1
1.600427508E2,4.351875305E1,-1.110000038E1,-3.750000149E-2
1.600627456E2,4.303125000E1,-1.096875000E1,-2.437500060E-1
1.600827370E2,4.438125229E1,-1.051875019E1,-2.812500000E-1
1.601027370E2,4.477500153E1,-1.083750057E1,1.312500089E-1
1.601227321E2,4.466250229E1,-1.010625076E1,-4.875000119E-1
1.601427253E2,4.537500000E1,-1.083750057E1,-4.125000238E-1
1.601627384E2,4.567500305E1,-1.126875019E1,-0.000000000E0
1.601827336E2,4.545000076E1,-1.025625038E1,0.000000000E0
1.602027370E2,4.505625153E1,-9.862500191E0,-1.537500024E0
1.602227356E2,4.576875305E1,-1.068750000E1,-1.462500095E0
1.602427416E2,4.507500076E1,-1.025625038E1,-1.650000095E0
1.602627424E2,4.616250229E1,-1.046250057E1,-2.100000143E0
1.602827381E2,4.636875153E1,-1.063125038E1,-2.718750000E0
1.603027309E2,4.657500076E1,-1.123125076E1,-2.625000000E0
1.603227324E2,4.620000076E1,-1.121250057E1,-2.925000191E0
1.603427289E2,4.740000153E1,-1.224375057E1,-2.756250143E0
1.603627235E2,4.711875153E1,-1.241250038E1,-3.168750048E0
1.603827262E2,4.792500305E1,-1.293750095E1,-3.000000000E0
1.604027245E2,4.794375229E1,-1.306875038E1,-4.143750191E0
1.604227197E2,4.886250305E1,-1.441875076E1,-3.750000238E0
1.604427232E2,4.886250305E1,-1.432500076E1,-3.750000238E0
1.604627335E2,4.935000229E1,-1.631250000E1,-3.787500143E0
1.604827274E2,4.916250229E1,-1.670625114E1,-3.787500143E0
1.605027282E2,4.912500381E1,-1.843125153E1,-2.850000143E0
1.605227250E2,4.835625076E1,-1.882500076E1,-2.737500191E0
1.605427295E2,4.807500076E1,-2.118750000E1,-2.531250000E0
1.605627857E2,4.740000153E1,-2.161875153E1,-1.800000072E0
1.605827797E2,4.706250000E1,-2.325000000E1,-7.500000000E-1
1.606027688E2,4.533750153E1,-2.403750038E1,1.875000075E-2
1.606227556E2,4.428750229E1,-2.506875038E1,1.500000000E0
1.606427407E2,4.359375000E1,-2.471250153E1,2.343750000E0
1.606627356E2,4.261875153E1,-2.493750191E1,3.618750095E0
1.606827289E2,4.190625000E1,-2.473125076E1,5.306250095E0
1.607026877E2,4.087500000E1,-2.379375076E1,7.012500286E0
1.607226962E2,3.984375000E1,-2.263125038E1,7.987500191E0
1.607427003E2,3.993750000E1,-2.096250153E1,9.750000000E0
1.607627116E2,3.969375229E1,-1.968750000E1,1.018125057E1
1.607827398E2,3.958125305E1,-1.755000114E1,1.260000038E1
1.608027351E2,3.954375076E1,-1.670625114E1,1.198125076E1
1.608227377E2,3.924375153E1,-1.500000095E1,1.522500038E1
1.608427353E2,4.091250229E1,-1.278750038E1,1.363125038E1
1.608627289E2,4.162500000E1,-1.128750038E1,1.455000019E1
1.608827298E2,4.338750076E1,-9.731250763E0,1.586250019E1
1.609027281E2,4.411875153E1,-8.193750381E0,1.460625076E1
1.609227336E2,4.571250153E1,-6.281250477E0,1.312500095E1
1.609427341E2,4.550625229E1,-5.925000191E0,1.218750095E1
1.609627301E2,4.584375000E1,-4.237500191E0,1.053750038E1
1.609827338E2,4.576875305E1,-4.087500095E0,9.393750191E0
1.610027335E2,4.693125153E1,-3.618750095E0,7.800000191E0
1.610227401E2,4.760625076E1,-3.281250238E0,6.431250095E0
1.610427408E2,4.800000000E1,-3.018750191E0,5.381250381E0
1.610627369E2,4.792500305E1,-3.037500143E0,4.031250000E0
1.610827295E2,4.785000229E1,-3.618750095E0,3.825000048E0
1.611027300E2,4.788750076E1,-4.143750191E0,2.362500191E0
1.611227281E2,4.770000076E1,-4.387500286E0,1.650000095E0
1.611427223E2,4.674375153E1,-4.612500191E0,9.375000596E-1
1.611627253E2,4.657500076E1,-4.950000286E0,1.875000075E-2
1.611827237E2,4.603125000E1,-5.793750286E0,-4.875000119E-1
1.612027298E2,4.528125000E1,-6.112500191E0,-1.518750072E0
1.612227307E2,4.501875305E1,-6.675000191E0,-2.025000095E0
1.612427061E2,4.404375076E1,-6.637500286E0,-2.100000143E0
1.612627155E2,4.387500000E1,-7.106250286E0,-2.418750048E0
1.612827192E2,4.370625305E1,-7.743750095E0,-3.356250048E0
1.613027184E2,4.306875229E1,-8.418750763E0,-3.337500095E0
1.613227704E2,4.305000305E1,-8.081250191E0,-3.862500191E0
1.613427612E2,4.306875229E1,-8.606250763E0,-3.543750048E0
1.613627484E2,4.280625153E1,-8.793750763E0,-5.100000381E0
1.613827449E2,4.190625000E1,-8.643750191E0,-3.937500238E0
1.614027381E2,4.211250305E1,-8.718750000E0,-4.350000381E0
1.614227278E2,4.220625305E1,-8.868750572E0,-3.618750095E0
1.614427282E2,4.186875153E1,-9.712500572E0,-4.350000381E0
1.614626812E2,4.117500305E1,-9.487500191E0,-4.218750000E0
1.614826959E2,4.098750305E1,-9.768750191E0,-4.631250381E0
1.615027045E2,4.108125305E1,-9.600000381E0,-4.012500286E0
1.615227083E2,4.070625305E1,-9.956250191E0,-4.518750191E0
1.615427300E2,4.042500305E1,-1.035000038E1,-4.518750191E0
1.615627317E2,3.995625305E1,-1.053750038E1,-4.406250000E0
1.615827282E2,3.946875000E1,-1.057500076E1,-5.006250381E0
1.616027322E2,4.036875153E1,-1.102500057E1,-4.631250381E0
1.616227310E2,4.057500076E1,-1.104375076E1,-6.093750477E0
1.616427249E2,4.102500153E1,-1.033125019E1,-4.950000286E0
1.616627285E2,4.093125153E1,-1.078125000E1,-4.218750000E0
1.616827268E2,4.095000076E1,-1.100625038E1,-5.381250381E0
1.617027325E2,4.128750229E1,-1.020000076E1,-4.125000000E0
1.617227329E2,4.160625076E1,-1.066875076E1,-4.668750286E0
1.617427289E2,4.168125153E1,-1.029375076E1,-4.350000381E0
1.617627332E2,4.171875000E1,-1.078125000E1,-4.556250095E0
1.617827226E2,4.138125229E1,-9.806250572E0,-4.031250000E0
1.618027198E2,4.035000229E1,-1.038750076E1,-5.550000191E0
1.618227254E2,3.984375000E1,-1.018125057E1,-5.437500000E0
1.618427255E2,3.995625305E1,-1.012500000E1,-6.281250477E0
1.618627893E2,4.044375229E1,-1.036875057E1,-5.868750095E0
1.618827782E2,4.006875229E1,-1.065000057E1,-5.962500095E0
1.619027634E2,4.044375229E1,-1.036875057E1,-5.981250286E0
1.619227468E2,4.066875076E1,-1.093125057E1,-6.506250381E0
1.619427410E2,4.035000229E1,-1.066875076E1,-5.662500381E0
1.619627327E2,4.018125153E1,-1.091250038E1,-6.487500191E0
1.619827228E2,3.988125229E1,-1.083750057E1,-5.962500095E0
1.620026901E2,4.006875229E1,-1.066875076E1,-5.456250191E0
1.620226942E2,3.988125229E1,-1.096875000E1,-5.343750000E0
1.620427057E2,3.978750229E1,-1.096875000E1,-5.550000191E0
1.620627118E2,3.967500305E1,-1.089375019E1,-4.912500381E0
1.620827470E2,3.960000229E1,-1.128750038E1,-4.912500381E0
1.621027474E2,3.978750229E1,-1.138125038E1,-5.025000095E0
1.621227425E2,3.843750000E1,-1.162500000E1,-5.400000095E0
1.621427340E2,3.894375229E1,-1.171875000E1,-5.625000000E0
1.621627342E2,3.847500229E1,-1.224375057E1,-4.781250000E0
1.621827289E2,3.808125305E1,-1.252500057E1,-4.987500191E0
1.622027224E2,3.808125305E1,-1.213125038E1,-5.081250191E0
1.622227357E2,3.826875305E1,-1.228125095E1,-4.050000191E0
1.622427308E2,3.791250229E1,-1.288125038E1,-5.512500286E0
1.622627341E2,3.802500153E1,-1.312500095E1,-4.781250000E0
1.622827326E2,3.770625305E1,-1.275000095E1,-4.143750191E0
1.623027388E2,3.673125076E1,-1.291875076E1,-4.425000191E0
1.623227284E2,3.720000076E1,-1.263750076E1,-4.125000000E0
1.623427269E2,3.701250076E1,-1.284375095E1,-3.918750048E0
1.623627220E2,3.652500153E1,-1.297500038E1,-3.281250238E0
1.623827254E2,3.613125229E1,-1.256250095E1,-3.168750048E0
1.624027231E2,3.592500305E1,-1.256250095E1,-3.150000095E0
1.624227189E2,3.669375229E1,-1.250625038E1,-2.756250143E0
1.624427228E2,3.710625076E1,-1.297500038E1,-1.837500095E0
1.624627220E2,3.718125153E1,-1.261875057E1,-1.125000000E0
1.624827286E2,3.676875305E1,-1.252500057E1,-7.875000238E-1
1.625027296E2,3.695625305E1,-1.194375038E1,-7.875000238E-1
1.625227270E2,3.616875076E1,-1.192500019E1,-5.625000000E-1
1.625427106E2,3.693750000E1,-1.162500000E1,-1.200000048E0
1.625627147E2,3.663750076E1,-1.134375000E1,-6.750000119E-1
1.625827144E2,3.652500153E1,-1.093125057E1,-7.687500119E-1
1.626027216E2,3.571875000E1,-1.021875000E1,-2.512500048E0
1.626227686E2,3.570000076E1,-9.712500572E0,-2.512500048E0
1.626427668E2,3.590625000E1,-9.712500572E0,-2.831250191E0
1.626627595E2,3.616875076E1,-9.018750191E0,-2.718750000E0
1.626827488E2,3.635625076E1,-8.831250191E0,-2.718750000E0
1.627027472E2,3.650625229E1,-7.762500286E0,-2.512500048E0
1.627227403E2,3.690000153E1,-7.950000286E0,-3.056250095E0
1.627427327E2,3.785625076E1,-7.256250381E0,-3.600000143E0
1.627627451E2,3.783750153E1,-7.181250095E0,-3.168750048E0
1.627827396E2,3.810000229E1,-6.393750191E0,-3.168750048E0
1.628027313E2,3.774375153E1,-7.125000477E0,-3.900000095E0
1.628227321E2,3.781875229E1,-6.225000381E0,-4.106250286E0
1.628427518E2,3.811875153E1,-6.637500286E0,-4.012500286E0
1.628627406E2,3.840000153E1,-6.356250286E0,-4.012500286E0
1.628827384E2,3.860625076E1,-6.656250477E0,-4.031250000E0
1.629027327E2,3.821250153E1,-6.112500191E0,-4.537500381E0
1.629227245E2,3.853125000E1,-6.881250381E0,-5.268750191E0
1.629427244E2,3.853125000E1,-6.675000191E0,-5.381250381E0
1.629627222E2,3.834375000E1,-7.050000191E0,-5.587500095E0
1.629827276E2,3.843750000E1,-6.956250191E0,-5.475000381E0
1.630027281E2,3.830625153E1,-7.893750191E0,-6.412500381E0
1.630227246E2,3.856875229E1,-7.500000477E0,-6.525000095E0
1.630427291E2,3.870000076E1,-7.968750477E0,-6.956250191E0
1.630627291E2,3.877500153E1,-7.593750477E0,-6.843750477E0
1.630827362E2,3.823125076E1,-8.231250763E0,-7.256250381E0
1.631027373E2,3.821250153E1,-8.025000572E0,-7.350000381E0
1.631227338E2,3.875625229E1,-9.000000000E0,-8.193750381E0
1.631427270E2,3.862500000E1,-8.212500572E0,-7.875000477E0
1.631627854E2,3.843750000E1,-8.718750000E0,-7.462500095E0
1.631827703E2,3.855000305E1,-8.700000763E0,-7.987500191E0
1.632027636E2,3.855000305E1,-9.000000000E0,-7.893750191E0
1.632227538E2,3.875625229E1,-8.887500763E0,-8.418750763E0
1.632427418E2,4.033125305E1,-9.431250572E0,-8.250000000E0
1.632627386E2,4.010625076E1,-8.775000572E0,-7.406250477E0
1.632827339E2,3.877500153E1,-9.693750381E0,-8.212500572E0
1.633026940E2,3.933750153E1,-9.075000763E0,-6.975000381E0
1.633227031E2,3.907500076E1,-9.787500381E0,-8.212500572E0
1.633427075E2,3.870000076E1,-9.881250381E0,-8.212500572E0
1.633627077E2,3.879375076E1,-9.731250763E0,-9.150000572E0
1.633827499E2,3.879375076E1,-9.731250763E0,-9.037500381E0
1.634027449E2,3.965625000E1,-9.693750381E0,-6.881250381E0
1.634227356E2,3.877500153E1,-9.562500000E0,-8.512500763E0
1.634427353E2,3.888750076E1,-9.431250572E0,-9.150000572E0
1.634627307E2,3.849375153E1,-9.431250572E0,-8.925000191E0
1.634827334E2,3.819375229E1,-9.243750572E0,-8.812500000E0
1.635027214E2,3.856875229E1,-9.243750572E0,-8.925000191E0
1.635227303E2,3.885000229E1,-8.756250381E0,-8.925000191E0
1.635427334E2,4.014375305E1,-9.543750763E0,-7.837500095E0
1.635627319E2,4.012500000E1,-9.056250572E0,-7.818750381E0
1.635827263E2,3.860625076E1,-9.356250763E0,-1.027500057E1
1.636027297E2,3.898125076E1,-9.168750763E0,-1.050000000E1
1.636227285E2,3.879375076E1,-9.487500191E0,-9.862500191E0
1.636427231E2,3.849375153E1,-9.075000763E0,-1.006875038E1
1.636627264E2,3.841875076E1,-9.543750763E0,-1.048125076E1
1.636827248E2,3.905625153E1,-8.962500572E0,-8.737500191E0
1.637027295E2,3.840000153E1,-9.487500191E0,-9.656250000E0
1.637227309E2,4.031250000E1,-9.150000572E0,-8.137500763E0
1.637427276E2,3.900000000E1,-9.675000191E0,-1.008750057E1
1.637627319E2,3.866250229E1,-8.662500381E0,-1.048125076E1
1.637827313E2,3.821250153E1,-9.768750191E0,-9.862500191E0
1.638027266E2,3.817500305E1,-9.018750191E0,-9.225000381E0
1.638227304E2,3.811875153E1,-9.693750381E0,-9.431250572E0
1.638427194E2,3.761250305E1,-9.075000763E0,-9.731250763E0
1.638627166E2,3.815625000E1,-1.046250057E1,-9.750000000E0
1.638827222E2,3.811875153E1,-9.693750381E0,-9.337500572E0
1.639027225E2,3.725625229E1,-1.018125057E1,-9.093750000E0
1.639227188E2,3.783750153E1,-1.035000038E1,-8.193750381E0
1.639427235E2,3.691875076E1,-1.125000000E1,-9.412500381E0
1.639627229E2,3.699375153E1,-1.087500000E1,-9.093750000E0
1.639827296E2,3.652500153E1,-1.111875057E1,-9.600000381E0
1.640027307E2,3.641250229E1,-1.102500057E1,-9.506250381E0
1.640227274E2,3.626250076E1,-1.177500057E1,-1.012500000E1
1.640427321E2,3.626250076E1,-1.183125019E1,-9.187500000E0
1.640626878E2,3.579375076E1,-1.205625057E1,-1.031250000E1
1.640826930E2,3.547500229E1,-1.200000000E1,-9.168750763E0
1.641027054E2,3.528750229E1,-1.207500076E1,-9.581250191E0
1.641227117E2,3.510000229E1,-1.205625057E1,-9.787500381E0
1.641427355E2,3.551250076E1,-1.237500095E1,-9.693750381E0
1.641627384E2,3.570000076E1,-1.233750057E1,-1.042500019E1
1.641827356E2,3.568125153E1,-1.194375038E1,-1.031250000E1
1.642027400E2,3.556875229E1,-1.177500057E1,-9.787500381E0
1.642227391E2,3.568125153E1,-1.192500019E1,-1.063125038E1
1.642427323E2,3.588750076E1,-1.183125019E1,-1.074375057E1
1.642627243E2,3.566250229E1,-1.156875038E1,-1.010625076E1
1.642827251E2,3.540000153E1,-1.181250000E1,-1.072500038E1
1.643027218E2,3.603750229E1,-1.106250000E1,-1.021875000E1
1.643227267E2,3.586875153E1,-1.134375000E1,-1.051875019E1
1.643427265E2,3.573750305E1,-1.098750019E1,-9.693750381E0
1.643627228E2,3.603750229E1,-1.110000038E1,-9.806250572E0
1.643827283E2,3.641250229E1,-1.089375019E1,-1.001250076E1
1.644027269E2,3.603750229E1,-1.087500000E1,-1.021875000E1
1.644227218E2,3.661875153E1,-1.091250038E1,-9.825000763E0
1.644427250E2,3.583125305E1,-1.110000038E1,-9.581250191E0
1.644627235E2,3.630000305E1,-1.051875019E1,-9.693750381E0
1.644827299E2,3.622500229E1,-1.098750019E1,-1.012500000E1
1.645027306E2,3.680625153E1,-1.106250000E1,-9.206250191E0
1.645227269E2,3.652500153E1,-1.110000038E1,-9.806250572E0
1.645427312E2,3.648750305E1,-1.044375038E1,-9.187500000E0
1.645627305E2,3.682500076E1,-1.110000038E1,-1.003125000E1
1.645827373E2,3.697500229E1,-1.044375038E1,-9.412500381E0
1.646027058E2,3.680625153E1,-1.104375076E1,-9.300000191E0
1.646227097E2,3.744375229E1,-1.020000076E1,-8.906250000E0
1.646427093E2,3.757500076E1,-1.070625019E1,-8.812500000E0
1.646627167E2,3.735000229E1,-1.021875000E1,-8.475000381E0
1.646827639E2,3.757500076E1,-1.080000019E1,-8.812500000E0
1.647027511E2,3.774375153E1,-1.040625000E1,-8.906250000E0
1.647227471E2,3.686250305E1,-1.053750038E1,-7.856250286E0
1.647427390E2,3.731250000E1,-9.468750000E0,-7.650000095E0
1.647627397E2,3.789375305E1,-9.693750381E0,-7.556250095E0
1.647827347E2,3.742500305E1,-9.787500381E0,-7.331250191E0
1.648027285E2,3.783750153E1,-1.033125019E1,-8.606250763E0
1.648226871E2,3.819375229E1,-9.581250191E0,-8.081250191E0
1.648426951E2,3.772500229E1,-1.012500000E1,-6.825000286E0
1.648626987E2,3.789375305E1,-9.431250572E0,-7.143750191E0
1.648827095E2,3.772500229E1,-1.010625076E1,-7.350000381E0
1.649027258E2,3.712500000E1,-1.010625076E1,-7.012500286E0
1.649227344E2,3.761250305E1,-9.843750000E0,-6.618750095E0
1.649427362E2,3.690000153E1,-9.187500000E0,-7.312500477E0
1.649627331E2,3.637500000E1,-1.036875057E1,-7.106250286E0
1.649827374E2,3.714375305E1,-9.937500000E0,-8.268750191E0
1.650027365E2,3.676875305E1,-1.042500019E1,-7.950000286E0
1.650227315E2,3.688125229E1,-1.081875038E1,-8.062500000E0
1.650427343E2,3.646875000E1,-1.021875000E1,-8.043750763E0
1.650627323E2,3.676875305E1,-1.061250019E1,-8.156250000E0
1.650827267E2,3.637500000E1,-1.050000000E1,-8.137500763E0
1.651027296E2,3.658125305E1,-1.027500057E1,-8.775000572E0
1.651227280E2,3.630000305E1,-1.055625057E1,-8.981250763E0
1.651427128E2,3.590625000E1,-1.074375057E1,-8.850000381E0
1.651627181E2,3.562500000E1,-1.085625076E1,-8.643750191E0
1.651827185E2,3.581250000E1,-1.065000057E1,-8.850000381E0
1.652027153E2,3.532500076E1,-1.081875038E1,-8.943750381E0
1.652227766E2,3.579375076E1,-1.014375019E1,-8.962500572E0
1.652427637E2,3.562500000E1,-1.051875019E1,-9.375000000E0
1.652627591E2,3.541875076E1,-1.050000000E1,-9.562500000E0
1.652827506E2,3.579375076E1,-1.012500000E1,-9.262500763E0
1.653027395E2,3.590625000E1,-1.040625000E1,-9.581250191E0
1.653227369E2,3.581250000E1,-1.029375076E1,-9.900000572E0
1.653427322E2,3.579375076E1,-9.806250572E0,-9.675000191E0
1.653626923E2,3.551250076E1,-1.018125057E1,-9.993750572E0
1.653827016E2,3.588750076E1,-9.825000763E0,-9.468750000E0
1.654027059E2,3.551250076E1,-9.975000381E0,-1.008750057E1
1.654227061E2,3.540000153E1,-9.993750572E0,-9.675000191E0
1.654427370E2,3.540000153E1,-9.993750572E0,-9.768750191E0
1.654627344E2,3.579375076E1,-9.993750572E0,-9.881250381E0
1.654827388E2,3.530625153E1,-9.975000381E0,-9.881250381E0
1.655027375E2,3.530625153E1,-9.975000381E0,-9.975000381E0
1.655227322E2,3.579375076E1,-9.900000572E0,-9.787500381E0
1.655427336E2,3.571875000E1,-1.038750076E1,-9.787500381E0
1.655627323E2,3.541875076E1,-1.016250038E1,-1.008750057E1
1.655827382E2,3.562500000E1,-1.038750076E1,-9.881250381E0
1.656027383E2,3.560625076E1,-1.029375076E1,-9.675000191E0
1.656227342E2,3.562500000E1,-1.068750000E1,-9.675000191E0
1.656427268E2,3.600000000E1,-1.040625000E1,-9.581250191E0
1.656627399E2,3.598125076E1,-1.003125000E1,-9.487500191E0
1.656827349E2,3.570000076E1,-1.016250038E1,-8.643750191E0
1.657027379E2,3.620625305E1,-1.063125038E1,-9.281250000E0
1.657227361E2,3.648750305E1,-1.033125019E1,-9.393750191E0
1.657427305E2,3.639375305E1,-1.065000057E1,-9.075000763E0
1.657627321E2,3.706875229E1,-1.031250000E1,-8.568750381E0
1.657827309E2,3.650625229E1,-1.110000038E1,-8.250000000E0
1.658027257E2,3.618750000E1,-1.061250019E1,-7.931250095E0
1.658227289E2,3.611250305E1,-1.078125000E1,-8.550000191E0
1.658427275E2,3.661875153E1,-1.128750038E1,-8.475000381E0
1.658627227E2,3.631875229E1,-1.123125076E1,-7.725000381E0
1.658827265E2,3.601875305E1,-1.100625038E1,-7.931250095E0
1.659027043E2,3.661875153E1,-1.128750038E1,-8.362500191E0
1.659227042E2,3.710625076E1,-1.147500038E1,-7.331250191E0
1.659427118E2,3.639375305E1,-1.091250038E1,-7.931250095E0
1.659627147E2,3.678750229E1,-1.072500038E1,-7.950000286E0
1.659827693E2,3.592500305E1,-1.134375000E1,-7.106250286E0
1.660027624E2,3.669375229E1,-1.111875057E1,-8.062500000E0
1.660227511E2,3.697500229E1,-1.095000076E1,-7.743750095E0
1.660427489E2,3.639375305E1,-1.087500000E1,-7.012500286E0
1.660627423E2,3.648750305E1,-1.096875000E1,-7.218750477E0
1.660827316E2,3.716250229E1,-1.087500000E1,-7.331250191E0
1.661027323E2,3.705000305E1,-1.059375000E1,-7.012500286E0
1.661226853E2,3.686250305E1,-1.046250057E1,-7.331250191E0
1.661426890E2,3.658125305E1,-1.080000019E1,-6.487500191E0
1.661627004E2,3.735000229E1,-1.081875038E1,-6.618750095E0
1.661827062E2,3.695625305E1,-1.083750057E1,-6.187500477E0
1.662027300E2,3.703125000E1,-1.035000038E1,-6.187500477E0
1.662227330E2,3.682500076E1,-1.016250038E1,-5.662500381E0
1.662427307E2,3.695625305E1,-1.063125038E1,-6.187500477E0
1.662627354E2,3.725625229E1,-1.074375057E1,-6.206250191E0
1.662827346E2,3.650625229E1,-1.138125038E1,-6.693750381E0
1.663027283E2,3.628125000E1,-1.113750076E1,-5.756250381E0
1.663227320E2,3.706875229E1,-1.102500057E1,-6.300000191E0
1.663427305E2,3.686250305E1,-1.095000076E1,-5.868750095E0
1.663627252E2,3.648750305E1,-1.102500057E1,-6.168750286E0
1.663827283E2,3.635625076E1,-1.053750038E1,-5.756250381E0
1.664027268E2,3.686250305E1,-1.104375076E1,-5.981250286E0
1.664227330E2,3.648750305E1,-1.132500076E1,-6.075000286E0
1.664427237E2,3.656250000E1,-1.061250019E1,-6.487500191E0
1.664627224E2,3.686250305E1,-1.087500000E1,-5.568750381E0
1.664827285E2,3.723750305E1,-1.059375000E1,-5.475000381E0
1.665027295E2,3.723750305E1,-1.059375000E1,-5.362500191E0
1.665227248E2,3.675000000E1,-1.066875076E1,-5.550000191E0
1.665427297E2,3.705000305E1,-1.068750000E1,-5.362500191E0
1.665627293E2,3.742500305E1,-1.027500057E1,-5.887500286E0
1.665827248E2,3.759375000E1,-9.806250572E0,-5.362500191E0
1.666027287E2,3.733125305E1,-1.061250019E1,-5.062500000E0
1.666227276E2,3.731250000E1,-9.956250191E0,-6.093750477E0
1.666427228E2,3.740625000E1,-1.008750057E1,-5.681250095E0
1.666626941E2,3.712500000E1,-1.036875057E1,-5.662500381E0
1.666827004E2,3.701250076E1,-1.010625076E1,-5.250000000E0
1.667027134E2,3.705000305E1,-1.055625057E1,-5.775000095E0
1.667227198E2,3.735000229E1,-1.074375057E1,-6.206250191E0
1.667427547E2,3.723750305E1,-1.063125038E1,-6.412500381E0
1.667627551E2,3.712500000E1,-1.018125057E1,-5.662500381E0
1.667827496E2,3.742500305E1,-1.050000000E1,-5.475000381E0
1.668027406E2,3.721875000E1,-1.029375076E1,-5.456250191E0
1.668227402E2,3.791250229E1,-1.018125057E1,-6.112500191E0
1.668427347E2,3.751875305E1,-1.048125076E1,-5.887500286E0
1.668627277E2,3.791250229E1,-1.029375076E1,-5.700000286E0
1.668827404E2,3.740625000E1,-9.768750191E0,-5.981250286E0
1.669027351E2,3.787500000E1,-9.693750381E0,-6.000000000E0
1.669227269E2,3.768750000E1,-9.693750381E0,-5.681250095E0
1.669427279E2,3.789375305E1,-9.806250572E0,-5.793750286E0
1.669627363E2,3.796875000E1,-9.712500572E0,-5.475000381E0
1.669827389E2,3.780000305E1,-1.016250038E1,-6.206250191E0
1.670027365E2,3.751875305E1,-1.027500057E1,-5.793750286E0
1.670227304E2,3.761250305E1,-1.014375019E1,-6.506250381E0
1.670427328E2,3.750000000E1,-9.750000000E0,-6.412500381E0
1.670627304E2,3.761250305E1,-1.025625038E1,-6.300000191E0
1.670827364E2,3.759375000E1,-9.862500191E0,-6.300000191E0
1.671027368E2,3.733125305E1,-1.031250000E1,-6.712500095E0
1.671227328E2,3.742500305E1,-1.005000019E1,-6.412500381E0
1.671427259E2,3.712500000E1,-9.806250572E0,-6.806250095E0
1.671627277E2,3.712500000E1,-1.005000019E1,-6.187500477E0
1.671827368E2,3.721875000E1,-1.003125000E1,-6.506250381E0
1.672027187E2,3.723750305E1,-9.993750572E0,-7.331250191E0
1.672227214E2,3.721875000E1,-9.843750000E0,-6.300000191E0
1.672427201E2,3.770625305E1,-9.843750000E0,-6.731250286E0
1.672627265E2,3.778125000E1,-9.450000763E0,-6.506250381E0
1.672827728E2,3.766875076E1,-9.506250381E0,-5.681250095E0
1.673027594E2,3.710625076E1,-9.581250191E0,-5.775000095E0
1.673227543E2,3.738750076E1,-9.675000191E0,-5.887500286E0
1.673427457E2,3.729375076E1,-9.618750572E0,-5.043750286E0
1.673627349E2,3.770625305E1,-1.008750057E1,-5.887500286E0
1.673827322E2,3.763125229E1,-1.044375038E1,-6.525000095E0
1.674027279E2,3.721875000E1,-1.025625038E1,-5.981250286E0
1.674226886E2,3.817500305E1,-1.018125057E1,-4.556250095E0
1.674426982E2,3.703125000E1,-1.035000038E1,-5.981250286E0
1.674627028E2,3.742500305E1,-1.025625038E1,-6.300000191E0
1.674827145E2,3.750000000E1,-9.975000381E0,-6.093750477E0
1.675027428E2,3.742500305E1,-1.027500057E1,-6.000000000E0
1.675227493E2,3.791250229E1,-1.025625038E1,-6.318750381E0
1.675427490E2,3.759375000E1,-9.768750191E0,-6.093750477E0
1.675627440E2,3.787500000E1,-9.825000763E0,-5.381250381E0
1.675827357E2,3.796875000E1,-9.637500763E0,-5.062500000E0
1.676027345E2,3.731250000E1,-1.010625076E1,-5.362500191E0
1.676227314E2,3.787500000E1,-9.637500763E0,-5.062500000E0
1.676427246E2,3.750000000E1,-9.918750763E0,-5.156250000E0
1.676627266E2,3.748125076E1,-9.543750763E0,-4.950000286E0
1.676827245E2,3.750000000E1,-1.025625038E1,-4.650000095E0
1.677027301E2,3.768750000E1,-9.918750763E0,-5.156250000E0
1.677227309E2,3.789375305E1,-1.018125057E1,-4.237500191E0
1.677427276E2,3.738750076E1,-9.768750191E0,-4.331250191E0
1.677627318E2,3.759375000E1,-1.005000019E1,-4.650000095E0
1.677827310E2,3.778125000E1,-9.956250191E0,-4.537500381E0
1.678027263E2,3.770625305E1,-1.066875076E1,-4.331250191E0
1.678227294E2,3.770625305E1,-1.036875057E1,-4.237500191E0
1.678427285E2,3.819375229E1,-1.036875057E1,-4.762500286E0
1.678627235E2,3.838125229E1,-1.029375076E1,-4.256250381E0
1.678827270E2,3.826875305E1,-1.031250000E1,-4.050000191E0
1.679027258E2,3.875625229E1,-9.918750763E0,-4.162500381E0
1.679227211E2,3.894375229E1,-1.001250076E1,-4.368750095E0
1.679427249E2,3.875625229E1,-1.005000019E1,-3.525000095E0
1.679627027E2,3.894375229E1,-9.956250191E0,-3.637500048E0
1.679827138E2,3.873750305E1,-9.787500381E0,-3.112500191E0
1.680027193E2,3.954375076E1,-1.014375019E1,-4.181250095E0
1.680227192E2,3.926250076E1,-1.044375038E1,-3.862500191E0
1.680427604E2,3.877500153E1,-1.065000057E1,-3.543750048E0
1.680627542E2,3.856875229E1,-1.035000038E1,-3.431250095E0
1.680827439E2,3.877500153E1,-1.066875076E1,-3.131250143E0
1.681027425E2,3.918750000E1,-1.104375076E1,-3.862500191E0
1.681227371E2,3.868125153E1,-1.074375057E1,-3.431250095E0
1.681427272E2,3.856875229E1,-1.044375038E1,-3.431250095E0
1.681627285E2,3.898125076E1,-1.081875038E1,-4.068750381E0
1.681827368E2,3.898125076E1,-1.070625019E1,-4.275000095E0
1.682027394E2,3.918750000E1,-1.095000076E1,-3.768750191E0
1.682227371E2,3.935625076E1,-1.081875038E1,-2.718750000E0
1.682427313E2,3.918750000E1,-1.104375076E1,-3.656250238E0
1.682627455E2,3.877500153E1,-1.078125000E1,-2.812500000E0
1.682827412E2,3.963750076E1,-1.070625019E1,-2.831250191E0
1.683027332E2,3.935625076E1,-1.050000000E1,-3.037500143E0
1.683227342E2,3.975000000E1,-1.080000019E1,-3.150000095E0
1.683427310E2,3.965625000E1,-1.100625038E1,-2.831250191E0
1.683627233E2,3.975000000E1,-1.070625019E1,-3.056250095E0
1.683827151E2,3.975000000E1,-1.102500057E1,-2.737500191E0
1.684027159E2,4.014375305E1,-1.089375019E1,-3.375000238E0
1.684227132E2,3.945000076E1,-1.072500038E1,-2.625000000E0
1.684427186E2,3.988125229E1,-1.153125000E1,-2.643750191E0
1.684627189E2,3.916875076E1,-1.121250057E1,-2.625000000E0
1.684827156E2,3.918750000E1,-1.158750057E1,-2.831250191E0
1.685027104E2,3.883125305E1,-1.216875076E1,-2.925000191E0
1.685227124E2,3.901875305E1,-1.194375038E1,-3.562500238E0
1.685427213E2,3.928125000E1,-1.149375057E1,-2.831250191E0
1.685627242E2,3.930000305E1,-1.179375076E1,-2.943750143E0
1.685827789E2,3.937500000E1,-1.140000057E1,-2.943750143E0
1.686027719E2,3.948750305E1,-1.147500038E1,-3.356250048E0
1.686227601E2,3.958125305E1,-1.160625076E1,-2.943750143E0
1.686427460E2,3.960000229E1,-1.170000076E1,-2.943750143E0
1.686627418E2,3.967500305E1,-1.151250076E1,-2.737500191E0
1.686827342E2,3.948750305E1,-1.183125019E1,-2.418750048E0
1.687027362E2,3.939375305E1,-1.181250000E1,-2.531250000E0
1.687227013E2,3.931875229E1,-1.211250019E1,-2.531250000E0
1.687427030E2,3.913125229E1,-1.228125095E1,-2.737500191E0
1.687627126E2,3.892500305E1,-1.218750095E1,-2.625000000E0
1.687827168E2,3.933750153E1,-1.269375038E1,-2.737500191E0
1.688027505E2,3.950625229E1,-1.207500076E1,-3.262500048E0
1.688227499E2,3.922500229E1,-1.237500095E1,-3.037500143E0
1.688427442E2,3.931875229E1,-1.216875076E1,-3.150000095E0
1.688627352E2,3.903750229E1,-1.215000057E1,-3.356250048E0
1.688827352E2,3.922500229E1,-1.239375019E1,-2.831250191E0
1.689027304E2,3.922500229E1,-1.248750019E1,-2.831250191E0
1.689227346E2,4.008750153E1,-1.211250019E1,-2.868750095E0
1.689427339E2,3.943125153E1,-1.256250095E1,-3.356250048E0
1.689627292E2,3.913125229E1,-1.207500076E1,-3.150000095E0
1.689827327E2,3.943125153E1,-1.226250076E1,-3.262500048E0
1.690027318E2,3.941250229E1,-1.209375095E1,-2.943750143E0
1.690227385E2,3.903750229E1,-1.237500095E1,-3.037500143E0
1.690427282E2,3.991875076E1,-1.239375019E1,-2.962500095E0
1.690627273E2,3.901875305E1,-1.200000000E1,-2.625000000E0
1.690827226E2,3.948750305E1,-1.170000076E1,-2.943750143E0
1.691027264E2,3.941250229E1,-1.209375095E1,-2.943750143E0
1.691227262E2,3.920625305E1,-1.188750076E1,-2.831250191E0
1.691427330E2,3.961875153E1,-1.194375038E1,-3.787500143E0
1.691627339E2,3.978750229E1,-1.177500057E1,-3.375000238E0
1.691827303E2,3.960000229E1,-1.185000038E1,-3.881250143E0
1.692027348E2,3.988125229E1,-1.145625019E1,-3.993750095E0
1.692227341E2,3.939375305E1,-1.151250076E1,-4.293750286E0
1.692427296E2,3.941250229E1,-1.149375057E1,-4.593750000E0
1.692627119E2,3.999375153E1,-1.141875076E1,-4.406250000E0
1.692827156E2,4.006875229E1,-1.091250038E1,-4.818750381E0
1.693027149E2,4.018125153E1,-1.130625057E1,-4.931250095E0
1.693227220E2,4.023750305E1,-1.021875000E1,-4.725000381E0
1.693427690E2,4.083750153E1,-1.051875019E1,-5.268750191E0
1.693627671E2,3.984375000E1,-1.020000076E1,-5.118750095E0
1.693827600E2,4.016250229E1,-1.046250057E1,-5.868750095E0
1.694027495E2,3.975000000E1,-1.010625076E1,-5.025000095E0
1.694227370E2,3.993750000E1,-1.005000019E1,-5.850000381E0
1.694427327E2,3.967500305E1,-1.051875019E1,-6.168750286E0
1.694627273E2,3.969375229E1,-1.110000038E1,-6.487500191E0
1.694827416E2,3.920625305E1,-1.091250038E1,-6.150000095E0
1.695027378E2,3.853125000E1,-1.096875000E1,-6.337500095E0
1.695227308E2,3.883125305E1,-1.136250019E1,-6.656250477E0
1.695427326E2,3.853125000E1,-1.098750019E1,-6.131250381E0
1.695627530E2,3.796875000E1,-1.155000019E1,-6.431250095E0
1.695827423E2,3.795000076E1,-1.121250057E1,-7.050000191E0
1.696027404E2,3.825000000E1,-1.123125076E1,-6.750000477E0
1.696227349E2,3.834375000E1,-1.096875000E1,-8.100000381E0
1.696427266E2,3.785625076E1,-1.111875057E1,-6.843750477E0
1.696627263E2,3.757500076E1,-1.108125019E1,-7.256250381E0
1.696827238E2,3.776250076E1,-1.089375019E1,-7.462500095E0
1.697027180E2,3.755625153E1,-1.068750000E1,-7.237500191E0
1.697227210E2,3.746250153E1,-1.063125038E1,-8.175000191E0
1.697427198E2,3.765000153E1,-1.044375038E1,-8.081250191E0
1.697627261E2,3.735000229E1,-1.033125019E1,-8.268750191E0
1.697827275E2,3.744375229E1,-1.023750019E1,-8.175000191E0
1.698027259E2,3.834375000E1,-1.063125038E1,-8.831250191E0
1.698227302E2,3.757500076E1,-1.080000019E1,-9.018750191E0
1.698427294E2,3.718125153E1,-1.100625038E1,-8.381250381E0
1.698627247E2,3.748125076E1,-1.098750019E1,-9.018750191E0
1.698827849E2,3.669375229E1,-1.057500076E1,-8.887500763E0
1.699027706E2,3.688125229E1,-1.061250019E1,-8.268750191E0
1.699227537E2,3.727500153E1,-1.050000000E1,-8.793750763E0
1.699427469E2,3.725625229E1,-1.008750057E1,-8.887500763E0
1.699627374E2,3.667500305E1,-1.036875057E1,-8.981250763E0
1.699827364E2,3.688125229E1,-1.050000000E1,-8.475000381E0
1.700027331E2,3.699375153E1,-1.096875000E1,-9.206250191E0
1.700227056E2,3.688125229E1,-1.066875076E1,-9.000000000E0
1.700427129E2,3.706875229E1,-1.038750076E1,-9.000000000E0
1.700627155E2,3.628125000E1,-1.059375000E1,-8.137500763E0
1.700827141E2,3.641250229E1,-1.128750038E1,-8.362500191E0
1.701027548E2,3.631875229E1,-1.108125019E1,-8.568750381E0
1.701227484E2,3.622500229E1,-1.115625000E1,-8.775000572E0
1.701427383E2,3.611250305E1,-1.076250076E1,-8.662500381E0
1.701627372E2,3.620625305E1,-1.098750019E1,-8.456250191E0
1.701827323E2,3.601875305E1,-1.106250000E1,-8.756250381E0
1.702027345E2,3.583125305E1,-1.115625000E1,-8.550000191E0
1.702227222E2,3.622500229E1,-1.125000000E1,-8.775000572E0
1.702427312E2,3.661875153E1,-1.121250057E1,-9.712500572E0
1.702627343E2,3.581250000E1,-1.076250076E1,-8.643750191E0
1.702827325E2,3.618750000E1,-1.025625038E1,-8.868750572E0
1.703027270E2,3.611250305E1,-1.065000057E1,-8.868750572E0
1.703227306E2,3.641250229E1,-1.087500000E1,-8.775000572E0
1.703427291E2,3.609375000E1,-1.057500076E1,-8.456250191E0
1.703627237E2,3.609375000E1,-1.048125076E1,-8.456250191E0
1.703827270E2,3.571875000E1,-1.096875000E1,-8.231250763E0
1.704027256E2,3.573750305E1,-1.102500057E1,-8.962500572E0
1.704227195E2,3.581250000E1,-1.096875000E1,-8.437500000E0
1.704427237E2,3.613125229E1,-1.091250038E1,-9.487500191E0
1.704627225E2,3.534375000E1,-1.102500057E1,-8.850000381E0
1.704827289E2,3.605625153E1,-1.151250076E1,-9.281250000E0
1.705027300E2,3.536250305E1,-1.173750019E1,-8.737500191E0
1.705227266E2,3.555000305E1,-1.130625057E1,-9.262500763E0
1.705427313E2,3.564375305E1,-1.123125076E1,-8.850000381E0
1.705627209E2,3.596250153E1,-1.173750019E1,-8.756250381E0
1.705827184E2,3.534375000E1,-1.132500076E1,-8.737500191E0
1.706027238E2,3.526875305E1,-1.140000057E1,-9.356250763E0
1.706227243E2,3.575625229E1,-1.177500057E1,-8.137500763E0
1.706427772E2,3.525000000E1,-1.132500076E1,-8.850000381E0
1.706627688E2,3.573750305E1,-1.117500019E1,-8.137500763E0
1.706827565E2,3.543750000E1,-1.138125038E1,-8.025000572E0
1.707027531E2,3.543750000E1,-1.125000000E1,-8.531250000E0
1.707227462E2,3.583125305E1,-1.138125038E1,-8.231250763E0
1.707427370E2,3.624375153E1,-1.156875038E1,-8.662500381E0
1.707627370E2,3.526875305E1,-1.185000038E1,-8.437500000E0
1.707826899E2,3.553125000E1,-1.104375076E1,-8.531250000E0
1.708026931E2,3.566250229E1,-1.186875057E1,-8.137500763E0
1.708227042E2,3.496875000E1,-1.162500000E1,-8.737500191E0
1.708427097E2,3.586875153E1,-1.203750038E1,-8.868750572E0
1.708627446E2,3.575625229E1,-1.166250038E1,-8.343750000E0
1.708827452E2,3.575625229E1,-1.143750000E1,-8.850000381E0
1.709027404E2,3.573750305E1,-1.126875019E1,-8.231250763E0
1.709227319E2,3.618750000E1,-1.061250019E1,-8.043750763E0
1.709427323E2,3.622500229E1,-1.117500019E1,-8.343750000E0
1.709627271E2,3.609375000E1,-1.061250019E1,-7.931250095E0
1.709827209E2,3.667500305E1,-1.074375057E1,-7.743750095E0
1.710027230E2,3.609375000E1,-1.051875019E1,-7.818750381E0
1.710227209E2,3.611250305E1,-1.102500057E1,-7.725000381E0
1.710427265E2,3.630000305E1,-1.083750057E1,-7.631250381E0
1.710627271E2,3.650625229E1,-1.104375076E1,-7.631250381E0
1.710827238E2,3.620625305E1,-1.121250057E1,-7.931250095E0
1.711027296E2,3.590625000E1,-1.115625000E1,-6.993750095E0
1.711227287E2,3.618750000E1,-1.076250076E1,-6.900000095E0
1.711427237E2,3.581250000E1,-1.095000076E1,-6.993750095E0
1.711627271E2,3.669375229E1,-1.095000076E1,-7.425000191E0
1.711827247E2,3.562500000E1,-1.143750000E1,-7.200000286E0
1.712027312E2,3.600000000E1,-1.072500038E1,-7.612500191E0
1.712227319E2,3.620625305E1,-1.110000038E1,-8.043750763E0
1.712427281E2,3.678750229E1,-1.113750076E1,-7.856250286E0
1.712627324E2,3.676875305E1,-1.055625057E1,-7.537500381E0
1.712827317E2,3.684375000E1,-1.006875038E1,-7.537500381E0
1.713027385E2,3.675000000E1,-1.023750019E1,-7.950000286E0
1.713227072E2,3.695625305E1,-1.027500057E1,-7.425000191E0
1.713427109E2,3.665625000E1,-1.046250057E1,-7.218750477E0
1.713627104E2,3.646875000E1,-1.055625057E1,-7.218750477E0
1.713827177E2,3.618750000E1,-1.063125038E1,-7.518750191E0
1.714027648E2,3.626250076E1,-1.035000038E1,-7.312500477E0
1.714227523E2,3.600000000E1,-1.081875038E1,-7.518750191E0
1.714427481E2,3.618750000E1,-1.063125038E1,-7.725000381E0
1.714627403E2,3.560625076E1,-1.072500038E1,-7.500000477E0
1.714827410E2,3.600000000E1,-1.057500076E1,-8.343750000E0
1.715027361E2,3.611250305E1,-1.110000038E1,-8.043750763E0
1.715227298E2,3.590625000E1,-1.059375000E1,-8.231250763E0
1.715427433E2,3.581250000E1,-1.080000019E1,-8.025000572E0
1.715627383E2,3.609375000E1,-1.070625019E1,-8.025000572E0
1.715827304E2,3.601875305E1,-1.108125019E1,-8.137500763E0
1.716027315E2,3.540000153E1,-1.046250057E1,-8.325000763E0
1.716227402E2,3.541875076E1,-1.057500076E1,-8.212500572E0
1.716427319E2,3.568125153E1,-1.010625076E1,-7.800000191E0
1.716627320E2,3.570000076E1,-1.027500057E1,-8.437500000E0
1.716827282E2,3.564375305E1,-1.115625000E1,-8.550000191E0
1.717027328E2,3.543750000E1,-1.125000000E1,-8.643750191E0
1.717227307E2,3.457500076E1,-1.132500076E1,-8.400000572E0
1.717427379E2,3.476250076E1,-1.110000038E1,-9.037500381E0
1.717627394E2,3.448125076E1,-1.140000057E1,-8.831250191E0
1.717827363E2,3.506250000E1,-1.119375038E1,-9.150000572E0
1.718027298E2,3.459375000E1,-1.155000019E1,-9.562500000E0
1.718227319E2,3.431250000E1,-1.162500000E1,-9.862500191E0
1.718427299E2,3.438750076E1,-1.102500057E1,-1.027500057E1
1.718627254E2,3.429375076E1,-1.151250076E1,-1.006875038E1
1.718827280E2,3.450000000E1,-1.132500076E1,-1.018125057E1
1.719027262E2,3.459375000E1,-1.153125000E1,-9.975000381E0
1.719227207E2,3.468750000E1,-1.143750000E1,-9.975000381E0
1.719427806E2,3.448125076E1,-1.132500076E1,-1.006875038E1
1.719627664E2,3.427500153E1,-1.095000076E1,-9.637500763E0
1.719827606E2,3.436875153E1,-1.104375076E1,-9.862500191E0
1.720027516E2,3.361875153E1,-1.138125038E1,-1.046250057E1
1.720227401E2,3.390000153E1,-1.119375038E1,-1.025625038E1
1.720427376E2,3.361875153E1,-1.117500019E1,-1.046250057E1
1.720627216E2,3.382500076E1,-1.170000076E1,-1.025625038E1
1.720826846E2,3.393750000E1,-1.164375019E1,-1.119375038E1
1.721026960E2,3.373125076E1,-1.134375000E1,-1.108125019E1
1.721227024E2,3.363750076E1,-1.130625057E1,-1.170000076E1
1.721427041E2,3.380625153E1,-1.113750076E1,-1.119375038E1
1.721627362E2,3.361875153E1,-1.111875057E1,-1.140000057E1
1.721827346E2,3.412500000E1,-1.138125038E1,-1.245000076E1
1.722027397E2,3.391875076E1,-1.130625057E1,-1.181250000E1
1.722227390E2,3.371250153E1,-1.106250000E1,-1.098750019E1
1.722427341E2,3.391875076E1,-1.113750076E1,-1.130625057E1
1.722627356E2,3.360000229E1,-1.072500038E1,-1.149375057E1
1.722827342E2,3.410625076E1,-1.095000076E1,-1.119375038E1
1.723027400E2,3.369375229E1,-1.083750057E1,-1.119375038E1
1.723227401E2,3.382500076E1,-1.108125019E1,-1.233750057E1
1.723427360E2,3.352500153E1,-1.102500057E1,-1.128750038E1
1.723627286E2,3.354375076E1,-1.149375057E1,-1.170000076E1
1.723827303E2,3.305625153E1,-1.151250076E1,-1.117500019E1
1.724027277E2,3.316875076E1,-1.192500019E1,-1.108125019E1
1.724227215E2,3.316875076E1,-1.205625057E1,-1.055625057E1
1.724427241E2,3.305625153E1,-1.185000038E1,-1.044375038E1
1.724627224E2,3.335625076E1,-1.171875000E1,-1.138125038E1
1.724827272E2,3.421875000E1,-1.134375000E1,-1.141875076E1
1.725027287E2,3.421875000E1,-1.166250038E1,-1.110000038E1
1.725227253E2,3.438750076E1,-1.098750019E1,-1.078125000E1
1.725427301E2,3.408750153E1,-1.098750019E1,-1.066875076E1
1.725627298E2,3.448125076E1,-1.089375019E1,-1.059375000E1
1.725827252E2,3.429375076E1,-1.121250057E1,-1.016250038E1
1.726027180E2,3.450000000E1,-1.140000057E1,-1.059375000E1
1.726227095E2,3.418125153E1,-1.111875057E1,-1.005000019E1
1.726427092E2,3.457500076E1,-1.091250038E1,-1.059375000E1
1.726627166E2,3.496875000E1,-1.104375076E1,-1.018125057E1
1.726827187E2,3.504375076E1,-1.050000000E1,-1.111875057E1
1.727027727E2,3.504375076E1,-1.074375057E1,-1.029375076E1
1.727227651E2,3.523125076E1,-1.033125019E1,-1.050000000E1
1.727427534E2,3.476250076E1,-1.074375057E1,-1.018125057E1
1.727627505E2,3.495000076E1,-1.083750057E1,-1.018125057E1
1.727827439E2,3.504375076E1,-1.076250076E1,-9.975000381E0
1.728027332E2,3.515625000E1,-1.093125057E1,-1.029375076E1
1.728227223E2,3.543750000E1,-1.085625076E1,-1.020000076E1
1.728426777E2,3.525000000E1,-1.076250076E1,-9.975000381E0
1.728626835E2,3.513750076E1,-1.057500076E1,-9.675000191E0
1.728826970E2,3.562500000E1,-1.036875057E1,-1.008750057E1
1.729027044E2,3.571875000E1,-1.040625000E1,-9.581250191E0
1.729227296E2,3.570000076E1,-1.012500000E1,-9.375000000E0
1.729427337E2,3.630000305E1,-1.087500000E1,-8.456250191E0
1.729627319E2,3.476250076E1,-1.119375038E1,-9.037500381E0
1.729827370E2,3.478125000E1,-1.156875038E1,-9.450000763E0
1.730027366E2,3.431250000E1,-1.175625038E1,-9.543750763E0
1.730227304E2,3.440625000E1,-1.194375038E1,-9.543750763E0
1.730427342E2,3.429375076E1,-1.155000019E1,-9.543750763E0
1.730627327E2,3.410625076E1,-1.173750019E1,-9.637500763E0
1.730827273E2,3.468750000E1,-1.156875038E1,-9.562500000E0
1.731027303E2,3.470625305E1,-1.185000038E1,-9.656250000E0
1.731227287E2,3.498750305E1,-1.156875038E1,-9.675000191E0
1.731427349E2,3.545625305E1,-1.121250057E1,-9.056250572E0
1.731627254E2,3.466875076E1,-1.110000038E1,-8.925000191E0
1.731827239E2,3.504375076E1,-1.091250038E1,-8.943750381E0
1.732027300E2,3.534375000E1,-1.100625038E1,-9.150000572E0
1.732227307E2,3.502500153E1,-1.040625000E1,-9.150000572E0
1.732427272E2,3.504375076E1,-1.111875057E1,-8.831250191E0
1.732627208E2,3.476250076E1,-1.117500019E1,-9.356250763E0
1.732827227E2,3.440625000E1,-1.177500057E1,-9.131250381E0
1.733027206E2,3.448125076E1,-1.138125038E1,-9.131250381E0
1.733227263E2,3.450000000E1,-1.158750057E1,-9.131250381E0
1.733427266E2,3.457500076E1,-1.138125038E1,-9.337500572E0
1.733627229E2,3.459375000E1,-1.162500000E1,-1.006875038E1
1.733826947E2,3.461250305E1,-1.185000038E1,-9.656250000E0
1.734027013E2,3.410625076E1,-1.185000038E1,-9.337500572E0
1.734227032E2,3.478125000E1,-1.149375057E1,-9.150000572E0
1.734427124E2,3.498750305E1,-1.166250038E1,-9.562500000E0
1.734627610E2,3.466875076E1,-1.128750038E1,-9.131250381E0
1.734827606E2,3.498750305E1,-1.170000076E1,-9.150000572E0
1.735027546E2,3.466875076E1,-1.110000038E1,-9.037500381E0
1.735227447E2,3.476250076E1,-1.102500057E1,-8.718750000E0
1.735427437E2,3.496875000E1,-1.130625057E1,-9.150000572E0
1.735627375E2,3.517500305E1,-1.162500000E1,-8.737500191E0
1.735827298E2,3.485625076E1,-1.110000038E1,-9.037500381E0
1.736027308E2,3.553125000E1,-1.095000076E1,-8.737500191E0
1.736227280E2,3.534375000E1,-1.111875057E1,-9.056250572E0
1.736427219E2,3.534375000E1,-1.121250057E1,-9.056250572E0
1.736627248E2,3.485625076E1,-1.111875057E1,-8.625000000E0
1.736827346E2,3.517500305E1,-1.151250076E1,-9.056250572E0
1.737027270E2,3.495000076E1,-1.115625000E1,-8.212500572E0
1.737227281E2,3.556875229E1,-1.162500000E1,-8.962500572E0
1.737427250E2,3.545625305E1,-1.156875038E1,-8.118750572E0
1.737627297E2,3.615000153E1,-1.177500057E1,-8.456250191E0
1.737827289E2,3.594375229E1,-1.166250038E1,-8.550000191E0
1.738027363E2,3.573750305E1,-1.126875019E1,-8.437500000E0
1.738227376E2,3.564375305E1,-1.179375076E1,-7.612500191E0
1.738427344E2,3.583125305E1,-1.149375057E1,-7.931250095E0
1.738627278E2,3.545625305E1,-1.181250000E1,-7.406250477E0
1.738827296E2,3.555000305E1,-1.149375057E1,-7.612500191E0
1.739027277E2,3.564375305E1,-1.179375076E1,-7.612500191E0
1.739227235E2,3.573750305E1,-1.158750057E1,-7.931250095E0
1.739427261E2,3.615000153E1,-1.179375076E1,-8.137500763E0
1.739627241E2,3.603750229E1,-1.170000076E1,-7.931250095E0
1.739827298E2,3.556875229E1,-1.218750095E1,-7.818750381E0
1.740027757E2,3.556875229E1,-1.173750019E1,-8.643750191E0
1.740227617E2,3.575625229E1,-1.209375095E1,-7.725000381E0
1.740427565E2,3.624375153E1,-1.190625000E1,-7.950000286E0
1.740627476E2,3.603750229E1,-1.171875000E1,-7.518750191E0
1.740827364E2,3.592500305E1,-1.121250057E1,-7.818750381E0
1.741027342E2,3.622500229E1,-1.151250076E1,-7.725000381E0
1.741227298E2,3.611250305E1,-1.121250057E1,-7.725000381E0
1.741426904E2,3.592500305E1,-1.108125019E1,-8.343750000E0
1.741626998E2,3.583125305E1,-1.132500076E1,-7.518750191E0
1.741827043E2,3.641250229E1,-1.141875076E1,-7.837500095E0
1.742027159E2,3.571875000E1,-1.110000038E1,-7.818750381E0
1.742227439E2,3.525000000E1,-1.126875019E1,-8.006250381E0
1.742427502E2,3.581250000E1,-1.074375057E1,-8.962500572E0
1.742627500E2,3.601875305E1,-1.098750019E1,-8.137500763E0
1.742827450E2,3.571875000E1,-1.080000019E1,-7.912500381E0
1.743027365E2,3.571875000E1,-1.096875000E1,-8.437500000E0
1.743227356E2,3.600000000E1,-1.059375000E1,-8.025000572E0
1.743427324E2,3.598125076E1,-1.029375076E1,-8.343750000E0
1.743627369E2,3.618750000E1,-1.048125076E1,-8.343750000E0
1.743827364E2,3.618750000E1,-1.048125076E1,-8.550000191E0
1.744027320E2,3.618750000E1,-1.018125057E1,-8.550000191E0
1.744227245E2,3.675000000E1,-1.012500000E1,-8.250000000E0
1.744427264E2,3.646875000E1,-9.993750572E0,-8.456250191E0
1.744627252E2,3.654375076E1,-9.693750381E0,-8.550000191E0
1.744827302E2,3.624375153E1,-9.600000381E0,-8.231250763E0
1.745027302E2,3.645000076E1,-9.656250000E0,-9.187500000E0
1.745227263E2,3.615000153E1,-9.581250191E0,-8.643750191E0
1.745427981E2,3.626250076E1,-9.562500000E0,-8.868750572E0
1.745627818E2,3.635625076E1,-9.581250191E0,-8.756250381E0
1.745827629E2,3.665625000E1,-9.750000000E0,-9.393750191E0
1.746027545E2,3.665625000E1,-9.693750381E0,-8.775000572E0
1.746227438E2,3.615000153E1,-9.562500000E0,-8.850000381E0
1.746427314E2,3.616875076E1,-9.843750000E0,-9.168750763E0
1.746627298E2,3.675000000E1,-9.693750381E0,-8.568750381E0
1.746827038E2,3.633750153E1,-9.431250572E0,-8.025000572E0
1.747027124E2,3.616875076E1,-9.993750572E0,-8.231250763E0
1.747227161E2,3.645000076E1,-9.637500763E0,-7.931250095E0
1.747427158E2,3.684375000E1,-9.843750000E0,-7.950000286E0
1.747627573E2,3.549375153E1,-9.975000381E0,-8.325000763E0
1.747827515E2,3.577500153E1,-9.993750572E0,-8.118750572E0
1.748027420E2,3.530625153E1,-1.040625000E1,-7.687500477E0
1.748227412E2,3.508125305E1,-9.675000191E0,-7.987500191E0
1.748427362E2,3.500625229E1,-1.025625038E1,-8.306250572E0
1.748627269E2,3.519375229E1,-1.027500057E1,-8.006250381E0
1.748827287E2,3.470625305E1,-1.014375019E1,-8.306250572E0
1.749027373E2,3.510000229E1,-1.008750057E1,-7.893750191E0
1.749227288E2,3.481875229E1,-1.055625057E1,-8.306250572E0
1.749427294E2,3.598125076E1,-1.023750019E1,-7.293750286E0
1.749627260E2,3.571875000E1,-1.065000057E1,-8.850000381E0
1.749827425E2,3.540000153E1,-1.018125057E1,-8.212500572E0
1.750027396E2,3.540000153E1,-1.035000038E1,-8.737500191E0
1.750227327E2,3.521250153E1,-1.001250076E1,-9.356250763E0
1.750427348E2,3.541875076E1,-1.029375076E1,-9.562500000E0
1.750627321E2,3.605625153E1,-9.600000381E0,-8.231250763E0
1.750827249E2,3.607500076E1,-9.993750572E0,-8.343750000E0
1.751027171E2,3.575625229E1,-9.768750191E0,-6.881250381E0
1.751227180E2,3.545625305E1,-9.768750191E0,-6.768750191E0
1.751427153E2,3.601875305E1,-9.056250572E0,-7.181250095E0
1.751627205E2,3.581250000E1,-9.093750000E0,-6.562500477E0
1.751827207E2,3.592500305E1,-9.281250000E0,-6.768750191E0
1.752027173E2,3.594375229E1,-9.637500763E0,-7.406250477E0
1.752227230E2,3.643125153E1,-9.918750763E0,-6.262500286E0
1.752427224E2,3.586875153E1,-1.018125057E1,-6.562500477E0
1.752627288E2,3.607500076E1,-1.061250019E1,-6.262500286E0
1.752827299E2,3.528750229E1,-1.033125019E1,-7.068750381E0
1.753027830E2,3.521250153E1,-1.065000057E1,-6.862500191E0
1.753227744E2,3.577500153E1,-1.033125019E1,-7.406250477E0
1.753427616E2,3.607500076E1,-1.036875057E1,-6.881250381E0
1.753627469E2,3.607500076E1,-1.044375038E1,-7.200000286E0
1.753827423E2,3.579375076E1,-1.066875076E1,-6.562500477E0
1.754027336E2,3.616875076E1,-1.046250057E1,-6.993750095E0
1.754227356E2,3.547500229E1,-1.036875057E1,-6.656250477E0
1.754426899E2,3.588750076E1,-1.068750000E1,-6.581250191E0
1.754626946E2,3.560625076E1,-1.104375076E1,-6.881250381E0
1.754827068E2,3.571875000E1,-1.113750076E1,-7.293750286E0
1.755027135E2,3.560625076E1,-1.083750057E1,-7.087500095E0
1.755227489E2,3.551250076E1,-1.091250038E1,-7.500000477E0
1.755427382E2,3.513750076E1,-1.140000057E1,-7.275000095E0
1.755627362E2,3.562500000E1,-1.098750019E1,-8.118750572E0
1.755827302E2,3.523125076E1,-1.076250076E1,-8.325000763E0
1.756027325E2,3.551250076E1,-1.053750038E1,-8.943750381E0
1.756227295E2,3.540000153E1,-1.036875057E1,-8.325000763E0
1.756427242E2,3.622500229E1,-1.104375076E1,-8.981250763E0
1.756627269E2,3.543750000E1,-1.093125057E1,-8.850000381E0
1.756827250E2,3.543750000E1,-1.078125000E1,-9.675000191E0
1.757027197E2,3.532500076E1,-1.065000057E1,-8.418750763E0
1.757227229E2,3.511875153E1,-1.076250076E1,-8.212500572E0
1.757427218E2,3.513750076E1,-1.093125057E1,-8.831250191E0
1.757627171E2,3.534375000E1,-1.102500057E1,-8.850000381E0
1.757827205E2,3.504375076E1,-1.081875038E1,-8.831250191E0
1.758027192E2,3.493125153E1,-1.055625057E1,-8.212500572E0
1.758227256E2,3.506250000E1,-1.119375038E1,-9.150000572E0
1.758427253E2,3.448125076E1,-1.126875019E1,-9.337500572E0
1.758627223E2,3.410625076E1,-1.145625019E1,-9.337500572E0
1.758827270E2,3.382500076E1,-1.188750076E1,-8.700000763E0
1.759027265E2,3.373125076E1,-1.196250057E1,-8.812500000E0
1.759227220E2,3.393750000E1,-1.228125095E1,-8.812500000E0
1.759427255E2,3.459375000E1,-1.226250076E1,-7.687500477E0
1.759627248E2,3.382500076E1,-1.183125019E1,-9.750000000E0
1.759827099E2,3.352500153E1,-1.194375038E1,-9.318750381E0
1.760027153E2,3.401250076E1,-1.185000038E1,-9.431250572E0
1.760227160E2,3.438750076E1,-1.132500076E1,-1.016250038E1
1.760427238E2,3.429375076E1,-1.166250038E1,-9.225000381E0
1.760627824E2,3.440625000E1,-1.177500057E1,-9.131250381E0
1.760827672E2,3.435000229E1,-1.093125057E1,-8.193750381E0
1.761027604E2,3.457500076E1,-1.130625057E1,-8.925000191E0
1.761227504E2,3.446250153E1,-1.110000038E1,-8.925000191E0
1.761427378E2,3.506250000E1,-1.153125000E1,-8.418750763E0
1.761627341E2,3.523125076E1,-1.106250000E1,-8.118750572E0
1.761827287E2,3.455625153E1,-1.102500057E1,-8.606250763E0
1.762027434E2,3.506250000E1,-1.143750000E1,-8.418750763E0
1.762227394E2,3.525000000E1,-1.145625019E1,-8.325000763E0
1.762427322E2,3.485625076E1,-1.125000000E1,-8.306250572E0
1.762627339E2,3.545625305E1,-1.143750000E1,-8.531250000E0
1.762827542E2,3.555000305E1,-1.170000076E1,-7.706250191E0
1.763027432E2,3.583125305E1,-1.119375038E1,-7.931250095E0
1.763227414E2,3.583125305E1,-1.128750038E1,-8.025000572E0
1.763427358E2,3.678750229E1,-1.091250038E1,-8.268750191E0
1.763627277E2,3.639375305E1,-1.102500057E1,-7.837500095E0
1.763827279E2,3.579375076E1,-1.072500038E1,-7.612500191E0
1.764027255E2,3.639375305E1,-1.095000076E1,-7.312500477E0
1.764227195E2,3.648750305E1,-1.076250076E1,-7.218750477E0
1.764427224E2,3.628125000E1,-1.055625057E1,-7.312500477E0
1.764627210E2,3.646875000E1,-1.068750000E1,-6.693750381E0
1.764827274E2,3.648750305E1,-1.096875000E1,-7.106250286E0
1.765027289E2,3.611250305E1,-1.121250057E1,-7.725000381E0
1.765227270E2,3.620625305E1,-1.111875057E1,-7.631250381E0
1.765427311E2,3.660000229E1,-1.125000000E1,-7.331250191E0
1.765627305E2,3.600000000E1,-1.117500019E1,-6.787500381E0
1.765827259E2,3.583125305E1,-1.162500000E1,-7.200000286E0
1.766027858E2,3.622500229E1,-1.143750000E1,-7.518750191E0
1.766227717E2,3.641250229E1,-1.138125038E1,-6.806250095E0
1.766427547E2,3.592500305E1,-1.134375000E1,-6.993750095E0
1.766627481E2,3.628125000E1,-1.087500000E1,-6.900000095E0
1.766827385E2,3.639375305E1,-1.087500000E1,-6.900000095E0
1.767027272E2,3.669375229E1,-1.106250000E1,-7.331250191E0
1.767227265E2,3.676875305E1,-1.102500057E1,-6.393750191E0
1.767426898E2,3.637500000E1,-1.080000019E1,-6.375000477E0
1.767627016E2,3.637500000E1,-1.100625038E1,-6.281250477E0
1.767827080E2,3.669375229E1,-1.147500038E1,-6.918750286E0
1.768027097E2,3.641250229E1,-1.145625019E1,-7.218750477E0
1.768227527E2,3.570000076E1,-1.093125057E1,-7.200000286E0
1.768427480E2,3.571875000E1,-1.104375076E1,-7.087500095E0
1.768627391E2,3.601875305E1,-1.113750076E1,-7.200000286E0
1.768827389E2,3.543750000E1,-1.121250057E1,-7.500000477E0
1.769027342E2,3.603750229E1,-1.156875038E1,-8.343750000E0
1.769227250E2,3.601875305E1,-1.119375038E1,-7.931250095E0
1.769427269E2,3.635625076E1,-1.050000000E1,-6.487500191E0
1.769626806E2,3.646875000E1,-1.020000076E1,-8.250000000E0
1.769826962E2,3.648750305E1,-1.038750076E1,-8.456250191E0
1.770027055E2,3.631875229E1,-1.108125019E1,-8.456250191E0
1.770227092E2,3.637500000E1,-1.038750076E1,-8.343750000E0
1.770427201E2,3.562500000E1,-1.087500000E1,-8.325000763E0
1.770627243E2,3.600000000E1,-1.081875038E1,-7.612500191E0
1.770827229E2,3.541875076E1,-1.098750019E1,-8.006250381E0
1.771027288E2,3.600000000E1,-1.080000019E1,-8.137500763E0
1.771227290E2,3.583125305E1,-1.121250057E1,-7.725000381E0
1.771427244E2,3.525000000E1,-1.125000000E1,-8.531250000E0
1.771627286E2,3.564375305E1,-1.111875057E1,-9.056250572E0
1.771827272E2,3.526875305E1,-1.155000019E1,-8.437500000E0
1.772027218E2,3.526875305E1,-1.194375038E1,-8.437500000E0
1.772227250E2,3.517500305E1,-1.164375019E1,-8.325000763E0
1.772427235E2,3.478125000E1,-1.183125019E1,-8.306250572E0
1.772627295E2,3.468750000E1,-1.183125019E1,-8.306250572E0
1.772827089E2,3.498750305E1,-1.179375076E1,-9.262500763E0
1.773027101E2,3.478125000E1,-1.151250076E1,-8.625000000E0
1.773227187E2,3.543750000E1,-1.091250038E1,-9.056250572E0
1.773427214E2,3.515625000E1,-1.134375000E1,-8.418750763E0
1.773627761E2,3.525000000E1,-1.123125076E1,-8.850000381E0
1.773827579E2,3.504375076E1,-1.126875019E1,-8.006250381E0
1.774027489E2,3.564375305E1,-1.134375000E1,-8.550000191E0
1.774227372E2,3.564375305E1,-1.147500038E1,-8.137500763E0
1.774427354E2,3.555000305E1,-1.123125076E1,-8.756250381E0
1.774627283E2,3.506250000E1,-1.123125076E1,-8.625000000E0
1.774827207E2,3.485625076E1,-1.123125076E1,-8.418750763E0
1.775026784E2,3.476250076E1,-1.113750076E1,-8.306250572E0
1.775226858E2,3.545625305E1,-1.121250057E1,-9.168750763E0
1.775427005E2,3.555000305E1,-1.111875057E1,-8.962500572E0
1.775627087E2,3.573750305E1,-1.158750057E1,-8.025000572E0
1.775827341E2,3.571875000E1,-1.108125019E1,-8.025000572E0
1.776027383E2,3.601875305E1,-1.108125019E1,-8.456250191E0
1.776227367E2,3.631875229E1,-1.121250057E1,-7.837500095E0
1.776427306E2,3.590625000E1,-1.102500057E1,-7.612500191E0
1.776627326E2,3.609375000E1,-1.068750000E1,-8.456250191E0
1.776827286E2,3.656250000E1,-1.046250057E1,-7.425000191E0
1.777027228E2,3.656250000E1,-1.050000000E1,-6.693750381E0
1.777227254E2,3.637500000E1,-1.076250076E1,-6.993750095E0
1.777427235E2,3.667500305E1,-1.066875076E1,-7.218750477E0
1.777627291E2,3.658125305E1,-1.089375019E1,-6.806250095E0
1.777827294E2,3.646875000E1,-1.080000019E1,-6.375000477E0
1.778027371E2,3.686250305E1,-1.074375057E1,-6.075000286E0
1.778227276E2,3.667500305E1,-1.070625019E1,-6.600000381E0
1.778427270E2,3.646875000E1,-1.074375057E1,-5.868750095E0
1.778627226E2,3.718125153E1,-1.123125076E1,-6.206250191E0
1.778827263E2,3.667500305E1,-1.102500057E1,-6.281250477E0
1.779027248E2,3.686250305E1,-1.085625076E1,-5.775000095E0
1.779227318E2,3.727500153E1,-1.113750076E1,-6.300000191E0
1.779427326E2,3.733125305E1,-1.063125038E1,-4.631250381E0
1.779627294E2,3.793125153E1,-1.057500076E1,-6.112500191E0
1.779827340E2,3.789375305E1,-9.937500000E0,-5.175000191E0
1.780027331E2,3.838125229E1,-1.005000019E1,-4.968750000E0
1.780227287E2,3.798750305E1,-1.005000019E1,-4.968750000E0
1.780426998E2,3.845625305E1,-9.468750000E0,-4.968750000E0
1.780627060E2,3.871875000E1,-9.187500000E0,-4.781250000E0
1.780827076E2,3.804375076E1,-9.506250381E0,-4.031250000E0
1.781027165E2,3.806250000E1,-9.787500381E0,-4.350000381E0
1.781227647E2,3.798750305E1,-1.006875038E1,-4.650000095E0
1.781427529E2,3.787500000E1,-1.001250076E1,-3.825000048E0
1.781627495E2,3.856875229E1,-9.975000381E0,-4.668750286E0
1.781827418E2,3.817500305E1,-1.033125019E1,-3.525000095E0
1.782027429E2,3.828750229E1,-1.036875057E1,-4.556250095E0
1.782227379E2,3.838125229E1,-1.027500057E1,-4.556250095E0
1.782427317E2,3.817500305E1,-1.018125057E1,-4.556250095E0
1.782627449E2,3.810000229E1,-1.033125019E1,-5.081250191E0
1.782827400E2,3.838125229E1,-1.003125000E1,-5.400000095E0
1.783027320E2,3.817500305E1,-1.006875038E1,-4.668750286E0
1.783227330E2,3.838125229E1,-1.050000000E1,-4.256250381E0
1.783427414E2,3.806250000E1,-9.881250381E0,-4.556250095E0
1.783627442E2,3.819375229E1,-1.012500000E1,-5.287500381E0
1.783827418E2,3.798750305E1,-1.006875038E1,-4.650000095E0
1.784027356E2,3.789375305E1,-1.046250057E1,-4.650000095E0
1.784227266E2,3.770625305E1,-1.040625000E1,-5.381250381E0
1.784427262E2,3.751875305E1,-1.046250057E1,-6.000000000E0
1.784627235E2,3.763125229E1,-1.059375000E1,-5.681250095E0
1.784827285E2,3.735000229E1,-1.076250076E1,-5.775000095E0
1.785027287E2,3.705000305E1,-1.065000057E1,-6.093750477E0
1.785227248E2,3.695625305E1,-1.083750057E1,-6.187500477E0
1.785427292E2,3.630000305E1,-1.138125038E1,-6.693750381E0
1.785627288E2,3.650625229E1,-1.126875019E1,-7.012500286E0
1.785827144E2,3.648750305E1,-1.085625076E1,-7.425000191E0
1.786027204E2,3.688125229E1,-1.074375057E1,-7.650000095E0
1.786227213E2,3.630000305E1,-1.083750057E1,-7.518750191E0
1.786427183E2,3.637500000E1,-1.063125038E1,-7.631250381E0
1.786627802E2,3.675000000E1,-1.025625038E1,-7.631250381E0
1.786827672E2,3.693750000E1,-1.006875038E1,-7.425000191E0
1.787027624E2,3.676875305E1,-1.029375076E1,-8.568750381E0
1.787227537E2,3.667500305E1,-1.031250000E1,-8.362500191E0
1.787427427E2,3.635625076E1,-1.001250076E1,-8.137500763E0
1.787627397E2,3.637500000E1,-1.025625038E1,-9.187500000E0
1.787827349E2,3.609375000E1,-1.033125019E1,-9.168750763E0
1.788026949E2,3.648750305E1,-1.044375038E1,-9.187500000E0
1.788227040E2,3.562500000E1,-1.081875038E1,-9.262500763E0
1.788427084E2,3.581250000E1,-1.050000000E1,-9.693750381E0
1.788627086E2,3.583125305E1,-1.110000038E1,-9.693750381E0
1.788827395E2,3.573750305E1,-1.110000038E1,-9.693750381E0
1.789027371E2,3.585000229E1,-1.126875019E1,-1.021875000E1
1.789227301E2,3.583125305E1,-1.078125000E1,-1.010625076E1
1.789427314E2,3.573750305E1,-1.108125019E1,-9.900000572E0
1.789627282E2,3.562500000E1,-1.046250057E1,-1.029375076E1
1.789827315E2,3.545625305E1,-1.083750057E1,-1.050000000E1
1.790027318E2,3.545625305E1,-1.070625019E1,-1.123125076E1
1.790227275E2,3.523125076E1,-1.036875057E1,-9.768750191E0
1.790427314E2,3.562500000E1,-1.053750038E1,-1.072500038E1
1.790627303E2,3.571875000E1,-1.055625057E1,-1.031250000E1
1.790827254E2,3.504375076E1,-1.063125038E1,-1.059375000E1
1.791027292E2,3.526875305E1,-1.091250038E1,-1.091250038E1
1.791227283E2,3.526875305E1,-1.089375019E1,-1.123125076E1
1.791427229E2,3.459375000E1,-1.119375038E1,-1.080000019E1
1.791627260E2,3.487500000E1,-1.078125000E1,-1.121250057E1
1.791827245E2,3.487500000E1,-1.098750019E1,-1.111875057E1
1.792027295E2,3.526875305E1,-1.110000038E1,-1.091250038E1
1.792227195E2,3.487500000E1,-1.096875000E1,-1.132500076E1
1.792427188E2,3.543750000E1,-1.059375000E1,-1.113750076E1
1.792627257E2,3.478125000E1,-1.108125019E1,-1.111875057E1
1.792827270E2,3.468750000E1,-1.087500000E1,-1.132500076E1
1.793027239E2,3.504375076E1,-1.050000000E1,-1.100625038E1
1.793227177E2,3.466875076E1,-1.072500038E1,-1.038750076E1
1.793426989E2,3.444375229E1,-1.020000076E1,-1.078125000E1
1.793627017E2,3.438750076E1,-1.096875000E1,-1.110000038E1
1.793827118E2,3.468750000E1,-1.095000076E1,-1.162500000E1
1.794027159E2,3.438750076E1,-1.119375038E1,-1.057500076E1
1.794227604E2,3.457500076E1,-1.078125000E1,-1.100625038E1
1.794427567E2,3.459375000E1,-1.106250000E1,-1.141875076E1
1.794627483E2,3.438750076E1,-1.087500000E1,-1.110000038E1
1.794827480E2,3.440625000E1,-1.126875019E1,-1.121250057E1
1.795027432E2,3.451875305E1,-1.155000019E1,-1.153125000E1
1.795227335E2,3.420000076E1,-1.125000000E1,-1.130625057E1
1.795427349E2,3.487500000E1,-1.078125000E1,-1.111875057E1
1.795626882E2,3.487500000E1,-1.098750019E1,-1.100625038E1
1.795826920E2,3.446250153E1,-1.059375000E1,-1.068750000E1
1.796027034E2,3.466875076E1,-1.078125000E1,-1.110000038E1
1.796227092E2,3.495000076E1,-1.053750038E1,-1.038750076E1
1.796427332E2,3.487500000E1,-1.091250038E1,-1.070625019E1
1.796627363E2,3.438750076E1,-1.111875057E1,-1.027500057E1
1.796827338E2,3.506250000E1,-1.089375019E1,-1.091250038E1
1.797027385E2,3.455625153E1,-1.050000000E1,-1.068750000E1
1.797227377E2,3.517500305E1,-1.098750019E1,-1.132500076E1
1.797427316E2,3.485625076E1,-1.068750000E1,-1.100625038E1
1.797627352E2,3.459375000E1,-1.126875019E1,-1.100625038E1
1.797827335E2,3.496875000E1,-1.110000038E1,-1.091250038E1
1.798027281E2,3.470625305E1,-1.138125038E1,-1.091250038E1
1.798227311E2,3.496875000E1,-1.102500057E1,-1.050000000E1
1.798427295E2,3.525000000E1,-1.066875076E1,-1.155000019E1
1.798627356E2,3.515625000E1,-1.061250019E1,-1.091250038E1
1.798827262E2,3.534375000E1,-1.053750038E1,-1.061250019E1
1.799027246E2,3.523125076E1,-1.023750019E1,-1.038750076E1
1.799227195E2,3.545625305E1,-1.081875038E1,-1.093125057E1
1.799427229E2,3.618750000E1,-1.023750019E1,-9.168750763E0
1.799627784E2,3.562500000E1,-1.048125076E1,-9.993750572E0
1.799827607E2,3.540000153E1,-1.010625076E1,-9.468750000E0
1.800027527E2,3.562500000E1,-1.053750038E1,-1.061250019E1
1.800227418E2,3.504375076E1,-1.072500038E1,-1.038750076E1
1.800427403E2,3.498750305E1,-1.132500076E1,-1.038750076E1
1.800627354E2,3.517500305E1,-1.121250057E1,-1.081875038E1
1.800827277E2,3.517500305E1,-1.130625057E1,-1.091250038E1
1.801026966E2,3.506250000E1,-1.113750076E1,-1.029375076E1
1.801227015E2,3.556875229E1,-1.128750038E1,-1.134375000E1
1.801427023E2,3.515625000E1,-1.078125000E1,-1.123125076E1
1.801627110E2,3.466875076E1,-1.046250057E1,-1.130625057E1
1.801827483E2,3.502500153E1,-9.993750572E0,-1.100625038E1
1.802027508E2,3.532500076E1,-1.012500000E1,-1.070625019E1
1.802227472E2,3.523125076E1,-1.055625057E1,-1.008750057E1
1.802427398E2,3.532500076E1,-1.012500000E1,-1.091250038E1
1.802627406E2,3.532500076E1,-1.014375019E1,-1.061250019E1
1.802827356E2,3.541875076E1,-9.918750763E0,-1.091250038E1
1.803027405E2,3.553125000E1,-1.044375038E1,-1.040625000E1
1.803227401E2,3.541875076E1,-9.900000572E0,-1.132500076E1
1.803427358E2,3.551250076E1,-9.843750000E0,-1.061250019E1
1.803627282E2,3.532500076E1,-1.008750057E1,-1.132500076E1
1.803827296E2,3.530625153E1,-9.693750381E0,-1.123125076E1
1.804027385E2,3.495000076E1,-1.027500057E1,-1.141875076E1
1.804227413E2,3.457500076E1,-1.085625076E1,-1.141875076E1
1.804427389E2,3.487500000E1,-1.063125038E1,-1.194375038E1
1.804627329E2,3.466875076E1,-1.074375057E1,-1.162500000E1
1.804827356E2,3.468750000E1,-1.128750038E1,-1.100625038E1
1.805027324E2,3.375000000E1,-1.156875038E1,-1.233750057E1
1.805227274E2,3.435000229E1,-1.153125000E1,-1.350000095E1
1.805427305E2,3.391875076E1,-1.102500057E1,-1.327500057E1
1.805627291E2,3.538125229E1,-1.141875076E1,-1.072500038E1
1.805827239E2,3.498750305E1,-1.126875019E1,-1.132500076E1
1.806027275E2,3.423750305E1,-1.196250057E1,-1.100625038E1
1.806227266E2,3.345000076E1,-1.113750076E1,-1.284375095E1
1.806427120E2,3.480000305E1,-1.147500038E1,-1.111875057E1
1.806627178E2,3.466875076E1,-1.063125038E1,-1.203750038E1
1.806827188E2,3.440625000E1,-1.091250038E1,-1.203750038E1
1.807027271E2,3.461250305E1,-1.132500076E1,-1.183125019E1
1.807227747E2,3.375000000E1,-1.155000019E1,-1.254375076E1
1.807427621E2,3.247500229E1,-1.164375019E1,-1.209375095E1
1.807627579E2,3.221250153E1,-1.224375057E1,-1.177500057E1
1.807827496E2,3.315000153E1,-1.136250019E1,-1.220625019E1
1.808027386E2,3.532500076E1,-9.468750000E0,-1.361250019E1
1.808227358E2,3.511875153E1,-9.393750191E0,-1.308750057E1
1.808427313E2,3.390000153E1,-1.057500076E1,-1.263750076E1
1.808626808E2,3.326250076E1,-1.164375019E1,-1.263750076E1
1.808826927E2,3.260625076E1,-1.220625019E1,-1.282500076E1
1.809026996E2,3.211875153E1,-1.228125095E1,-1.280625057E1
1.809227020E2,3.232500076E1,-1.226250076E1,-1.323750019E1
1.809427343E2,3.230625153E1,-1.196250057E1,-1.323750019E1
1.809627331E2,3.232500076E1,-1.239375019E1,-1.261875057E1
1.809827381E2,3.202500153E1,-1.209375095E1,-1.248750019E1
1.810027375E2,3.223125076E1,-1.226250076E1,-1.323750019E1
1.810227325E2,3.251250076E1,-1.220625019E1,-1.261875057E1
1.810427345E2,3.211875153E1,-1.211250019E1,-1.250625038E1
1.810627332E2,3.279375076E1,-1.190625000E1,-1.282500076E1
1.810827277E2,3.316875076E1,-1.166250038E1,-1.211250019E1
1.811027306E2,3.324375153E1,-1.136250019E1,-1.220625019E1
1.811227287E2,3.307500076E1,-1.185000038E1,-1.231875038E1
1.811427233E2,3.286875153E1,-1.173750019E1,-1.252500057E1
1.811627154E2,3.213750076E1,-1.239375019E1,-1.280625057E1
1.811827178E2,3.223125076E1,-1.239375019E1,-1.271250057E1
1.812027146E2,3.260625076E1,-1.228125095E1,-1.303125095E1
1.812227194E2,3.221250153E1,-1.231875038E1,-1.239375019E1
1.812427195E2,3.232500076E1,-1.260000038E1,-1.250625038E1
1.812627262E2,3.232500076E1,-1.250625038E1,-1.261875057E1
1.812827282E2,3.279375076E1,-1.222500038E1,-1.241250038E1
1.813027255E2,3.260625076E1,-1.200000000E1,-1.271250057E1
1.813227303E2,3.300000000E1,-1.231875038E1,-1.263750076E1
1.813427299E2,3.339375305E1,-1.220625019E1,-1.305000019E1
1.813627252E2,3.326250076E1,-1.164375019E1,-1.243125057E1
1.813827290E2,3.316875076E1,-1.177500057E1,-1.200000000E1
1.814027065E2,3.315000153E1,-1.147500038E1,-1.190625000E1
1.814227062E2,3.363750076E1,-1.130625057E1,-1.170000076E1
1.814427138E2,3.375000000E1,-1.200000000E1,-1.192500019E1
1.814627160E2,3.412500000E1,-1.162500000E1,-1.162500000E1
1.814827591E2,3.373125076E1,-1.130625057E1,-1.160625076E1
1.815027432E2,3.421875000E1,-1.143750000E1,-1.162500000E1
1.815227366E2,3.363750076E1,-1.141875076E1,-1.140000057E1
1.815427384E2,3.393750000E1,-1.170000076E1,-1.192500019E1
1.815627355E2,3.401250076E1,-1.145625019E1,-1.098750019E1
1.815827284E2,3.401250076E1,-1.145625019E1,-1.110000038E1
1.816027308E2,3.393750000E1,-1.185000038E1,-1.110000038E1
1.816227399E2,3.412500000E1,-1.155000019E1,-1.130625057E1
1.816427317E2,3.481875229E1,-1.196250057E1,-1.132500076E1
1.816627323E2,3.429375076E1,-1.130625057E1,-1.048125076E1
1.816827288E2,3.491250229E1,-1.198125076E1,-1.102500057E1
1.817027336E2,3.545625305E1,-1.149375057E1,-9.375000000E0
1.817227332E2,3.575625229E1,-1.128750038E1,-9.787500381E0
1.817427286E2,3.545625305E1,-1.111875057E1,-1.072500038E1
1.817627321E2,3.517500305E1,-1.121250057E1,-1.070625019E1
1.817827309E2,3.495000076E1,-1.096875000E1,-9.562500000E0
1.818027251E2,3.545625305E1,-1.117500019E1,-9.881250381E0
1.818227291E2,3.526875305E1,-1.115625000E1,-9.993750572E0
1.818427280E2,3.515625000E1,-1.128750038E1,-9.468750000E0
1.818627231E2,3.485625076E1,-1.119375038E1,-9.243750572E0
1.818827268E2,3.525000000E1,-1.074375057E1,-1.020000076E1
1.819027257E2,3.513750076E1,-1.078125000E1,-9.675000191E0
1.819227210E2,3.429375076E1,-1.113750076E1,-9.843750000E0
1.819427148E2,3.448125076E1,-1.125000000E1,-9.862500191E0
1.819627159E2,3.487500000E1,-1.141875076E1,-8.831250191E0
1.819827244E2,3.448125076E1,-1.138125038E1,-9.243750572E0
1.820027270E2,3.433125305E1,-1.188750076E1,-1.059375000E1
1.820227813E2,3.401250076E1,-1.149375057E1,-1.036875057E1
1.820427738E2,3.410625076E1,-1.160625076E1,-1.006875038E1
1.820627619E2,3.399375153E1,-1.130625057E1,-1.016250038E1
1.820827476E2,3.461250305E1,-1.179375076E1,-1.080000019E1
1.821027433E2,3.391875076E1,-1.170000076E1,-1.016250038E1
1.821227365E2,3.440625000E1,-1.149375057E1,-1.048125076E1
1.821427273E2,3.438750076E1,-1.108125019E1,-1.080000019E1
1.821626952E2,3.459375000E1,-1.095000076E1,-1.141875076E1
1.821826991E2,3.380625153E1,-1.113750076E1,-1.140000057E1
1.822027108E2,3.391875076E1,-1.113750076E1,-1.140000057E1
1.822227167E2,3.371250153E1,-1.093125057E1,-1.128750038E1
1.822427514E2,3.352500153E1,-1.110000038E1,-1.170000076E1
1.822627406E2,3.331875229E1,-1.100625038E1,-1.170000076E1
1.822827383E2,3.303750229E1,-1.132500076E1,-1.106250000E1
1.823027319E2,3.256875229E1,-1.138125038E1,-1.156875038E1
1.823227342E2,3.285000229E1,-1.140000057E1,-1.138125038E1
1.823427303E2,3.275625229E1,-1.136250019E1,-1.209375095E1
1.823627248E2,3.219375229E1,-1.181250000E1,-1.239375019E1
1.823827276E2,3.208125305E1,-1.155000019E1,-1.177500057E1
1.824027259E2,3.210000229E1,-1.160625076E1,-1.248750019E1
1.824227207E2,3.219375229E1,-1.162500000E1,-1.218750095E1
1.824427239E2,3.316875076E1,-1.196250057E1,-1.222500038E1
1.824627229E2,3.240000153E1,-1.190625000E1,-1.271250057E1
1.824827296E2,3.163125038E1,-1.185000038E1,-1.310625076E1
1.825027304E2,3.191250038E1,-1.164375019E1,-1.351875019E1
1.825227268E2,3.131250191E1,-1.143750000E1,-1.320000076E1
1.825427311E2,3.219375229E1,-1.143750000E1,-1.374375057E1
1.825627296E2,3.200625229E1,-1.143750000E1,-1.363125038E1
1.825827367E2,3.191250038E1,-1.141875076E1,-1.395000076E1
1.826027377E2,3.187500191E1,-1.098750019E1,-1.278750038E1
1.826227343E2,3.150000191E1,-1.111875057E1,-1.372500038E1
1.826427273E2,3.168750191E1,-1.104375076E1,-1.361250019E1
1.826627293E2,3.178125191E1,-1.093125057E1,-1.383750057E1
1.826827271E2,3.210000229E1,-1.098750019E1,-1.468125057E1
1.827027000E2,3.178125191E1,-1.083750057E1,-1.372500038E1
1.827227075E2,3.170625114E1,-1.125000000E1,-1.340625095E1
1.827427100E2,3.180000114E1,-1.136250019E1,-1.331250095E1
1.827627195E2,3.189375114E1,-1.110000038E1,-1.445625019E1
1.827827686E2,3.151875114E1,-1.158750057E1,-1.434375095E1
1.828027684E2,3.142500114E1,-1.147500038E1,-1.434375095E1
1.828227623E2,3.142500114E1,-1.160625076E1,-1.381875038E1
1.828427527E2,3.202500153E1,-1.179375076E1,-1.436250019E1
1.828627404E2,3.161250114E1,-1.132500076E1,-1.383750057E1
1.828827363E2,3.210000229E1,-1.143750000E1,-1.383750057E1
1.829027310E2,3.170625114E1,-1.138125038E1,-1.445625019E1
1.829226796E2,3.217500305E1,-1.083750057E1,-1.395000076E1
1.829426909E2,3.219375229E1,-1.121250057E1,-1.415625095E1
1.829626975E2,3.236250305E1,-1.076250076E1,-1.363125038E1
1.829827106E2,3.285000229E1,-1.065000057E1,-1.417500019E1
1.830027402E2,3.268125153E1,-1.115625000E1,-1.376250076E1
1.830227476E2,3.296250153E1,-1.096875000E1,-1.365000057E1
1.830427483E2,3.255000305E1,-1.065000057E1,-1.395000076E1
1.830627437E2,3.303750229E1,-1.078125000E1,-1.365000057E1
1.830827354E2,3.275625229E1,-1.053750038E1,-1.417500019E1
1.831027350E2,3.256875229E1,-1.115625000E1,-1.385625076E1
1.831227319E2,3.266250229E1,-1.108125019E1,-1.353750038E1
1.831427250E2,3.247500229E1,-1.093125057E1,-1.415625095E1
1.831627270E2,3.268125153E1,-1.115625000E1,-1.396875095E1
1.831827250E2,3.258750153E1,-1.143750000E1,-1.406250095E1
1.832027305E2,3.211875153E1,-1.171875000E1,-1.395000076E1
1.832227312E2,3.240000153E1,-1.132500076E1,-1.406250095E1
1.832427176E2,3.208125305E1,-1.100625038E1,-1.436250019E1
1.832627240E2,3.260625076E1,-1.164375019E1,-1.385625076E1
1.832827252E2,3.230625153E1,-1.160625076E1,-1.436250019E1
1.833027223E2,3.232500076E1,-1.188750076E1,-1.468125057E1
1.833227841E2,3.193125153E1,-1.211250019E1,-1.395000076E1
1.833427711E2,3.240000153E1,-1.143750000E1,-1.385625076E1
1.833627551E2,3.200625229E1,-1.140000057E1,-1.436250019E1
1.833827490E2,3.232500076E1,-1.179375076E1,-1.458750057E1
1.834027401E2,3.221250153E1,-1.138125038E1,-1.477500057E1
1.834227291E2,3.191250038E1,-1.128750038E1,-1.466250038E1
1.834427172E2,3.189375114E1,-1.123125076E1,-1.383750057E1
1.834626833E2,3.200625229E1,-1.162500000E1,-1.383750057E1
1.834826974E2,3.142500114E1,-1.147500038E1,-1.434375095E1
1.835027056E2,3.116250038E1,-1.205625057E1,-1.464375019E1
1.835227088E2,3.136875153E1,-1.224375057E1,-1.486875057E1
1.835427529E2,3.076875114E1,-1.224375057E1,-1.453125095E1
1.835627491E2,3.106875038E1,-1.181250000E1,-1.526250076E1
1.835827407E2,3.106875038E1,-1.201875019E1,-1.528125095E1
1.836027407E2,3.108750153E1,-1.235625076E1,-1.610625076E1
1.836227364E2,3.041250038E1,-1.237500095E1,-1.556250095E1
1.836427283E2,3.033750153E1,-1.295625019E1,-1.576875019E1
1.836627298E2,3.020625114E1,-1.226250076E1,-1.576875019E1
1.836827380E2,3.080625153E1,-1.241250038E1,-1.672500038E1
1.837027292E2,3.039375114E1,-1.200000000E1,-1.670625114E1
1.837227294E2,3.031875038E1,-1.215000057E1,-1.764375114E1
1.837427259E2,3.011250114E1,-1.211250019E1,-1.650000000E1
1.837627305E2,3.039375114E1,-1.170000076E1,-1.691250038E1
1.837827302E2,3.048750114E1,-1.177500057E1,-1.723125076E1
1.838027257E2,3.020625114E1,-1.190625000E1,-1.659375000E1
1.838227294E2,2.990625191E1,-1.201875019E1,-1.627500153E1
1.838427282E2,2.934375191E1,-1.216875076E1,-1.666875076E1
1.838627223E2,2.934375191E1,-1.215000057E1,-1.710000038E1
1.838827152E2,2.973750114E1,-1.222500038E1,-1.762500000E1
1.839027168E2,2.973750114E1,-1.215000057E1,-1.741875076E1
1.839227143E2,3.001875114E1,-1.201875019E1,-1.794375038E1
1.839427199E2,2.990625191E1,-1.186875057E1,-1.721250153E1
1.839627205E2,3.015000153E1,-1.252500057E1,-1.805625153E1
1.839827282E2,2.915625191E1,-1.207500076E1,-1.822500038E1
1.840027086E2,2.932500076E1,-1.145625019E1,-1.895625114E1
1.840227104E2,2.941875076E1,-1.138125038E1,-1.845000076E1
1.840427196E2,2.913750076E1,-1.168125057E1,-1.833750153E1
1.840627229E2,2.953125191E1,-1.181250000E1,-1.792500114E1
1.840827777E2,2.925000191E1,-1.200000000E1,-1.792500114E1
1.841027594E2,2.962500191E1,-1.190625000E1,-1.813125038E1
1.841227506E2,2.973750114E1,-1.186875057E1,-1.876875114E1
1.841427389E2,2.971875191E1,-1.162500000E1,-1.792500114E1
1.841627367E2,2.960625076E1,-1.140000057E1,-1.824375153E1
1.841827297E2,2.951250076E1,-1.110000038E1,-1.822500038E1
1.842027219E2,2.988750076E1,-1.100625038E1,-1.835625076E1
1.842226799E2,3.039375114E1,-1.121250057E1,-1.835625076E1
1.842426876E2,3.028125191E1,-1.081875038E1,-1.835625076E1
1.842627023E2,3.046875191E1,-1.115625000E1,-1.794375038E1
1.842827105E2,3.020625114E1,-1.162500000E1,-1.815000153E1
1.843027357E2,3.028125191E1,-1.113750076E1,-1.805625153E1
1.843227399E2,3.080625153E1,-1.183125019E1,-1.837500000E1
1.843427382E2,3.022500038E1,-1.194375038E1,-1.773750114E1
1.843627320E2,3.009375191E1,-1.113750076E1,-1.783125114E1
1.843827340E2,3.020625114E1,-1.143750000E1,-1.805625153E1
1.844027298E2,3.108750153E1,-1.185000038E1,-1.818750000E1
1.844227357E2,3.020625114E1,-1.160625076E1,-1.835625076E1
1.844427467E2,3.060000038E1,-1.185000038E1,-1.775625038E1
1.844627397E2,3.050625038E1,-1.205625057E1,-1.755000114E1
1.844827412E2,3.001875114E1,-1.185000038E1,-1.741875076E1
1.845027380E2,3.031875038E1,-1.228125095E1,-1.702500153E1
1.845227428E2,3.022500038E1,-1.233750057E1,-1.785000038E1
1.845427325E2,2.992500114E1,-1.250625038E1,-1.648125076E1
1.845627298E2,2.992500114E1,-1.215000057E1,-1.732500076E1
1.845827239E2,2.994375038E1,-1.256250095E1,-1.721250153E1
1.846027269E2,2.985000038E1,-1.243125057E1,-1.753125000E1
1.846227255E2,2.926875114E1,-1.261875057E1,-1.740000153E1
1.846427210E2,2.934375191E1,-1.215000057E1,-1.710000038E1
1.846627244E2,2.955000114E1,-1.231875038E1,-1.783125114E1
1.846827233E2,2.945625114E1,-1.243125057E1,-1.751250076E1
1.847027298E2,2.996250153E1,-1.261875057E1,-1.805625153E1
1.847227310E2,3.003750038E1,-1.243125057E1,-1.773750114E1
1.847427282E2,2.985000038E1,-1.230000019E1,-1.815000153E1
1.847627114E2,2.983125114E1,-1.190625000E1,-1.815000153E1
1.847827155E2,3.013125038E1,-1.233750057E1,-1.773750114E1
1.848027151E2,3.020625114E1,-1.173750019E1,-1.785000038E1
1.848227224E2,3.022500038E1,-1.205625057E1,-1.743750000E1
1.848427580E2,3.030000114E1,-1.175625038E1,-1.764375114E1
1.848627476E2,3.024375153E1,-1.231875038E1,-1.826250076E1
1.848827455E2,3.020625114E1,-1.164375019E1,-1.773750114E1
1.849027393E2,3.013125038E1,-1.203750038E1,-1.773750114E1
1.849227301E2,3.090000153E1,-1.186875057E1,-1.755000114E1
1.849427296E2,3.031875038E1,-1.222500038E1,-1.796250153E1
1.849627263E2,3.091875076E1,-1.260000038E1,-1.704375076E1
1.849827306E2,3.024375153E1,-1.254375076E1,-1.773750114E1
1.850027301E2,3.033750153E1,-1.243125057E1,-1.805625153E1
1.850227257E2,3.035625076E1,-1.282500076E1,-1.805625153E1
1.850427296E2,3.024375153E1,-1.231875038E1,-1.816875076E1
1.850627406E2,3.061875153E1,-1.245000076E1,-1.786875153E1
1.850827337E2,3.071250153E1,-1.237500095E1,-1.723125076E1
1.851027347E2,3.150000191E1,-1.224375057E1,-1.841250038E1
1.851227314E2,3.159375191E1,-1.194375038E1,-1.850625038E1
1.851427249E2,3.185625076E1,-1.147500038E1,-1.809375000E1
1.851627262E2,3.185625076E1,-1.147500038E1,-1.809375000E1
1.851827244E2,3.168750191E1,-1.215000057E1,-1.830000114E1
1.852027305E2,3.157500076E1,-1.177500057E1,-1.809375000E1
1.852227309E2,3.127500153E1,-1.170000076E1,-1.745625114E1
1.852427275E2,3.178125191E1,-1.198125076E1,-1.779375076E1
1.852627320E2,3.110625076E1,-1.235625076E1,-1.807500076E1
1.852827204E2,3.161250114E1,-1.267500019E1,-1.779375076E1
1.853027083E2,3.191250038E1,-1.267500019E1,-1.800000000E1
1.853227164E2,3.150000191E1,-1.230000019E1,-1.747500038E1
1.853427190E2,3.202500153E1,-1.306875038E1,-1.800000000E1
1.853627175E2,3.163125038E1,-1.293750095E1,-1.841250038E1
1.853827689E2,3.174375153E1,-1.368750095E1,-1.738125038E1
1.854027591E2,3.183750153E1,-1.348125076E1,-1.758750153E1
1.854227459E2,3.183750153E1,-1.351875019E1,-1.708125114E1
1.854427422E2,3.185625076E1,-1.389375019E1,-1.728750038E1
1.854627350E2,3.144375038E1,-1.338750076E1,-1.736250114E1
1.854827351E2,3.213750076E1,-1.374375057E1,-1.676250076E1
1.855027331E2,3.202500153E1,-1.344375038E1,-1.687500000E1
1.855226951E2,3.146250153E1,-1.398750019E1,-1.717500114E1
1.855427054E2,3.195000076E1,-1.400625038E1,-1.717500114E1
1.855627106E2,3.168750191E1,-1.438125038E1,-1.749375153E1
1.855827112E2,3.208125305E1,-1.447500038E1,-1.781250000E1
1.856027534E2,3.187500191E1,-1.428750038E1,-1.749375153E1
1.856227480E2,3.159375191E1,-1.456875038E1,-1.749375153E1
1.856427384E2,3.142500114E1,-1.526250076E1,-1.749375153E1
1.856627376E2,3.181875038E1,-1.535625076E1,-1.792500114E1
1.856827328E2,3.123750114E1,-1.567500019E1,-1.706250000E1
1.857027357E2,3.153750038E1,-1.576875019E1,-1.740000153E1
1.857227349E2,3.106875038E1,-1.612500000E1,-1.790625000E1
1.857427297E2,3.127500153E1,-1.625625038E1,-1.738125038E1
1.857627331E2,3.118125153E1,-1.638750076E1,-1.685625076E1
1.857827315E2,3.127500153E1,-1.627500153E1,-1.708125114E1
1.858027262E2,3.129375076E1,-1.698750114E1,-1.676250076E1
1.858227298E2,3.082500076E1,-1.713750076E1,-1.726875114E1
1.858427285E2,3.073125076E1,-1.745625114E1,-1.696875000E1
1.858627235E2,3.073125076E1,-1.698750114E1,-1.800000000E1
1.858827268E2,3.086250114E1,-1.779375076E1,-1.800000000E1
1.859027254E2,3.084375191E1,-1.751250076E1,-1.758750153E1
1.859227192E2,3.069375038E1,-1.869375038E1,-1.790625000E1
1.859427233E2,3.020625114E1,-1.865625000E1,-1.820625114E1
1.859627224E2,3.084375191E1,-1.993125153E1,-1.708125114E1
1.859827289E2,2.988750076E1,-2.036250114E1,-1.768125153E1
1.860027301E2,2.904375076E1,-2.088750076E1,-1.839375114E1
1.860227266E2,2.874375153E1,-2.128125000E1,-1.640625000E1
1.860427202E2,2.829375076E1,-2.214375114E1,-1.672500038E1
1.860627011E2,2.780625153E1,-2.193750000E1,-1.650000000E1
1.860827035E2,2.716875076E1,-2.311875153E1,-1.638750076E1
1.861027133E2,2.619375038E1,-2.338125038E1,-1.470000076E1
1.861227173E2,2.570625114E1,-2.390625000E1,-1.395000076E1
1.861427615E2,2.523750114E1,-2.420625114E1,-1.372500038E1
1.861627576E2,2.405625153E1,-2.467500114E1,-1.183125019E1
1.861827491E2,2.347500038E1,-2.501250076E1,-1.087500000E1
1.862027489E2,2.259375000E1,-2.512500191E1,-9.918750763E0
1.862227443E2,2.161875153E1,-2.548125076E1,-8.437500000E0
1.862427346E2,2.101875114E1,-2.542500114E1,-7.275000095E0
1.862627361E2,2.000625038E1,-2.469375038E1,-5.887500286E0
1.862827441E2,1.970625114E1,-2.471250153E1,-5.268750191E0
1.863027355E2,1.983750153E1,-2.353125000E1,-3.487500191E0
1.863227357E2,1.998750114E1,-2.270625114E1,-2.343750000E0
1.863427317E2,2.043750000E1,-2.193750000E1,-2.250000000E0
1.863627476E2,2.017500114E1,-2.058750153E1,-1.612500072E0
1.863827337E2,2.107500076E1,-1.946250153E1,8.625000119E-1
1.864027295E2,2.143125153E1,-1.858125114E1,8.625000119E-1
1.864227336E2,2.171250153E1,-1.648125076E1,2.118750095E0
1.864427332E2,2.246250153E1,-1.606875038E1,3.131250143E0
1.864627272E2,2.355000114E1,-1.404375076E1,3.525000095E0
1.864827315E2,2.364375114E1,-1.374375057E1,3.225000143E0
1.865027308E2,2.516250038E1,-1.119375038E1,4.537500381E0
1.865227262E2,2.542500114E1,-1.033125019E1,5.062500000E0
1.865427297E2,2.720625114E1,-8.812500000E0,5.325000286E0
1.865627289E2,2.733750153E1,-7.518750191E0,5.231250286E0
1.865827245E2,2.857500076E1,-6.581250191E0,5.212500095E0
1.866027182E2,2.910000038E1,-5.512500286E0,5.512500286E0
1.866227192E2,3.060000038E1,-4.106250286E0,5.887500286E0
1.866427164E2,3.116250038E1,-3.731250048E0,6.075000286E0
1.866627216E2,3.251250076E1,-3.000000000E0,4.706250191E0
1.866827782E2,3.382500076E1,-1.893750072E0,5.287500381E0
1.867027731E2,3.496875000E1,-8.812500238E-1,4.537500381E0
1.867227627E2,3.560625076E1,-0.000000000E0,4.312500000E0
1.867427498E2,3.708750153E1,-5.625000224E-2,2.812500000E0
1.867627465E2,3.781875229E1,1.012500048E0,2.606250048E0
1.867827385E2,3.916875076E1,1.743750095E0,1.106250048E0
1.868027299E2,3.986250305E1,1.837500095E0,9.937500358E-1
1.868226872E2,4.063125229E1,1.856250048E0,3.375000060E-1
1.868426941E2,4.123125076E1,2.081250191E0,-7.125000358E-1
1.868626972E2,4.288125229E1,2.362500191E0,-1.181250095E0
1.868827076E2,4.374375153E1,2.925000191E0,-2.868750095E0
1.869027465E2,4.455000305E1,2.681250095E0,-4.125000000E0
1.869227386E2,4.520625305E1,3.131250143E0,-3.637500048E0
1.869427387E2,4.621875000E1,2.343750000E0,-4.387500286E0
1.869627342E2,4.801875305E1,1.237500072E0,-3.412500143E0
1.869827374E2,4.710000229E1,-3.375000060E-1,-2.887500048E0
1.870027354E2,4.695000076E1,-1.218750000E0,-3.093750238E0
1.870227302E2,4.670625305E1,-2.362500191E0,-3.825000048E0
1.870427331E2,4.623750305E1,-2.831250191E0,-4.125000000E0
1.870627313E2,4.436250305E1,-3.525000095E0,-8.118750572E0
1.870827259E2,4.447500229E1,-3.562500238E0,-9.262500763E0
1.871027288E2,4.423125076E1,-4.331250191E0,-9.675000191E0
1.871227278E2,4.421250153E1,-4.350000381E0,-9.262500763E0
1.871427228E2,4.353750229E1,-4.293750286E0,-9.656250000E0
1.871627258E2,4.310625076E1,-5.325000286E0,-1.068750000E1
1.871827244E2,4.321875000E1,-5.737500191E0,-1.050000000E1
1.872027305E2,4.275000000E1,-5.981250286E0,-1.089375019E1
1.872227302E2,4.239375305E1,-6.731250286E0,-1.171875000E1
1.872427272E2,4.250625229E1,-6.937500477E0,-1.162500000E1
1.872627316E2,4.230000305E1,-6.731250286E0,-1.151250076E1
1.872827310E2,4.136250305E1,-7.500000477E0,-1.149375057E1
1.873027265E2,4.162500000E1,-7.106250286E0,-1.140000057E1
1.873227302E2,4.089375305E1,-8.081250191E0,-1.147500038E1
1.873427295E2,4.059375000E1,-7.987500191E0,-1.106250000E1
1.873627147E2,4.027500153E1,-9.787500381E0,-1.074375057E1
1.873827202E2,4.010625076E1,-1.050000000E1,-1.044375038E1
1.874027208E2,3.907500076E1,-1.123125076E1,-1.093125057E1
1.874227173E2,3.858750153E1,-1.110000038E1,-1.091250038E1
1.874427675E2,3.877500153E1,-1.102500057E1,-1.091250038E1
1.874627681E2,3.903750229E1,-1.038750076E1,-1.164375019E1
1.874827630E2,3.961875153E1,-9.900000572E0,-1.166250038E1
1.875027540E2,3.950625229E1,-9.843750000E0,-1.093125057E1
1.875227424E2,3.930000305E1,-9.712500572E0,-1.155000019E1
1.875427389E2,3.958125305E1,-9.543750763E0,-1.113750076E1
1.875627228E2,3.943125153E1,-1.025625038E1,-1.248750019E1
1.875826742E2,4.078125000E1,-1.018125057E1,-1.117500019E1
1.876026881E2,4.038750076E1,-1.020000076E1,-1.053750038E1
1.876226969E2,4.050000000E1,-1.081875038E1,-1.003125000E1
1.876427005E2,3.963750076E1,-1.066875076E1,-1.051875019E1
1.876627339E2,3.993750000E1,-1.106250000E1,-1.065000057E1
1.876827333E2,4.016250229E1,-1.151250076E1,-1.158750057E1
1.877027391E2,3.920625305E1,-1.179375076E1,-1.125000000E1
1.877227391E2,3.766875076E1,-1.207500076E1,-1.265625095E1
1.877427343E2,3.958125305E1,-1.186875057E1,-1.033125019E1
1.877627368E2,4.014375305E1,-1.177500057E1,-8.887500763E0
1.877827354E2,3.975000000E1,-1.128750038E1,-1.012500000E1
1.878027295E2,3.935625076E1,-1.117500019E1,-1.031250000E1
1.878227322E2,3.952500153E1,-1.104375076E1,-9.075000763E0
1.878427304E2,3.975000000E1,-1.160625076E1,-9.806250572E0
1.878627248E2,3.954375076E1,-1.117500019E1,-1.031250000E1
1.878827281E2,3.847500229E1,-1.089375019E1,-1.100625038E1
1.879027277E2,3.924375153E1,-1.102500057E1,-9.262500763E0
1.879227219E2,3.984375000E1,-1.098750019E1,-1.021875000E1
1.879427249E2,3.982500076E1,-1.100625038E1,-9.806250572E0
1.879627232E2,3.903750229E1,-1.042500019E1,-1.102500057E1
1.879827858E2,3.864375305E1,-1.051875019E1,-1.080000019E1
1.880027736E2,3.905625153E1,-1.080000019E1,-1.134375000E1
1.880227585E2,3.903750229E1,-1.081875038E1,-9.262500763E0
1.880427527E2,3.856875229E1,-1.072500038E1,-1.059375000E1
1.880627440E2,3.834375000E1,-1.033125019E1,-1.068750000E1
1.880827333E2,3.956250000E1,-9.825000763E0,-8.025000572E0
1.881027328E2,3.997500229E1,-1.036875057E1,-7.312500477E0
1.881226959E2,4.050000000E1,-1.091250038E1,-8.587500572E0
1.881426964E2,3.980625153E1,-1.078125000E1,-8.550000191E0
1.881627051E2,3.849375153E1,-1.160625076E1,-9.150000572E0
1.881827089E2,3.774375153E1,-1.267500019E1,-9.243750572E0
1.882027538E2,3.755625153E1,-1.233750057E1,-9.543750763E0
1.882227509E2,3.688125229E1,-1.295625019E1,-9.000000000E0
1.882427431E2,3.618750000E1,-1.246875095E1,-1.003125000E1
1.882627434E2,3.528750229E1,-1.421250057E1,-1.021875000E1
1.882827394E2,3.555000305E1,-1.331250095E1,-1.053750038E1
1.883027306E2,3.658125305E1,-1.260000038E1,-9.825000763E0
1.883227213E2,3.731250000E1,-1.096875000E1,-1.087500000E1
1.883427325E2,3.721875000E1,-1.106250000E1,-1.108125019E1
1.883627263E2,3.673125076E1,-1.104375076E1,-1.096875000E1
1.883827286E2,3.868125153E1,-1.162500000E1,-8.943750381E0
1.884027265E2,3.823125076E1,-1.226250076E1,-9.450000763E0
1.884227325E2,3.763125229E1,-1.215000057E1,-9.656250000E0
1.884427332E2,3.774375153E1,-1.258125019E1,-8.831250191E0
1.884627293E2,3.765000153E1,-1.269375038E1,-8.606250763E0
1.884827333E2,3.729375076E1,-1.355625057E1,-9.018750191E0
1.885027327E2,3.787500000E1,-1.348125076E1,-9.037500381E0
1.885227285E2,3.738750076E1,-1.353750038E1,-7.781250477E0
1.885427322E2,3.645000076E1,-1.415625095E1,-8.381250381E0
1.885627306E2,3.451875305E1,-1.440000057E1,-1.020000076E1
1.885827253E2,3.414375305E1,-1.488750076E1,-1.008750057E1
1.886027286E2,3.493125153E1,-1.500000095E1,-1.010625076E1
1.886227272E2,3.639375305E1,-1.237500095E1,-1.003125000E1
1.886427336E2,3.639375305E1,-1.260000038E1,-9.712500572E0
1.886627134E2,3.601875305E1,-1.331250095E1,-9.093750000E0
1.886827147E2,3.547500229E1,-1.370625019E1,-1.063125038E1
1.887027120E2,3.521250153E1,-1.449375057E1,-1.051875019E1
1.887227177E2,3.493125153E1,-1.468125057E1,-1.072500038E1
1.887427747E2,3.433125305E1,-1.425000095E1,-1.091250038E1
1.887627698E2,3.442500305E1,-1.408125019E1,-1.050000000E1
1.887827598E2,3.423750305E1,-1.436250019E1,-1.070625019E1
1.888027472E2,3.463125229E1,-1.455000019E1,-1.102500057E1
1.888227440E2,3.521250153E1,-1.462500095E1,-1.001250076E1
1.888427363E2,3.451875305E1,-1.438125038E1,-1.050000000E1
1.888627280E2,3.433125305E1,-1.413750076E1,-1.102500057E1
1.888826849E2,3.480000305E1,-1.395000076E1,-1.123125076E1
1.889026918E2,3.450000000E1,-1.355625057E1,-1.091250038E1
1.889226948E2,3.450000000E1,-1.344375038E1,-1.111875057E1
1.889427054E2,3.438750076E1,-1.323750019E1,-1.111875057E1
1.889627439E2,3.450000000E1,-1.361250019E1,-1.153125000E1
1.889827362E2,3.459375000E1,-1.351875019E1,-1.175625038E1
1.890027362E2,3.433125305E1,-1.396875095E1,-1.237500095E1
1.890227316E2,3.433125305E1,-1.387500095E1,-1.237500095E1
1.890427352E2,3.414375305E1,-1.415625095E1,-1.246875095E1
1.890627322E2,3.356250000E1,-1.387500095E1,-1.359375095E1
1.890827384E2,3.384375000E1,-1.404375076E1,-1.256250095E1
1.891027388E2,3.356250000E1,-1.378125095E1,-1.338750076E1
1.891227349E2,3.337500000E1,-1.428750038E1,-1.318125057E1
1.891427276E2,3.339375305E1,-1.456875038E1,-1.338750076E1
1.891627291E2,3.330000305E1,-1.456875038E1,-1.348125076E1
1.891827265E2,3.307500076E1,-1.396875095E1,-1.327500057E1
1.892027320E2,3.298125076E1,-1.415625095E1,-1.336875057E1
1.892227319E2,3.288750076E1,-1.395000076E1,-1.346250057E1
1.892427280E2,3.328125000E1,-1.417500019E1,-1.336875057E1
1.892627320E2,3.365625000E1,-1.385625076E1,-1.400625038E1
1.892827301E2,3.290625000E1,-1.432500076E1,-1.378125095E1
1.893027370E2,3.335625076E1,-1.370625019E1,-1.295625019E1
1.893227380E2,3.388125229E1,-1.438125038E1,-1.361250019E1
1.893427347E2,3.444375229E1,-1.398750019E1,-1.381875038E1
1.893627279E2,3.406875229E1,-1.396875095E1,-1.402500057E1
1.893827299E2,3.414375305E1,-1.355625057E1,-1.411875057E1
1.894027276E2,3.483750153E1,-1.410000038E1,-1.374375057E1
1.894227005E2,3.491250229E1,-1.359375095E1,-1.404375076E1
1.894427081E2,3.483750153E1,-1.376250076E1,-1.456875038E1
1.894627110E2,3.513750076E1,-1.396875095E1,-1.436250019E1
1.894827208E2,3.534375000E1,-1.447500038E1,-1.447500038E1
1.895027698E2,3.506250000E1,-1.462500095E1,-1.342500019E1
1.895227582E2,3.536250305E1,-1.471875095E1,-1.365000057E1
1.895427549E2,3.513750076E1,-1.445625019E1,-1.301250076E1
1.895627476E2,3.504375076E1,-1.464375019E1,-1.291875076E1
1.895827372E2,3.526875305E1,-1.546875095E1,-1.241250038E1
1.896027352E2,3.538125229E1,-1.545000076E1,-1.303125095E1
1.896227313E2,3.607500076E1,-1.591875076E1,-1.213125038E1
1.896426807E2,3.635625076E1,-1.584375095E1,-1.181250000E1
1.896626926E2,3.616875076E1,-1.605000114E1,-1.149375057E1
1.896826993E2,3.607500076E1,-1.635000038E1,-1.160625076E1
1.897027125E2,3.570000076E1,-1.663125038E1,-1.160625076E1
1.897227307E2,3.570000076E1,-1.646250153E1,-1.108125019E1
1.897427295E2,3.562500000E1,-1.702500153E1,-1.138125038E1
1.897627350E2,3.613125229E1,-1.745625114E1,-1.119375038E1
1.897827347E2,3.592500305E1,-1.755000114E1,-1.119375038E1
1.898027300E2,3.594375229E1,-1.790625000E1,-1.025625038E1
1.898227323E2,3.611250305E1,-1.762500000E1,-9.956250191E0
1.898427311E2,3.650625229E1,-1.766250038E1,-9.656250000E0
1.898627257E2,3.622500229E1,-1.798125076E1,-9.018750191E0
1.898827288E2,3.592500305E1,-1.807500076E1,-9.018750191E0
1.899027273E2,3.603750229E1,-1.828125000E1,-8.700000763E0
1.899227221E2,3.555000305E1,-1.815000153E1,-9.000000000E0
1.899427254E2,3.682500076E1,-1.856250000E1,-7.687500477E0
1.899627240E2,3.768750000E1,-1.813125038E1,-8.756250381E0
1.899827300E2,3.757500076E1,-1.809375000E1,-7.912500381E0
1.900027306E2,3.768750000E1,-1.848750114E1,-7.725000381E0
1.900227271E2,3.699375153E1,-2.011875153E1,-8.437500000E0
1.900427878E2,3.646875000E1,-1.951875114E1,-8.306250572E0
1.900627742E2,3.800625229E1,-1.955625153E1,-6.600000381E0
1.900827577E2,3.892500305E1,-1.993125153E1,-7.668750286E0
1.901027513E2,3.825000000E1,-1.993125153E1,-8.793750763E0
1.901227418E2,3.834375000E1,-1.993125153E1,-9.000000000E0
1.901427305E2,3.885000229E1,-2.000625038E1,-9.637500763E0
1.901627296E2,3.894375229E1,-2.013750076E1,-9.112500191E0
1.901826926E2,3.885000229E1,-2.056875038E1,-8.606250763E0
1.902027043E2,3.896250153E1,-2.075625038E1,-8.606250763E0
1.902227108E2,3.871875000E1,-2.182500076E1,-9.018750191E0
1.902427125E2,3.815625000E1,-2.208750153E1,-9.112500191E0
1.902627552E2,3.838125229E1,-2.295000076E1,-9.750000000E0
1.902827506E2,3.866250229E1,-2.283750153E1,-8.606250763E0
1.903027416E2,3.871875000E1,-2.390625000E1,-9.037500381E0
1.903227413E2,3.768750000E1,-2.501250076E1,-9.731250763E0
1.903427368E2,3.723750305E1,-2.613750076E1,-8.906250000E0
1.903627277E2,3.697500229E1,-2.656875038E1,-1.005000019E1
1.903827183E2,3.699375153E1,-2.668125153E1,-9.731250763E0
1.904027296E2,3.630000305E1,-2.664375114E1,-9.918750763E0
1.904227233E2,3.633750153E1,-2.735625076E1,-9.825000763E0
1.904427258E2,3.645000076E1,-2.797500038E1,-9.412500381E0
1.904627239E2,3.635625076E1,-2.831250191E1,-8.681250572E0
1.904827302E2,3.530625153E1,-2.853750038E1,-9.168750763E0
1.905027309E2,3.483750153E1,-2.898750114E1,-9.693750381E0
1.905227269E2,3.427500153E1,-2.956875038E1,-9.562500000E0
1.905427309E2,3.410625076E1,-3.046875191E1,-7.593750477E0
1.905627300E2,3.196875191E1,-3.065625191E1,-8.362500191E0
1.905827258E2,3.140625191E1,-3.078750038E1,-9.487500191E0
1.906027294E2,3.121875191E1,-3.127500153E1,-7.725000381E0
1.906227279E2,3.052500153E1,-3.136875153E1,-7.500000477E0
1.906427227E2,3.011250114E1,-3.090000153E1,-6.543750286E0
1.906627260E2,2.951250076E1,-3.082500076E1,-5.793750286E0
1.906827246E2,2.893125153E1,-3.103125191E1,-5.475000381E0
1.907027312E2,2.891250038E1,-3.056250191E1,-5.156250000E0
1.907227108E2,2.812500191E1,-3.026250076E1,-4.612500191E0
1.907427122E2,2.724375153E1,-3.067500114E1,-3.862500191E0
1.907627208E2,2.703750038E1,-3.063750076E1,-2.812500000E0
1.907827237E2,2.671875191E1,-2.990625191E1,-3.318750143E0
1.908027894E2,2.557500076E1,-3.060000038E1,-2.662500143E0
1.908227798E2,2.536875153E1,-2.998125076E1,-2.868750095E0
1.908427660E2,2.416875076E1,-2.977500153E1,-2.418750048E0
1.908627500E2,2.407500076E1,-2.975625038E1,-2.512500048E0
1.908827445E2,2.358750153E1,-2.962500191E1,-2.812500000E0
1.909027357E2,2.347500038E1,-2.923125076E1,-2.906250000E0
1.909227371E2,2.325000000E1,-2.910000038E1,0.000000000E0
1.909426905E2,2.225625038E1,-2.848125076E1,-1.425000072E0
1.909626946E2,2.158125114E1,-2.825625038E1,-1.706250072E0
1.909827066E2,2.205000114E1,-2.784375191E1,-1.931250095E0
1.910027128E2,2.086875153E1,-2.773125076E1,-1.575000048E0
1.910227483E2,1.987500000E1,-2.720625114E1,-1.537500024E0
1.910427379E2,1.948125076E1,-2.700000191E1,-1.743750095E0
1.910627357E2,1.936875153E1,-2.686875153E1,-2.043750048E0
1.910827297E2,2.011875153E1,-2.619375038E1,-6.187500358E-1
1.911027320E2,1.950000000E1,-2.538750076E1,-2.137500048E0
1.911227285E2,1.831875038E1,-2.495625114E1,-2.212500095E0
1.911427233E2,1.830000114E1,-2.435625076E1,-2.100000143E0
1.911627262E2,1.830000114E1,-2.401875114E1,-2.925000191E0
1.911827249E2,1.786875153E1,-2.330625153E1,-2.812500000E0
1.912027196E2,1.736250114E1,-2.300625038E1,-2.587500095E0
1.912227228E2,1.771875000E1,-2.190000153E1,-3.112500191E0
1.912427219E2,1.711875153E1,-2.158125114E1,-3.187500238E0
1.912627287E2,1.693125153E1,-2.145000076E1,-3.806250095E0
1.912827295E2,1.691250038E1,-2.115000153E1,-3.900000095E0
1.913027258E2,1.608750153E1,-2.000625038E1,-4.181250095E0
1.913227301E2,1.591875076E1,-2.038125038E1,-4.500000000E0
1.913427284E2,1.539375019E1,-1.978125000E1,-4.368750095E0
1.913627354E2,1.509375095E1,-1.910625076E1,-5.606250286E0
1.913827365E2,1.528125095E1,-1.910625076E1,-5.606250286E0
1.914027330E2,1.516875076E1,-1.860000038E1,-5.925000191E0
1.914227259E2,1.500000095E1,-1.704375076E1,-5.175000191E0
1.914427277E2,1.471875095E1,-1.719375038E1,-6.000000000E0
1.914627252E2,1.554375076E1,-1.629375076E1,-4.762500286E0
1.914826981E2,1.477500057E1,-1.610625076E1,-5.887500286E0
1.915027057E2,1.383750057E1,-1.479375076E1,-5.756250381E0
1.915227086E2,1.471875095E1,-1.447500038E1,-6.600000381E0
1.915427182E2,1.393125057E1,-1.425000095E1,-6.787500381E0
1.915627674E2,1.423125076E1,-1.445625019E1,-6.787500381E0
1.915827558E2,1.410000038E1,-1.357500076E1,-8.137500763E0
1.916027524E2,1.411875057E1,-1.383750057E1,-8.962500572E0
1.916227448E2,1.359375095E1,-1.284375095E1,-8.737500191E0
1.916427345E2,1.436250019E1,-1.271250057E1,-7.818750381E0
1.916627323E2,1.430625057E1,-1.143750000E1,-7.500000477E0
1.916827283E2,1.451250076E1,-1.141875076E1,-8.137500763E0
1.917026889E2,1.496250057E1,-1.098750019E1,-7.200000286E0
1.917226983E2,1.455000019E1,-1.016250038E1,-7.500000477E0
1.917427028E2,1.449375057E1,-9.206250191E0,-6.975000381E0
1.917627142E2,1.430625057E1,-9.393750191E0,-6.975000381E0
1.917827309E2,1.516875076E1,-9.056250572E0,-6.581250191E0
1.918027284E2,1.494375038E1,-8.250000000E0,-6.675000191E0
1.918227331E2,1.464375019E1,-8.137500763E0,-6.768750191E0
1.918427325E2,1.522500038E1,-8.043750763E0,-6.881250381E0
1.918627276E2,1.569375038E1,-7.668750286E0,-6.787500381E0
1.918827298E2,1.546875095E1,-7.106250286E0,-6.150000095E0
1.919027286E2,1.533750057E1,-6.300000191E0,-6.243750095E0
1.919227231E2,1.685625076E1,-5.512500286E0,-5.156250000E0
1.919427262E2,1.730625153E1,-4.650000095E0,-5.043750286E0
1.919627247E2,1.743750000E1,-2.925000191E0,-5.868750095E0
1.919827305E2,1.734375000E1,-2.906250000E0,-6.187500477E0
1.920027314E2,1.897500038E1,-2.643750191E0,-6.225000381E0
1.920227291E2,1.916250038E1,-2.362500191E0,-6.131250381E0
1.920427328E2,1.839375114E1,-2.737500191E0,-6.000000000E0
1.920627315E2,1.878750038E1,-2.550000191E0,-6.225000381E0
1.920827263E2,1.935000038E1,-2.062500000E0,-6.131250381E0
1.921027862E2,1.942500114E1,-1.650000095E0,-6.656250477E0
1.921227717E2,1.991250038E1,-1.368750095E0,-6.656250477E0
1.921427547E2,2.056875038E1,-1.106250048E0,-6.375000477E0
1.921627479E2,2.161875153E1,-1.125000045E-1,-7.125000477E0
1.921827384E2,2.163750076E1,-6.187500358E-1,-6.712500095E0
1.922027272E2,2.148750114E1,3.562500179E-1,-6.375000477E0
1.922227262E2,2.225625038E1,7.312500477E-1,-6.618750095E0
1.922426898E2,2.244375038E1,9.750000238E-1,-7.237500191E0
1.922627017E2,2.300625038E1,1.443750024E0,-7.350000381E0
1.922827081E2,2.370000076E1,1.537500024E0,-7.575000286E0
1.923027097E2,2.437500191E1,1.425000072E0,-7.818750381E0
1.923227530E2,2.484375191E1,2.475000143E0,-8.850000381E0
1.923427483E2,2.501250076E1,2.868750095E0,-9.075000763E0
1.923627395E2,2.596875191E1,3.543750048E0,-9.093750000E0
1.923827391E2,2.634375191E1,3.637500048E0,-9.300000191E0
1.924027344E2,2.692500114E1,4.143750191E0,-9.843750000E0
1.924227254E2,2.760000038E1,4.462500095E0,-1.048125076E1
1.924427160E2,2.746875191E1,4.931250095E0,-9.956250191E0
1.924627273E2,2.778750038E1,4.575000286E0,-1.089375019E1
1.924827322E2,2.829375076E1,4.500000000E0,-1.155000019E1
1.925027320E2,2.838750076E1,4.743750095E0,-1.237500095E1
1.925227276E2,2.820000076E1,4.781250000E0,-1.308750057E1
1.925427429E2,2.880000114E1,4.500000000E0,-1.363125038E1
1.925627394E2,2.898750114E1,4.818750381E0,-1.395000076E1
1.925827320E2,2.878125191E1,4.818750381E0,-1.404375076E1
1.926027334E2,2.975625038E1,5.343750000E0,-1.490625095E1
1.926227304E2,2.966250038E1,5.250000000E0,-1.490625095E1
1.926427230E2,3.003750038E1,5.756250381E0,-1.552500057E1
1.926627260E2,2.992500114E1,6.018750191E0,-1.657500076E1
1.926827241E2,3.091875076E1,5.756250381E0,-1.597500038E1
1.927027189E2,3.138750076E1,6.243750095E0,-1.608750153E1
1.927227221E2,3.026250076E1,5.718750000E0,-1.833750153E1
1.927427209E2,3.093750191E1,5.662500381E0,-1.764375114E1
1.927627275E2,3.065625191E1,5.662500381E0,-1.918125153E1
1.927827076E2,3.181875038E1,6.168750286E0,-2.004375076E1
1.928027089E2,3.204375076E1,5.643750191E0,-2.130000114E1
1.928227178E2,3.283125305E1,5.662500381E0,-2.216250038E1
1.928427209E2,3.350625229E1,6.150000095E0,-2.248125076E1
1.928627758E2,3.450000000E1,5.512500286E0,-2.210625076E1
1.928827688E2,3.547500229E1,5.756250381E0,-2.338125038E1
1.929027573E2,3.699375153E1,4.087500095E0,-2.291250038E1
1.929227435E2,3.714375305E1,2.681250095E0,-2.272500038E1
1.929427397E2,3.609375000E1,9.937500358E-1,-2.540625191E1
1.929627316E2,3.660000229E1,-9.375000000E-2,-2.407500076E1
1.929827229E2,3.753750229E1,-1.162500024E0,-2.473125076E1
1.930026799E2,3.690000153E1,-2.343750000E0,-2.473125076E1
1.930226866E2,3.690000153E1,-4.631250381E0,-2.463750076E1
1.930427006E2,3.588750076E1,-6.075000286E0,-2.473125076E1
1.930627085E2,3.581250000E1,-6.918750286E0,-2.368125153E1
1.930827448E2,3.720000076E1,-7.650000095E0,-2.197500038E1
1.931027464E2,3.834375000E1,-7.331250191E0,-2.137500000E1
1.931227424E2,3.883125305E1,-7.125000477E0,-2.180625153E1
1.931427344E2,3.628125000E1,-9.206250191E0,-2.216250038E1
1.931627350E2,3.491250229E1,-1.128750038E1,-2.296875000E1
1.931827297E2,3.326250076E1,-1.400625038E1,-2.158125114E1
1.932027233E2,3.511875153E1,-1.470000076E1,-1.884375000E1
1.932227252E2,3.770625305E1,-1.471875095E1,-1.496250057E1
1.932427230E2,3.660000229E1,-1.593750095E1,-1.546875095E1
1.932627284E2,3.480000305E1,-1.740000153E1,-1.500000095E1
1.932827289E2,3.241875076E1,-1.779375076E1,-1.878750038E1
1.933027256E2,3.097500038E1,-1.798125076E1,-1.998750114E1
1.933227313E2,3.069375038E1,-1.830000114E1,-1.946250153E1
1.933427302E2,3.028125191E1,-1.816875076E1,-1.800000000E1
1.933627249E2,3.136875153E1,-1.861875153E1,-1.760625076E1
1.933827283E2,3.022500038E1,-1.912500000E1,-1.685625076E1
1.934027255E2,2.973750114E1,-1.923750114E1,-1.633125114E1
1.934227208E2,2.994375038E1,-1.995000076E1,-1.603125000E1
1.934427246E2,3.005625153E1,-2.030625153E1,-1.509375095E1
1.934627232E2,2.938125038E1,-2.068125153E1,-1.528125095E1
1.934827296E2,3.035625076E1,-2.088750076E1,-1.396875095E1
1.935027303E2,2.949375153E1,-2.120625114E1,-1.466250038E1
1.935227384E2,2.908125114E1,-2.086875153E1,-1.361250019E1
1.935427077E2,2.880000114E1,-2.071875000E1,-1.432500076E1
1.935627122E2,2.878125191E1,-2.055000114E1,-1.361250019E1
1.935827121E2,2.808750153E1,-2.051250076E1,-1.222500038E1
1.936027196E2,2.895000076E1,-2.023125076E1,-1.235625076E1
1.936227670E2,2.921250153E1,-2.002500153E1,-1.091250038E1
1.936427541E2,2.940000153E1,-1.935000038E1,-1.246875095E1
1.936627499E2,2.956875038E1,-1.925625038E1,-1.081875038E1
1.936827420E2,3.016875076E1,-1.948125076E1,-1.051875019E1
1.937027314E2,2.919375038E1,-1.948125076E1,-1.027500057E1
1.937227290E2,2.805000114E1,-2.013750076E1,-1.025625038E1
1.937427250E2,2.739375114E1,-2.028750038E1,-1.231875038E1
1.937627404E2,2.748750114E1,-2.038125038E1,-1.252500057E1
1.937827371E2,2.700000191E1,-2.060625076E1,-1.168125057E1
1.938027302E2,2.776875114E1,-2.032500076E1,-1.181250000E1
1.938227322E2,2.677500153E1,-1.938750076E1,-1.207500076E1
1.938427413E2,2.546250153E1,-2.064375114E1,-1.185000038E1
1.938627332E2,2.506875038E1,-2.085000038E1,-1.162500000E1
1.938827335E2,2.726250076E1,-2.083125114E1,-7.950000286E0
1.939027298E2,2.821875191E1,-2.088750076E1,-5.793750286E0
1.939227231E2,2.784375191E1,-2.079375076E1,-7.350000381E0
1.939427241E2,2.709375191E1,-2.049375153E1,-1.023750019E1
1.939627227E2,2.613750076E1,-2.120625114E1,-9.375000000E0
1.939827285E2,2.514375114E1,-2.060625076E1,-1.080000019E1
1.940027291E2,2.593125153E1,-2.038125038E1,-1.155000019E1
1.940227256E2,2.581875038E1,-2.015625000E1,-1.216875076E1
1.940427300E2,2.619375038E1,-1.968750000E1,-1.185000038E1
1.940627297E2,2.626875114E1,-1.940625000E1,-1.143750000E1
1.940827267E2,2.638125038E1,-1.968750000E1,-1.196250057E1
1.941027300E2,2.630625153E1,-1.998750114E1,-1.186875057E1
1.941227283E2,2.565000153E1,-2.045625114E1,-1.194375038E1
1.941427232E2,2.600625038E1,-1.998750114E1,-1.164375019E1
1.941627832E2,2.641875076E1,-2.015625000E1,-1.228125095E1
1.941827802E2,2.602500153E1,-2.000625038E1,-1.310625076E1
1.942027718E2,2.484375191E1,-1.987500000E1,-1.295625019E1
1.942227599E2,2.535000038E1,-2.032500076E1,-1.246875095E1
1.942427462E2,2.611875153E1,-2.015625000E1,-1.228125095E1
1.942627428E2,2.589375114E1,-1.921875000E1,-1.299375057E1
1.942827366E2,2.540625191E1,-1.923750114E1,-1.245000076E1
1.943027069E2,2.505000114E1,-1.978125000E1,-1.318125057E1
1.943227126E2,2.572500038E1,-1.980000114E1,-1.299375057E1
1.943427142E2,2.514375114E1,-1.998750114E1,-1.286250019E1
1.943627119E2,2.420625114E1,-2.038125038E1,-1.410000038E1
1.943827521E2,2.422500038E1,-2.105625153E1,-1.451250076E1
1.944027456E2,2.386875153E1,-2.131875038E1,-1.501875019E1
1.944227357E2,2.435625076E1,-2.130000114E1,-1.545000076E1
1.944427347E2,2.388750076E1,-2.178750038E1,-1.554375076E1
1.944627297E2,2.265000153E1,-2.208750153E1,-1.635000038E1
1.944827319E2,2.236875153E1,-2.274375153E1,-1.530000019E1
1.945027314E2,2.148750114E1,-2.289375114E1,-1.537500095E1
1.945227379E2,2.124375153E1,-2.368125153E1,-1.558125019E1
1.945427389E2,2.010000038E1,-2.424375153E1,-1.545000076E1
1.945627353E2,2.030625153E1,-2.441250038E1,-1.597500038E1
1.945827286E2,1.951875114E1,-2.431875038E1,-1.563750076E1
1.946027310E2,1.951875114E1,-2.441250038E1,-1.554375076E1
1.946227288E2,1.903125000E1,-2.454375076E1,-1.470000076E1
1.946427228E2,1.876875114E1,-2.497500038E1,-1.584375095E1
1.946627254E2,1.876875114E1,-2.508750153E1,-1.552500057E1
1.946827237E2,1.818750000E1,-2.540625191E1,-1.477500057E1
1.947027302E2,1.702500153E1,-2.557500076E1,-1.464375019E1
1.947227312E2,1.698750114E1,-2.683125114E1,-1.528125095E1
1.947427273E2,1.561875057E1,-2.692500114E1,-1.460625076E1
1.947627317E2,1.447500038E1,-2.780625153E1,-1.426875019E1
1.947827312E2,1.282500076E1,-2.823750114E1,-1.276875019E1
1.948027266E2,1.203750038E1,-2.793750191E1,-1.233750057E1
1.948227307E2,9.825000763E0,-2.696250153E1,-1.080000019E1
1.948427083E2,9.993750572E0,-2.641875076E1,-1.008750057E1
1.948627081E2,9.787500381E0,-2.443125153E1,-8.193750381E0
1.948827157E2,1.014375019E1,-2.368125153E1,-7.781250477E0
1.949027181E2,1.051875019E1,-2.116875076E1,-6.731250286E0
1.949227727E2,1.095000076E1,-2.023125076E1,-6.225000381E0
1.949427541E2,1.166250038E1,-1.860000038E1,-5.812500000E0
1.949627452E2,1.308750057E1,-1.785000038E1,-5.850000381E0
1.949827449E2,1.363125038E1,-1.665000153E1,-6.168750286E0
1.950027403E2,1.460625076E1,-1.636875153E1,-6.506250381E0
1.950227317E2,1.535625076E1,-1.569375038E1,-6.637500286E0
1.950427224E2,1.717500114E1,-1.515000057E1,-6.468750477E0
1.950626787E2,1.882500076E1,-1.477500057E1,-7.143750191E0
1.950826851E2,2.004375076E1,-1.393125057E1,-6.862500191E0
1.951026988E2,1.974375153E1,-1.372500038E1,-6.843750477E0
1.951227064E2,2.043750000E1,-1.393125057E1,-7.181250095E0
1.951427425E2,1.957500076E1,-1.432500076E1,-6.843750477E0
1.951627441E2,2.043750000E1,-1.381875038E1,-7.387500286E0
1.951827399E2,2.103750038E1,-1.410000038E1,-7.931250095E0
1.952027430E2,2.184375000E1,-1.430625057E1,-8.362500191E0
1.952227408E2,2.280000114E1,-1.426875019E1,-7.875000477E0
1.952427334E2,2.347500038E1,-1.365000057E1,-8.512500763E0
1.952627250E2,2.368125153E1,-1.396875095E1,-8.212500572E0
1.952827256E2,2.493750191E1,-1.381875038E1,-8.250000000E0
1.953027219E2,2.503125191E1,-1.411875057E1,-8.043750763E0
1.953227265E2,2.505000114E1,-1.440000057E1,-8.250000000E0
1.953427264E2,2.514375114E1,-1.441875076E1,-8.156250000E0
1.953627223E2,2.546250153E1,-1.488750076E1,-8.887500763E0
1.953827277E2,2.587500191E1,-1.520625019E1,-8.493750572E0
1.954027266E2,2.570625114E1,-1.580625057E1,-8.493750572E0
1.954227215E2,2.550000191E1,-1.603125000E1,-7.968750477E0
1.954427250E2,2.550000191E1,-1.582500076E1,-7.968750477E0
1.954627228E2,2.529375076E1,-1.541250038E1,-8.175000191E0
1.954827297E2,2.656875038E1,-1.567500019E1,-7.687500477E0
1.955027304E2,2.598750114E1,-1.599375057E1,-7.050000191E0
1.955227268E2,2.606250191E1,-1.530000019E1,-7.143750191E0
1.955427311E2,2.617500114E1,-1.556250095E1,-7.668750286E0
1.955627303E2,2.632500076E1,-1.501875019E1,-6.956250191E0
1.955827370E2,2.576250076E1,-1.537500095E1,-7.443750381E0
1.956027056E2,2.613750076E1,-1.479375076E1,-7.143750191E0
1.956227096E2,2.653125191E1,-1.479375076E1,-7.462500095E0
1.956427092E2,2.602500153E1,-1.438125038E1,-7.556250095E0
1.956627165E2,2.671875191E1,-1.477500057E1,-8.100000381E0
1.956827636E2,2.756250191E1,-1.440000057E1,-6.356250286E0
1.957027510E2,2.737500191E1,-1.436250019E1,-6.862500191E0
1.957227469E2,2.752500153E1,-1.361250019E1,-6.131250381E0
1.957427389E2,2.782500076E1,-1.351875019E1,-6.243750095E0
1.957627398E2,2.820000076E1,-1.346250057E1,-5.850000381E0
1.957827347E2,2.812500191E1,-1.363125038E1,-6.262500286E0
1.958027283E2,2.896875191E1,-1.297500038E1,-6.075000286E0
1.958227416E2,2.928750038E1,-1.378125095E1,-5.887500286E0
1.958427369E2,2.986875153E1,-1.357500076E1,-6.318750381E0
1.958627290E2,2.988750076E1,-1.383750057E1,-7.143750191E0
1.958827304E2,3.123750114E1,-1.357500076E1,-7.087500095E0
1.959027392E2,3.095625114E1,-1.411875057E1,-6.037500381E0
1.959227307E2,3.125625038E1,-1.413750076E1,-5.943750381E0
1.959427308E2,3.148125076E1,-1.460625076E1,-6.468750477E0
1.959627269E2,3.166875076E1,-1.464375019E1,-6.168750286E0
1.959827315E2,3.135000038E1,-1.393125057E1,-6.150000095E0
1.960027296E2,3.226875305E1,-1.507500076E1,-5.868750095E0
1.960227369E2,3.176250076E1,-1.453125095E1,-6.168750286E0
1.960427382E2,3.155625153E1,-1.425000095E1,-5.737500191E0
1.960627351E2,3.193125153E1,-1.428750038E1,-5.550000191E0
1.960827285E2,3.165000153E1,-1.462500095E1,-4.500000000E0
1.961027305E2,3.193125153E1,-1.428750038E1,-5.343750000E0
1.961227285E2,3.170625114E1,-1.381875038E1,-4.912500381E0
1.961427131E2,3.159375191E1,-1.351875019E1,-4.800000191E0
1.961627180E2,3.219375229E1,-1.383750057E1,-4.725000381E0
1.961827187E2,3.238125229E1,-1.329375076E1,-5.756250381E0
1.962027152E2,3.210000229E1,-1.348125076E1,-5.850000381E0
1.962227766E2,3.208125305E1,-1.275000095E1,-6.262500286E0
1.962427636E2,3.210000229E1,-1.323750019E1,-6.693750381E0
1.962627590E2,3.247500229E1,-1.305000019E1,-6.600000381E0
1.962827505E2,3.313125229E1,-1.233750057E1,-7.237500191E0
1.963027393E2,3.307500076E1,-1.312500095E1,-7.443750381E0
1.963227369E2,3.240000153E1,-1.308750057E1,-7.631250381E0
1.963427323E2,3.240000153E1,-1.295625019E1,-8.156250000E0
1.963626924E2,3.281250000E1,-1.346250057E1,-8.381250381E0
1.963827017E2,3.211875153E1,-1.325625038E1,-7.837500095E0
1.964027060E2,3.232500076E1,-1.336875057E1,-9.600000381E0
1.964227060E2,3.108750153E1,-1.357500076E1,-1.040625000E1
1.964427367E2,3.142500114E1,-1.496250057E1,-1.051875019E1
1.964627341E2,3.114375114E1,-1.503750038E1,-1.093125057E1
1.964827384E2,3.226875305E1,-1.678125000E1,-8.700000763E0
1.965027374E2,3.073125076E1,-1.700625038E1,-9.375000000E0
1.965227322E2,3.035625076E1,-1.758750153E1,-9.375000000E0
1.965427335E2,2.881875038E1,-1.745625114E1,-1.078125000E1
1.965627322E2,2.874375153E1,-1.768125153E1,-1.181250000E1
1.965827379E2,2.821875191E1,-1.732500076E1,-1.096875000E1
1.966027382E2,2.825625038E1,-1.803750038E1,-1.055625057E1
1.966227342E2,2.874375153E1,-1.796250153E1,-1.057500076E1
1.966427269E2,2.953125191E1,-1.818750000E1,-1.038750076E1
1.966627287E2,2.902500153E1,-1.764375114E1,-1.089375019E1
1.966827263E2,2.913750076E1,-1.861875153E1,-9.656250000E0
1.967027201E2,2.865000153E1,-1.860000038E1,-9.525000572E0
1.967227229E2,2.932500076E1,-1.845000076E1,-9.337500572E0
1.967427213E2,2.970000076E1,-1.820625114E1,-8.531250000E0
1.967627267E2,3.000000191E1,-1.830000114E1,-8.643750191E0
1.967827280E2,3.016875076E1,-1.801875114E1,-8.531250000E0
1.968027245E2,2.992500114E1,-1.890000153E1,-8.643750191E0
1.968227289E2,3.001875114E1,-1.865625000E1,-9.581250191E0
1.968427284E2,3.020625114E1,-1.865625000E1,-9.375000000E0
1.968627239E2,3.020625114E1,-1.865625000E1,-9.468750000E0
1.968827165E2,3.131250191E1,-1.906875038E1,-9.712500572E0
1.969027084E2,3.082500076E1,-1.906875038E1,-9.393750191E0
1.969227080E2,3.159375191E1,-1.888125038E1,-9.937500000E0
1.969427154E2,3.133125114E1,-1.957500076E1,-9.731250763E0
1.969627175E2,3.075000191E1,-1.995000076E1,-9.600000381E0
1.969827715E2,3.078750038E1,-2.032500076E1,-1.023750019E1
1.970027525E2,3.127500153E1,-2.098125076E1,-9.206250191E0
1.970227434E2,3.075000191E1,-2.169375038E1,-1.035000038E1
1.970427429E2,2.996250153E1,-2.193750000E1,-9.281250000E0
1.970627383E2,3.026250076E1,-2.203125000E1,-9.393750191E0
1.970827290E2,2.968125153E1,-2.242500114E1,-9.281250000E0
1.971027196E2,2.938125038E1,-2.223750114E1,-8.756250381E0
1.971226759E2,2.977500153E1,-2.257500076E1,-8.343750000E0
1.971426824E2,3.015000153E1,-2.220000076E1,-8.250000000E0
1.971626960E2,2.900625038E1,-2.270625114E1,-7.293750286E0
1.971827038E2,2.911875153E1,-2.319375038E1,-7.406250477E0
1.972027290E2,2.823750114E1,-2.296875000E1,-7.575000286E0
1.972227334E2,2.748750114E1,-2.377500153E1,-6.731250286E0
1.972427315E2,2.692500114E1,-2.424375153E1,-6.918750286E0
1.972627366E2,2.673750114E1,-2.443125153E1,-7.125000477E0
1.972827358E2,2.634375191E1,-2.450625038E1,-7.331250191E0
1.973027295E2,2.604375076E1,-2.433750153E1,-6.581250191E0
1.973227332E2,2.535000038E1,-2.415000153E1,-5.943750381E0
1.973427315E2,2.533125114E1,-2.418750191E1,-5.418750286E0
1.973627261E2,2.454375076E1,-2.407500076E1,-5.193750381E0
1.973827290E2,2.458125114E1,-2.443125153E1,-5.925000191E0
1.974027271E2,2.407500076E1,-2.418750191E1,-4.875000000E0
1.974227332E2,2.415000153E1,-2.411250114E1,-4.350000381E0
1.974427236E2,2.388750076E1,-2.478750038E1,-4.650000095E0
1.974627223E2,2.407500076E1,-2.446875191E1,-4.968750000E0
1.974827281E2,2.349375153E1,-2.445000076E1,-4.950000286E0
1.975027291E2,2.336250114E1,-2.390625000E1,-4.218750000E0
1.975227247E2,2.302500153E1,-2.289375114E1,-4.200000286E0
1.975427185E2,2.328750038E1,-2.235000038E1,-3.581250191E0
1.975627205E2,2.403750038E1,-2.150625038E1,-3.075000048E0
1.975827185E2,2.422500038E1,-2.139375114E1,-3.506250143E0
1.976027244E2,2.426250076E1,-1.993125153E1,-2.981250048E0
1.976227249E2,2.433750153E1,-1.944375038E1,-2.962500095E0
1.976427330E2,2.373750114E1,-1.916250038E1,-2.531250000E0
1.976627023E2,2.401875114E1,-1.884375000E1,-2.756250143E0
1.976827068E2,2.439375114E1,-1.833750153E1,-3.375000238E0
1.977027181E2,2.563125038E1,-1.777500153E1,-3.525000095E0
1.977227230E2,2.570625114E1,-1.708125114E1,-3.412500143E0
1.977427680E2,2.626875114E1,-1.678125000E1,-3.937500238E0
1.977627646E2,2.643750191E1,-1.620000076E1,-3.731250048E0
1.977827563E2,2.660625076E1,-1.550625038E1,-3.637500048E0
1.978027446E2,2.728125191E1,-1.503750038E1,-3.750000238E0
1.978227423E2,2.746875191E1,-1.511250019E1,-4.068750381E0
1.978427361E2,2.765625191E1,-1.471875095E1,-4.275000095E0
1.978627278E2,2.761875153E1,-1.381875038E1,-4.368750095E0
1.978827402E2,2.831250191E1,-1.402500057E1,-4.500000000E0
1.979027345E2,2.865000153E1,-1.291875076E1,-5.137500286E0
1.979227261E2,2.906250191E1,-1.295625019E1,-6.281250477E0
1.979427268E2,3.003750038E1,-1.308750057E1,-6.206250191E0
1.979627352E2,3.041250038E1,-1.237500095E1,-6.731250286E0
1.979827380E2,3.144375038E1,-1.209375095E1,-5.512500286E0
1.980027357E2,3.195000076E1,-1.156875038E1,-7.818750381E0
1.980227297E2,3.165000153E1,-1.168125057E1,-7.593750477E0
1.980427324E2,3.236250305E1,-1.183125019E1,-8.756250381E0
1.980627295E2,3.238125229E1,-1.220625019E1,-9.187500000E0
1.980827358E2,3.296250153E1,-1.218750095E1,-9.825000763E0
1.981027362E2,3.290625000E1,-1.295625019E1,-1.035000038E1
1.981227327E2,3.360000229E1,-1.299375057E1,-1.171875000E1
1.981427258E2,3.384375000E1,-1.402500057E1,-1.267500019E1
1.981627276E2,3.429375076E1,-1.511250019E1,-1.299375057E1
1.981827255E2,3.420000076E1,-1.524375057E1,-1.246875095E1
1.982027097E2,3.435000229E1,-1.651875114E1,-1.290000057E1
1.982227148E2,3.455625153E1,-1.650000000E1,-1.333125019E1
1.982427155E2,3.399375153E1,-1.719375038E1,-1.290000057E1
1.982627234E2,3.480000305E1,-1.779375076E1,-1.323750019E1
1.982827825E2,3.463125229E1,-1.871250153E1,-1.250625038E1
1.983027674E2,3.397500229E1,-1.921875000E1,-1.218750095E1
1.983227610E2,3.354375076E1,-2.053125000E1,-1.312500095E1
1.983427509E2,3.348750305E1,-2.135625076E1,-1.260000038E1
1.983627385E2,3.264375305E1,-2.240625000E1,-1.278750038E1
1.983827346E2,3.249375153E1,-2.349375153E1,-1.290000057E1
1.984027296E2,3.264375305E1,-2.445000076E1,-1.333125019E1
1.984226893E2,3.138750076E1,-2.495625114E1,-1.256250095E1
1.984426984E2,3.170625114E1,-2.535000038E1,-1.278750038E1
1.984627027E2,3.084375191E1,-2.608125114E1,-1.162500000E1
1.984827142E2,3.080625153E1,-2.746875191E1,-1.153125000E1
1.985027424E2,3.011250114E1,-2.737500191E1,-1.119375038E1
1.985227375E2,2.945625114E1,-2.812500191E1,-9.825000763E0
1.985427400E2,2.870625114E1,-2.880000114E1,-9.712500572E0
1.985627374E2,2.835000038E1,-2.968125153E1,-9.712500572E0
1.985827309E2,2.748750114E1,-3.005625153E1,-9.468750000E0
1.986027326E2,2.623125076E1,-3.069375038E1,-8.306250572E0
1.986227304E2,2.523750114E1,-3.061875153E1,-7.125000477E0
1.986427356E2,2.386875153E1,-3.073125076E1,-6.356250286E0
1.986627355E2,2.338125038E1,-3.063750076E1,-5.831250191E0
1.986827315E2,2.199375153E1,-3.031875038E1,-5.681250095E0
1.987027240E2,2.146875000E1,-2.968125153E1,-4.406250000E0
1.987227258E2,2.100000000E1,-2.791875076E1,-3.656250238E0
1.987427348E2,2.079375076E1,-2.784375191E1,-3.243750095E0
1.987627374E2,2.055000114E1,-2.675625038E1,-2.906250000E0
1.987827352E2,1.981875038E1,-2.578125191E1,-2.362500191E0
1.988027292E2,1.976250076E1,-2.461875153E1,-1.837500095E0
1.988227303E2,1.995000076E1,-2.422500038E1,-1.725000024E0
1.988427178E2,1.910625076E1,-2.304375076E1,-1.387500048E0
1.988627150E2,1.936875153E1,-2.244375038E1,-1.500000000E0
1.988827205E2,2.000625038E1,-2.115000153E1,-2.137500048E0
1.989027211E2,1.940625000E1,-2.083125114E1,-2.118750095E0
1.989227178E2,1.936875153E1,-2.017500114E1,-1.275000095E0
1.989427228E2,2.006250000E1,-1.995000076E1,-2.231250048E0
1.989627013E2,2.021250153E1,-1.905000114E1,-2.437500000E0
1.989827130E2,2.088750076E1,-1.867500114E1,-2.343750000E0
1.990027187E2,2.026875114E1,-1.783125114E1,-2.943750143E0
1.990227192E2,2.015625000E1,-1.741875076E1,-3.243750095E0
1.990427719E2,2.101875114E1,-1.704375076E1,-3.281250238E0
1.990627634E2,2.139375114E1,-1.665000153E1,-3.600000143E0
1.990827508E2,2.137500000E1,-1.605000114E1,-3.487500191E0
1.991027474E2,2.186250114E1,-1.593750095E1,-3.918750048E0
1.991227402E2,2.118750000E1,-1.612500000E1,-3.900000095E0
1.991427290E2,2.158125114E1,-1.621875000E1,-4.218750000E0
1.991627294E2,2.165625000E1,-1.580625057E1,-4.537500381E0
1.991826822E2,2.156250000E1,-1.590000057E1,-4.425000191E0
1.992026970E2,2.158125114E1,-1.597500038E1,-5.043750286E0
1.992227059E2,2.118750000E1,-1.595625019E1,-5.250000000E0
1.992427096E2,2.148750114E1,-1.597500038E1,-5.043750286E0
1.992627315E2,2.167500114E1,-1.618125153E1,-4.837500095E0
1.992827331E2,2.173125076E1,-1.520625019E1,-4.631250381E0
1.993027295E2,2.214375114E1,-1.546875095E1,-5.381250381E0
1.993227335E2,2.145000076E1,-1.518750095E1,-4.725000381E0
1.993427323E2,2.143125153E1,-1.481250095E1,-4.518750191E0
1.993627257E2,2.180625153E1,-1.449375057E1,-4.931250095E0
1.993827292E2,2.238750076E1,-1.419375038E1,-5.268750191E0
1.994027277E2,2.180625153E1,-1.443750095E1,-4.312500000E0
1.994227222E2,2.167500114E1,-1.376250076E1,-3.787500143E0
1.994427253E2,2.223750114E1,-1.329375076E1,-3.693750143E0
1.994627237E2,2.212500000E1,-1.308750057E1,-3.787500143E0
1.994827189E2,2.154375076E1,-1.363125038E1,-2.643750191E0
1.995027239E2,2.210625076E1,-1.305000019E1,-2.643750191E0
1.995227222E2,2.201250076E1,-1.293750095E1,-2.756250143E0
1.995427282E2,2.188125038E1,-1.258125019E1,-2.025000095E0
1.995627287E2,2.218125153E1,-1.256250095E1,-2.550000191E0
1.995827249E2,2.246250153E1,-1.196250057E1,-2.756250143E0
1.996027180E2,2.285625076E1,-1.185000038E1,-3.281250238E0
1.996227197E2,2.302500153E1,-1.158750057E1,-2.662500143E0
1.996427171E2,2.296875000E1,-1.023750019E1,-2.137500048E0
1.996627226E2,2.364375114E1,-1.035000038E1,-2.268750191E0
1.996827228E2,2.420625114E1,-9.881250381E0,-2.062500000E0
1.997027193E2,2.409375191E1,-9.375000000E0,-2.156250000E0
1.997226911E2,2.506875038E1,-9.525000572E0,-1.875000119E0
1.997426979E2,2.520000076E1,-8.118750572E0,-6.375000477E-1
1.997627111E2,2.589375114E1,-8.493750572E0,-1.275000095E0
1.997827176E2,2.625000191E1,-7.743750095E0,-6.562500000E-1
1.998027528E2,2.625000191E1,-7.556250095E0,-6.562500000E-1
1.998227530E2,2.703750038E1,-7.650000095E0,-1.087500095E0
1.998427475E2,2.701875114E1,-7.575000286E0,-6.750000119E-1
1.998627384E2,2.671875191E1,-7.312500477E0,5.625000224E-2
1.998827381E2,2.711250114E1,-7.462500095E0,-1.106250048E0
1.999027328E2,2.797500038E1,-7.106250286E0,-8.062500358E-1
1.999227371E2,2.797500038E1,-6.768750191E0,-1.425000072E0
1.999427472E2,2.767500114E1,-6.768750191E0,-1.218750000E0
1.999627394E2,2.818125153E1,-7.293750286E0,-9.187500477E-1
1.999827402E2,2.911875153E1,-6.712500095E0,4.125000238E-1
2.000027367E2,2.865000153E1,-6.768750191E0,-1.650000095E0
2.000227415E2,2.895000076E1,-6.768750191E0,-1.968750119E0
2.000427413E2,2.932500076E1,-6.393750191E0,-1.668750048E0
2.000627365E2,2.930625153E1,-6.337500095E0,-1.050000072E0
2.000827289E2,2.951250076E1,-6.281250477E0,-1.987500072E0
2.001027302E2,2.988750076E1,-5.718750000E0,-1.893750072E0
2.001227264E2,2.996250153E1,-5.643750191E0,-1.481250048E0
2.001427212E2,3.013125038E1,-4.968750000E0,-1.162500024E0
2.001627241E2,3.054375076E1,-5.118750095E0,-2.325000048E0
2.001827226E2,3.031875038E1,-4.500000000E0,-2.512500048E0
2.002027177E2,3.091875076E1,-4.856250286E0,-1.912500024E0
2.002227214E2,3.052500153E1,-4.631250381E0,-2.118750095E0
2.002427319E2,3.073125076E1,-4.893750191E0,-2.737500191E0
2.002627147E2,3.061875153E1,-4.875000000E0,-1.387500048E0
2.002827183E2,3.045000076E1,-5.231250286E0,-2.006250143E0
2.003027173E2,3.061875153E1,-4.818750381E0,-2.212500095E0
2.003227239E2,3.131250191E1,-4.725000381E0,-2.456250191E0
2.003427816E2,3.170625114E1,-4.856250286E0,-2.362500191E0
2.003627768E2,3.140625191E1,-4.631250381E0,-2.456250191E0
2.003827670E2,3.183750153E1,-3.693750143E0,-1.931250095E0
2.004027543E2,3.195000076E1,-3.750000238E0,-2.775000095E0
2.004227398E2,3.163125038E1,-3.431250095E0,-1.106250048E0
2.004427343E2,3.195000076E1,-3.975000143E0,-2.043750048E0
2.004627283E2,3.210000229E1,-3.018750191E0,-1.631250024E0
2.004826874E2,3.230625153E1,-3.093750238E0,-2.043750048E0
2.005026958E2,3.240000153E1,-3.000000000E0,-2.156250000E0
2.005226999E2,3.260625076E1,-3.187500238E0,-2.568750143E0
2.005427111E2,3.240000153E1,-3.037500143E0,-1.631250024E0
2.005627392E2,3.258750153E1,-2.850000143E0,-1.537500024E0
2.005827457E2,3.266250229E1,-2.362500191E0,-1.331250072E0
2.006027456E2,3.373125076E1,-2.268750191E0,-1.668750048E0
2.006227406E2,3.371250153E1,-2.062500000E0,-1.987500072E0
2.006427323E2,3.429375076E1,-1.837500095E0,-2.625000000E0
2.006627314E2,3.436875153E1,-1.068750024E0,-2.512500048E0
2.006827282E2,3.457500076E1,-1.556250095E0,-2.625000000E0
2.007027216E2,3.506250000E1,-1.556250095E0,-2.850000143E0
2.007227237E2,3.496875000E1,-1.593750119E0,-2.325000048E0
2.007427217E2,3.575625229E1,-1.612500072E0,-2.343750000E0
2.007627275E2,3.603750229E1,-1.425000072E0,-2.250000000E0
2.007827282E2,3.620625305E1,-1.050000072E0,-1.950000048E0
2.008027261E2,3.631875229E1,-1.256250024E0,-2.043750048E0
2.008227301E2,3.671250153E1,-1.481250048E0,-1.743750095E0
2.008427291E2,3.691875076E1,-1.856250048E0,-2.287500143E0
2.008627242E2,3.671250153E1,-1.593750119E0,-1.537500024E0
2.008827272E2,3.727500153E1,-1.350000024E0,-9.375000596E-1
2.009027263E2,3.663750076E1,-2.081250191E0,-1.537500024E0
2.009227213E2,3.684375000E1,-2.062500000E0,-1.968750119E0
2.009427247E2,3.703125000E1,-2.193750143E0,-1.350000024E0
2.009627233E2,3.742500305E1,-2.400000095E0,-1.668750048E0
2.009827297E2,3.890625000E1,-3.018750191E0,-2.625000179E-1
2.010027308E2,3.763125229E1,-2.568750143E0,-2.306250095E0
2.010227062E2,3.787500000E1,-3.712500095E0,-1.481250048E0
2.010427151E2,3.774375153E1,-2.793750048E0,-1.800000072E0
2.010627186E2,3.864375305E1,-3.412500143E0,-1.931250095E0
2.010827174E2,3.873750305E1,-3.412500143E0,-1.725000024E0
2.011027582E2,3.922500229E1,-3.318750143E0,-2.043750048E0
2.011227516E2,3.991875076E1,-3.300000191E0,-2.906250000E0
2.011427409E2,3.975000000E1,-3.787500143E0,-2.793750048E0
2.011627391E2,4.008750153E1,-2.700000048E0,-3.000000000E0
2.011827335E2,3.991875076E1,-3.300000191E0,-2.681250095E0
2.012027237E2,4.080000305E1,-3.225000143E0,-2.925000191E0
2.012227142E2,4.119375229E1,-3.393750191E0,-3.562500238E0
2.012426703E2,4.070625305E1,-3.506250143E0,-3.131250143E0
2.012626880E2,4.093125153E1,-3.937500238E0,-4.275000095E0
2.012826992E2,4.074375153E1,-4.181250095E0,-3.243750095E0
2.013027045E2,4.126875305E1,-5.100000381E0,-3.262500048E0
2.013227277E2,4.057500076E1,-4.968750000E0,-3.450000048E0
2.013427302E2,4.042500305E1,-5.606250286E0,-4.275000095E0
2.013627276E2,4.023750305E1,-6.000000000E0,-4.068750381E0
2.013827320E2,4.035000229E1,-6.187500477E0,-4.481250286E0
2.014027310E2,4.048125076E1,-6.862500191E0,-4.706250191E0
2.014227244E2,4.001250076E1,-7.443750381E0,-4.912500381E0
2.014427165E2,4.051875305E1,-7.518750191E0,-5.325000286E0
2.014627173E2,3.997500229E1,-8.137500763E0,-6.468750477E0
2.014827252E2,4.025625229E1,-8.362500191E0,-6.168750286E0
2.015027275E2,3.930000305E1,-8.437500000E0,-5.925000191E0
2.015227252E2,4.048125076E1,-8.962500572E0,-6.281250477E0
2.015427195E2,4.089375305E1,-9.431250572E0,-7.031250477E0
2.015627122E2,4.012500000E1,-9.750000000E0,-6.075000286E0
2.015827125E2,3.946875000E1,-1.008750057E1,-6.881250381E0
2.016027202E2,3.978750229E1,-1.059375000E1,-6.693750381E0
2.016227222E2,3.988125229E1,-1.044375038E1,-7.725000381E0
2.016427762E2,4.018125153E1,-1.098750019E1,-6.900000095E0
2.016627688E2,3.922500229E1,-1.095000076E1,-7.293750286E0
2.016827568E2,3.950625229E1,-1.095000076E1,-7.200000286E0
2.017027424E2,3.941250229E1,-1.074375057E1,-7.500000477E0
2.017227381E2,3.855000305E1,-1.141875076E1,-7.181250095E0
2.017427309E2,3.847500229E1,-1.181250000E1,-7.181250095E0
2.017627218E2,3.740625000E1,-1.220625019E1,-6.731250286E0
2.017826895E2,3.703125000E1,-1.230000019E1,-6.618750095E0
2.018026936E2,3.675000000E1,-1.260000038E1,-6.506250381E0
2.018227056E2,3.626250076E1,-1.275000095E1,-7.125000477E0
2.018427116E2,3.658125305E1,-1.325625038E1,-6.825000286E0
2.018627464E2,3.586875153E1,-1.275000095E1,-6.693750381E0
2.018827467E2,3.519375229E1,-1.275000095E1,-6.356250286E0
2.019027416E2,3.519375229E1,-1.278750038E1,-5.625000000E0
2.019227333E2,3.596250153E1,-1.261875057E1,-5.643750191E0
2.019427334E2,3.555000305E1,-1.228125095E1,-6.056250095E0
2.019627279E2,3.553125000E1,-1.181250000E1,-5.643750191E0
2.019827327E2,3.532500076E1,-1.185000038E1,-5.006250381E0
2.020027321E2,3.571875000E1,-1.166250038E1,-5.006250381E0
2.020227275E2,3.618750000E1,-1.130625057E1,-4.500000000E0
2.020427312E2,3.616875076E1,-1.102500057E1,-4.200000286E0
2.020627300E2,3.626250076E1,-1.123125076E1,-3.993750095E0
2.020827367E2,3.703125000E1,-1.083750057E1,-4.312500000E0
2.021027376E2,3.633750153E1,-1.048125076E1,-3.468750238E0
2.021227337E2,3.652500153E1,-1.081875038E1,-2.850000143E0
2.021427268E2,3.680625153E1,-1.021875000E1,-3.056250095E0
2.021627283E2,3.690000153E1,-1.021875000E1,-3.075000048E0
2.021827246E2,3.718125153E1,-1.005000019E1,-2.756250143E0
2.022027193E2,3.718125153E1,-9.862500191E0,-2.662500143E0
2.022227222E2,3.706875229E1,-9.562500000E0,-2.643750191E0
2.022427208E2,3.811875153E1,-9.300000191E0,-2.362500191E0
2.022627274E2,3.813750076E1,-9.693750381E0,-2.587500095E0
2.022827283E2,3.926250076E1,-8.662500381E0,-2.081250191E0
2.023027250E2,3.800625229E1,-9.168750763E0,-1.331250072E0
2.023227083E2,3.847500229E1,-8.587500572E0,-1.443750024E0
2.023427126E2,3.905625153E1,-8.625000000E0,-9.375000596E-1
2.023627123E2,3.873750305E1,-8.212500572E0,-1.125000000E0
2.023827196E2,3.905625153E1,-8.812500000E0,-1.050000072E0
2.024027666E2,3.922500229E1,-8.325000763E0,-1.050000072E0
2.024227650E2,3.943125153E1,-8.250000000E0,-7.312500477E-1
2.024427579E2,3.901875305E1,-8.268750191E0,-3.000000119E-1
2.024627473E2,3.933750153E1,-8.456250191E0,-5.250000358E-1
2.024827456E2,3.963750076E1,-8.737500191E0,-1.162500024E0
2.025027388E2,3.945000076E1,-8.737500191E0,-1.050000072E0
2.025227313E2,3.980625153E1,-7.931250095E0,-1.368750095E0
2.025427437E2,3.971250153E1,-7.931250095E0,-1.368750095E0
2.025627382E2,3.990000153E1,-8.081250191E0,-6.375000477E-1
2.025827301E2,4.038750076E1,-7.968750477E0,-9.750000238E-1
2.026027309E2,4.059375000E1,-8.062500000E0,-1.293750048E0
2.026227506E2,4.123125076E1,-7.537500381E0,-3.750000000E-1
2.026427395E2,4.095000076E1,-7.743750095E0,-1.500000060E-1
2.026627372E2,4.211250305E1,-7.668750286E0,-1.875000000E-1
2.026827316E2,4.200000000E1,-7.200000286E0,3.375000060E-1
2.027027345E2,4.209375000E1,-7.275000095E0,-7.500000298E-2
2.027227317E2,4.241250229E1,-8.006250381E0,2.250000089E-1
2.027427270E2,4.291875076E1,-8.325000763E0,2.062500119E-1
2.027627305E2,4.291875076E1,-8.418750763E0,3.000000119E-1
2.027827293E2,4.316250229E1,-9.075000763E0,-4.312500060E-1
2.028027246E2,4.306875229E1,-9.525000572E0,3.937500119E-1
2.028227284E2,4.320000076E1,-1.029375076E1,7.500000298E-2
2.028427164E2,4.243125153E1,-1.061250019E1,9.187500477E-1
2.028627155E2,4.226250076E1,-1.121250057E1,8.250000477E-1
2.028827211E2,4.245000076E1,-1.132500076E1,1.125000000E0
2.029027218E2,4.170000076E1,-1.207500076E1,8.250000477E-1
2.029227184E2,4.160625076E1,-1.211250019E1,1.462500095E0
2.029427230E2,4.160625076E1,-1.231875038E1,1.556250095E0
2.029627228E2,4.151250076E1,-1.246875095E1,2.400000095E0
2.029827295E2,4.115625000E1,-1.338750076E1,3.131250143E0
2.030027307E2,4.078125000E1,-1.353750038E1,2.718750000E0
2.030227274E2,4.031250000E1,-1.402500057E1,2.625000000E0
2.030427316E2,3.924375153E1,-1.419375038E1,2.868750095E0
2.030627312E2,3.900000000E1,-1.550625038E1,3.281250238E0
2.030827057E2,3.802500153E1,-1.539375019E1,3.712500095E0
2.031027139E2,3.738750076E1,-1.655625153E1,3.525000095E0
2.031227166E2,3.748125076E1,-1.638750076E1,3.937500238E0
2.031427151E2,3.661875153E1,-1.706250000E1,4.068750381E0
2.031627553E2,3.645000076E1,-1.768125153E1,4.481250286E0
2.031827597E2,3.526875305E1,-1.741875076E1,4.312500000E0
2.032027576E2,3.517500305E1,-1.756875038E1,5.137500286E0
2.032227511E2,3.427500153E1,-1.704375076E1,4.968750000E0
2.032427414E2,3.436875153E1,-1.666875076E1,3.712500095E0
2.032627394E2,3.335625076E1,-1.612500000E1,5.193750381E0
2.032827355E2,3.277500153E1,-1.644375038E1,5.850000381E0
2.033027395E2,3.256875229E1,-1.623750114E1,5.850000381E0
2.033227387E2,3.236250305E1,-1.550625038E1,5.343750000E0
2.033427341E2,3.223125076E1,-1.471875095E1,5.250000000E0
2.033627264E2,3.230625153E1,-1.441875076E1,5.250000000E0
2.033827396E2,3.226875305E1,-1.366875076E1,6.075000286E0
2.034027346E2,3.202500153E1,-1.233750057E1,5.475000381E0
2.034227264E2,3.240000153E1,-1.205625057E1,5.362500191E0
2.034427273E2,3.211875153E1,-1.179375076E1,4.650000095E0
2.034627243E2,3.181875038E1,-1.170000076E1,4.856250286E0
2.034827281E2,3.238125229E1,-1.140000057E1,4.331250191E0
2.035027288E2,3.176250076E1,-1.057500076E1,4.256250381E0
2.035227250E2,3.217500305E1,-1.076250076E1,3.618750095E0
2.035427294E2,3.206250000E1,-1.025625038E1,3.618750095E0
2.035627290E2,3.245625305E1,-1.036875057E1,3.600000143E0
2.035827244E2,3.213750076E1,-9.993750572E0,4.031250000E0
2.036027171E2,3.243750000E1,-1.008750057E1,3.918750048E0
2.036227090E2,3.225000000E1,-1.018125057E1,3.825000048E0
2.036427089E2,3.226875305E1,-1.087500000E1,3.918750048E0
2.036627164E2,3.206250000E1,-1.068750000E1,4.143750191E0
2.036827183E2,3.180000114E1,-1.106250000E1,3.937500238E0
2.037027722E2,3.198750114E1,-1.117500019E1,4.031250000E0
2.037227651E2,3.249375153E1,-1.179375076E1,4.425000191E0
2.037427532E2,3.221250153E1,-1.183125019E1,4.950000286E0
2.037627505E2,3.195000076E1,-1.280625057E1,5.062500000E0
2.037827439E2,3.151875114E1,-1.192500019E1,5.287500381E0
2.038027365E2,3.230625153E1,-1.226250076E1,5.568750381E0
2.038227250E2,3.202500153E1,-1.226250076E1,5.681250095E0
2.038426910E2,3.210000229E1,-1.220625019E1,6.412500381E0
2.038626935E2,3.191250038E1,-1.231875038E1,6.937500477E0
2.038827042E2,3.238125229E1,-1.220625019E1,8.062500000E0
2.039027092E2,3.168750191E1,-1.222500038E1,8.925000191E0
2.039227434E2,3.234375000E1,-1.177500057E1,9.318750381E0
2.039427322E2,3.292500305E1,-1.171875000E1,9.618750572E0
2.039627296E2,3.270000076E1,-1.126875019E1,1.055625057E1
2.039827348E2,3.262500000E1,-1.183125019E1,1.179375076E1
2.040027343E2,3.356250000E1,-1.096875000E1,1.188750076E1
2.040227285E2,3.356250000E1,-1.106250000E1,1.177500057E1
2.040427213E2,3.354375076E1,-1.070625019E1,1.241250038E1
2.040627226E2,3.330000305E1,-9.881250381E0,1.376250076E1
2.040827197E2,3.397500229E1,-1.003125000E1,1.415625095E1
2.041027248E2,3.337500000E1,-9.543750763E0,1.460625076E1
2.041227251E2,3.416250229E1,-9.975000381E0,1.500000095E1
2.041427214E2,3.365625000E1,-9.675000191E0,1.520625019E1
2.041627260E2,3.399375153E1,-8.868750572E0,1.646250153E1
2.041827251E2,3.423750305E1,-9.881250381E0,1.644375038E1
2.042027315E2,3.408750153E1,-8.925000191E0,1.728750038E1
2.042227325E2,3.418125153E1,-8.868750572E0,1.801875114E1
2.042427277E2,3.483750153E1,-8.081250191E0,1.768125153E1
2.042627326E2,3.502500153E1,-7.912500381E0,1.800000000E1
2.042827318E2,3.538125229E1,-7.481250286E0,1.912500000E1
2.043027271E2,3.508125305E1,-7.406250477E0,1.965000153E1
2.043227308E2,3.525000000E1,-7.125000477E0,1.985625076E1
2.043427296E2,3.536250305E1,-7.556250095E0,2.047500038E1
2.043627249E2,3.457500076E1,-7.593750477E0,2.154375076E1
2.043827072E2,3.508125305E1,-7.931250095E0,2.184375000E1
2.044027107E2,3.466875076E1,-7.631250381E0,2.195625114E1
2.044227096E2,3.418125153E1,-7.743750095E0,2.268750000E1
2.044427165E2,3.429375076E1,-8.268750191E0,2.300625038E1
2.044627633E2,3.373125076E1,-8.643750191E0,2.291250038E1
2.044827503E2,3.390000153E1,-8.606250763E0,2.405625153E1
2.045027457E2,3.391875076E1,-8.812500000E0,2.394375038E1
2.045227376E2,3.363750076E1,-9.112500191E0,2.415000153E1
2.045427382E2,3.401250076E1,-8.606250763E0,2.383125114E1
2.045627332E2,3.431250000E1,-8.812500000E0,2.392500114E1
2.045827269E2,3.421875000E1,-9.037500381E0,2.435625076E1
2.046027403E2,3.408750153E1,-8.137500763E0,2.426250076E1
2.046227357E2,3.474375153E1,-7.987500191E0,2.475000191E1
2.046427279E2,3.466875076E1,-8.175000191E0,2.454375076E1
2.046627289E2,3.414375305E1,-7.518750191E0,2.550000191E1
2.046827488E2,3.483750153E1,-7.743750095E0,2.559375191E1
2.047027491E2,3.412500000E1,-7.800000191E0,2.705625153E1
2.047227441E2,3.343125153E1,-7.500000477E0,2.730000114E1
2.047427360E2,3.341250229E1,-7.125000477E0,2.771250153E1
2.047627370E2,3.354375076E1,-7.612500191E0,2.748750114E1
2.047827329E2,3.315000153E1,-7.725000381E0,2.791875076E1
2.048027269E2,3.256875229E1,-7.706250191E0,2.793750191E1
2.048227293E2,3.264375305E1,-7.462500095E0,2.876250076E1
2.048427275E2,3.283125305E1,-7.462500095E0,2.887500191E1
2.048627222E2,3.215625000E1,-7.650000095E0,2.889375114E1
2.048827255E2,3.234375000E1,-7.350000381E0,2.887500191E1
2.049027244E2,3.241875076E1,-7.443750381E0,3.022500038E1
2.049227208E2,3.193125153E1,-7.200000286E0,2.971875191E1
2.049427241E2,3.172500038E1,-7.143750191E0,3.056250191E1
2.049627229E2,3.191250038E1,-6.975000381E0,3.097500038E1
2.049827292E2,3.180000114E1,-6.768750191E0,3.108750153E1
2.050027865E2,3.247500229E1,-6.318750381E0,3.138750076E1
2.050227813E2,3.210000229E1,-6.806250095E0,3.150000191E1
2.050427711E2,3.148125076E1,-6.225000381E0,3.213750076E1
2.050627583E2,3.088125038E1,-5.850000381E0,3.268125153E1
2.050827437E2,3.067500114E1,-6.075000286E0,3.341250229E1
2.051027411E2,3.048750114E1,-6.075000286E0,3.331875229E1
2.051227343E2,3.035625076E1,-5.400000095E0,3.384375000E1
2.051426925E2,3.037500191E1,-5.793750286E0,3.361875153E1
2.051627002E2,3.007500076E1,-5.662500381E0,3.343125153E1
2.051827038E2,2.956875038E1,-5.287500381E0,3.386250305E1
2.052027146E2,2.975625038E1,-5.418750286E0,3.436875153E1
2.052227537E2,2.973750114E1,-4.931250095E0,3.448125076E1
2.052427463E2,2.934375191E1,-4.593750000E0,3.408750153E1
2.052627464E2,2.971875191E1,-4.781250000E0,3.541875076E1
2.052827421E2,2.970000076E1,-4.331250191E0,3.615000153E1
2.053027342E2,2.990625191E1,-4.706250191E0,3.583125305E1
2.053227337E2,2.902500153E1,-4.368750095E0,3.564375305E1
2.053427309E2,2.883750153E1,-4.575000286E0,3.586875153E1
2.053627361E2,2.911875153E1,-4.312500000E0,3.616875076E1
2.053827360E2,2.902500153E1,-4.406250000E0,3.616875076E1
2.054027316E2,2.833125114E1,-4.293750286E0,3.618750000E1
2.054227244E2,2.806875038E1,-4.762500286E0,3.609375000E1
2.054427261E2,2.812500191E1,-4.031250000E0,3.712500000E1
2.054627237E2,2.840625191E1,-3.900000095E0,3.639375305E1
2.054827291E2,2.810625076E1,-3.712500095E0,3.682500076E1
2.055027295E2,2.840625191E1,-3.862500191E0,3.733125305E1
2.055227255E2,2.825625038E1,-2.962500095E0,3.744375229E1
2.055427300E2,2.818125153E1,-3.150000095E0,3.735000229E1
2.055627297E2,2.805000114E1,-2.793750048E0,3.808125305E1
2.055827251E2,2.797500038E1,-2.981250048E0,3.776250076E1
2.056027287E2,2.698125076E1,-3.000000000E0,3.862500000E1
2.056227278E2,2.681250191E1,-3.431250095E0,3.780000305E1
2.056427228E2,2.700000191E1,-3.168750048E0,3.821250153E1
2.056627266E2,2.716875076E1,-2.793750048E0,3.851250076E1
2.056827040E2,2.688750076E1,-2.681250095E0,3.832500076E1
2.057027040E2,2.685000038E1,-2.193750143E0,3.843750000E1
2.057227117E2,2.722500038E1,-1.743750095E0,3.915000153E1
2.057427139E2,2.692500114E1,-1.668750048E0,3.958125305E1
2.057627683E2,2.690625191E1,-1.443750024E0,3.937500000E1
2.057827498E2,2.701875114E1,-1.537500024E0,3.905625153E1
2.058027410E2,2.653125191E1,-1.612500072E0,3.875625229E1
2.058227410E2,2.741250038E1,-1.687500119E0,3.988125229E1
2.058427364E2,2.664375114E1,-1.893750072E0,3.855000305E1
2.058627280E2,2.632500076E1,-1.331250072E0,3.939375305E1
2.058827188E2,2.565000153E1,-1.556250095E0,4.023750305E1
2.059026750E2,2.611875153E1,-1.181250095E0,4.021875000E1
2.059226813E2,2.640000153E1,-1.162500024E0,3.990000153E1
2.059426950E2,2.675625038E1,-4.500000179E-1,4.083750153E1
2.059627027E2,2.656875038E1,-4.312500060E-1,4.063125229E1
2.059827392E2,2.673750114E1,-2.812500000E-1,4.145625305E1
2.060027406E2,2.683125114E1,-2.437500060E-1,4.250625229E1
2.060227364E2,2.625000191E1,7.500000298E-2,4.074375153E1
2.060427396E2,2.608125114E1,-5.437500477E-1,4.126875305E1
2.060627376E2,2.596875191E1,-1.500000060E-1,4.149375153E1
2.060827299E2,2.578125191E1,-3.000000119E-1,4.076250076E1
2.061027328E2,2.574375153E1,3.562500179E-1,4.128750229E1
2.061227308E2,2.593125153E1,4.312500060E-1,4.158750153E1
2.061427247E2,2.630625153E1,8.812500238E-1,4.211250305E1
2.061627275E2,2.580000114E1,1.012500048E0,4.181250000E1
2.061827255E2,2.587500191E1,1.612500072E0,4.170000076E1
2.062027203E2,2.619375038E1,1.368750095E0,4.076250076E1
2.062227249E2,2.610000038E1,8.625000119E-1,4.252500153E1
2.062427230E2,2.551875114E1,9.000000358E-1,4.233750153E1
2.062627287E2,2.540625191E1,1.218750000E0,4.183125305E1
2.062827293E2,2.550000191E1,1.312500000E0,4.192500305E1
2.063027253E2,2.568750191E1,1.500000000E0,4.222500229E1
2.063227298E2,2.568750191E1,1.500000000E0,4.201875305E1
2.063427289E2,2.606250191E1,1.875000119E0,4.231875229E1
2.063627242E2,2.595000076E1,2.081250191E0,4.222500229E1
2.063827278E2,2.615625191E1,1.950000048E0,4.275000000E1
2.064027266E2,2.604375076E1,2.062500000E0,4.254375076E1
2.064227218E2,2.469375038E1,1.762500048E0,4.308750153E1
2.064427042E2,2.520000076E1,1.443750024E0,4.318125153E1
2.064627077E2,2.508750153E1,1.556250095E0,4.318125153E1
2.064827181E2,2.576250076E1,1.968750119E0,4.265625000E1
2.065027225E2,2.565000153E1,2.175000191E0,4.254375076E1
2.065227673E2,2.613750076E1,2.175000191E0,4.211250305E1
2.065427523E2,2.604375076E1,2.118750095E0,4.305000305E1
2.065627462E2,2.542500114E1,2.625000000E0,4.338750076E1
2.065827368E2,2.606250191E1,1.556250095E0,4.252500153E1
2.066027364E2,2.585625076E1,1.856250048E0,4.254375076E1
2.066227306E2,2.529375076E1,1.443750024E0,4.318125153E1
2.066427240E2,2.553750038E1,2.343750000E0,4.297500229E1
2.066627372E2,2.548125076E1,1.762500048E0,4.286250305E1
2.066827325E2,2.623125076E1,2.212500095E0,4.316250229E1
2.067027361E2,2.634375191E1,1.950000048E0,4.252500153E1
2.067227347E2,2.581875038E1,2.493750095E0,4.359375000E1
2.067427412E2,2.583750153E1,2.175000191E0,4.389375305E1
2.067627420E2,2.566875076E1,1.837500095E0,4.306875229E1
2.067827380E2,2.565000153E1,2.025000095E0,4.318125153E1
2.068027308E2,2.576250076E1,1.725000024E0,4.336875153E1
2.068227325E2,2.546250153E1,2.062500000E0,4.286250305E1
2.068427289E2,2.535000038E1,2.231250048E0,4.338750076E1
2.068627345E2,2.561250114E1,2.681250095E0,4.400625229E1
2.068827348E2,2.553750038E1,2.418750048E0,4.348125076E1
2.069027308E2,2.527500153E1,1.837500095E0,4.318125153E1
2.069227237E2,2.505000114E1,2.212500095E0,4.391250229E1
2.069427255E2,2.475000191E1,2.325000048E0,4.381875229E1
2.069627236E2,2.480625153E1,1.575000048E0,4.299375153E1
2.069827081E2,2.497500038E1,2.081250191E0,4.276875305E1
2.070027134E2,2.585625076E1,1.893750072E0,4.368750000E1
2.070227140E2,2.506875038E1,2.175000191E0,4.256250000E1
2.070427219E2,2.536875153E1,1.837500095E0,4.318125153E1
2.070627807E2,2.475000191E1,2.418750048E0,4.393125153E1
2.070827656E2,2.488125038E1,1.743750095E0,4.329375076E1
2.071027590E2,2.488125038E1,1.856250048E0,4.308750153E1
2.071227490E2,2.450625038E1,1.500000000E0,4.278750229E1
2.071427370E2,2.430000114E1,1.875000119E0,4.310625076E1
2.071627340E2,2.536875153E1,1.875000119E0,4.276875305E1
2.071827291E2,2.506875038E1,1.725000024E0,4.370625305E1
2.072026884E2,2.495625114E1,2.437500000E0,4.340625000E1
2.072226973E2,2.486250114E1,2.325000048E0,4.361250305E1
2.072427016E2,2.407500076E1,2.212500095E0,4.425000000E1
2.072627129E2,2.418750191E1,2.250000000E0,4.353750229E1
2.072827522E2,2.428125191E1,1.950000048E0,4.363125229E1
2.073027561E2,2.428125191E1,2.156250000E0,4.351875305E1
2.073227535E2,2.418750191E1,2.156250000E0,4.363125229E1
2.073427466E2,2.435625076E1,2.306250095E0,4.436250305E1
2.073627366E2,2.443125153E1,2.925000191E0,4.383750153E1
2.073827344E2,2.424375153E1,2.587500095E0,4.468125153E1
2.074027304E2,2.426250076E1,2.493750095E0,4.445625305E1
2.074227342E2,2.428125191E1,2.212500095E0,4.415625000E1
2.074427334E2,2.356875038E1,2.587500095E0,4.500000000E1
2.074627287E2,2.386875153E1,2.625000000E0,4.406250000E1
2.074827325E2,2.431875038E1,3.150000095E0,4.518750000E1
2.075027320E2,2.373750114E1,3.187500238E0,4.470000076E1
2.075227275E2,2.422500038E1,3.262500048E0,4.488750076E1
2.075427307E2,2.428125191E1,2.081250191E0,4.466250229E1
2.075627296E2,2.334375000E1,3.225000143E0,4.417500305E1
2.075827244E2,2.355000114E1,2.906250000E0,4.470000076E1
2.076027268E2,2.385000038E1,2.906250000E0,4.458750153E1
2.076227261E2,2.413125038E1,3.412500143E0,4.406250000E1
2.076427214E2,2.411250114E1,3.675000191E0,4.458750153E1
2.076627250E2,2.392500114E1,3.187500238E0,4.468125153E1
2.076827241E2,2.341875076E1,3.450000048E0,4.543125153E1
2.077027304E2,2.362500000E1,3.281250238E0,4.500000000E1
2.077227205E2,2.315625000E1,3.000000000E0,4.481250000E1
2.077426988E2,2.355000114E1,3.187500238E0,4.490625000E1
2.077627105E2,2.334375000E1,3.300000191E0,4.481250000E1
2.077827160E2,2.370000076E1,3.881250143E0,4.490625000E1
2.078027164E2,2.362500000E1,3.581250191E0,4.500000000E1
2.078227694E2,2.370000076E1,4.087500095E0,4.479375076E1
2.078427609E2,2.313750076E1,3.468750238E0,4.522500229E1
2.078627487E2,2.325000000E1,3.412500143E0,4.460625076E1
2.078827455E2,2.295000076E1,3.318750143E0,4.451250076E1
2.079027386E2,2.392500114E1,3.468750238E0,4.488750076E1
2.079227276E2,2.390625000E1,3.975000143E0,4.490625000E1
2.079427281E2,2.358750153E1,4.406250000E0,4.449375153E1
2.079626810E2,2.390625000E1,3.806250095E0,4.438125229E1
2.079826957E2,2.341875076E1,3.993750095E0,4.470000076E1
2.080027046E2,2.439375114E1,3.581250191E0,4.633125305E1
2.080227081E2,2.370000076E1,4.181250095E0,4.479375076E1
2.080427299E2,2.418750191E1,4.162500381E0,4.488750076E1
2.080627316E2,2.437500191E1,4.200000286E0,4.571250153E1
2.080827280E2,2.386875153E1,4.443750381E0,4.511250305E1
2.081027321E2,2.356875038E1,4.650000095E0,4.533750153E1
2.081227310E2,2.377500153E1,4.350000381E0,4.531875229E1
2.081427255E2,2.396250153E1,4.837500095E0,4.531875229E1
2.081627177E2,2.366250038E1,4.875000000E0,4.481250000E1
2.081827184E2,2.345625114E1,5.062500000E0,4.513125229E1
2.082027265E2,2.381250000E1,5.606250286E0,4.563750076E1
2.082227286E2,2.394375038E1,5.231250286E0,4.543125153E1
2.082427262E2,2.433750153E1,5.268750191E0,4.458750153E1
2.082627318E2,2.441250038E1,5.437500000E0,4.500000000E1
2.082827220E2,2.441250038E1,5.512500286E0,4.531875229E1
2.083027198E2,2.420625114E1,5.962500095E0,4.458750153E1
2.083227255E2,2.469375038E1,5.700000286E0,4.520625305E1
2.083427259E2,2.420625114E1,5.906250000E0,4.563750076E1
2.083627215E2,2.439375114E1,6.018750191E0,4.500000000E1
2.083827152E2,2.420625114E1,5.737500191E0,4.500000000E1
2.084027171E2,2.469375038E1,5.831250191E0,4.479375076E1
2.084227150E2,2.497500038E1,6.000000000E0,4.509375000E1
2.084427205E2,2.516250038E1,6.093750477E0,4.518750000E1
2.084627212E2,2.536875153E1,6.075000286E0,4.548750305E1
2.084827176E2,2.527500153E1,6.093750477E0,4.518750000E1
2.085026893E2,2.497500038E1,6.018750191E0,4.488750076E1
2.085226963E2,2.529375076E1,5.831250191E0,4.445625305E1
2.085427100E2,2.518125153E1,5.943750381E0,4.445625305E1
2.085627165E2,2.544375038E1,6.693750381E0,4.498125076E1
2.085827516E2,2.548125076E1,5.925000191E0,4.445625305E1
2.086027517E2,2.555625153E1,6.300000191E0,4.475625229E1
2.086227461E2,2.578125191E1,5.418750286E0,4.443750000E1
2.086427372E2,2.529375076E1,5.550000191E0,4.425000000E1
2.086627368E2,2.559375191E1,5.437500000E0,4.434375000E1
2.086827318E2,2.538750076E1,5.812500000E0,4.486875153E1
2.087027360E2,2.568750191E1,5.662500381E0,4.381875229E1
2.087227459E2,2.518125153E1,5.831250191E0,4.466250229E1
2.087427382E2,2.578125191E1,5.606250286E0,4.455000305E1
2.087627392E2,2.523750114E1,4.743750095E0,4.445625305E1
2.087827358E2,2.521875191E1,5.156250000E0,4.434375000E1
2.088027406E2,2.521875191E1,5.231250286E0,4.455000305E1
2.088227291E2,2.529375076E1,5.550000191E0,4.404375076E1
2.088427270E2,2.520000076E1,5.662500381E0,4.413750076E1
2.088627214E2,2.503125191E1,4.987500191E0,4.383750153E1
2.088827247E2,2.454375076E1,5.062500000E0,4.456875229E1
2.089027231E2,2.456250191E1,4.593750000E0,4.415625000E1
2.089227299E2,2.476875114E1,4.481250286E0,4.425000000E1
2.089427309E2,2.475000191E1,4.781250000E0,4.404375076E1
2.089627277E2,2.465625191E1,4.800000191E0,4.395000076E1
2.089827325E2,2.476875114E1,4.331250191E0,4.321875000E1
2.090027320E2,2.521875191E1,4.781250000E0,4.548750305E1
2.090227278E2,2.478750038E1,3.900000095E0,4.393125153E1
2.090427217E2,2.439375114E1,4.237500191E0,4.333125305E1
2.090627230E2,2.490000153E1,3.956250191E0,4.299375153E1
2.090827201E2,2.448750114E1,3.993750095E0,4.415625000E1
2.091027252E2,2.441250038E1,3.600000143E0,4.425000000E1
2.091227817E2,2.394375038E1,3.375000238E0,4.312500000E1
2.091427648E2,2.433750153E1,3.075000048E0,4.301250076E1
2.091627571E2,2.396250153E1,3.075000048E0,4.323750305E1
2.091827464E2,2.364375114E1,3.150000095E0,4.376250076E1
2.092027449E2,2.401875114E1,3.731250048E0,4.385625076E1
2.092227381E2,2.371875000E1,3.750000238E0,4.376250076E1
2.092427310E2,2.355000114E1,3.356250048E0,4.365000153E1
2.092626887E2,2.317500114E1,2.981250048E0,4.366875076E1
2.092826962E2,2.287500000E1,3.393750191E0,4.346250153E1
2.093026997E2,2.304375076E1,3.675000191E0,4.357500076E1
2.093227105E2,2.338125038E1,2.868750095E0,4.366875076E1
2.093427379E2,2.313750076E1,3.881250143E0,4.336875153E1
2.093627444E2,2.296875000E1,3.187500238E0,4.357500076E1
2.093827443E2,2.266875076E1,3.281250238E0,4.378125000E1
2.094027392E2,2.220000076E1,3.131250143E0,4.327500153E1
2.094227308E2,2.250000000E1,3.018750191E0,4.306875229E1
2.094427300E2,2.296875000E1,3.506250143E0,4.305000305E1
2.094627269E2,2.283750153E1,3.750000238E0,4.410000229E1
2.094827315E2,2.295000076E1,3.543750048E0,4.419375229E1
2.095027311E2,2.160000038E1,3.393750191E0,4.413750076E1
2.095227267E2,2.259375000E1,3.018750191E0,4.316250229E1
2.095427306E2,2.220000076E1,3.206250191E0,4.348125076E1
2.095627299E2,2.180625153E1,3.093750238E0,4.391250229E1
2.095827265E2,2.235000038E1,4.068750381E0,4.400625229E1
2.096027295E2,2.235000038E1,4.106250286E0,4.338750076E1
2.096227278E2,2.255625153E1,3.656250238E0,4.410000229E1
2.096427226E2,2.167500114E1,3.787500143E0,4.413750076E1
2.096627248E2,2.186250114E1,4.200000286E0,4.381875229E1
2.096827239E2,2.223750114E1,4.050000191E0,4.453125000E1
2.097027191E2,2.248125076E1,5.212500095E0,4.464375305E1
2.097227227E2,2.221875000E1,4.968750000E0,4.381875229E1
2.097427216E2,2.248125076E1,5.325000286E0,4.432500076E1
2.097627279E2,2.248125076E1,5.118750095E0,4.473750305E1
2.097827291E2,2.199375153E1,5.268750191E0,4.393125153E1
2.098027044E2,2.268750000E1,5.137500286E0,4.421250153E1
2.098227137E2,2.283750153E1,6.300000191E0,4.441875076E1
2.098427174E2,2.263125038E1,6.300000191E0,4.473750305E1
2.098627164E2,2.291250038E1,6.375000477E0,4.485000229E1
2.098827681E2,2.244375038E1,6.431250095E0,4.434375000E1
2.099027701E2,2.255625153E1,6.000000000E0,4.473750305E1
2.099227546E2,2.253750038E1,6.525000095E0,4.434375000E1
2.099427488E2,2.300625038E1,6.806250095E0,4.411875153E1
2.099627400E2,2.356875038E1,7.162500381E0,4.451250076E1
2.099827384E2,2.326875114E1,7.275000095E0,4.453125000E1
2.100027353E2,2.446875191E1,6.581250191E0,4.563750076E1
2.100227397E2,2.351250076E1,6.337500095E0,4.357500076E1
2.100427392E2,2.358750153E1,6.918750286E0,4.368750000E1
2.100627349E2,2.379375076E1,6.731250286E0,4.336875153E1
2.100827276E2,2.396250153E1,7.275000095E0,4.430625153E1
2.101027407E2,2.465625191E1,7.293750286E0,4.355625153E1
2.101227358E2,2.396250153E1,7.368750095E0,4.430625153E1
2.101427278E2,2.428125191E1,6.487500191E0,4.396875000E1
2.101627286E2,2.398125076E1,7.012500286E0,4.346250153E1
2.101827259E2,2.390625000E1,6.431250095E0,4.346250153E1
2.102027185E2,2.465625191E1,7.050000191E0,4.417500305E1
2.102227106E2,2.467500114E1,6.900000095E0,4.333125305E1
2.102427118E2,2.379375076E1,6.900000095E0,4.389375305E1
2.102627203E2,2.448750114E1,6.468750477E0,4.426875305E1
2.102827233E2,2.360625076E1,6.431250095E0,4.368750000E1
2.103027216E2,2.411250114E1,6.318750381E0,4.355625153E1
2.103227167E2,2.416875076E1,6.993750095E0,4.396875000E1
2.103427096E2,2.448750114E1,6.487500191E0,4.396875000E1
2.103627103E2,2.437500191E1,6.656250477E0,4.438125229E1
2.103827183E2,2.428125191E1,6.693750381E0,4.376250076E1
2.104027206E2,2.418750191E1,6.375000477E0,4.408125305E1
2.104227751E2,2.428125191E1,6.881250381E0,4.387500000E1
2.104427675E2,2.439375114E1,6.281250477E0,4.396875000E1
2.104627558E2,2.446875191E1,6.768750191E0,4.396875000E1
2.104827526E2,2.506875038E1,6.675000191E0,4.383750153E1
2.105027459E2,2.465625191E1,6.881250381E0,4.385625076E1
2.105227362E2,2.409375191E1,6.468750477E0,4.449375153E1
2.105427363E2,2.448750114E1,6.168750286E0,4.426875305E1
2.105626998E2,2.471250153E1,6.018750191E0,4.312500000E1
2.105827005E2,2.486250114E1,6.693750381E0,4.365000153E1
2.106027094E2,2.505000114E1,7.068750381E0,4.374375153E1
2.106227130E2,2.488125038E1,6.468750477E0,4.395000076E1
2.106427463E2,2.469375038E1,6.281250477E0,4.374375153E1
2.106627456E2,2.469375038E1,6.168750286E0,4.395000076E1
2.106827398E2,2.501250076E1,5.700000286E0,4.331250000E1
2.107027419E2,2.471250153E1,5.831250191E0,4.301250076E1
2.107227393E2,2.548125076E1,6.318750381E0,4.290000153E1
2.107427317E2,2.544375038E1,6.768750191E0,4.372500229E1
2.107627233E2,2.460000038E1,5.906250000E0,4.365000153E1
2.107827352E2,2.518125153E1,6.075000286E0,4.372500229E1
2.108027294E2,2.508750153E1,6.112500191E0,4.310625076E1
2.108227320E2,2.471250153E1,5.587500095E0,4.374375153E1
2.108427299E2,2.490000153E1,6.150000095E0,4.271250153E1
2.108627360E2,2.538750076E1,6.075000286E0,4.351875305E1
2.108827254E2,2.536875153E1,6.393750191E0,4.331250000E1
2.109027237E2,2.529375076E1,5.681250095E0,4.351875305E1
2.109227188E2,2.561250114E1,5.381250381E0,4.350000000E1
2.109427225E2,2.521875191E1,5.400000095E0,4.351875305E1
2.109627203E2,2.450625038E1,5.887500286E0,4.385625076E1
2.109827162E2,2.520000076E1,5.793750286E0,4.331250000E1
2.110027202E2,2.557500076E1,5.700000286E0,4.486875153E1
2.110227194E2,2.471250153E1,5.681250095E0,4.395000076E1
2.110427260E2,2.608125114E1,5.868750095E0,4.329375076E1
2.110627271E2,2.501250076E1,5.700000286E0,4.342500305E1
2.110827241E2,2.473125076E1,5.212500095E0,4.363125229E1
2.111027077E2,2.512500191E1,5.531250000E0,4.280625153E1
2.111227121E2,2.520000076E1,5.906250000E0,4.321875000E1
2.111427119E2,2.559375191E1,5.475000381E0,4.351875305E1
2.111627191E2,2.529375076E1,5.681250095E0,4.363125229E1
2.111827662E2,2.542500114E1,5.306250095E0,4.320000076E1
2.112027645E2,2.495625114E1,4.931250095E0,4.310625076E1
2.112227573E2,2.523750114E1,4.818750381E0,4.320000076E1
2.112427466E2,2.512500191E1,5.212500095E0,4.342500305E1
2.112627449E2,2.563125038E1,4.781250000E0,4.370625305E1
2.112827380E2,2.510625076E1,5.587500095E0,4.372500229E1
2.113027302E2,2.570625114E1,5.250000000E0,4.391250229E1
2.113227425E2,2.531250191E1,5.587500095E0,4.351875305E1
2.113427372E2,2.512500191E1,5.100000381E0,4.363125229E1
2.113627289E2,2.493750191E1,5.137500286E0,4.310625076E1
2.113827297E2,2.563125038E1,4.912500381E0,4.308750153E1
2.114027493E2,2.621250153E1,5.062500000E0,4.348125076E1
2.114227382E2,2.580000114E1,5.043750286E0,4.423125076E1
2.114427360E2,2.512500191E1,5.287500381E0,4.363125229E1
2.114627304E2,2.512500191E1,5.081250191E0,4.383750153E1
2.114827334E2,2.542500114E1,5.175000191E0,4.381875229E1
2.115027307E2,2.544375038E1,4.687500000E0,4.361250305E1
2.115227261E2,2.595000076E1,4.256250381E0,4.400625229E1
2.115427294E2,2.611875153E1,5.006250381E0,4.286250305E1
2.115627281E2,2.619375038E1,5.362500191E0,4.359375000E1
2.115827235E2,2.610000038E1,5.137500286E0,4.400625229E1
2.116027271E2,2.628750038E1,5.025000095E0,4.421250153E1
2.116227265E2,2.591250038E1,5.193750381E0,4.318125153E1
2.116427234E2,2.540625191E1,5.456250191E0,4.404375076E1
2.116627265E2,2.540625191E1,5.400000095E0,4.320000076E1
2.116827251E2,2.645625114E1,6.018750191E0,4.400625229E1
2.117027312E2,2.613750076E1,6.525000095E0,4.391250229E1
2.117227883E2,2.585625076E1,6.431250095E0,4.423125076E1
2.117427717E2,2.643750191E1,6.337500095E0,4.380000305E1
2.117627641E2,2.546250153E1,6.131250381E0,4.445625305E1
2.117827534E2,2.565000153E1,6.318750381E0,4.455000305E1
2.118027405E2,2.595000076E1,6.375000477E0,4.340625000E1
2.118227378E2,2.602500153E1,6.918750286E0,4.402500153E1
2.118427325E2,2.623125076E1,6.843750477E0,4.361250305E1
2.118627033E2,2.581875038E1,7.218750477E0,4.434375000E1
2.118827093E2,2.602500153E1,6.843750477E0,4.361250305E1
2.119027112E2,2.611875153E1,7.293750286E0,4.278750229E1
2.119227093E2,2.604375076E1,6.787500381E0,4.288125229E1
2.119427497E2,2.615625191E1,6.843750477E0,4.185000229E1
2.119627546E2,2.709375191E1,7.275000095E0,4.243125153E1
2.119827532E2,2.735625076E1,8.137500763E0,4.275000000E1
2.120027472E2,2.831250191E1,7.950000286E0,4.396875000E1
2.120227381E2,2.739375114E1,9.356250763E0,4.224375153E1
2.120427367E2,2.587500191E1,9.225000381E0,4.040625000E1
2.120627333E2,2.595000076E1,9.787500381E0,3.916875076E1
2.120827376E2,2.775000191E1,9.150000572E0,3.714375305E1
2.121027371E2,2.921250153E1,9.318750381E0,3.699375153E1
2.121227326E2,3.195000076E1,8.981250763E0,3.763125229E1
2.121427251E2,3.455625153E1,9.356250763E0,3.840000153E1
2.121627383E2,3.688125229E1,9.093750000E0,4.020000076E1
2.121827335E2,3.853125000E1,8.531250000E0,4.378125000E1
2.122027366E2,3.811875153E1,8.175000191E0,4.689375305E1
2.122227348E2,3.682500076E1,8.306250572E0,4.860000229E1
2.122427295E2,3.360000229E1,8.475000381E0,4.901250076E1
2.122627325E2,3.206250000E1,8.175000191E0,4.831875229E1
2.122827312E2,3.043125153E1,7.800000191E0,4.723125076E1
2.123027258E2,2.985000038E1,7.837500095E0,4.683750153E1
2.123227290E2,2.911875153E1,7.031250477E0,4.571250153E1
2.123427277E2,2.865000153E1,6.581250191E0,4.509375000E1
2.123627227E2,2.859375191E1,6.056250095E0,4.404375076E1
2.123827150E2,2.866875076E1,6.318750381E0,4.436250305E1
2.124027066E2,2.889375114E1,5.718750000E0,4.445625305E1
2.124227065E2,2.926875114E1,6.150000095E0,4.381875229E1
2.124427142E2,2.868750191E1,5.925000191E0,4.456875229E1
2.124627164E2,2.851875114E1,5.456250191E0,4.425000000E1
2.124827818E2,2.910000038E1,5.343750000E0,4.402500153E1
2.125027719E2,2.962500191E1,4.781250000E0,4.318125153E1
2.125227581E2,2.934375191E1,4.593750000E0,4.297500229E1
2.125427534E2,2.923125076E1,5.118750095E0,4.276875305E1
2.125627451E2,2.960625076E1,5.156250000E0,4.350000000E1
2.125827364E2,2.988750076E1,5.325000286E0,4.389375305E1
2.126027352E2,2.951250076E1,5.062500000E0,4.359375000E1
2.126226867E2,2.925000191E1,4.631250381E0,4.267500305E1
2.126426893E2,2.895000076E1,4.481250286E0,4.350000000E1
2.126627000E2,2.966250038E1,4.331250191E0,4.245000076E1
2.126827056E2,2.966250038E1,4.125000000E0,4.254375076E1
2.127027405E2,2.964375114E1,4.425000191E0,4.254375076E1
2.127227298E2,2.943750191E1,4.593750000E0,4.308750153E1
2.127427276E2,3.009375191E1,5.268750191E0,4.306875229E1
2.127627329E2,2.973750114E1,4.668750286E0,4.338750076E1
2.127827328E2,2.975625038E1,4.293750286E0,4.295625305E1
2.128027271E2,2.953125191E1,4.781250000E0,4.329375076E1
2.128227200E2,2.943750191E1,4.725000381E0,4.245000076E1
2.128427215E2,2.925000191E1,4.612500191E0,4.276875305E1
2.128627188E2,2.947500038E1,4.143750191E0,4.224375153E1
2.128827240E2,2.981250191E1,4.950000286E0,4.348125076E1
2.129027241E2,2.955000114E1,4.462500095E0,4.350000000E1
2.129227204E2,2.904375076E1,4.612500191E0,4.308750153E1
2.129427249E2,2.895000076E1,4.743750095E0,4.258125305E1
2.129627241E2,2.906250191E1,4.500000000E0,4.308750153E1
2.129827305E2,2.833125114E1,5.306250095E0,4.333125305E1
2.130027314E2,2.835000038E1,5.268750191E0,4.239375305E1
2.130227266E2,2.765625191E1,5.381250381E0,4.250625229E1
2.130427315E2,2.688750076E1,5.306250095E0,4.254375076E1
2.130627308E2,2.593125153E1,4.743750095E0,4.245000076E1
2.130827262E2,2.578125191E1,4.143750191E0,4.080000305E1
2.131027297E2,2.375625038E1,3.862500191E0,4.001250076E1
2.131227284E2,2.418750191E1,3.243750095E0,3.855000305E1
2.131427235E2,2.521875191E1,2.118750095E0,3.851250076E1
2.131626946E2,2.670000076E1,1.593750119E0,3.804375076E1
2.131827004E2,2.835000038E1,1.725000024E0,3.851250076E1
2.132027132E2,2.953125191E1,1.125000000E0,3.973125076E1
2.132227194E2,2.986875153E1,2.025000095E0,4.087500000E1
2.132427656E2,2.992500114E1,3.168750048E0,3.993750000E1
2.132627518E2,2.964375114E1,2.962500095E0,4.036875153E1
2.132827467E2,2.992500114E1,2.943750143E0,4.055625153E1
2.133027379E2,2.941875076E1,3.450000048E0,4.057500076E1
2.133227381E2,3.011250114E1,3.018750191E0,4.076250076E1
2.133427328E2,3.005625153E1,2.156250000E0,4.044375229E1
2.133627261E2,2.968125153E1,1.950000048E0,4.087500000E1
2.133826848E2,2.975625038E1,2.212500095E0,4.117500305E1
2.134026927E2,3.035625076E1,2.118750095E0,4.074375153E1
2.134226961E2,3.035625076E1,1.950000048E0,4.044375229E1
2.134427067E2,3.110625076E1,2.456250191E0,4.134375000E1
2.134627344E2,2.985000038E1,2.193750143E0,4.138125229E1
2.134827294E2,3.054375076E1,2.062500000E0,4.168125153E1
2.135027316E2,3.037500191E1,1.293750048E0,4.136250305E1
2.135227285E2,3.009375191E1,1.181250095E0,4.188750076E1
2.135427333E2,2.970000076E1,1.143750072E0,4.096875000E1
2.135627318E2,3.016875076E1,1.687500119E0,4.147500229E1
2.135827275E2,3.026250076E1,1.781250119E0,4.147500229E1
2.136027310E2,2.986875153E1,1.593750119E0,4.158750153E1
2.136227296E2,2.960625076E1,1.331250072E0,4.108125305E1
2.136427242E2,2.998125076E1,1.406250000E0,4.147500229E1
2.136627270E2,2.970000076E1,1.406250000E0,4.170000076E1
2.136827256E2,2.941875076E1,1.125000000E0,4.140000153E1
2.137027222E2,2.968125153E1,1.518750072E0,4.128750229E1
2.137227250E2,2.977500153E1,1.893750072E0,4.170000076E1
2.137427234E2,2.986875153E1,1.725000024E0,4.117500305E1
2.137627291E2,2.988750076E1,1.368750095E0,4.200000000E1
2.137827863E2,2.941875076E1,1.125000000E0,4.140000153E1
2.138027811E2,2.951250076E1,8.812500238E-1,4.201875305E1
2.138227708E2,3.011250114E1,9.187500477E-1,4.115625000E1
2.138427575E2,3.007500076E1,1.481250048E0,4.179375076E1
2.138627425E2,3.007500076E1,1.593750119E0,4.158750153E1
2.138827394E2,2.977500153E1,1.612500072E0,4.138125229E1
2.139027323E2,2.988750076E1,1.443750024E0,4.085625076E1
2.139226909E2,2.953125191E1,8.062500358E-1,4.158750153E1
2.139426988E2,3.000000191E1,1.106250048E0,4.147500229E1
2.139627024E2,3.020625114E1,8.250000477E-1,4.106250000E1
2.139827136E2,2.970000076E1,1.200000048E0,4.170000076E1
2.140027526E2,2.970000076E1,1.331250072E0,4.128750229E1
2.140227451E2,3.086250114E1,9.750000238E-1,4.312500000E1
2.140427451E2,2.981250191E1,1.031250000E0,4.117500305E1
2.140627408E2,2.953125191E1,8.250000477E-1,4.149375153E1
2.140827330E2,2.934375191E1,5.437500477E-1,4.117500305E1
2.141027324E2,2.934375191E1,3.562500179E-1,4.096875000E1
2.141227299E2,3.022500038E1,6.562500000E-1,4.053750229E1
2.141427349E2,2.962500191E1,9.187500477E-1,4.138125229E1
2.141627347E2,2.981250191E1,1.031250000E0,4.106250000E1
2.141827304E2,3.013125038E1,3.375000060E-1,4.106250000E1
2.142027343E2,2.936250114E1,1.500000060E-1,4.108125305E1
2.142227448E2,2.934375191E1,3.562500179E-1,4.096875000E1
2.142427376E2,2.975625038E1,1.500000060E-1,4.085625076E1
2.142627389E2,2.975625038E1,2.437500060E-1,4.096875000E1
2.142827357E2,2.966250038E1,-5.625000224E-2,4.117500305E1
2.143027290E2,2.973750114E1,3.937500119E-1,4.179375076E1
2.143227300E2,2.985000038E1,2.625000179E-1,4.065000153E1
2.143427285E2,2.943750191E1,3.187500238E-1,4.158750153E1
2.143627230E2,2.915625191E1,1.687500030E-1,4.108125305E1
2.143827261E2,2.966250038E1,-2.625000179E-1,4.138125229E1
2.144027247E2,2.906250191E1,4.875000119E-1,4.078125000E1
2.144227196E2,2.945625114E1,3.750000149E-2,4.128750229E1
2.144427236E2,2.943750191E1,1.875000000E-1,4.211250305E1
2.144627015E2,2.934375191E1,5.250000358E-1,4.160625076E1
2.144827127E2,2.926875114E1,1.500000060E-1,4.117500305E1
2.145027181E2,2.878125191E1,-1.500000060E-1,4.140000153E1
2.145227184E2,2.955000114E1,1.500000060E-1,4.096875000E1
2.145427710E2,2.945625114E1,4.687500298E-1,4.066875076E1
2.145627513E2,2.926875114E1,1.500000060E-1,4.108125305E1
2.145827415E2,2.941875076E1,9.000000358E-1,4.190625000E1
2.146027403E2,2.911875153E1,7.875000238E-1,4.213125229E1
2.146227354E2,2.962500191E1,5.812500119E-1,4.200000000E1
2.146427259E2,2.964375114E1,5.437500477E-1,4.117500305E1
2.146627166E2,2.915625191E1,4.312500060E-1,4.160625076E1
2.146826730E2,2.904375076E1,7.500000000E-1,4.108125305E1
2.147026797E2,2.951250076E1,1.087500095E0,4.201875305E1
2.147226935E2,2.958750153E1,1.593750119E0,4.170000076E1
2.147427012E2,2.919375038E1,1.612500072E0,4.160625076E1
2.147627262E2,2.926875114E1,1.968750119E0,4.233750153E1
2.147827304E2,2.951250076E1,7.875000238E-1,4.190625000E1
2.148027286E2,2.970000076E1,1.293750048E0,4.179375076E1
2.148227339E2,2.902500153E1,1.012500048E0,4.181250000E1
2.148427335E2,2.958750153E1,1.612500072E0,4.140000153E1
2.148627272E2,2.985000038E1,2.156250000E0,4.222500229E1
2.148827310E2,2.996250153E1,1.875000119E0,4.190625000E1
2.149027293E2,2.979375076E1,1.256250024E0,4.243125153E1
2.149227239E2,2.958750153E1,1.593750119E0,4.181250000E1
2.149427266E2,2.966250038E1,1.987500072E0,4.181250000E1
2.149627247E2,2.947500038E1,1.931250095E0,4.119375229E1
2.149827194E2,2.996250153E1,2.100000143E0,4.138125229E1
2.150027237E2,3.061875153E1,2.381250143E0,4.147500229E1
2.150227218E2,3.063750076E1,1.968750119E0,4.156875229E1
2.150427276E2,3.030000114E1,2.831250191E0,4.220625305E1
2.150627281E2,3.011250114E1,3.187500238E0,4.138125229E1
2.150827232E2,3.013125038E1,2.437500000E0,4.231875229E1
2.151027279E2,3.013125038E1,2.475000143E0,4.158750153E1
2.151227271E2,3.039375114E1,3.037500143E0,4.220625305E1
2.151427225E2,3.039375114E1,3.056250095E0,4.168125153E1
2.151627262E2,3.056250191E1,3.750000238E0,4.179375076E1
2.151827250E2,3.127500153E1,3.037500143E0,4.145625305E1
2.152027316E2,3.076875114E1,3.281250238E0,4.271250153E1
2.152227000E2,3.106875038E1,3.468750238E0,4.125000000E1
2.152427039E2,3.097500038E1,3.318750143E0,4.209375000E1
2.152627148E2,3.058125114E1,3.375000238E0,4.138125229E1
2.152827196E2,3.127500153E1,3.131250143E0,4.166250229E1
2.153027535E2,3.123750114E1,3.900000095E0,4.209375000E1
2.153227528E2,3.065625191E1,3.843750238E0,4.179375076E1
2.153427468E2,3.172500038E1,4.012500286E0,4.155000305E1
2.153627374E2,3.163125038E1,3.581250191E0,4.228125000E1
2.153827369E2,3.123750114E1,3.825000048E0,4.166250229E1
2.154027309E2,3.097500038E1,3.450000048E0,4.136250305E1
2.154227240E2,3.153750038E1,3.937500238E0,4.125000000E1
2.154427369E2,3.101250076E1,4.518750191E0,4.168125153E1
2.154627319E2,3.198750114E1,4.368750095E0,4.216875076E1
2.154827351E2,3.240000153E1,4.275000095E0,4.173750305E1
2.155027337E2,3.228750229E1,4.481250286E0,4.185000229E1
2.155227400E2,3.200625229E1,4.106250286E0,4.143750000E1
2.155427409E2,3.230625153E1,4.293750286E0,4.143750000E1
2.155627367E2,3.202500153E1,3.712500095E0,4.143750000E1
2.155827294E2,3.200625229E1,4.181250095E0,4.196250153E1
2.156027309E2,3.258750153E1,4.331250191E0,4.091250229E1
2.156227278E2,3.285000229E1,4.875000000E0,4.153125000E1
2.156427336E2,3.238125229E1,4.612500191E0,4.111875153E1
2.156627338E2,3.273750305E1,5.381250381E0,4.143750000E1
2.156827297E2,3.277500153E1,4.612500191E0,4.100625229E1
2.157027339E2,3.256875229E1,4.781250000E0,4.143750000E1
2.157227333E2,3.268125153E1,4.518750191E0,4.091250229E1
2.157427401E2,3.268125153E1,4.575000286E0,4.153125000E1
2.157627199E2,3.288750076E1,4.331250191E0,4.080000305E1
2.157827211E2,3.363750076E1,4.762500286E0,4.128750229E1
2.158027185E2,3.316875076E1,4.706250191E0,4.089375305E1
2.158227240E2,3.346875000E1,4.275000095E0,4.119375229E1
2.158427810E2,3.375000000E1,4.593750000E0,4.076250076E1
2.158627645E2,3.320625305E1,3.918750048E0,4.089375305E1
2.158827573E2,3.348750305E1,4.218750000E0,4.046250153E1
2.159027470E2,3.408750153E1,3.918750048E0,4.012500000E1
2.159227345E2,3.416250229E1,4.537500381E0,3.982500076E1
2.159427313E2,3.384375000E1,4.687500000E0,4.087500000E1
2.159627264E2,3.406875229E1,4.106250286E0,4.055625153E1
2.159826975E2,3.395625305E1,4.406250000E0,4.035000229E1
2.160027040E2,3.416250229E1,4.125000000E0,4.012500000E1
2.160227063E2,3.406875229E1,4.218750000E0,4.035000229E1
2.160427158E2,3.425625229E1,4.312500000E0,4.033125305E1
2.160627424E2,3.399375153E1,3.825000048E0,4.014375305E1
2.160827363E2,3.418125153E1,4.012500286E0,4.023750305E1
2.161027377E2,3.436875153E1,4.087500095E0,4.053750229E1
2.161227346E2,3.493125153E1,4.481250286E0,4.042500305E1
2.161427279E2,3.399375153E1,3.806250095E0,4.055625153E1
2.161627283E2,3.466875076E1,3.712500095E0,4.021875000E1
2.161827265E2,3.431250000E1,3.206250191E0,4.042500305E1
2.162027206E2,3.446250153E1,3.900000095E0,4.053750229E1
2.162227235E2,3.448125076E1,3.843750238E0,3.960000229E1
2.162427218E2,3.506250000E1,3.581250191E0,4.051875305E1
2.162627278E2,3.478125000E1,3.581250191E0,4.072500229E1
2.162827289E2,3.446250153E1,3.787500143E0,4.074375153E1
2.163027257E2,3.480000305E1,3.112500191E0,4.010625076E1
2.163227300E2,3.433125305E1,2.831250191E0,4.021875000E1
2.163427292E2,3.421875000E1,2.718750000E0,4.042500305E1
2.163627243E2,3.470625305E1,3.000000000E0,4.031250000E1
2.163827277E2,3.431250000E1,2.925000191E0,4.021875000E1
2.164027267E2,3.468750000E1,3.168750048E0,4.104375076E1
2.164227215E2,3.433125305E1,2.625000000E0,4.012500000E1
2.164427250E2,3.423750305E1,2.325000048E0,4.021875000E1
2.164627237E2,3.423750305E1,2.456250191E0,3.980625153E1
2.164827298E2,3.444375229E1,2.025000095E0,4.042500305E1
2.165027309E2,3.495000076E1,1.743750095E0,3.978750229E1
2.165227060E2,3.390000153E1,1.237500072E0,4.063125229E1
2.165427153E2,3.416250229E1,2.175000191E0,3.969375229E1
2.165627188E2,3.448125076E1,1.125000000E0,4.031250000E1
2.165827176E2,3.416250229E1,2.137500048E0,4.012500000E1
2.166027582E2,3.410625076E1,9.375000596E-1,4.042500305E1
2.166227515E2,3.399375153E1,1.256250024E0,4.001250076E1
2.166427410E2,3.382500076E1,7.500000000E-1,4.042500305E1
2.166627392E2,3.382500076E1,8.437500596E-1,4.033125305E1
2.166827337E2,3.391875076E1,6.562500000E-1,4.021875000E1
2.167027351E2,3.401250076E1,8.437500596E-1,4.042500305E1
2.167227340E2,3.410625076E1,9.187500477E-1,4.063125229E1
2.167426854E2,3.380625153E1,1.350000024E0,4.044375229E1
2.167626987E2,3.393750000E1,2.437500060E-1,4.051875305E1
2.167827062E2,3.354375076E1,6.750000119E-1,4.023750305E1
2.168027087E2,3.356250000E1,5.625000224E-2,4.053750229E1
2.168227412E2,3.335625076E1,3.375000060E-1,4.106250000E1
2.168427398E2,3.337500000E1,-3.375000060E-1,4.074375153E1
2.168627337E2,3.294375229E1,4.312500060E-1,4.117500305E1
2.168827353E2,3.315000153E1,4.500000179E-1,4.085625076E1
2.169027323E2,3.345000076E1,2.062500119E-1,4.158750153E1
2.169227250E2,3.285000229E1,4.500000179E-1,4.087500000E1
2.169427275E2,3.315000153E1,4.125000238E-1,4.149375153E1
2.169627250E2,3.279375076E1,-3.375000060E-1,4.096875000E1
2.169827304E2,3.270000076E1,-5.250000358E-1,4.087500000E1
2.170027306E2,3.279375076E1,-5.437500477E-1,4.117500305E1
2.170227268E2,3.324375153E1,-5.625000224E-2,4.252500153E1
2.170427200E2,3.268125153E1,5.625000224E-2,4.096875000E1
2.170627120E2,3.247500229E1,-7.500000298E-2,4.160625076E1
2.170827117E2,3.279375076E1,-3.750000000E-1,4.158750153E1
2.171027191E2,3.240000153E1,-3.750000000E-1,4.192500305E1
2.171227212E2,3.221250153E1,-6.375000477E-1,4.130625153E1
2.171427175E2,3.191250038E1,-6.562500000E-1,4.192500305E1
2.171627235E2,3.223125076E1,-1.031250000E0,4.128750229E1
2.171827238E2,3.219375229E1,-3.000000119E-1,4.224375153E1
2.172027311E2,3.172500038E1,-5.437500477E-1,4.162500000E1
2.172227325E2,3.219375229E1,-3.937500119E-1,4.213125229E1
2.172427293E2,3.249375153E1,-3.750000000E-1,4.181250000E1
2.172627227E2,3.228750229E1,-4.125000238E-1,4.254375076E1
2.172826922E2,3.163125038E1,-7.125000358E-1,4.130625153E1
2.173026973E2,3.153750038E1,-1.068750024E0,4.235625076E1
2.173227091E2,3.155625153E1,-1.012500048E0,4.141875076E1
2.173427149E2,3.125625038E1,-1.050000072E0,4.226250076E1
2.173627494E2,3.219375229E1,-3.000000119E-1,4.233750153E1
2.173827495E2,3.219375229E1,-3.750000000E-1,4.192500305E1
2.174027441E2,3.189375114E1,-3.750000149E-2,4.151250076E1
2.174227348E2,3.221250153E1,-5.625000000E-1,4.171875000E1
2.174427346E2,3.142500114E1,-4.687500298E-1,4.215000153E1
2.174627288E2,3.174375153E1,-1.275000095E0,4.213125229E1
2.174827333E2,3.123750114E1,-7.125000358E-1,4.153125000E1
2.175027326E2,3.161250114E1,-2.250000089E-1,4.132500076E1
2.175227277E2,3.121875191E1,-2.812500000E-1,4.258125305E1
2.175427311E2,3.151875114E1,-2.250000089E-1,4.141875076E1
2.175627299E2,3.080625153E1,1.875000075E-2,4.260000229E1
2.175827364E2,3.200625229E1,-2.812500000E-1,4.203750229E1
2.176027260E2,3.120000076E1,3.375000060E-1,4.196250153E1
2.176227249E2,3.161250114E1,-4.687500298E-1,4.203750229E1
2.176427201E2,3.093750191E1,-5.625000000E-1,4.228125000E1
2.176627238E2,3.142500114E1,-3.562500179E-1,4.215000153E1
2.176827219E2,3.138750076E1,4.312500060E-1,4.216875076E1
2.177027289E2,3.118125153E1,6.187500358E-1,4.237500000E1
2.177227304E2,3.069375038E1,4.125000238E-1,4.280625153E1
2.177427270E2,3.159375191E1,2.250000089E-1,4.226250076E1
2.177627319E2,3.080625153E1,2.437500060E-1,4.216875076E1
2.177827312E2,3.090000153E1,2.250000089E-1,4.248750305E1
2.178027270E2,3.041250038E1,3.562500179E-1,4.230000305E1
2.178227095E2,3.061875153E1,1.875000000E-1,4.155000305E1
2.178427132E2,3.078750038E1,4.312500060E-1,4.248750305E1
2.178627125E2,3.108750153E1,3.562500179E-1,4.196250153E1
2.178827195E2,3.056250191E1,1.218750000E0,4.271250153E1
2.179027667E2,3.088125038E1,7.125000358E-1,4.269375229E1
2.179227648E2,3.058125114E1,9.562500119E-1,4.186875153E1
2.179427579E2,3.039375114E1,6.750000119E-1,4.188750076E1
2.179627472E2,3.030000114E1,5.250000358E-1,4.271250153E1
2.179827457E2,3.067500114E1,9.375000596E-1,4.228125000E1
2.180027388E2,3.097500038E1,6.375000477E-1,4.216875076E1
2.180227316E2,3.213750076E1,7.125000358E-1,4.359375000E1
2.180427440E2,3.065625191E1,1.312500000E0,4.271250153E1
2.180627385E2,3.084375191E1,1.406250000E0,4.248750305E1
2.180827300E2,3.039375114E1,6.375000477E-1,4.250625229E1
2.181027307E2,3.065625191E1,1.443750024E0,4.218750000E1
2.181227505E2,3.007500076E1,1.443750024E0,4.231875229E1
2.181427394E2,3.018750191E1,1.050000072E0,4.241250229E1
2.181627373E2,3.011250114E1,4.312500060E-1,4.271250153E1
2.181827317E2,3.093750191E1,1.518750072E0,4.239375305E1
2.182027234E2,3.063750076E1,1.893750072E0,4.291875076E1
2.182227232E2,3.035625076E1,1.518750072E0,4.250625229E1
2.182427209E2,3.065625191E1,1.143750072E0,4.385625076E1
2.182627264E2,3.005625153E1,1.406250000E0,4.303125000E1
2.182827270E2,3.046875191E1,1.350000024E0,4.218750000E1
2.183027234E2,3.039375114E1,1.087500095E0,4.156875229E1
2.183227278E2,3.048750114E1,8.250000477E-1,4.250625229E1
2.183427274E2,3.018750191E1,8.250000477E-1,4.271250153E1
2.183627244E2,3.078750038E1,2.625000179E-1,4.374375153E1
2.183827278E2,3.028125191E1,7.875000238E-1,4.323750305E1
2.184027265E2,3.082500076E1,1.781250119E0,4.312500000E1
2.184227214E2,2.966250038E1,1.500000000E0,4.346250153E1
2.184427811E2,3.037500191E1,9.187500477E-1,4.282500076E1
2.184627670E2,3.058125114E1,9.375000596E-1,4.230000305E1
2.184827614E2,3.125625038E1,1.237500072E0,4.207500076E1
2.185027523E2,3.056250191E1,1.406250000E0,4.271250153E1
2.185227406E2,3.144375038E1,9.562500119E-1,4.331250000E1
2.185427387E2,3.054375076E1,1.725000024E0,4.250625229E1
2.185627338E2,3.142500114E1,1.668750048E0,4.278750229E1
2.185827047E2,3.150000191E1,1.931250095E0,4.363125229E1
2.186027111E2,3.133125114E1,1.668750048E0,4.290000153E1
2.186227132E2,3.033750153E1,1.687500119E0,4.314375305E1
2.186427114E2,3.084375191E1,1.406250000E0,4.260000229E1
2.186627517E2,3.138750076E1,2.268750191E0,4.280625153E1
2.186827565E2,3.168750191E1,2.268750191E0,4.278750229E1
2.187027435E2,3.120000076E1,2.175000191E0,4.290000153E1
2.187227402E2,3.189375114E1,2.268750191E0,4.246875000E1
2.187427335E2,3.101250076E1,2.175000191E0,4.301250076E1
2.187627346E2,3.133125114E1,1.668750048E0,4.290000153E1
2.187827325E2,3.065625191E1,1.518750072E0,4.250625229E1
2.188027378E2,3.144375038E1,1.425000072E0,4.205625153E1
2.188227382E2,3.142500114E1,1.387500048E0,4.278750229E1
2.188427342E2,3.159375191E1,2.250000000E0,4.299375153E1
2.188627269E2,3.129375076E1,2.250000000E0,4.321875000E1
2.188827402E2,3.140625191E1,1.875000119E0,4.290000153E1
2.189027353E2,3.091875076E1,1.987500072E0,4.291875076E1
2.189227271E2,3.121875191E1,1.875000119E0,4.301250076E1
2.189427280E2,3.103125191E1,1.368750095E0,4.321875000E1
2.189627250E2,3.086250114E1,1.312500000E0,4.248750305E1
2.189827287E2,3.086250114E1,1.143750072E0,4.198125076E1
2.190027291E2,3.170625114E1,2.006250143E0,4.196250153E1
2.190227253E2,3.106875038E1,1.143750072E0,4.196250153E1
2.190427295E2,3.125625038E1,1.068750024E0,4.299375153E1
2.190627287E2,3.135000038E1,9.750000238E-1,4.299375153E1
2.190827243E2,3.086250114E1,1.087500095E0,4.312500000E1
2.191027282E2,3.127500153E1,3.562500179E-1,4.340625000E1
2.191227171E2,3.078750038E1,7.312500477E-1,4.228125000E1
2.191427143E2,3.165000153E1,5.437500477E-1,4.329375076E1
2.191627201E2,3.065625191E1,1.106250048E0,4.291875076E1
2.191827209E2,3.135000038E1,8.812500238E-1,4.299375153E1
2.192027739E2,3.105000114E1,9.562500119E-1,4.331250000E1
2.192227655E2,3.165000153E1,8.812500238E-1,4.278750229E1
2.192427533E2,3.078750038E1,3.000000119E-1,4.280625153E1
2.192627503E2,3.078750038E1,5.250000358E-1,4.248750305E1
2.192827432E2,3.080625153E1,2.062500119E-1,4.280625153E1
2.193027347E2,3.135000038E1,8.437500596E-1,4.340625000E1
2.193227345E2,3.084375191E1,1.387500048E0,4.291875076E1
2.193426870E2,3.144375038E1,9.750000238E-1,4.299375153E1
2.193626902E2,3.065625191E1,1.068750024E0,4.333125305E1
2.193827014E2,3.095625114E1,1.050000072E0,4.363125229E1
2.194027070E2,3.007500076E1,1.406250000E0,4.293750000E1
2.194227423E2,3.084375191E1,1.293750048E0,4.301250076E1
2.194427427E2,3.046875191E1,7.687500119E-1,4.365000153E1
2.194627379E2,3.046875191E1,1.106250048E0,4.303125000E1
2.194827409E2,3.016875076E1,1.312500000E0,4.293750000E1
2.195027385E2,3.095625114E1,1.275000095E0,4.301250076E1
2.195227310E2,3.056250191E1,1.162500024E0,4.353750229E1
2.195427226E2,3.016875076E1,9.937500358E-1,4.344375229E1
2.195627232E2,2.998125076E1,9.937500358E-1,4.335000229E1
2.195827197E2,2.986875153E1,1.387500048E0,4.355625153E1
2.196027246E2,2.970000076E1,9.000000358E-1,4.346250153E1
2.196227245E2,3.054375076E1,1.387500048E0,4.323750305E1
2.196427208E2,3.007500076E1,1.425000072E0,4.261875153E1
2.196627264E2,3.015000153E1,1.575000048E0,4.344375229E1
2.196827252E2,2.994375038E1,1.968750119E0,4.357500076E1
2.197027314E2,2.966250038E1,1.668750048E0,4.387500000E1
2.197227322E2,2.996250153E1,1.406250000E0,4.314375305E1
2.197427277E2,2.977500153E1,1.518750072E0,4.305000305E1
2.197627325E2,2.958750153E1,1.462500095E0,4.222500229E1
2.197827318E2,3.013125038E1,1.875000119E0,4.355625153E1
2.198027272E2,3.024375153E1,2.062500000E0,4.188750076E1
2.198227306E2,3.052500153E1,2.268750191E0,4.147500229E1
2.198427293E2,3.024375153E1,1.818750024E0,4.273125076E1
2.198627358E2,3.015000153E1,2.025000095E0,4.252500153E1
2.198827043E2,3.054375076E1,1.725000024E0,4.230000305E1
2.199027080E2,3.033750153E1,1.912500024E0,4.261875153E1
2.199227076E2,3.045000076E1,1.593750119E0,4.291875076E1
2.199427149E2,3.013125038E1,2.212500095E0,4.293750000E1
2.199627622E2,3.061875153E1,2.175000191E0,4.333125305E1
2.199827497E2,2.992500114E1,2.062500000E0,4.378125000E1
2.200027454E2,3.043125153E1,1.668750048E0,4.335000229E1
2.200227375E2,2.992500114E1,2.437500000E0,4.252500153E1
2.200427383E2,3.054375076E1,1.687500119E0,4.303125000E1
2.200627332E2,2.994375038E1,1.912500024E0,4.284375000E1
2.200827270E2,3.003750038E1,1.987500072E0,4.346250153E1
2.201027406E2,2.953125191E1,2.493750095E0,4.327500153E1
2.201227358E2,3.018750191E1,3.056250095E0,4.346250153E1
2.201427281E2,3.000000191E1,2.812500000E0,4.284375000E1
2.201627291E2,3.060000038E1,2.381250143E0,4.303125000E1
2.201827376E2,2.971875191E1,2.700000048E0,4.305000305E1
2.202027403E2,3.039375114E1,2.418750048E0,4.408125305E1
2.202227377E2,2.992500114E1,2.325000048E0,4.263750076E1
2.202427317E2,3.039375114E1,2.681250095E0,4.323750305E1
2.202627341E2,3.020625114E1,2.793750048E0,4.284375000E1
2.202827307E2,3.058125114E1,2.943750143E0,4.365000153E1
2.203027369E2,3.020625114E1,2.775000095E0,4.335000229E1
2.203227374E2,3.031875038E1,2.381250143E0,4.323750305E1
2.203427338E2,3.048750114E1,2.906250000E0,4.261875153E1
2.203627267E2,3.011250114E1,2.475000143E0,4.346250153E1
2.203827287E2,2.992500114E1,2.456250191E0,4.222500229E1
2.204027267E2,3.050625038E1,2.156250000E0,4.365000153E1
2.204227110E2,2.977500153E1,3.262500048E0,4.378125000E1
2.204427164E2,3.071250153E1,2.381250143E0,4.312500000E1
2.204627170E2,3.030000114E1,2.568750143E0,4.325625229E1
2.204827249E2,3.000000191E1,2.887500048E0,4.325625229E1
2.205027837E2,2.951250076E1,2.700000048E0,4.336875153E1
2.205227684E2,3.138750076E1,1.931250095E0,4.518750000E1
2.205427617E2,3.048750114E1,2.850000143E0,4.344375229E1
2.205627517E2,3.060000038E1,2.325000048E0,4.417500305E1
2.205827394E2,3.080625153E1,2.475000143E0,4.303125000E1
2.206027359E2,3.050625038E1,2.325000048E0,4.396875000E1
2.206227307E2,3.009375191E1,2.906250000E0,4.293750000E1
2.206426904E2,3.050625038E1,2.137500048E0,4.385625076E1
2.206626995E2,3.052500153E1,1.987500072E0,4.291875076E1
2.206827040E2,3.071250153E1,2.118750095E0,4.396875000E1
2.207027153E2,3.118125153E1,2.531250000E0,4.353750229E1
2.207227434E2,3.050625038E1,2.437500000E0,4.385625076E1
2.207427385E2,3.127500153E1,2.643750191E0,4.342500305E1
2.207627411E2,3.060000038E1,2.643750191E0,4.365000153E1
2.207827387E2,3.080625153E1,1.931250095E0,4.374375153E1
2.208027322E2,3.043125153E1,1.668750048E0,4.344375229E1
2.208227327E2,3.073125076E1,1.575000048E0,4.333125305E1
2.208427308E2,3.063750076E1,1.481250048E0,4.333125305E1
2.208627362E2,3.090000153E1,2.025000095E0,4.385625076E1
2.208827364E2,3.091875076E1,1.950000048E0,4.333125305E1
2.209027322E2,3.043125153E1,1.743750095E0,4.385625076E1
2.209227250E2,3.063750076E1,1.462500095E0,4.353750229E1
2.209427269E2,3.063750076E1,1.462500095E0,4.344375229E1
2.209627360E2,3.035625076E1,1.481250048E0,4.323750305E1
2.209827387E2,3.112500191E1,1.481250048E0,4.301250076E1
2.210027365E2,3.082500076E1,1.781250119E0,4.291875076E1
2.210227306E2,3.093750191E1,1.668750048E0,4.312500000E1
2.210427329E2,3.054375076E1,1.612500072E0,4.282500076E1
2.210627311E2,3.003750038E1,1.912500024E0,4.305000305E1
2.210827256E2,3.075000191E1,1.200000048E0,4.280625153E1
2.211027286E2,2.986875153E1,1.312500000E0,4.293750000E1
2.211227269E2,2.977500153E1,1.575000048E0,4.200000000E1
2.211427217E2,3.003750038E1,2.006250143E0,4.305000305E1
2.211627254E2,2.994375038E1,1.912500024E0,4.293750000E1
2.211827142E2,2.956875038E1,1.837500095E0,4.284375000E1
2.212027229E2,2.985000038E1,2.137500048E0,4.252500153E1
2.212227257E2,2.964375114E1,2.231250048E0,4.275000000E1
2.212427239E2,2.973750114E1,2.193750143E0,4.336875153E1
2.212627750E2,2.919375038E1,1.556250095E0,4.265625000E1
2.212827650E2,2.945625114E1,2.250000000E0,4.243125153E1
2.213027516E2,2.936250114E1,2.043750048E0,4.286250305E1
2.213227478E2,2.902500153E1,3.018750191E0,4.329375076E1
2.213427403E2,2.943750191E1,2.493750095E0,4.336875153E1
2.213627294E2,2.941875076E1,2.793750048E0,4.348125076E1
2.213827301E2,2.934375191E1,2.306250095E0,4.327500153E1
2.214026830E2,2.911875153E1,3.112500191E0,4.329375076E1
2.214226865E2,2.913750076E1,2.287500143E0,4.359375000E1
2.214426981E2,2.941875076E1,2.906250000E0,4.306875229E1
2.214627042E2,2.949375153E1,3.393750191E0,4.318125153E1
2.214827280E2,2.949375153E1,3.168750048E0,4.380000305E1
2.215027312E2,2.998125076E1,3.468750238E0,4.336875153E1
2.215227290E2,3.056250191E1,2.756250143E0,4.520625305E1
2.215427341E2,2.951250076E1,2.962500095E0,4.380000305E1
2.215627336E2,2.951250076E1,2.793750048E0,4.336875153E1
2.215827273E2,2.941875076E1,2.868750095E0,4.380000305E1
2.216027311E2,3.013125038E1,3.993750095E0,4.460625076E1
2.216227296E2,2.996250153E1,3.450000048E0,4.389375305E1
2.216427242E2,3.045000076E1,3.393750191E0,4.440000153E1
2.216627272E2,3.024375153E1,3.581250191E0,4.460625076E1
2.216827257E2,3.063750076E1,3.450000048E0,4.522500229E1
2.217027317E2,3.065625191E1,3.187500238E0,4.438125229E1
2.217227224E2,3.065625191E1,3.187500238E0,4.458750153E1
2.217427210E2,3.054375076E1,3.693750143E0,4.449375153E1
2.217627269E2,3.110625076E1,3.843750238E0,4.500000000E1
2.217827280E2,3.110625076E1,3.825000048E0,4.509375000E1
2.218027234E2,3.103125191E1,3.656250238E0,4.490625000E1
2.218227172E2,3.142500114E1,3.675000191E0,4.436250305E1
2.218427194E2,3.133125114E1,3.037500143E0,4.509375000E1
2.218627173E2,3.110625076E1,3.843750238E0,4.500000000E1
2.218827232E2,3.123750114E1,3.075000048E0,4.447500229E1
2.219027237E2,3.150000191E1,3.750000238E0,4.456875229E1
2.219227202E2,3.131250191E1,3.825000048E0,4.520625305E1
2.219426923E2,3.172500038E1,3.581250191E0,4.383750153E1
2.219626992E2,3.206250000E1,4.312500000E0,4.498125076E1
2.219827123E2,3.208125305E1,3.825000048E0,4.455000305E1
2.220027188E2,3.142500114E1,3.693750143E0,4.406250000E1
2.220227650E2,3.121875191E1,3.918750048E0,4.353750229E1
2.220427627E2,3.161250114E1,3.787500143E0,4.395000076E1
2.220627549E2,3.168750191E1,4.181250095E0,4.395000076E1
2.220827441E2,3.198750114E1,4.050000191E0,4.413750076E1
2.221027424E2,3.166875076E1,4.556250095E0,4.426875305E1
2.221227354E2,3.198750114E1,3.862500191E0,4.425000000E1
2.221427385E2,3.187500191E1,4.443750381E0,4.436250305E1
2.221627367E2,3.249375153E1,3.750000238E0,4.423125076E1
2.221827312E2,3.178125191E1,4.275000095E0,4.395000076E1
2.222027343E2,3.170625114E1,4.106250286E0,4.363125229E1
2.222227328E2,3.225000000E1,4.856250286E0,4.404375076E1
2.222427392E2,3.217500305E1,4.275000095E0,4.372500229E1
2.222627290E2,3.253125000E1,4.912500381E0,4.466250229E1
2.222827279E2,3.275625229E1,4.425000191E0,4.432500076E1
2.223027233E2,3.234375000E1,4.762500286E0,4.361250305E1
2.223227272E2,3.277500153E1,4.068750381E0,4.338750076E1
2.223427252E2,3.258750153E1,3.806250095E0,4.318125153E1
2.223627213E2,3.249375153E1,3.993750095E0,4.340625000E1
2.223827253E2,3.285000229E1,4.612500191E0,4.276875305E1
2.224027244E2,3.266250229E1,4.406250000E0,4.288125229E1
2.224227198E2,3.266250229E1,4.143750191E0,4.391250229E1
2.224427235E2,3.290625000E1,3.618750095E0,4.276875305E1
2.224627229E2,3.249375153E1,3.731250048E0,4.276875305E1
2.224827085E2,3.260625076E1,3.600000143E0,4.318125153E1
2.225027145E2,3.243750000E1,3.000000000E0,4.338750076E1
2.225227154E2,3.271875000E1,3.225000143E0,4.286250305E1
2.225427235E2,3.283125305E1,3.018750191E0,4.297500229E1
2.225627710E2,3.294375229E1,2.493750095E0,4.336875153E1
2.225827582E2,3.281250000E1,3.300000191E0,4.318125153E1
2.226027538E2,3.255000305E1,2.737500191E0,4.256250000E1
2.226227457E2,3.238125229E1,1.912500024E0,4.338750076E1
2.226427347E2,3.305625153E1,2.325000048E0,4.263750076E1
2.226627326E2,3.191250038E1,1.762500048E0,4.278750229E1
2.226827285E2,3.249375153E1,1.875000119E0,4.213125229E1
2.227026885E2,3.296250153E1,2.212500095E0,4.295625305E1
2.227226978E2,3.294375229E1,2.643750191E0,4.245000076E1
2.227427021E2,3.275625229E1,2.231250048E0,4.265625000E1
2.227627136E2,3.294375229E1,2.456250191E0,4.233750153E1
2.227827417E2,3.277500153E1,1.856250048E0,4.254375076E1
2.228027481E2,3.266250229E1,2.193750143E0,4.348125076E1
2.228227477E2,3.178125191E1,2.250000000E0,4.299375153E1
2.228427426E2,3.217500305E1,2.437500000E0,4.288125229E1
2.228627341E2,3.255000305E1,2.662500143E0,4.224375153E1
2.228827332E2,3.245625305E1,2.625000000E0,4.297500229E1
2.229027300E2,3.283125305E1,2.812500000E0,4.306875229E1
2.229227344E2,3.292500305E1,3.037500143E0,4.254375076E1
2.229427340E2,3.266250229E1,2.325000048E0,4.306875229E1
2.229627295E2,3.234375000E1,2.606250048E0,4.329375076E1
2.229827333E2,3.275625229E1,2.400000095E0,4.338750076E1
2.230027323E2,3.258750153E1,1.725000024E0,4.297500229E1
2.230227290E2,3.316875076E1,1.725000024E0,4.263750076E1
2.230427322E2,3.358125305E1,1.575000048E0,4.158750153E1
2.230627307E2,3.358125305E1,1.406250000E0,4.293750000E1
2.230827254E2,3.348750305E1,1.462500095E0,4.200000000E1
2.231027851E2,3.341250229E1,9.750000238E-1,4.200000000E1
2.231227709E2,3.350625229E1,8.625000119E-1,4.209375000E1
2.231427538E2,3.303750229E1,3.750000000E-1,4.200000000E1
2.231627471E2,3.283125305E1,6.750000119E-1,4.222500229E1
2.231827378E2,3.324375153E1,1.500000060E-1,4.252500153E1
2.232027268E2,3.354375076E1,1.500000060E-1,4.230000305E1
2.232227261E2,3.391875076E1,2.437500060E-1,4.239375305E1
2.232427008E2,3.361875153E1,3.375000060E-1,4.261875153E1
2.232627099E2,3.343125153E1,1.875000000E-1,4.344375229E1
2.232827140E2,3.326250076E1,-3.750000000E-1,4.293750000E1
2.233027137E2,3.343125153E1,1.125000045E-1,4.314375305E1
2.233227553E2,3.326250076E1,-2.625000179E-1,4.293750000E1
2.233427496E2,3.373125076E1,-2.250000089E-1,4.365000153E1
2.233627399E2,3.384375000E1,-4.125000238E-1,4.333125305E1
2.233827391E2,3.401250076E1,1.312500089E-1,4.406250000E1
2.234027341E2,3.429375076E1,2.437500060E-1,4.363125229E1
2.234227245E2,3.474375153E1,1.031250000E0,4.351875305E1
2.234427263E2,3.418125153E1,5.625000000E-1,4.342500305E1
2.234627348E2,3.466875076E1,4.312500060E-1,4.383750153E1
2.234827377E2,3.399375153E1,2.437500060E-1,4.385625076E1
2.235027358E2,3.438750076E1,2.062500119E-1,4.445625305E1
2.235227302E2,3.436875153E1,4.687500298E-1,4.498125076E1
2.235427445E2,3.538125229E1,-2.062500119E-1,4.423125076E1
2.235627402E2,3.534375000E1,3.562500179E-1,4.453125000E1
2.235827322E2,3.573750305E1,3.187500238E-1,4.505625153E1
2.236027330E2,3.564375305E1,5.437500477E-1,4.473750305E1
2.236227299E2,3.603750229E1,3.187500238E-1,4.492500305E1
2.236427223E2,3.573750305E1,2.437500060E-1,4.473750305E1
2.236627140E2,3.601875305E1,4.125000238E-1,4.503750229E1
2.236827147E2,3.622500229E1,9.375000000E-2,4.524375153E1
2.237027118E2,3.652500153E1,3.000000119E-1,4.492500305E1
2.237227171E2,3.671250153E1,4.875000119E-1,4.522500229E1
2.237427178E2,3.738750076E1,6.750000119E-1,4.479375076E1
2.237627259E2,3.708750153E1,6.750000119E-1,4.522500229E1
2.237827181E2,3.736875153E1,6.562500000E-1,4.541250229E1
2.238027175E2,3.804375076E1,8.437500596E-1,4.674375153E1
2.238227245E2,3.755625153E1,7.875000238E-1,4.635000229E1
2.238427258E2,3.825000000E1,3.750000000E-1,4.612500000E1
2.238627792E2,3.776250076E1,4.875000119E-1,4.633125305E1
2.238827710E2,3.804375076E1,6.750000119E-1,4.633125305E1
2.239027586E2,3.832500076E1,9.562500119E-1,4.633125305E1
2.239227441E2,3.881250000E1,9.187500477E-1,4.683750153E1
2.239427398E2,3.930000305E1,1.106250048E0,4.661250305E1
2.239627304E2,3.886875153E1,1.650000095E0,4.798125076E1
2.239827326E2,3.870000076E1,1.181250095E0,4.745625305E1
2.240026868E2,3.965625000E1,1.237500072E0,4.773750305E1
2.240226917E2,3.909375000E1,1.068750024E0,4.755000305E1
2.240427041E2,3.958125305E1,1.012500048E0,4.816875076E1
2.240627106E2,3.909375000E1,9.375000596E-1,4.807500076E1
2.240827461E2,3.945000076E1,1.575000048E0,4.878750229E1
2.241027358E2,4.003125000E1,1.443750024E0,4.908750153E1
2.241227336E2,4.050000000E1,1.837500095E0,4.886250305E1
2.241427277E2,4.008750153E1,2.306250095E0,4.970625305E1
2.241627298E2,4.048125076E1,2.081250191E0,4.991250229E1
2.241827263E2,4.018125153E1,2.287500143E0,4.991250229E1
2.242027210E2,4.036875153E1,2.456250191E0,5.011875153E1
2.242227240E2,3.960000229E1,2.325000048E0,4.951875305E1
2.242427225E2,4.035000229E1,2.756250143E0,5.032500076E1
2.242627284E2,3.995625305E1,2.756250143E0,5.034375381E1
2.242827291E2,4.014375305E1,2.943750143E0,5.064375305E1
2.243027256E2,4.012500000E1,3.206250191E0,5.107500076E1
2.243227303E2,4.010625076E1,3.693750143E0,5.139375305E1
2.243427294E2,3.990000153E1,4.087500095E0,5.150625229E1
2.243627246E2,4.021875000E1,3.506250143E0,5.096250153E1
2.243827282E2,3.930000305E1,4.275000095E0,5.182500076E1
2.244027257E2,3.941250229E1,3.768750191E0,5.223750305E1
2.244227213E2,3.832500076E1,4.143750191E0,5.143125153E1
2.244427246E2,3.849375153E1,4.687500000E0,5.195625305E1
2.244627233E2,3.870000076E1,4.575000286E0,5.216250229E1
2.244827295E2,3.840000153E1,4.593750000E0,5.216250229E1
2.245027304E2,3.740625000E1,5.175000191E0,5.272500229E1
2.245227271E2,3.759375000E1,5.287500381E0,5.261250305E1
2.245427106E2,3.750000000E1,5.100000381E0,5.220000076E1
2.245627146E2,3.673125076E1,5.156250000E0,5.169375229E1
2.245827142E2,3.615000153E1,4.650000095E0,5.233125305E1
2.246027213E2,3.615000153E1,5.043750286E0,5.223750305E1
2.246227680E2,3.502500153E1,5.981250286E0,5.218125153E1
2.246427550E2,3.435000229E1,5.868750095E0,5.261250305E1
2.246627504E2,3.453750229E1,6.262500286E0,5.261250305E1
2.246827423E2,3.375000000E1,6.412500381E0,5.210625076E1
2.247027314E2,3.264375305E1,6.900000095E0,5.287500381E1
2.247227298E2,3.391875076E1,6.843750477E0,5.325000381E1
2.247427367E2,3.125625038E1,7.425000191E0,5.311875153E1
2.247627492E2,3.078750038E1,7.387500286E0,5.240625381E1
2.247827435E2,3.045000076E1,8.362500191E0,5.283750153E1
2.248027347E2,3.001875114E1,9.262500763E0,5.276250076E1
2.248227351E2,2.940000153E1,9.768750191E0,5.319375229E1
2.248427431E2,2.926875114E1,1.066875076E1,5.310000229E1
2.248627341E2,2.913750076E1,1.132500076E1,5.362500381E1
2.248827337E2,2.859375191E1,1.273125076E1,5.375625229E1
2.249027294E2,2.848125076E1,1.290000057E1,5.418750381E1
2.249227222E2,2.848125076E1,1.325625038E1,5.304375076E1
2.249427233E2,2.893125153E1,1.423125076E1,5.325000381E1
2.249627217E2,2.940000153E1,1.466250038E1,5.240625381E1
2.249827277E2,2.966250038E1,1.550625038E1,5.302500153E1
2.250027285E2,3.050625038E1,1.623750114E1,5.186250305E1
2.250227251E2,3.253125000E1,1.670625114E1,5.295000076E1
2.250427296E2,3.232500076E1,1.715625000E1,5.221875381E1
2.250627293E2,3.170625114E1,1.803750038E1,5.100000381E1
2.250827266E2,3.225000000E1,1.740000153E1,4.963125229E1
2.251027299E2,3.255000305E1,1.721250153E1,4.931250381E1
2.251227285E2,3.255000305E1,1.717500114E1,4.816875076E1
2.251427232E2,3.270000076E1,1.653750038E1,4.732500076E1
2.251627828E2,3.279375076E1,1.659375000E1,4.629375076E1
2.251827686E2,3.225000000E1,1.573125076E1,4.608750153E1
2.252027629E2,3.210000229E1,1.500000095E1,4.515000153E1
2.252227536E2,3.172500038E1,1.451250076E1,4.516875076E1
2.252427418E2,3.039375114E1,1.400625038E1,4.426875305E1
2.252627404E2,2.983125114E1,1.370625019E1,4.458750153E1
2.252827352E2,2.898750114E1,1.280625057E1,4.357500076E1
2.253026950E2,2.814375114E1,1.203750038E1,4.368750000E1
2.253227038E2,2.698125076E1,1.196250057E1,4.361250305E1
2.253427082E2,2.668125153E1,1.181250000E1,4.477500153E1
2.253627082E2,2.608125114E1,1.235625076E1,4.417500305E1
2.253827502E2,2.550000191E1,1.224375057E1,4.490625000E1
2.254027450E2,2.520000076E1,1.237500095E1,4.430625153E1
2.254227361E2,2.450625038E1,1.245000076E1,4.535625076E1
2.254427356E2,2.353125000E1,1.269375038E1,4.507500076E1
2.254627310E2,2.373750114E1,1.260000038E1,4.466250229E1
2.254827332E2,2.370000076E1,1.350000095E1,4.455000305E1
2.255027327E2,2.340000153E1,1.331250095E1,4.466250229E1
2.255227390E2,2.366250038E1,1.421250057E1,4.415625000E1
2.255427399E2,2.475000191E1,1.368750095E1,4.588125229E1
2.255627362E2,2.394375038E1,1.438125038E1,4.475625229E1
2.255827291E2,2.385000038E1,1.438125038E1,4.486875153E1
2.256027311E2,2.392500114E1,1.490625095E1,4.413750076E1
2.256227291E2,2.424375153E1,1.443750095E1,4.350000000E1
2.256427230E2,2.482500076E1,1.460625076E1,4.359375000E1
2.256627256E2,2.535000038E1,1.413750076E1,4.284375000E1
2.256827238E2,2.561250114E1,1.441875076E1,4.295625305E1
2.257027289E2,2.600625038E1,1.451250076E1,4.314375305E1
2.257227302E2,2.696250153E1,1.486875057E1,4.301250076E1
2.257427268E2,2.701875114E1,1.348125076E1,4.331250000E1
2.257627313E2,2.731875038E1,1.340625095E1,4.258125305E1
2.257827307E2,2.763750076E1,1.282500076E1,4.215000153E1
2.258027262E2,2.754375076E1,1.299375057E1,4.267500305E1
2.258227301E2,2.788125038E1,1.183125019E1,4.224375153E1
2.258427077E2,2.818125153E1,1.140000057E1,4.263750076E1
2.258627075E2,2.827500153E1,1.158750057E1,4.254375076E1
2.258827153E2,2.887500191E1,1.125000000E1,4.303125000E1
2.259027178E2,2.947500038E1,1.096875000E1,4.250625229E1
2.259227724E2,2.919375038E1,1.076250076E1,4.271250153E1
2.259427541E2,2.949375153E1,1.066875076E1,4.260000229E1
2.259627453E2,2.932500076E1,9.768750191E0,4.260000229E1
2.259827451E2,2.896875191E1,9.337500572E0,4.188750076E1
2.260027406E2,2.868750191E1,8.868750572E0,4.156875229E1
2.260227319E2,2.870625114E1,8.475000381E0,4.147500229E1
2.260427224E2,2.859375191E1,8.625000000E0,4.230000305E1
2.260626787E2,2.823750114E1,8.268750191E0,4.188750076E1
2.260826852E2,2.795625114E1,7.893750191E0,4.170000076E1
2.261026990E2,2.728125191E1,7.931250095E0,4.128750229E1
2.261227066E2,2.700000191E1,7.425000191E0,4.171875000E1
2.261427317E2,2.634375191E1,7.031250477E0,4.027500153E1
2.261627357E2,2.546250153E1,7.462500095E0,4.020000076E1
2.261827337E2,2.527500153E1,7.162500381E0,4.020000076E1
2.262027391E2,2.555625153E1,7.275000095E0,3.999375153E1
2.262227387E2,2.551875114E1,8.231250763E0,4.051875305E1
2.262427321E2,2.518125153E1,8.756250381E0,4.177500153E1
2.262627357E2,2.469375038E1,8.981250763E0,4.170000076E1
2.262827341E2,2.448750114E1,9.506250381E0,4.138125229E1
2.263027285E2,2.465625191E1,9.993750572E0,4.128750229E1
2.263227313E2,2.418750191E1,9.618750572E0,4.108125305E1
2.263427295E2,2.386875153E1,1.044375038E1,4.089375305E1
2.263627356E2,2.446875191E1,1.031250000E1,3.931875229E1
2.263827365E2,2.452500153E1,1.083750057E1,4.035000229E1
2.264027327E2,2.475000191E1,1.046250057E1,3.993750000E1
2.264227254E2,2.501250076E1,1.115625000E1,3.973125076E1
2.264427271E2,2.482500076E1,1.130625057E1,3.920625305E1
2.264627240E2,2.454375076E1,1.100625038E1,3.943125153E1
2.264827187E2,2.435625076E1,1.081875038E1,3.911250305E1
2.265027215E2,2.465625191E1,1.053750038E1,3.879375076E1
2.265227201E2,2.407500076E1,1.068750000E1,3.808125305E1
2.265427263E2,2.486250114E1,1.051875019E1,3.900000000E1
2.265627270E2,2.371875000E1,1.025625038E1,3.725625229E1
2.265827237E2,2.448750114E1,1.040625000E1,3.765000153E1
2.266026965E2,2.409375191E1,1.006875038E1,3.849375153E1
2.266227031E2,2.420625114E1,1.021875000E1,3.776250076E1
2.266427051E2,2.390625000E1,1.012500000E1,3.778125000E1
2.266627144E2,2.360625076E1,1.021875000E1,3.789375305E1
2.266827516E2,2.362500000E1,9.956250191E0,3.736875153E1
2.267027537E2,2.353125000E1,9.731250763E0,3.798750305E1
2.267227498E2,2.347500038E1,9.206250191E0,3.663750076E1
2.267427418E2,2.315625000E1,9.337500572E0,3.789375305E1
2.267627423E2,2.259375000E1,9.131250381E0,3.676875305E1
2.267827368E2,2.326875114E1,9.375000000E0,3.727500153E1
2.268027303E2,2.295000076E1,1.006875038E1,3.748125076E1
2.268227319E2,2.370000076E1,1.061250019E1,3.789375305E1
2.268427296E2,2.289375114E1,1.125000000E1,3.750000000E1
2.268627236E2,2.289375114E1,1.104375076E1,3.781875229E1
2.268827265E2,2.347500038E1,1.132500076E1,3.768750000E1
2.269027365E2,2.366250038E1,1.128750038E1,3.830625153E1
2.269227404E2,2.373750114E1,1.183125019E1,3.727500153E1
2.269427386E2,2.392500114E1,1.201875019E1,3.736875153E1
2.269627330E2,2.478750038E1,1.241250038E1,3.703125000E1
2.269827357E2,2.499375153E1,1.211250019E1,3.712500000E1
2.270027330E2,2.585625076E1,1.290000057E1,3.660000229E1
2.270227278E2,2.604375076E1,1.291875076E1,3.616875076E1
2.270427308E2,2.700000191E1,1.348125076E1,3.635625076E1
2.270627293E2,2.716875076E1,1.391250038E1,3.718125153E1
2.270827241E2,2.728125191E1,1.338750076E1,3.759375000E1
2.271027276E2,2.739375114E1,1.320000076E1,3.738750076E1
2.271227266E2,2.739375114E1,1.314375019E1,3.665625000E1
2.271427117E2,2.827500153E1,1.308750057E1,3.725625229E1
2.271627175E2,2.823750114E1,1.353750038E1,3.798750305E1
2.271827186E2,3.058125114E1,1.395000076E1,3.667500305E1
2.272027265E2,3.028125191E1,1.402500057E1,3.708750153E1
2.272227855E2,2.889375114E1,1.440000057E1,3.817500305E1
2.272427702E2,2.923125076E1,1.513125038E1,3.911250305E1
2.272627637E2,2.940000153E1,1.571250057E1,3.920625305E1
2.272827535E2,2.998125076E1,1.586250019E1,3.971250153E1
2.273027411E2,3.286875153E1,1.490625095E1,3.765000153E1
2.273227371E2,3.395625305E1,1.425000095E1,3.823125076E1
2.273427319E2,3.463125229E1,1.441875076E1,3.821250153E1
2.273626919E2,3.495000076E1,1.387500095E1,3.892500305E1
2.273827009E2,3.485625076E1,1.348125076E1,3.883125305E1
2.274027051E2,3.470625305E1,1.269375038E1,3.903750229E1
2.274227054E2,3.645000076E1,1.035000038E1,3.916875076E1
2.274427359E2,3.562500000E1,8.887500763E0,4.074375153E1
2.274627446E2,3.586875153E1,9.731250763E0,4.147500229E1
2.274827465E2,3.581250000E1,1.141875076E1,3.971250153E1
2.275027432E2,3.890625000E1,1.282500076E1,3.611250305E1
2.275227361E2,3.858750153E1,1.130625057E1,3.682500076E1
2.275427360E2,3.931875229E1,9.712500572E0,3.836250305E1
2.275627334E2,3.915000153E1,9.018750191E0,3.845625305E1
2.275827271E2,3.821250153E1,8.325000763E0,3.723750305E1
2.276027295E2,3.922500229E1,7.312500477E0,3.699375153E1
2.276227275E2,3.901875305E1,5.606250286E0,3.585000229E1
2.276427219E2,3.971250153E1,5.156250000E0,3.633750153E1
2.276627253E2,3.830625153E1,4.125000000E0,3.605625153E1
2.276827254E2,3.853125000E1,3.506250143E0,3.646875000E1
2.277027198E2,3.796875000E1,2.643750191E0,3.637500000E1
2.277227230E2,3.802500153E1,1.518750072E0,3.688125229E1
2.277427215E2,3.755625153E1,1.068750024E0,3.626250076E1
2.277627279E2,3.680625153E1,5.625000224E-2,3.721875000E1
2.277827289E2,3.592500305E1,-7.500000298E-2,3.817500305E1
2.278027252E2,3.549375153E1,-1.218750000E0,3.766875076E1
2.278227296E2,3.515625000E1,-2.306250095E0,3.778125000E1
2.278427289E2,3.498750305E1,-3.168750048E0,3.735000229E1
2.278627242E2,3.459375000E1,-3.112500191E0,3.830625153E1
2.278827168E2,3.335625076E1,-3.993750095E0,3.875625229E1
2.279026972E2,3.298125076E1,-3.975000143E0,3.699375153E1
2.279226995E2,3.369375229E1,-4.706250191E0,3.727500153E1
2.279427091E2,3.397500229E1,-5.231250286E0,4.089375305E1
2.279627130E2,3.283125305E1,-5.456250191E0,3.875625229E1
2.279827575E2,3.185625076E1,-5.568750381E0,3.950625229E1
2.280027536E2,3.140625191E1,-6.093750477E0,3.838125229E1
2.280227449E2,3.247500229E1,-6.637500286E0,4.042500305E1
2.280427447E2,3.076875114E1,-7.462500095E0,4.005000305E1
2.280627401E2,3.048750114E1,-7.650000095E0,4.016250229E1
2.280827306E2,2.934375191E1,-8.606250763E0,4.029375076E1
2.281027209E2,2.906250191E1,-8.718750000E0,4.050000000E1
2.281226774E2,2.836875153E1,-8.681250572E0,4.031250000E1
2.281426834E2,2.769375038E1,-8.925000191E0,4.147500229E1
2.281626969E2,2.820000076E1,-9.000000000E0,4.083750153E1
2.281827044E2,2.769375038E1,-9.018750191E0,4.147500229E1
2.282027292E2,2.816250038E1,-8.606250763E0,4.250625229E1
2.282227220E2,2.775000191E1,-8.118750572E0,4.293750000E1
2.282427225E2,2.773125076E1,-7.968750477E0,4.376250076E1
2.282627298E2,2.754375076E1,-8.062500000E0,4.366875076E1
2.282827314E2,2.773125076E1,-7.875000477E0,4.366875076E1
2.283027269E2,2.743125153E1,-8.006250381E0,4.460625076E1
2.283227204E2,2.761875153E1,-7.893750191E0,4.408125305E1
2.283427223E2,2.715000153E1,-8.062500000E0,4.410000229E1
2.283627197E2,2.685000038E1,-8.137500763E0,4.380000305E1
2.283827250E2,2.705625153E1,-8.381250381E0,4.451250076E1
2.284027251E2,2.615625191E1,-7.762500286E0,4.443750000E1
2.284227216E2,2.596875191E1,-8.156250000E0,4.464375305E1
2.284427155E2,2.576250076E1,-7.875000477E0,4.496250153E1
2.284627167E2,2.548125076E1,-8.081250191E0,4.507500076E1
2.284827251E2,2.514375114E1,-7.406250477E0,4.550625229E1
2.285027276E2,2.505000114E1,-7.387500286E0,4.550625229E1
2.285227817E2,2.499375153E1,-6.468750477E0,4.666875076E1
2.285427741E2,2.598750114E1,-7.162500381E0,4.777500153E1
2.285627621E2,2.439375114E1,-6.187500477E0,4.719375229E1
2.285827480E2,2.428125191E1,-5.812500000E0,4.762500000E1
2.286027437E2,2.368125153E1,-5.550000191E0,4.867500305E1
2.286227363E2,2.375625038E1,-5.362500191E0,4.888125229E1
2.286427272E2,2.510625076E1,-5.062500000E0,4.978125381E1
2.286626951E2,2.499375153E1,-4.425000191E0,4.918125153E1
2.286826991E2,2.578125191E1,-3.056250095E0,5.060625076E1
2.287026993E2,2.647500038E1,-2.962500095E0,5.028750229E1
2.287227077E2,2.690625191E1,-2.062500000E0,5.161875153E1
2.287427449E2,2.730000114E1,-2.306250095E0,5.244375229E1
2.287627362E2,2.780625153E1,-6.187500358E-1,5.212500381E1
2.287827352E2,2.908125114E1,-6.562500000E-1,5.199375153E1
2.288027303E2,2.973750114E1,-2.062500119E-1,5.227500153E1
2.288227333E2,2.994375038E1,-3.375000060E-1,5.268750381E1
2.288427307E2,3.071250153E1,-2.437500060E-1,5.235000229E1
2.288627371E2,3.118125153E1,3.375000060E-1,5.255625153E1
2.288827377E2,3.146250153E1,5.437500477E-1,5.223750305E1
2.289027335E2,3.255000305E1,2.250000089E-1,5.210625076E1
2.289227259E2,3.215625000E1,3.937500119E-1,5.253750229E1
2.289427274E2,3.311250305E1,9.000000358E-1,5.199375153E1
2.289627362E2,3.361875153E1,4.875000119E-1,5.206875229E1
2.289827392E2,3.371250153E1,5.812500119E-1,5.197500229E1
2.290027370E2,3.350625229E1,8.812500238E-1,5.197500229E1
2.290227311E2,3.350625229E1,7.875000238E-1,5.206875229E1
2.290427335E2,3.303750229E1,2.437500060E-1,5.135625076E1
2.290627310E2,3.403125000E1,-1.875000000E-1,5.143125153E1
2.290827257E2,3.315000153E1,-7.500000298E-2,5.176875305E1
2.291027285E2,3.303750229E1,1.875000000E-1,5.218125153E1
2.291227268E2,3.335625076E1,-6.187500358E-1,5.238750076E1
2.291427218E2,3.294375229E1,5.625000224E-2,5.302500153E1
2.291627252E2,3.275625229E1,-1.312500089E-1,5.302500153E1
2.291827240E2,3.251250076E1,7.500000000E-1,5.325000381E1
2.292027095E2,3.320625305E1,7.125000358E-1,5.332500076E1
2.292227150E2,3.288750076E1,8.812500238E-1,5.428125381E1
2.292427160E2,3.251250076E1,7.125000358E-1,5.398125076E1
2.292627239E2,3.266250229E1,1.500000000E0,5.398125076E1
2.292827715E2,3.256875229E1,1.537500024E0,5.501250076E1
2.293027704E2,3.285000229E1,1.706250072E0,5.521875381E1
2.293227636E2,3.255000305E1,1.725000024E0,5.501250076E1
2.293427530E2,3.262500000E1,2.081250191E0,5.565000153E1
2.293627403E2,3.283125305E1,1.987500072E0,5.563125229E1
2.293827360E2,3.301875305E1,2.287500143E0,5.553750229E1
2.294027306E2,3.270000076E1,2.550000191E0,5.606250381E1
2.294226793E2,3.288750076E1,2.718750000E0,5.668125153E1
2.294426906E2,3.275625229E1,3.187500238E0,5.720625305E1
2.294626971E2,3.382500076E1,3.450000048E0,5.707500076E1
2.294827102E2,3.440625000E1,3.637500048E0,5.696250153E1
2.295027396E2,3.429375076E1,3.918750048E0,5.737500381E1
2.295227359E2,3.536250305E1,4.012500286E0,5.703750229E1
2.295427393E2,3.600000000E1,4.143750191E0,5.960625076E1
2.295627374E2,3.523125076E1,4.462500095E0,5.786250305E1
2.295827312E2,3.560625076E1,4.631250381E0,5.795625305E1
2.296027322E2,3.620625305E1,4.237500191E0,5.784375381E1
2.296227304E2,3.581250000E1,4.650000095E0,5.775000381E1
2.296427246E2,3.626250076E1,5.081250191E0,5.836875153E1
2.296627275E2,3.678750229E1,4.612500191E0,5.773125076E1
2.296827257E2,3.757500076E1,4.256250381E0,5.842500305E1
2.297027315E2,3.774375153E1,4.668750286E0,5.801250076E1
2.297227322E2,3.810000229E1,5.662500381E0,5.769375229E1
2.297427297E2,3.881250000E1,5.175000191E0,5.724375153E1
2.297627336E2,3.900000000E1,5.343750000E0,5.756250381E1
2.297827325E2,3.930000305E1,5.381250381E0,5.671875381E1
2.298027274E2,3.946875000E1,5.831250191E0,5.745000076E1
2.298227303E2,3.986250305E1,5.775000095E0,5.670000076E1
2.298427294E2,3.935625076E1,5.962500095E0,5.703750229E1
2.298627242E2,3.948750305E1,5.700000286E0,5.651250076E1
2.298827273E2,3.928125000E1,6.000000000E0,5.651250076E1
2.299027261E2,3.945000076E1,6.281250477E0,5.671875381E1
2.299227211E2,3.907500076E1,5.925000191E0,5.610000229E1
2.299427247E2,3.975000000E1,6.093750477E0,5.640000153E1
2.299627024E2,3.984375000E1,6.187500477E0,5.628750229E1
2.299827134E2,3.984375000E1,6.468750477E0,5.651250076E1
2.300027187E2,4.012500000E1,7.012500286E0,5.555625153E1
2.300227187E2,4.040625000E1,7.200000286E0,5.576250076E1
2.300427600E2,4.055625153E1,7.762500286E0,5.617500305E1
2.300627542E2,4.053750229E1,8.006250381E0,5.690625381E1
2.300827441E2,4.063125229E1,8.625000000E0,5.640000153E1
2.301027426E2,4.108125305E1,8.981250763E0,5.690625381E1
2.301227373E2,4.111875153E1,8.606250763E0,5.647500229E1
2.301427285E2,4.070625305E1,8.943750381E0,5.628750229E1
2.301627295E2,4.128750229E1,9.131250381E0,5.606250381E1
2.301827374E2,4.128750229E1,9.131250381E0,5.606250381E1
2.302027395E2,4.136250305E1,9.618750572E0,5.596875381E1
2.302227372E2,4.164375305E1,9.881250381E0,5.658750153E1
2.302427312E2,4.156875229E1,9.487500191E0,5.491875076E1
2.302627340E2,4.222500229E1,1.023750019E1,5.521875381E1
2.302827324E2,4.252500153E1,9.843750000E0,5.510625076E1
2.303027267E2,4.278750229E1,1.057500076E1,5.593125153E1
2.303227298E2,4.348125076E1,1.059375000E1,5.527500153E1
2.303427280E2,4.327500153E1,1.072500038E1,5.467500305E1
2.303627220E2,4.290000153E1,1.057500076E1,5.405625153E1
2.303827257E2,4.368750000E1,1.065000057E1,5.424375153E1
2.304027247E2,4.387500000E1,1.089375019E1,5.330625153E1
2.304227198E2,4.363125229E1,9.600000381E0,5.351250076E1
2.304427234E2,4.370625305E1,1.021875000E1,5.287500381E1
2.304627223E2,4.391250229E1,1.003125000E1,5.287500381E1
2.304827180E2,4.434375000E1,9.487500191E0,5.161875153E1
2.305027118E2,4.393125153E1,9.993750572E0,5.173125076E1
2.305227128E2,4.471875000E1,1.003125000E1,5.045625305E1
2.305427213E2,4.539375305E1,9.637500763E0,5.178750229E1
2.305627239E2,4.455000305E1,9.675000191E0,4.995000076E1
2.305827785E2,4.561875153E1,9.543750763E0,4.981875229E1
2.306027711E2,4.496250153E1,9.412500381E0,4.920000076E1
2.306227594E2,4.458750153E1,9.037500381E0,4.890000153E1
2.306427453E2,4.498125076E1,9.187500000E0,4.785000229E1
2.306627412E2,4.441875076E1,8.718750000E0,4.775625229E1
2.306827348E2,4.415625000E1,7.931250095E0,4.775625229E1
2.307027253E2,4.458750153E1,7.387500286E0,4.670625305E1
2.307226929E2,4.381875229E1,7.368750095E0,4.558125305E1
2.307426967E2,4.380000305E1,7.556250095E0,4.601250076E1
2.307627083E2,4.440000153E1,7.050000191E0,4.576875305E1
2.307827139E2,4.402500153E1,6.975000381E0,4.558125305E1
2.308027486E2,4.381875229E1,7.218750477E0,4.496250153E1
2.308227375E2,4.383750153E1,6.825000286E0,4.475625229E1
2.308427354E2,4.338750076E1,6.356250286E0,4.466250229E1
2.308627290E2,4.282500076E1,5.493750095E0,4.436250305E1
2.308827313E2,4.252500153E1,5.831250191E0,4.374375153E1
2.309027275E2,4.235625076E1,5.343750000E0,4.385625076E1
2.309227220E2,4.237500000E1,4.950000286E0,4.383750153E1
2.309427250E2,4.220625305E1,4.725000381E0,4.271250153E1
2.309627233E2,4.181250000E1,4.800000191E0,4.314375305E1
2.309827293E2,4.179375076E1,5.006250381E0,4.303125000E1
2.310027300E2,4.170000076E1,5.156250000E0,4.230000305E1
2.310227266E2,4.171875000E1,4.687500000E0,4.179375076E1
2.310427314E2,4.141875076E1,4.743750095E0,4.273125076E1
2.310627305E2,4.095000076E1,4.237500191E0,4.305000305E1
2.310827258E2,4.076250076E1,3.956250191E0,4.295625305E1
2.311027292E2,4.055625153E1,4.575000286E0,4.254375076E1
2.311227276E2,4.106250000E1,4.050000191E0,4.273125076E1
2.311427340E2,4.089375305E1,3.693750143E0,4.211250305E1
2.311627348E2,4.036875153E1,4.162500381E0,4.295625305E1
2.311827312E2,4.059375000E1,3.675000191E0,4.263750076E1
2.312027242E2,4.068750000E1,3.600000143E0,4.231875229E1
2.312227260E2,4.106250000E1,4.087500095E0,4.231875229E1
2.312427239E2,4.038750076E1,3.900000095E0,4.233750153E1
2.312626969E2,4.070625305E1,3.487500191E0,4.252500153E1
2.312827044E2,4.031250000E1,3.393750191E0,4.265625000E1
2.313027070E2,4.050000000E1,3.487500191E0,4.254375076E1
2.313227168E2,4.005000305E1,2.681250095E0,4.306875229E1
2.313427659E2,4.033125305E1,3.093750238E0,4.263750076E1
2.313627547E2,3.975000000E1,2.943750143E0,4.224375153E1
2.313827513E2,4.014375305E1,2.606250048E0,4.243125153E1
2.314027438E2,4.042500305E1,3.000000000E0,4.233750153E1
2.314227336E2,4.063125229E1,3.000000000E0,4.243125153E1
2.314427318E2,4.063125229E1,2.812500000E0,4.231875229E1
2.314627276E2,4.006875229E1,2.437500000E0,4.222500229E1
2.314827429E2,4.006875229E1,2.400000095E0,4.265625000E1
2.315027394E2,3.948750305E1,2.025000095E0,4.265625000E1
2.315227325E2,4.001250076E1,1.500000000E0,4.140000153E1
2.315427340E2,4.050000000E1,1.293750048E0,4.273125076E1
2.315627541E2,3.961875153E1,1.575000048E0,4.171875000E1
2.315827545E2,3.961875153E1,1.537500024E0,4.254375076E1
2.316027502E2,4.029375076E1,1.443750024E0,4.211250305E1
2.316227419E2,3.971250153E1,1.575000048E0,4.192500305E1
2.316427314E2,3.993750000E1,1.012500048E0,4.128750229E1
2.316627297E2,3.954375076E1,9.000000358E-1,4.171875000E1
2.316827259E2,3.948750305E1,3.000000119E-1,4.160625076E1
2.317027190E2,3.870000076E1,2.250000089E-1,4.162500000E1
2.317227211E2,3.950625229E1,-3.375000060E-1,4.087500000E1
2.317427195E2,3.901875305E1,7.500000298E-2,4.080000305E1
2.317627254E2,3.901875305E1,-5.625000224E-2,4.130625153E1
2.317827266E2,3.939375305E1,2.250000089E-1,4.130625153E1
2.318027247E2,3.901875305E1,-2.250000089E-1,4.089375305E1
2.318227292E2,3.941250229E1,-4.687500298E-1,4.151250076E1
2.318427285E2,3.883125305E1,-7.875000238E-1,4.203750229E1
2.318627240E2,3.864375305E1,-6.375000477E-1,4.121250153E1
2.318827841E2,3.838125229E1,-9.937500358E-1,4.059375000E1
2.319027698E2,3.819375229E1,-1.200000048E0,4.080000305E1
2.319227530E2,3.866250229E1,-8.812500238E-1,4.038750076E1
2.319427464E2,3.856875229E1,-7.875000238E-1,4.059375000E1
2.319627370E2,3.868125153E1,-1.162500024E0,4.006875229E1
2.319827376E2,3.877500153E1,-1.181250095E0,4.036875153E1
2.320027343E2,3.870000076E1,-1.350000024E0,3.986250305E1
2.320226953E2,3.840000153E1,-1.350000024E0,4.018125153E1
2.320427049E2,3.841875076E1,-1.875000119E0,4.059375000E1
2.320627096E2,3.821250153E1,-1.762500048E0,4.050000000E1
2.320827101E2,3.744375229E1,-1.912500024E0,3.988125229E1
2.321027523E2,3.781875229E1,-1.743750095E0,4.020000076E1
2.321227471E2,3.819375229E1,-1.162500024E0,4.029375076E1
2.321427377E2,3.763125229E1,-1.743750095E0,4.040625000E1
2.321627371E2,3.778125000E1,-6.750000119E-1,4.051875305E1
2.321827324E2,3.723750305E1,-1.837500095E0,4.063125229E1
2.322027232E2,3.703125000E1,-1.312500000E0,4.001250076E1
2.322227250E2,3.727500153E1,-2.287500143E0,3.978750229E1
2.322427338E2,3.735000229E1,-1.893750072E0,3.967500305E1
2.322627368E2,3.723750305E1,-1.743750095E0,4.051875305E1
2.322827347E2,3.673125076E1,-1.143750072E0,4.074375153E1
2.323027291E2,3.682500076E1,-1.200000048E0,3.991875076E1
2.323227319E2,3.684375000E1,-1.387500048E0,3.969375229E1
2.323427301E2,3.645000076E1,-1.593750119E0,4.023750305E1
2.323627246E2,3.665625000E1,-1.481250048E0,3.991875076E1
2.323827276E2,3.618750000E1,-1.856250048E0,3.971250153E1
2.324027259E2,3.577500153E1,-1.200000048E0,3.879375076E1
2.324227195E2,3.656250000E1,-1.912500024E0,4.044375229E1
2.324427122E2,3.605625153E1,-1.237500072E0,3.941250229E1
2.324627137E2,3.616875076E1,-1.331250072E0,3.900000000E1
2.324827224E2,3.607500076E1,-1.462500095E0,3.973125076E1
2.325027253E2,3.549375153E1,-1.706250072E0,3.922500229E1
2.325227238E2,3.510000229E1,-1.818750024E0,3.965625000E1
2.325427298E2,3.658125305E1,-2.081250191E0,3.980625153E1
2.325627088E2,3.558750153E1,-1.293750048E0,3.890625000E1
2.325827096E2,3.607500076E1,-1.500000000E0,3.858750153E1
2.326027180E2,3.536250305E1,-8.062500358E-1,3.892500305E1
2.326227207E2,3.549375153E1,-1.631250024E0,3.952500153E1
2.326427752E2,3.549375153E1,-1.387500048E0,3.890625000E1
2.326627566E2,3.510000229E1,-1.518750072E0,3.945000076E1
2.326827475E2,3.511875153E1,-1.687500119E0,3.892500305E1
2.327027468E2,3.451875305E1,-1.443750024E0,3.873750305E1
2.327227422E2,3.598125076E1,-2.081250191E0,4.035000229E1
2.327427338E2,3.511875153E1,-1.556250095E0,3.851250076E1
2.327627243E2,3.451875305E1,-1.575000048E0,3.915000153E1
2.327826804E2,3.480000305E1,-1.237500072E0,3.841875076E1
2.328026867E2,3.461250305E1,-1.687500119E0,3.924375153E1
2.328227002E2,3.425625229E1,-2.062500000E0,3.915000153E1
2.328427078E2,3.384375000E1,-1.725000024E0,3.864375305E1
2.328627329E2,3.453750229E1,-1.743750095E0,3.851250076E1
2.328827369E2,3.405000305E1,-1.743750095E0,3.885000229E1
2.329027350E2,3.405000305E1,-1.612500072E0,3.832500076E1
2.329227289E2,3.433125305E1,-1.725000024E0,3.853125000E1
2.329427310E2,3.423750305E1,-1.856250048E0,3.915000153E1
2.329627270E2,3.416250229E1,-2.550000191E0,3.915000153E1
2.329827325E2,3.414375305E1,-1.800000072E0,3.800625229E1
2.330027327E2,3.414375305E1,-1.743750095E0,3.885000229E1
2.330227283E2,3.401250076E1,-1.256250024E0,3.905625153E1
2.330427319E2,3.461250305E1,-1.593750119E0,3.924375153E1
2.330627307E2,3.440625000E1,-1.181250095E0,3.935625076E1
2.330827261E2,3.431250000E1,-1.518750072E0,4.008750153E1
2.331027308E2,3.459375000E1,-1.425000072E0,3.988125229E1
2.331227290E2,3.391875076E1,-1.612500072E0,4.020000076E1
2.331427235E2,3.382500076E1,-1.181250095E0,3.948750305E1
2.331627265E2,3.410625076E1,-1.087500095E0,3.946875000E1
2.331827246E2,3.429375076E1,-8.062500358E-1,3.958125305E1
2.332027310E2,3.388125229E1,-6.562500000E-1,4.063125229E1
2.332227316E2,3.397500229E1,-6.187500358E-1,4.010625076E1
2.332427279E2,3.418125153E1,-8.437500596E-1,4.040625000E1
2.332627324E2,3.388125229E1,-5.625000000E-1,4.072500229E1
2.332827316E2,3.339375305E1,-5.250000358E-1,4.042500305E1
2.333027272E2,3.395625305E1,-2.437500060E-1,4.031250000E1
2.333227095E2,3.416250229E1,-2.250000089E-1,3.990000153E1
2.333427131E2,3.395625305E1,5.625000224E-2,4.031250000E1
2.333627124E2,3.356250000E1,-1.875000075E-2,4.001250076E1
2.333827194E2,3.363750076E1,5.812500119E-1,4.001250076E1
2.334027662E2,3.386250305E1,-3.562500179E-1,4.063125229E1
2.334227529E2,3.298125076E1,9.375000000E-2,4.003125000E1
2.334427485E2,3.328125000E1,0.000000000E0,3.982500076E1
2.334627403E2,3.365625000E1,1.875000000E-1,3.980625153E1
2.334827409E2,3.384375000E1,5.625000224E-2,4.031250000E1
2.335027371E2,3.335625076E1,6.000000238E-1,3.991875076E1
2.335227307E2,3.384375000E1,4.125000238E-1,3.939375305E1
2.335427438E2,3.315000153E1,5.812500119E-1,4.035000229E1
2.335627389E2,3.382500076E1,4.312500060E-1,4.063125229E1
2.335827307E2,3.298125076E1,-7.500000298E-2,3.961875153E1
2.336027317E2,3.376875305E1,1.312500089E-1,3.918750000E1
2.336227402E2,3.316875076E1,5.250000358E-1,3.961875153E1
2.336427427E2,3.354375076E1,4.687500298E-1,4.012500000E1
2.336627403E2,3.335625076E1,7.500000298E-2,4.033125305E1
2.336827341E2,3.286875153E1,3.375000060E-1,3.931875229E1
2.337027251E2,3.258750153E1,1.875000075E-2,3.984375000E1
2.337227246E2,3.262500000E1,-5.812500119E-1,4.003125000E1
2.337427332E2,3.249375153E1,-5.625000224E-2,3.973125076E1
2.337627357E2,3.290625000E1,-2.625000179E-1,3.950625229E1
2.337827337E2,3.271875000E1,-3.187500238E-1,3.900000000E1
2.338027279E2,3.288750076E1,-7.500000298E-2,3.973125076E1
2.338227309E2,3.270000076E1,-3.750000000E-1,3.982500076E1
2.338427294E2,3.279375076E1,-2.812500000E-1,3.982500076E1
2.338627138E2,3.275625229E1,-1.331250072E0,3.930000305E1
2.338827195E2,3.204375076E1,-9.375000596E-1,3.963750076E1
2.339027200E2,3.283125305E1,-9.562500119E-1,3.961875153E1
2.339227166E2,3.232500076E1,-5.250000358E-1,3.922500229E1
2.339427780E2,3.245625305E1,-1.143750072E0,3.961875153E1
2.339627650E2,3.253125000E1,-8.625000119E-1,3.993750000E1
2.339827602E2,3.206250000E1,-1.106250048E0,3.922500229E1
2.340027515E2,3.166875076E1,-1.106250048E0,3.922500229E1
2.340227403E2,3.191250038E1,-2.081250191E0,3.911250305E1
2.340427381E2,3.178125191E1,-1.312500000E0,3.933750153E1
2.340627335E2,3.196875191E1,-1.425000072E0,3.952500153E1
2.340826939E2,3.159375191E1,-1.500000000E0,3.933750153E1
2.341027030E2,3.206250000E1,-1.368750095E0,4.016250229E1
2.341227073E2,3.157500076E1,-1.312500000E0,3.954375076E1
2.341427073E2,3.135000038E1,-2.681250095E0,3.933750153E1
2.341627493E2,3.112500191E1,-2.006250143E0,3.976875305E1
2.341827439E2,3.112500191E1,-1.987500072E0,3.965625000E1
2.342027458E2,3.131250191E1,-1.875000119E0,3.933750153E1
2.342227427E2,3.093750191E1,-2.212500095E0,4.018125153E1
2.342427359E2,3.022500038E1,-1.387500048E0,3.978750229E1
2.342627360E2,3.043125153E1,-2.025000095E0,4.040625000E1
2.342827337E2,3.063750076E1,-2.212500095E0,4.040625000E1
2.343027389E2,3.024375153E1,-1.987500072E0,3.990000153E1
2.343227389E2,3.037500191E1,-2.550000191E0,3.946875000E1
2.343427347E2,3.024375153E1,-2.081250191E0,3.999375153E1
2.343627272E2,2.994375038E1,-1.668750048E0,3.969375229E1
2.343827292E2,3.033750153E1,-1.912500024E0,4.051875305E1
2.344027270E2,2.955000114E1,-1.987500072E0,4.021875000E1
2.344227209E2,2.994375038E1,-1.893750072E0,4.010625076E1
2.344427236E2,2.968125153E1,-2.681250095E0,4.042500305E1
2.344627221E2,2.956875038E1,-1.968750119E0,3.991875076E1
2.344827271E2,3.015000153E1,-1.987500072E0,4.010625076E1
2.345027173E2,3.003750038E1,-1.725000024E0,4.063125229E1
2.345227165E2,3.001875114E1,-1.500000000E0,4.021875000E1
2.345427235E2,2.956875038E1,-2.193750143E0,4.042500305E1
2.345627251E2,2.986875153E1,-2.437500000E0,3.928125000E1
2.345827221E2,2.906250191E1,-1.856250048E0,4.014375305E1
2.346027162E2,2.936250114E1,-1.968750119E0,4.003125000E1
2.346226975E2,2.981250191E1,-1.012500048E0,4.053750229E1
2.346427005E2,2.983125114E1,-1.650000095E0,4.136250305E1
2.346627105E2,2.923125076E1,-1.237500072E0,4.117500305E1
2.346827145E2,2.964375114E1,-1.837500095E0,4.106250000E1
2.347027591E2,2.943750191E1,-1.818750024E0,4.106250000E1
2.347227554E2,2.964375114E1,-1.593750119E0,4.042500305E1
2.347427468E2,2.915625191E1,-1.575000048E0,4.035000229E1
2.347627464E2,2.932500076E1,-1.331250072E0,4.126875305E1
2.347827417E2,2.951250076E1,-1.162500024E0,4.158750153E1
2.348027331E2,2.923125076E1,-1.425000072E0,4.117500305E1
2.348227344E2,2.943750191E1,-1.818750024E0,4.095000076E1
2.348426876E2,2.945625114E1,-1.987500072E0,4.053750229E1
2.348626914E2,2.911875153E1,-1.125000000E0,4.108125305E1
2.348827027E2,2.921250153E1,-1.125000000E0,4.096875000E1
2.349027085E2,2.902500153E1,-1.143750072E0,4.149375153E1
2.349227320E2,2.910000038E1,-7.312500477E-1,4.108125305E1
2.349427348E2,2.891250038E1,-9.375000596E-1,4.128750229E1
2.349627322E2,2.872500038E1,-1.012500048E0,4.098750305E1
2.349827369E2,2.902500153E1,-1.031250000E0,4.138125229E1
2.350027361E2,2.926875114E1,-2.437500060E-1,4.128750229E1
2.350227301E2,2.941875076E1,-8.625000119E-1,3.991875076E1
2.350427225E2,2.900625038E1,-7.125000358E-1,4.087500000E1
2.350627235E2,2.919375038E1,-6.750000119E-1,4.201875305E1
2.350827206E2,2.880000114E1,-5.625000000E-1,4.181250000E1
2.351027255E2,2.881875038E1,-7.312500477E-1,4.128750229E1
2.351227255E2,2.910000038E1,-3.000000119E-1,4.066875076E1
2.351427328E2,2.868750191E1,-3.750000149E-2,4.140000153E1
2.351627247E2,2.889375114E1,-2.250000089E-1,4.108125305E1
2.351827236E2,2.866875076E1,1.312500089E-1,4.203750229E1
2.352027301E2,2.866875076E1,5.625000224E-2,4.160625076E1
2.352227311E2,2.880000114E1,-3.375000060E-1,4.140000153E1
2.352427954E2,2.898750114E1,-4.687500298E-1,4.170000076E1
2.352627731E2,2.880000114E1,-5.250000358E-1,4.128750229E1
2.352827611E2,2.913750076E1,5.062500238E-1,4.192500305E1
2.353027469E2,2.900625038E1,-4.125000238E-1,4.087500000E1
2.353227427E2,2.887500191E1,-1.687500030E-1,4.181250000E1
2.353427357E2,2.842500114E1,-7.125000358E-1,4.119375229E1
2.353627267E2,2.866875076E1,1.312500089E-1,4.192500305E1
2.353826951E2,2.898750114E1,-3.562500179E-1,4.170000076E1
2.354026993E2,2.855625153E1,4.312500060E-1,4.183125305E1
2.354227000E2,2.865000153E1,5.062500238E-1,4.213125229E1
2.354427087E2,2.857500076E1,9.375000000E-2,4.256250000E1
2.354627462E2,2.868750191E1,-5.625000224E-2,4.171875000E1
2.354827485E2,2.846250153E1,3.000000119E-1,4.235625076E1
2.355027450E2,2.859375191E1,-2.437500060E-1,4.171875000E1
2.355227377E2,2.874375153E1,4.125000238E-1,4.224375153E1
2.355427387E2,2.876250076E1,4.500000179E-1,4.160625076E1
2.355627339E2,2.866875076E1,1.125000045E-1,4.233750153E1
2.355827390E2,2.857500076E1,1.312500089E-1,4.192500305E1
2.356027388E2,2.866875076E1,1.125000045E-1,4.233750153E1
2.356227342E2,2.855625153E1,4.312500060E-1,4.203750229E1
2.356427265E2,2.855625153E1,5.062500238E-1,4.224375153E1
2.356627280E2,2.895000076E1,7.500000298E-2,4.275000000E1
2.356827369E2,2.825625038E1,3.750000000E-1,4.288125229E1
2.357027285E2,2.866875076E1,-1.875000075E-2,4.265625000E1
2.357227289E2,2.827500153E1,-1.500000060E-1,4.338750076E1
2.357427253E2,2.827500153E1,4.312500060E-1,4.215000153E1
2.357627298E2,2.855625153E1,2.062500119E-1,4.235625076E1
2.357827282E2,2.893125153E1,7.500000000E-1,4.295625305E1
2.358027246E2,2.844375038E1,5.250000358E-1,4.380000305E1
2.358227287E2,2.874375153E1,2.812500000E-1,4.275000000E1
2.358427279E2,2.844375038E1,2.250000089E-1,4.370625305E1
2.358627233E2,2.874375153E1,2.625000179E-1,4.295625305E1
2.358827270E2,2.853750038E1,5.437500477E-1,4.350000000E1
2.359027261E2,2.851875114E1,1.012500048E0,4.370625305E1
2.359227225E2,2.814375114E1,5.437500477E-1,4.361250305E1
2.359427255E2,2.865000153E1,2.437500060E-1,4.327500153E1
2.359627239E2,2.865000153E1,2.437500060E-1,4.327500153E1
2.359827301E2,2.863125038E1,8.250000477E-1,4.350000000E1
2.360027759E2,2.874375153E1,2.250000089E-1,4.380000305E1
2.360227623E2,2.921250153E1,6.375000477E-1,4.327500153E1
2.360427572E2,2.865000153E1,2.250000089E-1,4.368750000E1
2.360627484E2,2.874375153E1,2.250000089E-1,4.368750000E1
2.360827370E2,2.855625153E1,2.250000089E-1,4.380000305E1
2.361027339E2,2.874375153E1,3.000000119E-1,4.421250153E1
2.361227296E2,2.893125153E1,3.187500238E-1,4.348125076E1
2.361426792E2,2.921250153E1,7.125000358E-1,4.368750000E1
2.361626911E2,2.893125153E1,2.812500000E-1,4.430625153E1
2.361826980E2,2.853750038E1,3.937500119E-1,4.411875153E1
2.362027115E2,2.836875153E1,-1.687500030E-1,4.370625305E1
2.362227412E2,2.814375114E1,6.375000477E-1,4.381875229E1
2.362427489E2,2.911875153E1,5.812500119E-1,4.410000229E1
2.362627495E2,2.853750038E1,3.187500238E-1,4.400625229E1
2.362827449E2,2.874375153E1,9.375000000E-2,4.430625153E1
2.363027369E2,2.836875153E1,-2.437500060E-1,4.350000000E1
2.363227361E2,2.836875153E1,-1.687500030E-1,4.370625305E1
2.363427330E2,2.865000153E1,1.125000045E-1,4.380000305E1
2.363627263E2,2.883750153E1,3.375000060E-1,4.338750076E1
2.363827283E2,2.876250076E1,-1.875000000E-1,4.380000305E1
2.364027260E2,2.866875076E1,-2.812500000E-1,4.389375305E1
2.364227205E2,2.805000114E1,5.250000358E-1,4.393125153E1
2.364427125E2,2.865000153E1,2.250000089E-1,4.359375000E1
2.364627152E2,2.806875038E1,3.750000000E-1,4.329375076E1
2.364827233E2,2.891250038E1,8.250000477E-1,4.348125076E1
2.365027259E2,2.814375114E1,4.312500060E-1,4.391250229E1
2.365227239E2,2.769375038E1,-4.312500060E-1,4.361250305E1
2.365427858E2,2.816250038E1,1.500000060E-1,4.361250305E1
2.365627731E2,2.842500114E1,1.012500048E0,4.381875229E1
2.365827572E2,2.833125114E1,6.187500358E-1,4.402500153E1
2.366027512E2,2.814375114E1,6.000000238E-1,4.423125076E1
2.366227422E2,2.765625191E1,7.312500477E-1,4.393125153E1
2.366427310E2,2.775000191E1,6.375000477E-1,4.393125153E1
2.366627301E2,2.767500114E1,4.875000119E-1,4.320000076E1
2.366827047E2,2.775000191E1,7.312500477E-1,4.404375076E1
2.367027137E2,2.733750153E1,1.256250024E0,4.374375153E1
2.367227175E2,2.803125191E1,8.062500358E-1,4.423125076E1
2.367427171E2,2.748750114E1,1.500000060E-1,4.383750153E1
2.367627694E2,2.748750114E1,2.812500000E-1,4.321875000E1
2.367827609E2,2.748750114E1,-0.000000000E0,4.320000076E1
2.368027487E2,2.743125153E1,1.331250072E0,4.404375076E1
2.368227457E2,2.775000191E1,6.562500000E-1,4.351875305E1
2.368427393E2,2.773125076E1,9.187500477E-1,4.434375000E1
2.368627295E2,2.765625191E1,4.687500298E-1,4.351875305E1
2.368827301E2,2.752500153E1,1.125000000E0,4.415625000E1
2.369027379E2,2.745000076E1,8.812500238E-1,4.331250000E1
2.369227289E2,2.752500153E1,1.125000000E0,4.404375076E1
2.369427291E2,2.735625076E1,5.437500477E-1,4.415625000E1
2.369627256E2,2.726250076E1,7.875000238E-1,4.333125305E1
2.369827418E2,2.746875191E1,5.062500238E-1,4.278750229E1
2.370027393E2,2.775000191E1,8.812500238E-1,4.320000076E1
2.370227327E2,2.773125076E1,1.350000024E0,4.363125229E1
2.370427343E2,2.763750076E1,1.143750072E0,4.383750153E1
2.370627319E2,2.791875076E1,1.275000095E0,4.466250229E1
2.370827249E2,2.686875153E1,9.000000358E-1,4.312500000E1
2.371027167E2,2.746875191E1,7.875000238E-1,4.310625076E1
2.371227176E2,2.724375153E1,1.350000024E0,4.374375153E1
2.371427148E2,2.713125038E1,1.125000000E0,4.447500229E1
2.371627203E2,2.686875153E1,9.750000238E-1,4.365000153E1
2.371827207E2,2.649375153E1,5.250000358E-1,4.314375305E1
2.372027175E2,2.679375076E1,1.875000000E-1,4.353750229E1
2.372227122E2,2.705625153E1,1.031250000E0,4.426875305E1
2.372427139E2,2.716875076E1,7.500000000E-1,4.395000076E1
2.372627228E2,2.696250153E1,7.875000238E-1,4.333125305E1
2.372827256E2,2.696250153E1,9.000000358E-1,4.323750305E1
2.373027801E2,2.688750076E1,3.750000149E-2,4.436250305E1
2.373227729E2,2.677500153E1,6.562500000E-1,4.396875000E1
2.373427611E2,2.677500153E1,5.625000000E-1,4.396875000E1
2.373627469E2,2.628750038E1,7.687500119E-1,4.396875000E1
2.373827427E2,2.679375076E1,3.562500179E-1,4.406250000E1
2.374027377E2,2.621250153E1,3.000000119E-1,4.355625153E1
2.374227391E2,2.626875114E1,8.437500596E-1,4.449375153E1
2.374426925E2,2.649375153E1,6.187500358E-1,4.335000229E1
2.374626964E2,2.670000076E1,3.937500119E-1,4.353750229E1
2.374827080E2,2.610000038E1,4.875000119E-1,4.398750305E1
2.375027138E2,2.589375114E1,6.750000119E-1,4.430625153E1
2.375227487E2,2.589375114E1,7.125000358E-1,4.357500076E1
2.375427492E2,2.589375114E1,9.187500477E-1,4.357500076E1
2.375627444E2,2.596875191E1,1.387500048E0,4.389375305E1
2.375827361E2,2.598750114E1,9.937500358E-1,4.398750305E1
2.376027365E2,2.581875038E1,3.937500119E-1,4.398750305E1
2.376227314E2,2.591250038E1,5.062500238E-1,4.366875076E1
2.376427251E2,2.619375038E1,8.250000477E-1,4.325625229E1
2.376627384E2,2.606250191E1,1.181250095E0,4.408125305E1
2.376827334E2,2.578125191E1,1.275000095E0,4.410000229E1
2.377027367E2,2.529375076E1,9.750000238E-1,4.462500000E1
2.377227351E2,2.542500114E1,3.187500238E-1,4.368750000E1
2.377427302E2,2.591250038E1,3.937500119E-1,4.387500000E1
2.377627336E2,2.595000076E1,1.593750119E0,4.368750000E1
2.377827318E2,2.626875114E1,1.050000072E0,4.440000153E1
2.378027264E2,2.538750076E1,1.068750024E0,4.453125000E1
2.378227295E2,2.493750191E1,3.187500238E-1,4.391250229E1
2.378427271E2,2.491875076E1,9.562500119E-1,4.338750076E1
2.378627225E2,2.606250191E1,1.237500072E0,4.460625076E1
2.378827260E2,2.585625076E1,1.350000024E0,4.451250076E1
2.379027249E2,2.538750076E1,9.937500358E-1,4.410000229E1
2.379227200E2,2.520000076E1,1.012500048E0,4.380000305E1
2.379427235E2,2.499375153E1,1.312500000E0,4.402500153E1
2.379627225E2,2.536875153E1,1.481250048E0,4.421250153E1
2.379827079E2,2.499375153E1,1.406250000E0,4.423125076E1
2.380027139E2,2.490000153E1,1.218750000E0,4.402500153E1
2.380227149E2,2.491875076E1,9.375000596E-1,4.359375000E1
2.380427230E2,2.520000076E1,1.331250072E0,4.359375000E1
2.380627707E2,2.576250076E1,1.350000024E0,4.451250076E1
2.380827582E2,2.506875038E1,1.575000048E0,4.443750000E1
2.381027539E2,2.488125038E1,1.368750095E0,4.464375305E1
2.381227458E2,2.497500038E1,1.593750119E0,4.411875153E1
2.381427348E2,2.497500038E1,1.743750095E0,4.340625000E1
2.381627331E2,2.535000038E1,2.193750143E0,4.391250229E1
2.381827401E2,2.555625153E1,1.987500072E0,4.400625229E1
2.382026870E2,2.525625038E1,1.968750119E0,4.432500076E1
2.382226962E2,2.475000191E1,2.418750048E0,4.393125153E1
2.382427010E2,2.458125114E1,1.893750072E0,4.434375000E1
2.382627128E2,2.482500076E1,2.756250143E0,4.475625229E1
2.382827298E2,2.471250153E1,2.925000191E0,4.548750305E1
2.383027276E2,2.471250153E1,3.131250143E0,4.518750000E1
2.383227325E2,2.480625153E1,3.000000000E0,4.590000153E1
2.383427318E2,2.480625153E1,3.225000143E0,4.528125000E1
2.383627270E2,2.508750153E1,3.168750048E0,4.621875000E1
2.383827292E2,2.555625153E1,3.618750095E0,4.672500229E1
2.384027283E2,2.578125191E1,2.662500143E0,4.764375305E1
2.384227228E2,2.606250191E1,2.775000095E0,4.741875076E1
2.384427260E2,2.677500153E1,2.137500048E0,4.751250076E1
2.384627243E2,2.745000076E1,2.343750000E0,4.696875000E1
2.384827305E2,2.814375114E1,2.100000143E0,4.756875229E1
2.385027314E2,2.791875076E1,2.718750000E0,4.736250305E1
2.385227289E2,2.784375191E1,2.231250048E0,4.706250000E1
2.385427326E2,2.814375114E1,2.043750048E0,4.663125229E1
2.385627313E2,2.778750038E1,1.575000048E0,4.642500305E1
2.385827261E2,2.786250114E1,2.006250143E0,4.580625153E1
2.386027862E2,2.816250038E1,2.100000143E0,4.580625153E1
2.386227718E2,2.788125038E1,2.081250191E0,4.466250229E1
2.386427546E2,2.671875191E1,1.687500119E0,4.500000000E1
2.386627477E2,2.709375191E1,1.987500072E0,4.479375076E1
2.386827383E2,2.621250153E1,2.325000048E0,4.481250000E1
2.387027270E2,2.688750076E1,2.512500048E0,4.449375153E1
2.387227261E2,2.638125038E1,2.718750000E0,4.451250076E1
2.387426893E2,2.542500114E1,2.118750095E0,4.526250076E1
2.387627012E2,2.623125076E1,1.837500095E0,4.440000153E1
2.387827077E2,2.670000076E1,2.212500095E0,4.449375153E1
2.388027095E2,2.591250038E1,2.100000143E0,4.524375153E1
2.388227524E2,2.587500191E1,9.937500358E-1,4.554375076E1
2.388427479E2,2.656875038E1,3.937500119E-1,4.541250229E1
2.388627390E2,2.613750076E1,1.687500119E0,4.545000076E1
2.388827388E2,2.658750153E1,2.606250048E0,4.460625076E1
2.389027342E2,2.559375191E1,2.887500048E0,4.556250000E1
2.389227250E2,2.638125038E1,2.812500000E0,4.481250000E1
2.389427271E2,2.685000038E1,3.262500048E0,4.522500229E1
2.389627357E2,2.611875153E1,2.306250095E0,4.492500305E1
2.389827383E2,2.638125038E1,2.681250095E0,4.545000076E1
2.390027362E2,2.705625153E1,2.962500095E0,4.522500229E1
2.390227303E2,2.655000114E1,3.243750095E0,4.575000000E1
2.390427334E2,2.705625153E1,3.225000143E0,4.408125305E1
2.390627316E2,2.761875153E1,3.450000048E0,4.500000000E1
2.390827259E2,2.692500114E1,3.900000095E0,4.460625076E1
2.391027287E2,2.703750038E1,3.731250048E0,4.396875000E1
2.391227271E2,2.782500076E1,3.262500048E0,4.456875229E1
2.391427212E2,2.752500153E1,3.093750238E0,4.603125000E1
2.391627249E2,2.675625038E1,3.525000095E0,4.408125305E1
2.391827236E2,2.707500076E1,3.037500143E0,4.376250076E1
2.392027300E2,2.735625076E1,2.981250048E0,4.458750153E1
2.392227309E2,2.628750038E1,2.568750143E0,4.554375076E1
2.392427275E2,2.673750114E1,3.487500191E0,4.470000076E1
2.392627321E2,2.713125038E1,4.106250286E0,4.261875153E1
2.392827106E2,2.636250114E1,3.712500095E0,4.284375000E1
2.393027107E2,2.713125038E1,3.675000191E0,4.490625000E1
2.393227186E2,2.692500114E1,3.768750191E0,4.513125229E1
2.393427212E2,2.711250114E1,3.862500191E0,4.490625000E1
2.393627756E2,2.711250114E1,4.106250286E0,4.428750229E1
2.393827683E2,2.713125038E1,3.600000143E0,4.449375153E1
2.394027567E2,2.681250191E1,4.387500286E0,4.471875000E1
2.394227429E2,2.780625153E1,3.375000238E0,4.623750305E1
2.394427388E2,2.694375038E1,3.543750048E0,4.376250076E1
2.394627307E2,2.716875076E1,3.393750191E0,4.273125076E1
2.394827221E2,2.683125114E1,3.937500238E0,4.387500000E1
2.395026791E2,2.711250114E1,3.637500048E0,4.531875229E1
2.395226861E2,2.673750114E1,3.918750048E0,4.408125305E1
2.395427003E2,2.653125191E1,3.937500238E0,4.398750305E1
2.395627083E2,2.690625191E1,4.462500095E0,4.314375305E1
2.395827335E2,2.664375114E1,3.750000238E0,4.378125000E1
2.396027378E2,2.623125076E1,4.293750286E0,4.483125305E1
2.396227362E2,2.662500191E1,4.200000286E0,4.460625076E1
2.396427301E2,2.604375076E1,3.843750238E0,4.432500076E1
2.396627321E2,2.655000114E1,3.712500095E0,4.460625076E1
2.396827282E2,2.641875076E1,4.218750000E0,4.421250153E1
2.397027336E2,2.671875191E1,4.087500095E0,4.481250000E1
2.397227335E2,2.681250191E1,4.106250286E0,4.440000153E1
2.397427291E2,2.643750191E1,4.012500286E0,4.441875076E1
2.397627330E2,2.595000076E1,3.843750238E0,4.432500076E1
2.397827320E2,2.636250114E1,3.450000048E0,4.398750305E1
2.398027275E2,2.626875114E1,3.412500143E0,4.471875000E1
2.398227211E2,2.664375114E1,3.825000048E0,4.419375229E1
2.398427219E2,2.596875191E1,3.450000048E0,4.421250153E1
2.398627188E2,2.591250038E1,2.756250143E0,4.430625153E1
2.398827236E2,2.587500191E1,3.656250238E0,4.421250153E1
2.399027226E2,2.636250114E1,3.187500238E0,4.503750229E1
2.399227305E2,2.617500114E1,3.318750143E0,4.451250076E1
2.399427320E2,2.626875114E1,3.112500191E0,4.462500000E1
2.399627292E2,2.529375076E1,3.337500095E0,4.464375305E1
2.399827340E2,2.578125191E1,3.375000238E0,4.400625229E1
2.400027337E2,2.578125191E1,3.562500238E0,4.400625229E1
2.400227292E2,2.636250114E1,3.450000048E0,4.398750305E1
2.400427006E2,2.555625153E1,3.806250095E0,4.516875076E1
2.400627065E2,2.713125038E1,3.412500143E0,4.584375000E1
2.400827079E2,2.548125076E1,3.318750143E0,4.485000229E1
2.401027168E2,2.585625076E1,3.637500048E0,4.441875076E1
2.401227651E2,2.604375076E1,3.993750095E0,4.494375229E1
2.401427532E2,2.604375076E1,4.106250286E0,4.473750305E1
2.401627496E2,2.544375038E1,4.200000286E0,4.516875076E1
2.401827419E2,2.606250191E1,3.431250095E0,4.441875076E1
2.402027315E2,2.596875191E1,3.187500238E0,4.524375153E1
2.402227297E2,2.653125191E1,3.918750048E0,4.440000153E1
2.402427256E2,2.615625191E1,3.825000048E0,4.430625153E1
2.402627409E2,2.623125076E1,4.125000000E0,4.451250076E1
2.402827374E2,2.596875191E1,3.206250191E0,4.503750229E1
2.403027308E2,2.550000191E1,3.187500238E0,4.380000305E1
2.403227327E2,2.626875114E1,3.543750048E0,4.398750305E1
2.403427418E2,2.664375114E1,3.525000095E0,4.419375229E1
2.403627448E2,2.557500076E1,3.431250095E0,4.473750305E1
2.403827426E2,2.570625114E1,3.075000048E0,4.411875153E1
2.404027366E2,2.580000114E1,2.962500095E0,4.400625229E1
2.404227278E2,2.559375191E1,3.131250143E0,4.464375305E1
2.404427269E2,2.625000191E1,3.731250048E0,4.441875076E1
2.404627352E2,2.578125191E1,3.150000095E0,4.421250153E1
2.404827375E2,2.626875114E1,3.300000191E0,4.492500305E1
2.405027353E2,2.606250191E1,3.525000095E0,4.441875076E1
2.405227294E2,2.606250191E1,3.468750238E0,4.565625000E1
2.405427320E2,2.632500076E1,4.087500095E0,4.492500305E1
2.405627305E2,2.604375076E1,4.012500286E0,4.473750305E1
2.405827152E2,2.557500076E1,3.731250048E0,4.453125000E1
2.406027204E2,2.497500038E1,3.506250143E0,4.548750305E1
2.406227211E2,2.555625153E1,3.825000048E0,4.473750305E1
2.406427180E2,2.643750191E1,4.012500286E0,4.441875076E1
2.406627793E2,2.585625076E1,4.031250000E0,4.432500076E1
2.406827665E2,2.623125076E1,3.881250143E0,4.503750229E1
2.407027506E2,2.527500153E1,3.412500143E0,4.526250076E1
2.407227447E2,2.581875038E1,2.568750143E0,4.421250153E1
2.407427358E2,2.497500038E1,3.843750238E0,4.486875153E1
2.407627347E2,2.604375076E1,3.675000191E0,4.524375153E1
2.407827321E2,2.587500191E1,3.393750191E0,4.515000153E1
2.408026935E2,2.610000038E1,2.606250048E0,4.492500305E1
2.408227036E2,2.572500038E1,2.550000191E0,4.441875076E1
2.408427085E2,2.589375114E1,2.625000000E0,4.494375229E1
2.408627089E2,2.568750191E1,3.206250191E0,4.515000153E1
2.408827397E2,2.608125114E1,2.793750048E0,4.513125229E1
2.409027372E2,2.521875191E1,2.831250191E0,4.516875076E1
2.409227302E2,2.578125191E1,2.887500048E0,4.535625076E1
2.409427318E2,2.550000191E1,2.812500000E0,4.526250076E1
2.409627287E2,2.580000114E1,2.681250095E0,4.545000076E1
2.409827318E2,2.615625191E1,3.281250238E0,4.513125229E1
2.410027321E2,2.656875038E1,2.962500095E0,4.554375076E1
2.410227278E2,2.559375191E1,3.093750238E0,4.526250076E1
2.410427314E2,2.595000076E1,3.543750048E0,4.597500229E1
2.410627302E2,2.634375191E1,3.056250095E0,4.730625153E1
2.410827255E2,2.623125076E1,3.843750238E0,4.565625000E1
2.411027293E2,2.621250153E1,4.237500191E0,4.597500229E1
2.411227281E2,2.632500076E1,3.731250048E0,4.586250305E1
2.411427230E2,2.626875114E1,3.187500238E0,4.524375153E1
2.411627263E2,2.643750191E1,3.543750048E0,4.575000000E1
2.411827248E2,2.643750191E1,3.450000048E0,4.575000000E1
2.412027302E2,2.643750191E1,3.675000191E0,4.503750229E1
2.412227201E2,2.692500114E1,3.393750191E0,4.636875153E1
2.412427191E2,2.670000076E1,4.106250286E0,4.606875229E1
2.412627258E2,2.666250038E1,2.868750095E0,4.533750153E1
2.412827270E2,2.703750038E1,3.581250191E0,4.481250000E1
2.413027239E2,2.730000114E1,3.956250191E0,4.511250305E1
2.413227178E2,2.707500076E1,4.406250000E0,4.605000305E1
2.413426992E2,2.731875038E1,3.618750095E0,4.584375000E1
2.413627017E2,2.711250114E1,4.087500095E0,4.440000153E1
2.413827119E2,2.701875114E1,3.525000095E0,4.563750076E1
2.414027161E2,2.701875114E1,3.975000143E0,4.481250000E1
2.414227606E2,2.750625038E1,3.768750191E0,4.468125153E1
2.414427568E2,2.750625038E1,3.600000143E0,4.593750000E1
2.414627483E2,2.692500114E1,3.862500191E0,4.513125229E1
2.414827480E2,2.653125191E1,4.087500095E0,4.471875000E1
2.415027431E2,2.733750153E1,3.375000238E0,4.470000076E1
2.415227341E2,2.709375191E1,4.350000381E0,4.511250305E1
2.415427354E2,2.709375191E1,4.162500381E0,4.511250305E1
2.415626887E2,2.700000191E1,4.012500286E0,4.584375000E1
2.415826923E2,2.683125114E1,3.768750191E0,4.513125229E1
2.416027037E2,2.694375038E1,3.262500048E0,4.522500229E1
2.416227094E2,2.752500153E1,3.787500143E0,4.426875305E1
2.416427333E2,2.769375038E1,4.162500381E0,4.458750153E1
2.416627365E2,2.825625038E1,4.387500286E0,4.571250153E1
2.416827339E2,2.760000038E1,3.843750238E0,4.500000000E1
2.417027387E2,2.750625038E1,3.918750048E0,4.541250229E1
2.417227377E2,2.728125191E1,4.443750381E0,4.511250305E1
2.417427314E2,2.756250191E1,4.481250286E0,4.605000305E1
2.417627349E2,2.748750114E1,4.218750000E0,4.541250229E1
2.417827333E2,2.835000038E1,4.462500095E0,4.591875076E1
2.418027279E2,2.748750114E1,4.125000000E0,4.541250229E1
2.418227310E2,2.735625076E1,4.687500000E0,4.595625305E1
2.418427293E2,2.658750153E1,4.668750286E0,4.513125229E1
2.418627353E2,2.688750076E1,4.631250381E0,4.545000076E1
2.418827262E2,2.728125191E1,4.537500381E0,4.531875229E1
2.419027246E2,2.716875076E1,4.612500191E0,4.584375000E1
2.419227196E2,2.610000038E1,4.893750191E0,4.473750305E1
2.419427231E2,2.709375191E1,4.256250381E0,4.490625000E1
2.419627209E2,2.683125114E1,3.693750143E0,4.460625076E1
2.419827278E2,2.720625114E1,4.293750286E0,4.417500305E1
2.420027292E2,2.649375153E1,4.706250191E0,4.441875076E1
2.420227261E2,2.641875076E1,4.668750286E0,4.336875153E1
2.420427308E2,2.722500038E1,3.975000143E0,4.293750000E1
2.420627303E2,2.722500038E1,4.012500286E0,4.408125305E1
2.420827259E2,2.662500191E1,4.350000381E0,4.378125000E1
2.421026973E2,2.658750153E1,4.800000191E0,4.451250076E1
2.421227035E2,2.671875191E1,4.181250095E0,4.492500305E1
2.421427052E2,2.630625153E1,4.687500000E0,4.473750305E1
2.421627140E2,2.662500191E1,4.218750000E0,4.440000153E1
2.421827513E2,2.632500076E1,4.293750286E0,4.483125305E1
2.422027536E2,2.643750191E1,3.787500143E0,4.483125305E1
2.422227497E2,2.649375153E1,4.781250000E0,4.483125305E1
2.422427418E2,2.709375191E1,4.481250286E0,4.449375153E1
2.422627421E2,2.641875076E1,4.387500286E0,4.492500305E1
2.422827367E2,2.681250191E1,4.162500381E0,4.501875305E1
2.423027412E2,2.640000153E1,4.481250286E0,4.503750229E1
2.423227406E2,2.688750076E1,4.556250095E0,4.513125229E1
2.423427358E2,2.698125076E1,4.856250286E0,4.501875305E1
2.423627281E2,2.688750076E1,4.875000000E0,4.471875000E1
2.423827294E2,2.748750114E1,4.462500095E0,4.458750153E1
2.424027384E2,2.711250114E1,4.312500000E0,4.419375229E1
2.424227301E2,2.741250038E1,3.806250095E0,4.406250000E1
2.424427302E2,2.808750153E1,4.087500095E0,4.415625000E1
2.424627264E2,2.806875038E1,4.575000286E0,4.426875305E1
2.424827309E2,2.846250153E1,4.218750000E0,4.486875153E1
2.425027293E2,2.855625153E1,4.500000000E0,4.507500076E1
2.425227256E2,2.866875076E1,4.237500191E0,4.466250229E1
2.425427296E2,2.885625076E1,4.012500286E0,4.485000229E1
2.425627290E2,2.934375191E1,4.200000286E0,4.473750305E1
2.425827243E2,2.902500153E1,4.631250381E0,4.610625076E1
2.426027280E2,2.960625076E1,4.481250286E0,4.661250305E1
2.426227272E2,2.846250153E1,4.068750381E0,4.601250076E1
2.426427124E2,2.838750076E1,3.693750143E0,4.560000229E1
2.426627182E2,2.855625153E1,4.143750191E0,4.621875000E1
2.426827189E2,2.902500153E1,4.218750000E0,4.640625000E1
2.427027271E2,2.902500153E1,4.312500000E0,4.651875305E1
2.427227747E2,2.911875153E1,4.518750191E0,4.631250000E1
2.427427620E2,2.857500076E1,3.750000238E0,4.621875000E1
2.427627577E2,2.885625076E1,3.843750238E0,4.599375153E1
2.427827495E2,2.844375038E1,4.256250381E0,4.591875076E1
2.428027386E2,2.910000038E1,4.575000286E0,4.704375076E1
2.428227358E2,2.881875038E1,4.537500381E0,4.621875000E1
2.428427316E2,2.816250038E1,4.068750381E0,4.612500000E1
2.428626919E2,2.855625153E1,4.143750191E0,4.633125305E1
2.428827012E2,2.872500038E1,4.668750286E0,4.569375229E1
2.429027059E2,2.876250076E1,3.881250143E0,4.558125305E1
2.429227061E2,2.923125076E1,4.556250095E0,4.546875000E1
2.429427369E2,2.923125076E1,4.256250381E0,4.567500305E1
2.429627343E2,2.874375153E1,4.368750095E0,4.580625153E1
2.429827388E2,2.898750114E1,3.393750191E0,4.526250076E1
2.430027377E2,2.896875191E1,3.918750048E0,4.464375305E1
2.430227324E2,2.966250038E1,3.393750191E0,4.471875000E1
2.430427339E2,2.956875038E1,3.393750191E0,4.503750229E1
2.430627324E2,2.896875191E1,3.693750143E0,4.505625153E1
2.430827269E2,2.945625114E1,3.393750191E0,4.670625305E1
2.431027299E2,2.880000114E1,2.868750095E0,4.599375153E1
2.431227284E2,2.850000191E1,3.543750048E0,4.475625229E1
2.431427232E2,2.910000038E1,2.793750048E0,4.535625076E1
2.431627265E2,2.859375191E1,3.393750191E0,4.558125305E1
2.431827264E2,2.940000153E1,2.718750000E0,4.483125305E1
2.432027208E2,2.910000038E1,2.943750143E0,4.441875076E1
2.432227238E2,2.853750038E1,2.325000048E0,4.505625153E1
2.432427221E2,2.891250038E1,2.850000143E0,4.443750000E1
2.432627959E2,2.941875076E1,2.456250191E0,4.421250153E1
2.432827814E2,2.883750153E1,2.250000000E0,4.443750000E1
2.433027634E2,2.911875153E1,2.306250095E0,4.515000153E1
2.433227557E2,2.865000153E1,2.362500191E0,4.443750000E1
2.433427455E2,2.870625114E1,9.937500358E-1,4.400625229E1
2.433627333E2,2.861250114E1,1.125000000E0,4.370625305E1
2.433827318E2,2.880000114E1,8.625000119E-1,4.453125000E1
2.434027059E2,2.827500153E1,1.875000119E0,4.464375305E1
2.434227033E2,2.829375076E1,1.462500095E0,4.475625229E1
2.434427096E2,2.761875153E1,1.406250000E0,4.425000000E1
2.434627113E2,2.799375153E1,1.593750119E0,4.445625305E1
2.434827545E2,2.722500038E1,1.425000072E0,4.436250305E1
2.435027503E2,2.741250038E1,1.687500119E0,4.468125153E1
2.435227420E2,2.760000038E1,1.612500072E0,4.425000000E1
2.435427419E2,2.778750038E1,1.800000072E0,4.445625305E1
2.435627375E2,2.818125153E1,1.762500048E0,4.486875153E1
2.435827295E2,2.713125038E1,1.462500095E0,4.374375153E1
2.436027312E2,2.754375076E1,1.275000095E0,4.310625076E1
2.436227397E2,2.741250038E1,1.725000024E0,4.415625000E1
2.436427310E2,2.722500038E1,1.443750024E0,4.385625076E1
2.436627316E2,2.741250038E1,1.762500048E0,4.342500305E1
2.436827280E2,2.733750153E1,1.275000095E0,4.333125305E1
2.437027441E2,2.675625038E1,1.406250000E0,4.303125000E1
2.437227412E2,2.673750114E1,1.462500095E0,4.385625076E1
2.437427341E2,2.713125038E1,1.893750072E0,4.291875076E1
2.437627360E2,2.750625038E1,1.650000095E0,4.374375153E1
2.437827333E2,2.670000076E1,2.250000000E0,4.387500000E1
2.438027262E2,2.647500038E1,1.200000048E0,4.346250153E1
2.438227180E2,2.685000038E1,1.518750072E0,4.291875076E1
2.438427189E2,2.677500153E1,9.937500358E-1,4.333125305E1
2.438627161E2,2.681250191E1,1.968750119E0,4.365000153E1
2.438827216E2,2.683125114E1,1.781250119E0,4.344375229E1
2.439027220E2,2.613750076E1,1.875000119E0,4.387500000E1
2.439227187E2,2.677500153E1,1.125000000E0,4.282500076E1
2.439427132E2,2.626875114E1,1.406250000E0,4.325625229E1
2.439627149E2,2.643750191E1,1.650000095E0,4.428750229E1
2.439827237E2,2.655000114E1,1.462500095E0,4.387500000E1
2.440027265E2,2.673750114E1,1.593750119E0,4.335000229E1
2.440227810E2,2.576250076E1,1.518750072E0,4.357500076E1
2.440427737E2,2.645625114E1,1.275000095E0,4.396875000E1
2.440627620E2,2.625000191E1,1.500000000E0,4.346250153E1
2.440827479E2,2.664375114E1,1.500000000E0,4.314375305E1
2.441027438E2,2.632500076E1,2.268750191E0,4.378125000E1
2.441227351E2,2.643750191E1,1.762500048E0,4.408125305E1
2.441427376E2,2.641875076E1,2.156250000E0,4.408125305E1
2.441626916E2,2.673750114E1,1.668750048E0,4.365000153E1
2.441826964E2,2.585625076E1,1.893750072E0,4.368750000E1
2.442027084E2,2.670000076E1,2.362500191E0,4.387500000E1
2.442227148E2,2.658750153E1,2.625000000E0,4.428750229E1
2.442427501E2,2.675625038E1,3.131250143E0,4.428750229E1
2.442627511E2,2.640000153E1,2.643750191E0,4.419375229E1
2.442827464E2,2.600625038E1,2.568750143E0,4.389375305E1
2.443027381E2,2.617500114E1,3.168750048E0,4.378125000E1
2.443227384E2,2.705625153E1,3.318750143E0,4.417500305E1
2.443427341E2,2.656875038E1,3.581250191E0,4.346250153E1
2.443627274E2,2.645625114E1,3.206250191E0,4.460625076E1
2.443827290E2,2.606250191E1,3.543750048E0,4.430625153E1
2.444027265E2,2.675625038E1,3.337500095E0,4.387500000E1
2.444227208E2,2.647500038E1,3.056250095E0,4.387500000E1
2.444427238E2,2.662500191E1,4.031250000E0,4.419375229E1
2.444627225E2,2.705625153E1,3.543750048E0,4.355625153E1
2.444827177E2,2.731875038E1,3.956250191E0,4.335000229E1
2.445027211E2,2.664375114E1,3.843750238E0,4.398750305E1
2.445227197E2,2.793750191E1,3.431250095E0,4.342500305E1
2.445427261E2,2.786250114E1,2.962500095E0,4.310625076E1
2.445627265E2,2.878125191E1,3.787500143E0,4.381875229E1
2.445827347E2,2.810625076E1,3.806250095E0,4.383750153E1
2.446027366E2,2.752500153E1,3.562500238E0,4.479375076E1
2.446227337E2,2.840625191E1,3.262500048E0,4.434375000E1
2.446427274E2,2.821875191E1,3.187500238E0,4.393125153E1
2.446627294E2,2.863125038E1,2.868750095E0,4.423125076E1
2.446827274E2,2.838750076E1,3.843750238E0,4.477500153E1
2.447027118E2,2.859375191E1,3.693750143E0,4.381875229E1
2.447227166E2,2.820000076E1,3.543750048E0,4.466250229E1
2.447427168E2,2.842500114E1,3.150000095E0,4.455000305E1
2.447627245E2,2.859375191E1,3.581250191E0,4.393125153E1
2.447827719E2,2.851875114E1,3.262500048E0,4.423125076E1
2.448027702E2,2.848125076E1,4.068750381E0,4.404375076E1
2.448227630E2,2.891250038E1,3.168750048E0,4.411875153E1
2.448427525E2,2.840625191E1,3.675000191E0,4.413750076E1
2.448627398E2,2.868750191E1,3.543750048E0,4.443750000E1
2.448827363E2,2.850000191E1,3.656250238E0,4.445625305E1
2.449027307E2,2.870625114E1,3.468750238E0,4.423125076E1
2.449226792E2,2.829375076E1,3.750000238E0,4.456875229E1
2.449426905E2,2.820000076E1,3.450000048E0,4.477500153E1
2.449626968E2,2.885625076E1,4.143750191E0,4.423125076E1
2.449827101E2,2.840625191E1,3.787500143E0,4.393125153E1
2.450027397E2,2.840625191E1,3.468750238E0,4.434375000E1
2.450227363E2,2.851875114E1,3.300000191E0,4.381875229E1
2.450427395E2,2.838750076E1,3.993750095E0,4.383750153E1
2.450627373E2,2.876250076E1,4.293750286E0,4.351875305E1
2.450827312E2,2.818125153E1,4.275000095E0,4.425000000E1
2.451027324E2,2.868750191E1,3.675000191E0,4.393125153E1
2.451227309E2,2.799375153E1,4.031250000E0,4.342500305E1
2.451427248E2,2.840625191E1,3.468750238E0,4.425000000E1
2.451627276E2,2.818125153E1,4.162500381E0,4.425000000E1
2.451827257E2,2.818125153E1,4.181250095E0,4.415625000E1
2.452027314E2,2.801250076E1,3.618750095E0,4.374375153E1
2.452227320E2,2.859375191E1,3.675000191E0,4.402500153E1
2.452427294E2,2.799375153E1,3.900000095E0,4.395000076E1
2.452627334E2,2.836875153E1,4.275000095E0,4.404375076E1
2.452827322E2,2.836875153E1,4.425000191E0,4.321875000E1
2.453027272E2,2.866875076E1,4.350000381E0,4.425000000E1
2.453227872E2,2.808750153E1,4.181250095E0,4.404375076E1
2.453427730E2,2.806875038E1,4.387500286E0,4.404375076E1
2.453627560E2,2.818125153E1,4.312500000E0,4.342500305E1
2.453827490E2,2.923125076E1,4.875000000E0,4.361250305E1
2.454027395E2,2.911875153E1,4.950000286E0,4.381875229E1
2.454227282E2,2.932500076E1,4.762500286E0,4.370625305E1
2.454427161E2,2.971875191E1,5.081250191E0,4.306875229E1
2.454626931E2,2.932500076E1,5.043750286E0,4.402500153E1
2.454827049E2,2.981250191E1,4.875000000E0,4.327500153E1
2.455027110E2,2.949375153E1,5.625000000E0,4.423125076E1
2.455227124E2,3.009375191E1,5.006250381E0,4.410000229E1
2.455427550E2,2.979375076E1,5.231250286E0,4.391250229E1
2.455627503E2,2.992500114E1,4.500000000E0,4.462500000E1
2.455827410E2,2.964375114E1,4.312500000E0,4.453125000E1
2.456027407E2,3.048750114E1,4.781250000E0,4.430625153E1
2.456227360E2,2.958750153E1,5.156250000E0,4.515000153E1
2.456427270E2,2.981250191E1,4.687500000E0,4.462500000E1
2.456627177E2,2.891250038E1,4.987500191E0,4.528125000E1
2.456827286E2,2.932500076E1,4.500000000E0,4.464375305E1
2.457027333E2,2.895000076E1,4.387500286E0,4.528125000E1
2.457227329E2,2.941875076E1,4.912500381E0,4.453125000E1
2.457427285E2,2.921250153E1,4.781250000E0,4.526250076E1
2.457627327E2,2.923125076E1,4.556250095E0,4.558125305E1
2.457827319E2,2.943750191E1,4.387500286E0,4.494375229E1
2.458027270E2,2.925000191E1,4.106250286E0,4.464375305E1
2.458227303E2,2.902500153E1,4.593750000E0,4.516875076E1
2.458427290E2,2.981250191E1,4.481250286E0,4.473750305E1
2.458627231E2,3.001875114E1,4.350000381E0,4.524375153E1
2.458827270E2,2.962500191E1,4.575000286E0,4.494375229E1
2.459027258E2,2.973750114E1,3.975000143E0,4.494375229E1
2.459227206E2,2.994375038E1,4.143750191E0,4.378125000E1
2.459427240E2,3.061875153E1,4.012500286E0,4.396875000E1
2.459627227E2,3.101250076E1,4.087500095E0,4.426875305E1
2.459827294E2,3.033750153E1,3.787500143E0,4.460625076E1
2.460027207E2,3.054375076E1,3.843750238E0,4.355625153E1
2.460227194E2,3.086250114E1,3.206250191E0,4.406250000E1
2.460427257E2,3.095625114E1,3.431250095E0,4.365000153E1
2.460627266E2,3.076875114E1,3.131250143E0,4.365000153E1
2.460827797E2,3.075000191E1,3.225000143E0,4.385625076E1
2.461027716E2,3.172500038E1,3.243750095E0,4.466250229E1
2.461227592E2,3.172500038E1,3.393750191E0,4.363125229E1
2.461427446E2,3.039375114E1,2.793750048E0,4.293750000E1
2.461627404E2,3.110625076E1,2.662500143E0,4.136250305E1
2.461827335E2,3.121875191E1,2.156250000E0,4.155000305E1
2.462027354E2,3.127500153E1,2.850000143E0,4.321875000E1
2.462226894E2,3.204375076E1,2.325000048E0,4.505625153E1
2.462426936E2,3.071250153E1,2.268750191E0,4.312500000E1
2.462627057E2,3.033750153E1,1.706250072E0,4.293750000E1
2.462827120E2,3.043125153E1,1.781250119E0,4.312500000E1
2.463027473E2,3.015000153E1,1.725000024E0,4.261875153E1
2.463227480E2,2.994375038E1,1.987500072E0,4.346250153E1
2.463427434E2,2.986875153E1,1.275000095E0,4.366875076E1
2.463627350E2,2.928750038E1,1.200000048E0,4.368750000E1
2.463827354E2,2.883750153E1,6.375000477E-1,4.327500153E1
2.464027302E2,2.977500153E1,1.331250072E0,4.293750000E1
2.464227238E2,2.968125153E1,1.293750048E0,4.346250153E1
2.464427257E2,2.902500153E1,6.000000238E-1,4.380000305E1
2.464627235E2,2.923125076E1,4.500000179E-1,4.295625305E1
2.464827291E2,2.913750076E1,2.062500119E-1,4.368750000E1
2.465027296E2,2.835000038E1,4.875000119E-1,4.276875305E1
2.465227260E2,2.874375153E1,3.375000060E-1,4.338750076E1
2.465427308E2,2.902500153E1,5.437500477E-1,4.295625305E1
2.465627299E2,2.803125191E1,8.250000477E-1,4.381875229E1
2.465827250E2,2.835000038E1,0.000000000E0,4.432500076E1
2.466027285E2,2.780625153E1,-4.312500060E-1,4.361250305E1
2.466227274E2,2.784375191E1,6.375000477E-1,4.381875229E1
2.466427341E2,2.805000114E1,5.250000358E-1,4.402500153E1
2.466627346E2,2.823750114E1,6.187500358E-1,4.411875153E1
2.466827311E2,2.696250153E1,5.062500238E-1,4.500000000E1
2.467027240E2,2.726250076E1,5.250000358E-1,4.436250305E1
2.467227257E2,2.688750076E1,3.375000060E-1,4.426875305E1
2.467427236E2,2.805000114E1,4.687500298E-1,4.320000076E1
2.467626967E2,2.763750076E1,8.250000477E-1,4.425000000E1
2.467827042E2,2.694375038E1,1.312500000E0,4.458750153E1
2.468027071E2,2.698125076E1,5.625000000E-1,4.395000076E1
2.468227169E2,2.675625038E1,8.437500596E-1,4.426875305E1
2.468427659E2,2.707500076E1,6.562500000E-1,4.385625076E1
2.468627545E2,2.705625153E1,1.068750024E0,4.365000153E1
2.468827511E2,2.731875038E1,1.443750024E0,4.374375153E1
2.469027437E2,2.692500114E1,1.537500024E0,4.426875305E1
2.469227334E2,2.675625038E1,9.750000238E-1,4.385625076E1
2.469427309E2,2.705625153E1,8.250000477E-1,4.436250305E1
2.469627270E2,2.686875153E1,9.937500358E-1,4.323750305E1
2.469827422E2,2.801250076E1,1.443750024E0,4.351875305E1
2.470027390E2,2.664375114E1,1.425000072E0,4.449375153E1
2.470227321E2,2.705625153E1,1.200000048E0,4.301250076E1
2.470427339E2,2.713125038E1,1.912500024E0,4.271250153E1
2.470627430E2,2.615625191E1,1.368750095E0,4.408125305E1
2.470827346E2,2.653125191E1,1.781250119E0,4.346250153E1
2.471027350E2,2.709375191E1,1.987500072E0,4.488750076E1
2.471227312E2,2.679375076E1,2.400000095E0,4.481250000E1
2.471427242E2,2.692500114E1,1.706250072E0,4.479375076E1
2.471627249E2,2.761875153E1,1.500000000E0,4.436250305E1
2.471827345E2,2.671875191E1,1.912500024E0,4.458750153E1
2.472027265E2,2.686875153E1,2.793750048E0,4.490625000E1
2.472227276E2,2.679375076E1,2.381250143E0,4.511250305E1
2.472427246E2,2.733750153E1,3.018750191E0,4.573125076E1
2.472627293E2,2.645625114E1,2.962500095E0,4.565625000E1
2.472827297E2,2.660625076E1,2.100000143E0,4.490625000E1
2.473027269E2,2.656875038E1,2.981250048E0,4.501875305E1
2.473227308E2,2.705625153E1,2.962500095E0,4.522500229E1
2.473427300E2,2.705625153E1,2.943750143E0,4.552500153E1
2.473627248E2,2.773125076E1,3.075000048E0,4.456875229E1
2.473827844E2,2.675625038E1,2.962500095E0,4.522500229E1
2.474027814E2,2.743125153E1,3.150000095E0,4.509375000E1
2.474227618E2,2.686875153E1,2.681250095E0,4.511250305E1
2.474427529E2,2.754375076E1,3.075000048E0,4.479375076E1
2.474627415E2,2.790000153E1,3.393750191E0,4.582500076E1
2.474827401E2,2.799375153E1,3.506250143E0,4.550625229E1
2.475027354E2,2.745000076E1,2.831250191E0,4.541250229E1
2.475226953E2,2.763750076E1,3.131250143E0,4.541250229E1
2.475427043E2,2.773125076E1,3.131250143E0,4.541250229E1
2.475627088E2,2.801250076E1,3.431250095E0,4.518750000E1
2.475827094E2,2.829375076E1,3.168750048E0,4.612500000E1
2.476027514E2,2.773125076E1,3.225000143E0,4.550625229E1
2.476227462E2,2.823750114E1,2.850000143E0,4.475625229E1
2.476427371E2,2.752500153E1,3.150000095E0,4.520625305E1
2.476627367E2,2.801250076E1,3.562500238E0,4.445625305E1
2.476827321E2,2.810625076E1,3.656250238E0,4.466250229E1
2.477027342E2,2.799375153E1,3.825000048E0,4.530000305E1
2.477227336E2,2.771250153E1,3.300000191E0,4.582500076E1
2.477427400E2,2.782500076E1,3.356250048E0,4.468125153E1
2.477627408E2,2.801250076E1,3.450000048E0,4.468125153E1
2.477827373E2,2.829375076E1,3.543750048E0,4.477500153E1
2.478027302E2,2.776875114E1,4.200000286E0,4.561875153E1
2.478227324E2,2.797500038E1,4.087500095E0,4.571250153E1
2.478427301E2,2.790000153E1,3.525000095E0,4.518750000E1
2.478627240E2,2.850000191E1,3.562500238E0,4.445625305E1
2.478827268E2,2.810625076E1,3.225000143E0,4.518750000E1
2.479027252E2,2.799375153E1,3.731250048E0,4.498125076E1
2.479227195E2,2.848125076E1,3.918750048E0,4.507500076E1
2.479427231E2,2.788125038E1,3.881250143E0,4.591875076E1
2.479627219E2,2.840625191E1,2.981250048E0,4.569375229E1
2.479827282E2,2.829375076E1,3.637500048E0,4.477500153E1
2.480027292E2,2.836875153E1,4.218750000E0,4.486875153E1
2.480227259E2,2.855625153E1,4.293750286E0,4.539375305E1
2.480427196E2,2.836875153E1,3.900000095E0,4.528125000E1
2.480627230E2,2.855625153E1,4.106250286E0,4.507500076E1
2.480827204E2,2.838750076E1,3.637500048E0,4.466250229E1
2.481027255E2,2.797500038E1,4.312500000E0,4.530000305E1
2.481227257E2,2.876250076E1,4.331250191E0,4.466250229E1
2.481427785E2,2.857500076E1,4.125000000E0,4.486875153E1
2.481627584E2,2.906250191E1,3.806250095E0,4.505625153E1
2.481827484E2,2.941875076E1,4.181250095E0,4.693125153E1
2.482027473E2,2.868750191E1,3.843750238E0,4.455000305E1
2.482227420E2,2.878125191E1,3.937500238E0,4.464375305E1
2.482427331E2,2.880000114E1,3.412500143E0,4.496250153E1
2.482627233E2,2.913750076E1,4.312500000E0,4.475625229E1
2.482826794E2,2.887500191E1,3.693750143E0,4.516875076E1
2.483026859E2,2.893125153E1,4.612500191E0,4.475625229E1
2.483226998E2,2.878125191E1,3.712500095E0,4.496250153E1
2.483427073E2,2.876250076E1,3.900000095E0,4.516875076E1
2.483627321E2,2.915625191E1,4.106250286E0,4.475625229E1
2.483827365E2,3.022500038E1,4.012500286E0,4.595625305E1
2.484027346E2,2.925000191E1,3.993750095E0,4.515000153E1
2.484227284E2,2.895000076E1,4.443750381E0,4.434375000E1
2.484427307E2,2.928750038E1,3.431250095E0,4.441875076E1
2.484627267E2,2.908125114E1,3.656250238E0,4.423125076E1
2.484827213E2,2.945625114E1,4.012500286E0,4.462500000E1
2.485027238E2,2.904375076E1,4.087500095E0,4.516875076E1
2.485227221E2,2.925000191E1,4.200000286E0,4.494375229E1
2.485427278E2,2.904375076E1,4.087500095E0,4.516875076E1
2.485627282E2,2.964375114E1,4.031250000E0,4.432500076E1
2.485827249E2,3.003750038E1,3.881250143E0,4.492500305E1
2.486027311E2,2.971875191E1,4.668750286E0,4.503750229E1
2.486227297E2,2.941875076E1,4.481250286E0,4.494375229E1
2.486427244E2,2.943750191E1,4.087500095E0,4.505625153E1
2.486627275E2,2.915625191E1,4.012500286E0,4.464375305E1
2.486827253E2,2.947500038E1,3.618750095E0,4.441875076E1
2.487027317E2,2.943750191E1,4.106250286E0,4.473750305E1
2.487227322E2,2.985000038E1,3.787500143E0,4.471875000E1
2.487427283E2,3.020625114E1,4.443750381E0,4.513125229E1
2.487627326E2,2.962500191E1,4.481250286E0,4.505625153E1
2.487827318E2,2.934375191E1,4.106250286E0,4.464375305E1
2.488027386E2,2.919375038E1,3.693750143E0,4.338750076E1
2.488227071E2,2.983125114E1,4.218750000E0,4.421250153E1
2.488427110E2,2.932500076E1,4.800000191E0,4.475625229E1
2.488627106E2,2.923125076E1,4.537500381E0,4.423125076E1
2.488827179E2,2.932500076E1,4.387500286E0,4.515000153E1
2.489027650E2,2.936250114E1,3.750000238E0,4.400625229E1
2.489227636E2,2.908125114E1,3.506250143E0,4.485000229E1
2.489427566E2,2.947500038E1,3.637500048E0,4.432500076E1
2.489627463E2,2.975625038E1,3.937500238E0,4.400625229E1
2.489827451E2,2.992500114E1,4.293750286E0,4.451250076E1
2.490027385E2,2.985000038E1,4.031250000E0,4.421250153E1
2.490227309E2,2.975625038E1,3.637500048E0,4.410000229E1
2.490427435E2,2.938125038E1,3.431250095E0,4.441875076E1
2.490627383E2,2.994375038E1,4.125000000E0,4.410000229E1
2.490827300E2,2.992500114E1,4.500000000E0,4.430625153E1
2.491027309E2,2.945625114E1,4.050000191E0,4.400625229E1
2.491227393E2,2.964375114E1,4.200000286E0,4.453125000E1
2.491427421E2,2.936250114E1,3.975000143E0,4.370625305E1
2.491627396E2,2.917500114E1,3.656250238E0,4.391250229E1
2.491827336E2,2.938125038E1,3.656250238E0,4.400625229E1
2.492027363E2,2.975625038E1,4.031250000E0,4.410000229E1
2.492227342E2,2.906250191E1,3.956250191E0,4.391250229E1
2.492427289E2,2.850000191E1,3.900000095E0,4.372500229E1
2.492627319E2,2.896875191E1,3.862500191E0,4.402500153E1
2.492827303E2,2.887500191E1,4.200000286E0,4.320000076E1
2.493027251E2,2.919375038E1,3.506250143E0,4.308750153E1
2.493227285E2,2.958750153E1,3.506250143E0,4.286250305E1
2.493427281E2,2.986875153E1,3.768750191E0,4.327500153E1
2.493627134E2,2.908125114E1,3.900000095E0,4.329375076E1
2.493827193E2,2.930625153E1,3.412500143E0,4.318125153E1
2.494027199E2,2.960625076E1,2.981250048E0,4.348125076E1
2.494227167E2,2.960625076E1,3.112500191E0,4.295625305E1
2.494427779E2,3.037500191E1,3.281250238E0,4.314375305E1
2.494627651E2,3.016875076E1,3.675000191E0,4.316250229E1
2.494827605E2,3.009375191E1,3.075000048E0,4.336875153E1
2.495027520E2,2.970000076E1,3.150000095E0,4.378125000E1
2.495227407E2,2.932500076E1,2.643750191E0,4.421250153E1
2.495427379E2,2.911875153E1,2.681250095E0,4.370625305E1
2.495627333E2,2.911875153E1,2.681250095E0,4.370625305E1
2.495826933E2,2.986875153E1,3.356250048E0,4.533750153E1
2.496027026E2,2.853750038E1,2.475000143E0,4.423125076E1
2.496227070E2,2.851875114E1,2.981250048E0,4.413750076E1
2.496427071E2,2.786250114E1,2.737500191E0,4.363125229E1
2.496627381E2,2.728125191E1,2.456250191E0,4.344375229E1
2.496827353E2,2.780625153E1,1.762500048E0,4.310625076E1
2.497027397E2,2.730000114E1,2.287500143E0,4.312500000E1
2.497227386E2,2.788125038E1,2.043750048E0,4.351875305E1
2.497427333E2,2.746875191E1,2.850000143E0,4.353750229E1
2.497627359E2,2.769375038E1,2.062500000E0,4.321875000E1
2.497827342E2,2.769375038E1,2.193750143E0,4.269375229E1
2.498027397E2,2.711250114E1,1.968750119E0,4.344375229E1
2.498227399E2,2.664375114E1,1.781250119E0,4.344375229E1
2.498427357E2,2.750625038E1,1.968750119E0,4.312500000E1
2.498627283E2,2.730000114E1,2.381250143E0,4.303125000E1
2.498827301E2,2.750625038E1,1.968750119E0,4.342500305E1
2.499027275E2,2.671875191E1,2.175000191E0,4.355625153E1
2.499227216E2,2.662500191E1,1.968750119E0,4.376250076E1
2.499427241E2,2.645625114E1,1.725000024E0,4.305000305E1
2.499627223E2,2.643750191E1,1.875000119E0,4.366875076E1
2.499827273E2,2.651250076E1,2.381250143E0,4.346250153E1
2.500027287E2,2.651250076E1,2.475000143E0,4.378125000E1
2.500227256E2,2.628750038E1,2.737500191E0,4.419375229E1
2.500427301E2,2.600625038E1,2.643750191E0,4.441875076E1
2.500627298E2,2.583750153E1,2.081250191E0,4.389375305E1
2.500827251E2,2.593125153E1,2.512500048E0,4.336875153E1
2.501027290E2,2.533125114E1,2.831250191E0,4.318125153E1
2.501227068E2,2.566875076E1,3.768750191E0,4.391250229E1
2.501427068E2,2.499375153E1,3.731250048E0,4.320000076E1
2.501627144E2,2.542500114E1,3.150000095E0,4.288125229E1
2.501827168E2,2.463750076E1,3.393750191E0,4.248750305E1
2.502027714E2,2.533125114E1,3.187500238E0,4.215000153E1
2.502227641E2,2.670000076E1,2.868750095E0,4.179375076E1
2.502427526E2,2.688750076E1,3.075000048E0,4.168125153E1
2.502627501E2,2.795625114E1,3.168750048E0,4.280625153E1
2.502827437E2,2.853750038E1,3.075000048E0,4.258125305E1
2.503027335E2,2.863125038E1,2.775000095E0,4.402500153E1
2.503227228E2,2.865000153E1,2.381250143E0,4.423125076E1
2.503426782E2,2.923125076E1,2.418750048E0,4.494375229E1
2.503626839E2,2.898750114E1,2.962500095E0,4.578750229E1
2.503826975E2,2.917500114E1,2.906250000E0,4.661250305E1
2.504027050E2,2.889375114E1,3.075000048E0,4.567500305E1
2.504227299E2,2.861250114E1,2.531250000E0,4.663125229E1
2.504427339E2,2.880000114E1,2.775000095E0,4.745625305E1
2.504627320E2,2.870625114E1,2.568750143E0,4.786875153E1
2.504827372E2,2.861250114E1,2.400000095E0,4.734375000E1
2.505027367E2,2.947500038E1,2.437500000E0,4.773750305E1
2.505227305E2,2.880000114E1,2.531250000E0,4.816875076E1
2.505427340E2,2.951250076E1,1.668750048E0,4.732500076E1
2.505627324E2,2.941875076E1,1.650000095E0,4.794375229E1
2.505827269E2,3.052500153E1,9.187500477E-1,4.790625000E1
2.506027299E2,3.024375153E1,1.106250048E0,4.646250153E1
2.506227282E2,3.088125038E1,1.968750119E0,4.655625153E1
2.506427343E2,3.031875038E1,1.293750048E0,4.655625153E1
2.506627349E2,2.953125191E1,1.518750072E0,4.659375000E1
2.506827309E2,2.966250038E1,1.087500095E0,4.543125153E1
2.507027237E2,2.928750038E1,1.012500048E0,4.524375153E1
2.507227253E2,2.891250038E1,5.625000000E-1,4.451250076E1
2.507427222E2,2.945625114E1,1.631250024E0,4.462500000E1
2.507627283E2,2.925000191E1,1.856250048E0,4.430625153E1
2.507827287E2,2.876250076E1,1.743750095E0,4.485000229E1
2.508027248E2,2.857500076E1,1.781250119E0,4.423125076E1
2.508227290E2,2.806875038E1,1.968750119E0,4.475625229E1
2.508427282E2,2.797500038E1,2.325000048E0,4.363125229E1
2.508627238E2,2.793750191E1,2.775000095E0,4.466250229E1
2.508826950E2,2.784375191E1,3.206250191E0,4.404375076E1
2.509027014E2,2.803125191E1,3.150000095E0,4.498125076E1
2.509227032E2,2.724375153E1,3.225000143E0,4.406250000E1
2.509427123E2,2.765625191E1,2.756250143E0,4.498125076E1
2.509627608E2,2.793750191E1,3.093750238E0,4.404375076E1
2.509827491E2,2.803125191E1,2.962500095E0,4.477500153E1
2.510027457E2,2.769375038E1,4.181250095E0,4.426875305E1
2.510227383E2,2.799375153E1,3.618750095E0,4.530000305E1
2.510427391E2,2.780625153E1,3.656250238E0,4.477500153E1
2.510627341E2,2.810625076E1,3.581250191E0,4.436250305E1
2.510827278E2,2.801250076E1,3.562500238E0,4.468125153E1
2.511027412E2,2.898750114E1,3.637500048E0,4.432500076E1
2.511227364E2,2.835000038E1,4.650000095E0,4.436250305E1
2.511427285E2,2.865000153E1,4.331250191E0,4.455000305E1
2.511627295E2,2.836875153E1,4.312500000E0,4.518750000E1
2.511827379E2,2.797500038E1,4.537500381E0,4.479375076E1
2.512027407E2,2.876250076E1,4.350000381E0,4.434375000E1
2.512227381E2,2.846250153E1,4.556250095E0,4.415625000E1
2.512427321E2,2.911875153E1,4.931250095E0,4.413750076E1
2.512627345E2,2.874375153E1,4.425000191E0,4.475625229E1
2.512827323E2,2.881875038E1,4.912500381E0,4.486875153E1
2.513027269E2,2.915625191E1,4.106250286E0,4.496250153E1
2.513227297E2,2.923125076E1,4.856250286E0,4.391250229E1
2.513427282E2,2.885625076E1,4.125000000E0,4.464375305E1
2.513627229E2,2.951250076E1,5.025000095E0,4.423125076E1
2.513827262E2,2.960625076E1,4.931250095E0,4.391250229E1
2.514027251E2,2.844375038E1,4.818750381E0,4.498125076E1
2.514227104E2,2.895000076E1,4.406250000E0,4.485000229E1
2.514427161E2,2.962500191E1,4.537500381E0,4.400625229E1
2.514627170E2,2.990625191E1,5.043750286E0,4.348125076E1
2.514827251E2,2.981250191E1,4.781250000E0,4.483125305E1
2.515027840E2,2.979375076E1,5.212500095E0,4.411875153E1
2.515227688E2,2.979375076E1,4.968750000E0,4.494375229E1
2.515427622E2,2.992500114E1,4.743750095E0,4.380000305E1
2.515627523E2,2.981250191E1,4.687500000E0,4.462500000E1
2.515827398E2,3.009375191E1,5.006250381E0,4.430625153E1
2.516027361E2,2.970000076E1,5.100000381E0,4.432500076E1
2.516227312E2,2.940000153E1,5.212500095E0,4.453125000E1
2.516426912E2,2.953125191E1,4.537500381E0,4.391250229E1
2.516626999E2,2.953125191E1,4.725000381E0,4.432500076E1
2.516827041E2,2.971875191E1,4.743750095E0,4.391250229E1
2.517027156E2,2.983125114E1,4.462500095E0,4.338750076E1
2.517227438E2,3.000000191E1,4.912500381E0,4.421250153E1
2.517427391E2,2.998125076E1,5.287500381E0,4.441875076E1
2.517627413E2,2.960625076E1,4.931250095E0,4.400625229E1
2.517827386E2,2.943750191E1,4.650000095E0,4.370625305E1
2.518027321E2,2.943750191E1,4.218750000E0,4.432500076E1
2.518227326E2,3.001875114E1,4.631250381E0,4.389375305E1
2.518427305E2,3.030000114E1,4.931250095E0,4.357500076E1
2.518627359E2,3.030000114E1,4.912500381E0,4.389375305E1
2.518827363E2,2.981250191E1,4.743750095E0,4.380000305E1
2.519027321E2,2.973750114E1,4.537500381E0,4.380000305E1
2.519227249E2,2.917500114E1,4.087500095E0,4.338750076E1
2.519427269E2,3.001875114E1,4.650000095E0,4.357500076E1
2.519627246E2,2.943750191E1,4.668750286E0,4.359375000E1
2.519827297E2,2.960625076E1,5.025000095E0,4.421250153E1
2.520027299E2,2.986875153E1,3.862500191E0,4.336875153E1
2.520227259E2,3.054375076E1,4.181250095E0,4.284375000E1
2.520427301E2,2.966250038E1,3.993750095E0,4.318125153E1
2.520627298E2,3.015000153E1,4.181250095E0,4.316250229E1
2.520827252E2,2.955000114E1,4.256250381E0,4.391250229E1
2.521027286E2,2.992500114E1,4.406250000E0,4.441875076E1
2.521227274E2,2.955000114E1,4.237500191E0,4.421250153E1
2.521427224E2,2.943750191E1,4.462500095E0,4.359375000E1
2.521627260E2,2.917500114E1,3.993750095E0,4.350000000E1
2.521827037E2,2.915625191E1,4.275000095E0,4.350000000E1
2.522027147E2,3.013125038E1,4.368750095E0,4.305000305E1
2.522227198E2,2.934375191E1,4.125000000E0,4.443750000E1
2.522427199E2,2.936250114E1,3.975000143E0,4.370625305E1
2.522627726E2,2.928750038E1,3.656250238E0,4.391250229E1
2.522827639E2,2.926875114E1,3.862500191E0,4.391250229E1
2.523027514E2,2.947500038E1,3.637500048E0,4.421250153E1
2.523227482E2,2.966250038E1,3.843750238E0,4.389375305E1
2.523427411E2,2.908125114E1,3.843750238E0,4.432500076E1
2.523627305E2,2.917500114E1,3.843750238E0,4.423125076E1
2.523827309E2,2.928750038E1,3.375000238E0,4.380000305E1
2.524026836E2,2.940000153E1,3.281250238E0,4.359375000E1
2.524226871E2,2.887500191E1,3.637500048E0,4.455000305E1
2.524426984E2,2.926875114E1,3.637500048E0,4.432500076E1
2.524627042E2,2.938125038E1,3.393750191E0,4.515000153E1
2.524827283E2,2.994375038E1,3.712500095E0,4.451250076E1
2.525027313E2,2.970000076E1,2.793750048E0,4.483125305E1
2.525227291E2,2.960625076E1,2.850000143E0,4.389375305E1
2.525427340E2,3.026250076E1,3.281250238E0,4.492500305E1
2.525627336E2,3.015000153E1,3.450000048E0,4.522500229E1
2.525827273E2,3.056250191E1,2.700000048E0,4.605000305E1
2.526027313E2,3.016875076E1,3.018750191E0,4.440000153E1
2.526227297E2,3.028125191E1,2.643750191E0,4.543125153E1
2.526427243E2,3.037500191E1,2.887500048E0,4.481250000E1
2.526627274E2,3.058125114E1,2.587500095E0,4.458750153E1
2.526827257E2,3.011250114E1,2.081250191E0,4.501875305E1
2.527027208E2,3.039375114E1,2.456250191E0,4.543125153E1
2.527227254E2,3.116250038E1,2.081250191E0,4.623750305E1
2.527427236E2,3.043125153E1,1.725000024E0,4.438125229E1
2.527627294E2,3.069375038E1,2.175000191E0,4.479375076E1
2.527827298E2,3.110625076E1,1.800000072E0,4.415625000E1
2.528027249E2,3.121875191E1,1.612500072E0,4.404375076E1
2.528227295E2,3.045000076E1,1.350000024E0,4.396875000E1
2.528427289E2,3.024375153E1,1.443750024E0,4.417500305E1
2.528627244E2,3.045000076E1,1.556250095E0,4.365000153E1
2.528827279E2,3.080625153E1,1.931250095E0,4.385625076E1
2.529027266E2,3.073125076E1,1.425000072E0,4.395000076E1
2.529227332E2,2.994375038E1,1.668750048E0,4.366875076E1
2.529427016E2,3.065625191E1,1.181250095E0,4.312500000E1
2.529627052E2,2.990625191E1,7.125000358E-1,4.303125000E1
2.529827161E2,3.028125191E1,8.062500358E-1,4.303125000E1
2.530027208E2,2.966250038E1,1.443750024E0,4.419375229E1
2.530227659E2,2.977500153E1,1.218750000E0,4.305000305E1
2.530427511E2,2.891250038E1,7.875000238E-1,4.421250153E1
2.530627454E2,2.926875114E1,1.500000000E0,4.368750000E1
2.530827364E2,2.883750153E1,6.375000477E-1,4.318125153E1
2.531027365E2,2.968125153E1,1.425000072E0,4.293750000E1
2.531227308E2,2.930625153E1,7.875000238E-1,4.389375305E1
2.531427243E2,2.947500038E1,1.387500048E0,4.368750000E1
2.531627376E2,2.872500038E1,5.250000358E-1,4.359375000E1
2.531827328E2,2.880000114E1,1.125000000E0,4.348125076E1
2.532027362E2,2.874375153E1,5.437500477E-1,4.338750076E1
2.532227347E2,2.926875114E1,1.612500072E0,4.327500153E1
2.532427522E2,2.891250038E1,9.187500477E-1,4.359375000E1
2.532627391E2,2.919375038E1,1.012500048E0,4.357500076E1
2.532827354E2,2.872500038E1,7.312500477E-1,4.338750076E1
2.533027285E2,2.870625114E1,1.031250000E0,4.338750076E1
2.533227306E2,2.863125038E1,9.562500119E-1,4.306875229E1
2.533427274E2,2.887500191E1,1.912500024E0,4.338750076E1
2.533627336E2,2.881875038E1,9.187500477E-1,4.348125076E1
2.533827341E2,2.898750114E1,1.218750000E0,4.359375000E1
2.534027307E2,2.893125153E1,5.062500238E-1,4.368750000E1
2.534227238E2,2.851875114E1,9.187500477E-1,4.370625305E1
2.534427257E2,2.891250038E1,9.562500119E-1,4.275000000E1
2.534627237E2,2.851875114E1,1.125000000E0,4.370625305E1
2.534827082E2,2.893125153E1,3.375000060E-1,4.336875153E1
2.535027136E2,2.805000114E1,6.375000477E-1,4.361250305E1
2.535227142E2,2.829375076E1,-7.500000298E-2,4.235625076E1
2.535427223E2,2.842500114E1,7.312500477E-1,4.359375000E1
2.535627811E2,2.874375153E1,4.312500060E-1,4.338750076E1
2.535827772E2,3.009375191E1,4.312500060E-1,4.458750153E1
2.536027681E2,2.885625076E1,1.312500089E-1,4.336875153E1
2.536227556E2,2.778750038E1,-1.125000045E-1,4.308750153E1
2.536427412E2,2.825625038E1,3.000000119E-1,4.267500305E1
2.536627362E2,2.805000114E1,4.500000179E-1,4.370625305E1
2.536827300E2,2.795625114E1,6.375000477E-1,4.372500229E1
2.537026890E2,2.805000114E1,6.375000477E-1,4.361250305E1
2.537226973E2,2.842500114E1,6.187500358E-1,4.391250229E1
2.537427011E2,2.795625114E1,3.375000060E-1,4.393125153E1
2.537627125E2,2.803125191E1,9.375000596E-1,4.381875229E1
2.537827519E2,2.844375038E1,6.375000477E-1,4.338750076E1
2.538027445E2,2.861250114E1,1.125000000E0,4.350000000E1
2.538227445E2,2.814375114E1,7.500000000E-1,4.361250305E1
2.538427399E2,2.803125191E1,1.031250000E0,4.372500229E1
2.538627318E2,2.816250038E1,3.375000060E-1,4.381875229E1
2.538827312E2,2.821875191E1,9.375000596E-1,4.370625305E1
2.539027287E2,2.850000191E1,1.387500048E0,4.423125076E1
2.539227335E2,2.840625191E1,1.293750048E0,4.423125076E1
2.539427334E2,2.793750191E1,9.375000596E-1,4.381875229E1
2.539627292E2,2.791875076E1,1.012500048E0,4.402500153E1
2.539827331E2,2.793750191E1,7.312500477E-1,4.393125153E1
2.540027323E2,2.859375191E1,1.500000000E0,4.391250229E1
2.540227278E2,2.861250114E1,9.937500358E-1,4.400625229E1
2.540427311E2,2.866875076E1,1.668750048E0,4.443750000E1
2.540627301E2,2.803125191E1,7.312500477E-1,4.381875229E1
2.540827249E2,2.782500076E1,1.481250048E0,4.299375153E1
2.541027270E2,2.861250114E1,1.143750072E0,4.338750076E1
2.541227263E2,2.808750153E1,1.593750119E0,4.425000000E1
2.541427215E2,2.791875076E1,1.125000000E0,4.381875229E1
2.541627251E2,2.760000038E1,1.837500095E0,4.383750153E1
2.541827240E2,2.773125076E1,1.125000000E0,4.413750076E1
2.542027193E2,2.791875076E1,1.537500024E0,4.363125229E1
2.542227230E2,2.878125191E1,1.387500048E0,4.400625229E1
2.542427007E2,2.820000076E1,1.406250000E0,4.402500153E1
2.542627119E2,2.791875076E1,1.237500072E0,4.381875229E1
2.542827171E2,2.765625191E1,7.312500477E-1,4.413750076E1
2.543027172E2,2.801250076E1,1.200000048E0,4.423125076E1
2.543227698E2,2.846250153E1,2.306250095E0,4.381875229E1
2.543427611E2,2.870625114E1,1.012500048E0,4.370625305E1
2.543627486E2,2.773125076E1,1.256250024E0,4.363125229E1
2.543827454E2,2.780625153E1,1.293750048E0,4.466250229E1
2.544027386E2,2.771250153E1,1.331250072E0,4.393125153E1
2.544227278E2,2.801250076E1,1.425000072E0,4.372500229E1
2.544427170E2,2.838750076E1,1.668750048E0,4.443750000E1
2.544626723E2,2.818125153E1,1.781250119E0,4.445625305E1
2.544826894E2,2.760000038E1,1.612500072E0,4.425000000E1
2.545027002E2,2.731875038E1,1.387500048E0,4.488750076E1
2.545227056E2,2.771250153E1,1.518750072E0,4.425000000E1
2.545427285E2,2.767500114E1,2.100000143E0,4.436250305E1
2.545627312E2,2.711250114E1,1.931250095E0,4.426875305E1
2.545827283E2,2.767500114E1,2.493750095E0,4.425000000E1
2.546027326E2,2.731875038E1,1.743750095E0,4.385625076E1
2.546227316E2,2.711250114E1,1.912500024E0,4.438125229E1
2.546427249E2,2.730000114E1,1.931250095E0,4.415625000E1
2.546627285E2,2.797500038E1,1.968750119E0,4.477500153E1
2.546827269E2,2.758125114E1,2.081250191E0,4.477500153E1
2.547027330E2,2.671875191E1,1.687500119E0,4.511250305E1
2.547227335E2,2.724375153E1,1.237500072E0,4.406250000E1
2.547427294E2,2.739375114E1,2.212500095E0,4.436250305E1
2.547627338E2,2.746875191E1,2.362500191E0,4.520625305E1
2.547827342E2,2.793750191E1,2.831250191E0,4.518750000E1
2.548027287E2,2.748750114E1,1.893750072E0,4.468125153E1
2.548227316E2,2.709375191E1,2.193750143E0,4.468125153E1
2.548427298E2,2.692500114E1,1.406250000E0,4.468125153E1
2.548627236E2,2.746875191E1,2.475000143E0,4.468125153E1
2.548827270E2,2.769375038E1,1.893750072E0,4.436250305E1
2.549027257E2,2.737500191E1,2.625000000E0,4.406250000E1
2.549227207E2,2.701875114E1,1.931250095E0,4.426875305E1
2.549427241E2,2.739375114E1,2.025000095E0,4.415625000E1
2.549627229E2,2.771250153E1,1.612500072E0,4.404375076E1
2.549827181E2,2.718750191E1,2.325000048E0,4.417500305E1
2.550027006E2,2.728125191E1,2.625000000E0,4.406250000E1
2.550227043E2,2.698125076E1,2.512500048E0,4.438125229E1
2.550427150E2,2.711250114E1,2.156250000E0,4.353750229E1
2.550627197E2,2.769375038E1,1.950000048E0,4.363125229E1
2.550827646E2,2.737500191E1,2.400000095E0,4.447500229E1
2.551027496E2,2.718750191E1,2.343750000E0,4.396875000E1
2.551227439E2,2.671875191E1,1.950000048E0,4.417500305E1
2.551427346E2,2.641875076E1,2.081250191E0,4.366875076E1
2.551627345E2,2.750625038E1,1.837500095E0,4.374375153E1
2.551827288E2,2.690625191E1,2.287500143E0,4.323750305E1
2.552027221E2,2.718750191E1,2.643750191E0,4.376250076E1
2.552227352E2,2.720625114E1,2.062500000E0,4.353750229E1
2.552427302E2,2.711250114E1,1.950000048E0,4.385625076E1
2.552627334E2,2.632500076E1,2.118750095E0,4.314375305E1
2.552827321E2,2.700000191E1,2.475000143E0,4.344375229E1
2.553027384E2,2.641875076E1,2.175000191E0,4.357500076E1
2.553227390E2,2.690625191E1,2.156250000E0,4.376250076E1
2.553427349E2,2.625000191E1,1.800000072E0,4.357500076E1
2.553627279E2,2.673750114E1,1.593750119E0,4.344375229E1
2.553827296E2,2.651250076E1,2.418750048E0,4.284375000E1
2.554027263E2,2.713125038E1,1.762500048E0,4.353750229E1
2.554227321E2,2.651250076E1,2.400000095E0,4.314375305E1
2.554427324E2,2.681250191E1,2.400000095E0,4.314375305E1
2.554627287E2,2.653125191E1,1.912500024E0,4.314375305E1
2.554827329E2,2.664375114E1,1.668750048E0,4.366875076E1
2.555027321E2,2.692500114E1,1.687500119E0,4.333125305E1
2.555227278E2,2.671875191E1,2.287500143E0,4.325625229E1
2.555427216E2,2.683125114E1,1.893750072E0,4.314375305E1
2.555627226E2,2.692500114E1,1.987500072E0,4.314375305E1
2.555827196E2,2.664375114E1,1.950000048E0,4.231875229E1
2.556027246E2,2.720625114E1,2.287500143E0,4.291875076E1
2.556227813E2,2.700000191E1,2.493750095E0,4.314375305E1
2.556427644E2,2.701875114E1,2.193750143E0,4.323750305E1
2.556627567E2,2.671875191E1,2.081250191E0,4.335000229E1
2.556827461E2,2.655000114E1,1.500000000E0,4.323750305E1
2.557027445E2,2.673750114E1,1.556250095E0,4.385625076E1
2.557227386E2,2.730000114E1,2.043750048E0,4.385625076E1
2.557427311E2,2.700000191E1,2.025000095E0,4.417500305E1
2.557626888E2,2.681250191E1,2.175000191E0,4.355625153E1
2.557826963E2,2.662500191E1,1.893750072E0,4.335000229E1
2.558026998E2,2.634375191E1,1.593750119E0,4.355625153E1
2.558227105E2,2.688750076E1,2.568750143E0,4.335000229E1
2.558427496E2,2.683125114E1,1.725000024E0,4.428750229E1
2.558627532E2,2.711250114E1,2.175000191E0,4.323750305E1
2.558827506E2,2.703750038E1,1.218750000E0,4.438125229E1
2.559027435E2,2.662500191E1,1.650000095E0,4.428750229E1
2.559227333E2,2.688750076E1,2.662500143E0,4.344375229E1
2.559427312E2,2.700000191E1,2.118750095E0,4.426875305E1
2.559627274E2,2.701875114E1,1.931250095E0,4.417500305E1
2.559827315E2,2.786250114E1,2.475000143E0,4.445625305E1
2.560027309E2,2.720625114E1,2.287500143E0,4.312500000E1
2.560227264E2,2.731875038E1,2.100000143E0,4.271250153E1
2.560427302E2,2.718750191E1,2.568750143E0,4.333125305E1
2.560627294E2,2.784375191E1,3.093750238E0,4.425000000E1
2.560827359E2,2.707500076E1,2.756250143E0,4.355625153E1
2.561027366E2,2.737500191E1,2.306250095E0,4.436250305E1
2.561227332E2,2.711250114E1,2.043750048E0,4.374375153E1
2.561427263E2,2.737500191E1,2.737500191E0,4.374375153E1
2.561627275E2,2.773125076E1,3.225000143E0,4.385625076E1
2.561827257E2,2.784375191E1,2.887500048E0,4.445625305E1
2.562027310E2,2.726250076E1,3.037500143E0,4.376250076E1
2.562227312E2,2.756250191E1,2.906250000E0,4.406250000E1
2.562427273E2,2.795625114E1,2.718750000E0,4.372500229E1
2.562627315E2,2.803125191E1,3.281250238E0,4.425000000E1
2.562827313E2,2.801250076E1,3.506250143E0,4.383750153E1
2.563027055E2,2.775000191E1,3.093750238E0,4.426875305E1
2.563227137E2,2.765625191E1,3.018750191E0,4.374375153E1
2.563427170E2,2.784375191E1,3.000000000E0,4.415625000E1
2.563627156E2,2.821875191E1,3.600000143E0,4.393125153E1
2.563827672E2,2.829375076E1,3.975000143E0,4.415625000E1
2.564027579E2,2.801250076E1,3.468750238E0,4.436250305E1
2.564227451E2,2.731875038E1,3.712500095E0,4.406250000E1
2.564427417E2,2.763750076E1,3.412500143E0,4.395000076E1
2.564627349E2,2.814375114E1,3.000000000E0,4.404375076E1
2.564827353E2,2.821875191E1,3.393750191E0,4.383750153E1
2.565027332E2,2.820000076E1,3.206250191E0,4.548750305E1
2.565226839E2,2.801250076E1,3.356250048E0,4.456875229E1
2.565426970E2,2.812500191E1,3.281250238E0,4.425000000E1
2.565627044E2,2.803125191E1,2.981250048E0,4.436250305E1
2.565827070E2,2.870625114E1,3.037500143E0,4.464375305E1
2.566027280E2,2.821875191E1,3.281250238E0,4.425000000E1
2.566227290E2,2.842500114E1,2.943750143E0,4.486875153E1
2.566427251E2,2.870625114E1,3.112500191E0,4.505625153E1
2.566627290E2,2.863125038E1,2.531250000E0,4.496250153E1
2.566827279E2,2.833125114E1,2.887500048E0,4.393125153E1
2.567027326E2,2.801250076E1,3.131250143E0,4.530000305E1
2.567227335E2,2.840625191E1,3.318750143E0,4.518750000E1
2.567427297E2,2.784375191E1,2.793750048E0,4.436250305E1
2.567627336E2,2.825625038E1,2.268750191E0,4.466250229E1
2.567827326E2,2.842500114E1,2.643750191E0,4.496250153E1
2.568027276E2,2.861250114E1,2.943750143E0,4.455000305E1
2.568227312E2,2.881875038E1,3.056250095E0,4.432500076E1
2.568427315E2,2.880000114E1,3.018750191E0,4.505625153E1
2.568627258E2,2.874375153E1,2.437500000E0,4.496250153E1
2.568827288E2,2.900625038E1,2.700000048E0,4.535625076E1
2.569027270E2,2.844375038E1,2.568750143E0,4.455000305E1
2.569227203E2,2.861250114E1,2.812500000E0,4.537500000E1
2.569427127E2,2.861250114E1,2.812500000E0,4.528125000E1
2.569627141E2,2.872500038E1,2.531250000E0,4.496250153E1
2.569827227E2,2.883750153E1,2.456250191E0,4.443750000E1
2.570027256E2,2.904375076E1,2.343750000E0,4.462500000E1
2.570227240E2,2.970000076E1,2.812500000E0,4.462500000E1
2.570427299E2,2.881875038E1,2.831250191E0,4.475625229E1
2.570626977E2,2.928750038E1,3.300000191E0,4.505625153E1
2.570827011E2,2.941875076E1,2.512500048E0,4.471875000E1
2.571027115E2,2.835000038E1,2.587500095E0,4.423125076E1
2.571227161E2,2.872500038E1,2.850000143E0,4.455000305E1
2.571427611E2,2.928750038E1,3.243750095E0,4.421250153E1
2.571627575E2,2.947500038E1,3.337500095E0,4.432500076E1
2.571827493E2,2.891250038E1,3.056250095E0,4.432500076E1
2.572027489E2,2.893125153E1,2.437500000E0,4.485000229E1
2.572227441E2,2.893125153E1,3.018750191E0,4.329375076E1
2.572427348E2,2.870625114E1,3.262500048E0,4.434375000E1
2.572627252E2,2.917500114E1,3.825000048E0,4.443750000E1
2.572827359E2,2.928750038E1,3.431250095E0,4.432500076E1
2.573027292E2,2.887500191E1,3.750000238E0,4.413750076E1
2.573227314E2,2.940000153E1,3.150000095E0,4.411875153E1
2.573427293E2,2.850000191E1,3.600000143E0,4.372500229E1
2.573627353E2,2.938125038E1,3.675000191E0,4.359375000E1
2.573827360E2,2.945625114E1,4.368750095E0,4.370625305E1
2.574027320E2,2.975625038E1,3.731250048E0,4.421250153E1
2.574227248E2,2.906250191E1,4.143750191E0,4.432500076E1
2.574427265E2,2.958750153E1,3.281250238E0,4.359375000E1
2.574627236E2,2.887500191E1,3.975000143E0,4.370625305E1
2.574827295E2,3.003750038E1,3.918750048E0,4.419375229E1
2.575027297E2,2.953125191E1,4.406250000E0,4.462500000E1
2.575227259E2,2.973750114E1,4.218750000E0,4.441875076E1
2.575427304E2,2.896875191E1,3.825000048E0,4.455000305E1
2.575627297E2,2.859375191E1,3.768750191E0,4.402500153E1
2.575827253E2,2.878125191E1,4.087500095E0,4.372500229E1
2.576027193E2,2.885625076E1,4.462500095E0,4.393125153E1
2.576227202E2,2.943750191E1,4.743750095E0,4.380000305E1
2.576427171E2,2.915625191E1,4.293750286E0,4.340625000E1
2.576627221E2,2.857500076E1,4.087500095E0,4.372500229E1
2.576827786E2,2.859375191E1,3.843750238E0,4.267500305E1
2.577027619E2,2.934375191E1,4.481250286E0,4.350000000E1
2.577227543E2,2.887500191E1,4.293750286E0,4.351875305E1
2.577427434E2,2.895000076E1,4.668750286E0,4.393125153E1
2.577627421E2,2.838750076E1,3.993750095E0,4.363125229E1
2.577827354E2,2.880000114E1,3.712500095E0,4.340625000E1
2.578027283E2,2.887500191E1,3.881250143E0,4.370625305E1
2.578226861E2,2.876250076E1,4.162500381E0,4.393125153E1
2.578426938E2,2.955000114E1,4.462500095E0,4.350000000E1
2.578626971E2,2.865000153E1,4.593750000E0,4.351875305E1
2.578827081E2,2.906250191E1,4.087500095E0,4.350000000E1
2.579027358E2,2.917500114E1,3.900000095E0,4.318125153E1
2.579227306E2,2.917500114E1,4.237500191E0,4.256250000E1
2.579427330E2,2.925000191E1,4.462500095E0,4.361250305E1
2.579627304E2,2.904375076E1,4.781250000E0,4.361250305E1
2.579827353E2,2.936250114E1,4.275000095E0,4.338750076E1
2.580027335E2,2.887500191E1,4.200000286E0,4.329375076E1
2.580227292E2,2.919375038E1,3.862500191E0,4.215000153E1
2.580427327E2,2.923125076E1,4.875000000E0,4.350000000E1
2.580627315E2,2.994375038E1,4.293750286E0,4.275000000E1
2.580827262E2,2.962500191E1,4.687500000E0,4.306875229E1
2.581027296E2,2.996250153E1,3.600000143E0,4.451250076E1
2.581227283E2,2.934375191E1,4.256250381E0,4.380000305E1
2.581427345E2,2.955000114E1,4.162500381E0,4.370625305E1
2.581627350E2,2.932500076E1,4.762500286E0,4.381875229E1
2.581827309E2,2.983125114E1,4.556250095E0,4.348125076E1
2.582027351E2,2.932500076E1,4.875000000E0,4.329375076E1
2.582227337E2,2.986875153E1,3.937500238E0,4.213125229E1
2.582427405E2,2.938125038E1,4.387500286E0,4.151250076E1
2.582627414E2,3.013125038E1,4.537500381E0,4.201875305E1
2.582827377E2,2.986875153E1,3.975000143E0,4.160625076E1
2.583027307E2,3.056250191E1,3.937500238E0,4.200000000E1
2.583227325E2,2.955000114E1,4.181250095E0,4.327500153E1
2.583427303E2,3.015000153E1,4.087500095E0,4.295625305E1
2.583627034E2,2.968125153E1,3.712500095E0,4.265625000E1
2.583827109E2,3.013125038E1,4.256250381E0,4.325625229E1
2.584027135E2,2.985000038E1,4.293750286E0,4.286250305E1
2.584227119E2,3.088125038E1,4.687500000E0,4.408125305E1
2.584427634E2,2.945625114E1,4.200000286E0,4.297500229E1
2.584627544E2,2.926875114E1,4.218750000E0,4.288125229E1
2.584827530E2,2.996250153E1,3.900000095E0,4.284375000E1
2.585027470E2,3.031875038E1,4.556250095E0,4.325625229E1
2.585227379E2,2.964375114E1,4.387500286E0,4.306875229E1
2.585427365E2,3.003750038E1,4.275000095E0,4.316250229E1
2.585627331E2,3.052500153E1,4.368750095E0,4.293750000E1
2.585827055E2,2.975625038E1,4.200000286E0,4.275000000E1
2.586027124E2,3.033750153E1,4.087500095E0,4.284375000E1
2.586227146E2,3.061875153E1,4.256250381E0,4.325625229E1
2.586427128E2,3.026250076E1,3.543750048E0,4.357500076E1
2.586627305E2,3.043125153E1,4.275000095E0,4.293750000E1
2.586827293E2,3.045000076E1,3.768750191E0,4.305000305E1
2.587027237E2,3.065625191E1,3.656250238E0,4.314375305E1
2.587227262E2,3.084375191E1,3.843750238E0,4.323750305E1
2.587427242E2,3.065625191E1,3.093750238E0,4.428750229E1
2.587627289E2,3.116250038E1,2.737500191E0,4.520625305E1
2.587827297E2,3.026250076E1,2.962500095E0,4.513125229E1
2.588027258E2,3.114375114E1,3.281250238E0,4.426875305E1
2.588227301E2,2.913750076E1,4.518750191E0,4.455000305E1
2.588427294E2,2.998125076E1,3.337500095E0,4.398750305E1
2.588627244E2,2.951250076E1,2.625000000E0,4.441875076E1
2.588827281E2,2.951250076E1,2.587500095E0,4.515000153E1
2.589027171E2,2.949375153E1,3.243750095E0,4.421250153E1
2.589227142E2,3.054375076E1,3.768750191E0,4.293750000E1
2.589427195E2,2.934375191E1,4.368750095E0,4.359375000E1
2.589627199E2,2.964375114E1,4.387500286E0,4.297500229E1
2.589827841E2,2.988750076E1,6.168750286E0,4.141875076E1
2.590027618E2,3.116250038E1,6.037500381E0,4.126875305E1
2.590227498E2,3.088125038E1,6.131250381E0,3.973125076E1
2.590427469E2,3.086250114E1,5.831250191E0,4.149375153E1
2.590627405E2,3.090000153E1,5.493750095E0,4.044375229E1
2.590827311E2,3.148125076E1,5.231250286E0,4.136250305E1
2.591027204E2,3.292500305E1,5.231250286E0,4.215000153E1
2.591226870E2,3.183750153E1,6.206250191E0,4.136250305E1
2.591426902E2,3.191250038E1,6.693750381E0,4.136250305E1
2.591627016E2,3.262500000E1,5.662500381E0,4.164375305E1
2.591827074E2,3.202500153E1,6.187500477E0,4.156875229E1
2.592027421E2,3.181875038E1,6.712500095E0,4.115625000E1
2.592227426E2,3.180000114E1,7.012500286E0,4.104375076E1
2.592427377E2,3.307500076E1,6.975000381E0,4.111875153E1
2.592627403E2,3.298125076E1,6.693750381E0,4.070625305E1
2.592827380E2,3.247500229E1,7.275000095E0,4.125000000E1
2.593027311E2,3.189375114E1,6.918750286E0,4.095000076E1
2.593227337E2,3.286875153E1,7.200000286E0,4.061250305E1
2.593427425E2,3.352500153E1,7.443750381E0,4.111875153E1
2.593627338E2,3.333750153E1,7.556250095E0,4.121250153E1
2.593827342E2,3.352500153E1,7.575000286E0,4.059375000E1
2.594027302E2,3.343125153E1,7.875000477E0,4.070625305E1
2.594227350E2,3.382500076E1,7.631250381E0,4.121250153E1
2.594427347E2,3.403125000E1,7.481250286E0,4.036875153E1
2.594627301E2,3.412500000E1,7.368750095E0,4.066875076E1
2.594827337E2,3.401250076E1,7.650000095E0,4.078125000E1
2.595027324E2,3.408750153E1,8.006250381E0,4.140000153E1
2.595227266E2,3.341250229E1,7.950000286E0,4.100625229E1
2.595427305E2,3.450000000E1,7.950000286E0,4.057500076E1
2.595627292E2,3.461250305E1,7.462500095E0,4.035000229E1
2.595827243E2,3.489375305E1,7.856250286E0,4.035000229E1
2.596027279E2,3.536250305E1,8.137500763E0,4.033125305E1
2.596227266E2,3.506250000E1,8.118750572E0,4.065000153E1
2.596427333E2,3.555000305E1,8.137500763E0,4.033125305E1
2.596627130E2,3.575625229E1,7.912500381E0,4.051875305E1
2.596827144E2,3.540000153E1,7.368750095E0,3.980625153E1
2.597027231E2,3.491250229E1,7.462500095E0,4.035000229E1
2.597227261E2,3.523125076E1,6.862500191E0,4.012500000E1
2.597427808E2,3.521250153E1,6.956250191E0,4.033125305E1
2.597627626E2,3.601875305E1,6.656250477E0,3.988125229E1
2.597827537E2,3.609375000E1,6.900000095E0,4.072500229E1
2.598027422E2,3.553125000E1,6.356250286E0,4.001250076E1
2.598227402E2,3.555000305E1,5.812500000E0,4.104375076E1
2.598427335E2,3.575625229E1,6.075000286E0,3.990000153E1
2.598627258E2,3.712500000E1,6.037500381E0,3.954375076E1
2.598826832E2,3.615000153E1,5.831250191E0,4.040625000E1
2.599026909E2,3.607500076E1,4.706250191E0,4.111875153E1
2.599226941E2,3.558750153E1,2.643750191E0,4.080000305E1
2.599427051E2,3.470625305E1,2.193750143E0,4.239375305E1
2.599627327E2,3.575625229E1,3.337500095E0,4.080000305E1
2.599827392E2,3.695625305E1,5.156250000E0,3.954375076E1
2.600027389E2,3.639375305E1,6.862500191E0,3.946875000E1
2.600227339E2,3.637500000E1,7.668750286E0,3.915000153E1
2.600427368E2,3.738750076E1,9.056250572E0,3.883125305E1
2.600627335E2,3.735000229E1,8.006250381E0,3.798750305E1
2.600827283E2,3.633750153E1,6.075000286E0,3.935625076E1
2.601027310E2,3.686250305E1,2.175000191E0,4.149375153E1
2.601227292E2,3.620625305E1,1.668750048E0,4.192500305E1
2.601427236E2,3.690000153E1,4.125000000E0,4.036875153E1
2.601627265E2,3.781875229E1,5.400000095E0,3.993750000E1
2.601827365E2,3.646875000E1,4.800000191E0,4.080000305E1
2.602027289E2,3.618750000E1,4.800000191E0,4.091250229E1
2.602227297E2,3.714375305E1,5.456250191E0,3.931875229E1
2.602427263E2,3.742500305E1,5.662500381E0,3.922500229E1
2.602627308E2,3.744375229E1,5.362500191E0,3.931875229E1
2.602827302E2,3.772500229E1,5.568750381E0,3.900000000E1
2.603027374E2,3.793125153E1,5.568750381E0,3.879375076E1
2.603227385E2,3.712500000E1,5.925000191E0,3.984375000E1
2.603427350E2,3.770625305E1,5.868750095E0,3.900000000E1
2.603627280E2,3.781875229E1,5.550000191E0,3.909375000E1
2.603827299E2,3.753750229E1,5.587500095E0,3.858750153E1
2.604027279E2,3.789375305E1,6.056250095E0,3.909375000E1
2.604227008E2,3.838125229E1,6.112500191E0,3.930000305E1
2.604427085E2,3.826875305E1,6.318750381E0,3.930000305E1
2.604627112E2,3.847500229E1,6.262500286E0,3.856875229E1
2.604827209E2,3.858750153E1,6.018750191E0,3.907500076E1
2.605027698E2,3.840000153E1,5.756250381E0,3.866250229E1
2.605227585E2,3.819375229E1,6.243750095E0,3.888750076E1
2.605427550E2,3.840000153E1,6.075000286E0,3.825000000E1
2.605627476E2,3.866250229E1,6.337500095E0,3.877500153E1
2.605827372E2,3.935625076E1,6.543750286E0,3.843750000E1
2.606027348E2,3.888750076E1,5.925000191E0,3.907500076E1
2.606227307E2,3.898125076E1,5.850000381E0,3.843750000E1
2.606426802E2,3.916875076E1,6.131250381E0,3.855000305E1
2.606626921E2,3.905625153E1,6.468750477E0,3.802500153E1
2.606826989E2,3.956250000E1,6.356250286E0,3.811875153E1
2.607027123E2,3.945000076E1,6.318750381E0,3.853125000E1
2.607227306E2,3.885000229E1,6.543750286E0,3.866250229E1
2.607427296E2,3.945000076E1,6.637500286E0,3.823125076E1
2.607627349E2,3.946875000E1,6.243750095E0,3.823125076E1
2.607827346E2,3.961875153E1,6.937500477E0,3.823125076E1
2.608027300E2,3.993750000E1,6.693750381E0,3.706875229E1
2.608227332E2,4.051875305E1,6.562500477E0,3.725625229E1
2.608427317E2,4.042500305E1,6.318750381E0,3.830625153E1
2.608627262E2,4.050000000E1,6.825000286E0,3.810000229E1
2.608827292E2,4.006875229E1,5.531250000E0,3.819375229E1
2.609027274E2,4.096875000E1,5.250000000E0,3.744375229E1
2.609227218E2,4.074375153E1,6.262500286E0,3.714375305E1
2.609427253E2,4.033125305E1,6.637500286E0,3.798750305E1
2.609627138E2,4.123125076E1,6.037500381E0,3.735000229E1
2.609827221E2,4.076250076E1,5.625000000E0,3.808125305E1
2.610027250E2,4.160625076E1,6.450000286E0,3.712500000E1
2.610227231E2,4.239375305E1,6.393750191E0,3.596250153E1
2.610427855E2,4.156875229E1,5.287500381E0,3.639375305E1
2.610627730E2,4.126875305E1,5.475000381E0,3.682500076E1
2.610827569E2,4.215000153E1,5.306250095E0,3.596250153E1
2.611027511E2,4.243125153E1,5.550000191E0,3.667500305E1
2.611227421E2,4.183125305E1,5.887500286E0,3.618750000E1
2.611427311E2,4.185000229E1,5.718750000E0,3.586875153E1
2.611627190E2,4.215000153E1,5.306250095E0,3.605625153E1
2.611826848E2,4.235625076E1,5.231250286E0,3.532500076E1
2.612026876E2,4.235625076E1,5.118750095E0,3.553125000E1
2.612226984E2,4.256250000E1,5.100000381E0,3.573750305E1
2.612427037E2,4.243125153E1,5.793750286E0,3.585000229E1
2.612627383E2,4.233750153E1,5.475000381E0,3.637500000E1
2.612827388E2,4.215000153E1,5.531250000E0,3.534375000E1
2.613027339E2,4.218750000E1,4.856250286E0,3.523125076E1
2.613227369E2,4.269375229E1,4.350000381E0,3.489375305E1
2.613427347E2,4.258125305E1,4.650000095E0,3.500625229E1
2.613627280E2,4.245000076E1,5.250000000E0,3.511875153E1
2.613827306E2,4.286250305E1,5.043750286E0,3.500625229E1
2.614027396E2,4.286250305E1,4.875000000E0,3.448125076E1
2.614227310E2,4.348125076E1,4.143750191E0,3.487500000E1
2.614427315E2,4.327500153E1,4.368750095E0,3.436875153E1
2.614627279E2,4.280625153E1,3.862500191E0,3.478125000E1
2.614827327E2,4.321875000E1,3.787500143E0,3.414375305E1
2.615027325E2,4.291875076E1,3.562500238E0,3.466875076E1
2.615227279E2,4.368750000E1,3.862500191E0,3.435000229E1
2.615427314E2,4.320000076E1,3.843750238E0,3.508125305E1
2.615627301E2,4.301250076E1,3.975000143E0,3.436875153E1
2.615827242E2,4.402500153E1,3.056250095E0,3.442500305E1
2.616027280E2,4.325625229E1,2.793750048E0,3.414375305E1
2.616227269E2,4.357500076E1,2.343750000E0,3.339375305E1
2.616427221E2,4.355625153E1,2.737500191E0,3.341250229E1
2.616627257E2,4.363125229E1,2.887500048E0,3.412500000E1
2.616827245E2,4.333125305E1,3.187500238E0,3.435000229E1
2.617027311E2,4.355625153E1,2.512500048E0,3.382500076E1
2.617227107E2,4.336875153E1,2.775000095E0,3.288750076E1
2.617427119E2,4.348125076E1,2.118750095E0,3.391875076E1
2.617627206E2,4.350000000E1,1.931250095E0,3.360000229E1
2.617827234E2,4.310625076E1,1.856250048E0,3.341250229E1
2.618027785E2,4.368750000E1,1.931250095E0,3.339375305E1
2.618227599E2,4.417500305E1,2.118750095E0,3.337500000E1
2.618427512E2,4.408125305E1,1.893750072E0,3.380625153E1
2.618627396E2,4.368750000E1,1.856250048E0,3.318750000E1
2.618827375E2,4.378125000E1,2.137500048E0,3.318750000E1
2.619027313E2,4.333125305E1,1.050000072E0,3.339375305E1
2.619227349E2,4.321875000E1,1.368750095E0,3.309375000E1
2.619427013E2,4.310625076E1,1.781250119E0,3.288750076E1
2.619627037E2,4.338750076E1,2.025000095E0,3.361875153E1
2.619827140E2,4.391250229E1,1.350000024E0,3.328125000E1
2.620027185E2,4.372500229E1,1.275000095E0,3.298125076E1
2.620227412E2,4.295625305E1,9.187500477E-1,3.258750153E1
2.620427434E2,4.344375229E1,7.687500119E-1,3.298125076E1
2.620627401E2,4.280625153E1,3.750000149E-2,3.236250305E1
2.620827328E2,4.280625153E1,0.000000000E0,3.309375000E1
2.621027342E2,4.413750076E1,3.187500238E-1,3.367500305E1
2.621227298E2,4.346250153E1,4.875000119E-1,3.277500153E1
2.621427242E2,4.374375153E1,7.125000358E-1,3.234375000E1
2.621627265E2,4.329375076E1,-3.562500179E-1,3.380625153E1
2.621827247E2,4.342500305E1,-8.062500358E-1,3.286875153E1
2.622027192E2,4.312500000E1,-4.687500298E-1,3.236250305E1
2.622227224E2,4.370625305E1,-3.562500179E-1,3.202500153E1
2.622427214E2,4.350000000E1,-2.812500000E-1,3.245625305E1
2.622627291E2,4.331250000E1,-3.750000000E-1,3.245625305E1
2.622827298E2,4.350000000E1,3.750000149E-2,3.193125153E1
2.623027260E2,4.329375076E1,-4.125000238E-1,3.307500076E1
2.623227303E2,4.329375076E1,-3.187500238E-1,3.307500076E1
2.623427283E2,4.361250305E1,-6.000000238E-1,3.264375305E1
2.623627242E2,4.389375305E1,-6.375000477E-1,3.337500000E1
2.623827279E2,4.380000305E1,-4.312500060E-1,3.305625153E1
2.624027268E2,4.410000229E1,-1.031250000E0,3.315000153E1
2.624227220E2,4.428750229E1,-4.312500060E-1,3.305625153E1
2.624427253E2,4.456875229E1,-2.625000179E-1,3.315000153E1
2.624627241E2,4.485000229E1,-1.875000000E-1,3.345000076E1
2.624826977E2,4.515000153E1,-2.812500000E-1,3.345000076E1
2.625027058E2,4.533750153E1,-1.875000000E-1,3.313125229E1
2.625227088E2,4.556250000E1,-6.375000477E-1,3.238125229E1
2.625427187E2,4.567500305E1,-8.062500358E-1,3.176250076E1
2.625627565E2,4.528125000E1,-8.250000477E-1,3.249375153E1
2.625827478E2,4.537500000E1,-5.062500238E-1,3.187500191E1
2.626027467E2,4.520625305E1,-1.087500095E0,3.166875076E1
2.626227410E2,4.539375305E1,-1.106250048E0,3.196875191E1
2.626427322E2,4.543125153E1,-1.837500095E0,3.103125191E1
2.626627319E2,4.494375229E1,-1.931250095E0,3.093750191E1
2.626827284E2,4.477500153E1,-2.400000095E0,3.073125076E1
2.627027440E2,4.479375076E1,-2.887500048E0,3.061875153E1
2.627227409E2,4.413750076E1,-3.018750191E0,2.992500114E1
2.627427344E2,4.344375229E1,-3.225000143E0,3.024375153E1
2.627627362E2,4.393125153E1,-3.018750191E0,2.992500114E1
2.627827565E2,4.395000076E1,-3.337500095E0,3.013125038E1
2.628027455E2,4.395000076E1,-3.356250048E0,3.054375076E1
2.628227431E2,4.338750076E1,-3.806250095E0,3.003750038E1
2.628427371E2,4.310625076E1,-4.237500191E0,3.076875114E1
2.628627284E2,4.291875076E1,-4.293750286E0,3.005625153E1
2.628827283E2,4.235625076E1,-4.537500381E0,2.943750191E1
2.629027257E2,4.256250000E1,-4.950000286E0,2.973750114E1
2.629227196E2,4.263750076E1,-4.631250381E0,2.943750191E1
2.629427225E2,4.263750076E1,-4.575000286E0,3.015000153E1
2.629627209E2,4.222500229E1,-4.162500381E0,2.996250153E1
2.629827273E2,4.213125229E1,-4.500000000E0,3.069375038E1
2.630027287E2,4.205625153E1,-4.875000000E0,3.037500191E1
2.630227156E2,4.177500153E1,-4.856250286E0,3.018750191E1
2.630427225E2,4.168125153E1,-5.118750095E0,2.966250038E1
2.630627240E2,4.128750229E1,-4.950000286E0,3.050625038E1
2.630827211E2,4.136250305E1,-4.462500095E0,3.041250038E1
2.631027829E2,4.194375229E1,-4.743750095E0,3.153750038E1
2.631227700E2,4.211250305E1,-4.125000000E0,3.101250076E1
2.631427540E2,4.222500229E1,-4.387500286E0,3.058125114E1
2.631627480E2,4.181250000E1,-3.450000048E0,2.998125076E1
2.631827390E2,4.211250305E1,-3.881250143E0,3.048750114E1
2.632027281E2,4.121250153E1,-3.393750191E0,3.082500076E1
2.632227273E2,4.164375305E1,-4.293750286E0,3.091875076E1
2.632426907E2,4.162500000E1,-3.656250238E0,2.998125076E1
2.632627022E2,4.213125229E1,-4.068750381E0,3.016875076E1
2.632827088E2,4.209375000E1,-3.356250048E0,2.966250038E1
2.633027103E2,4.200000000E1,-3.487500191E0,3.039375114E1
2.633227418E2,4.218750000E1,-3.075000048E0,3.018750191E1
2.633427396E2,4.246875000E1,-3.131250143E0,3.090000153E1
2.633627329E2,4.228125000E1,-3.168750048E0,3.007500076E1
2.633827346E2,4.181250000E1,-3.693750143E0,3.060000038E1
2.634027318E2,4.130625153E1,-3.168750048E0,3.052500153E1
2.634227243E2,4.228125000E1,-3.112500191E0,3.060000038E1
2.634427268E2,4.200000000E1,-3.450000048E0,2.977500153E1
2.634627246E2,4.220625305E1,-3.450000048E0,2.955000114E1
2.634827302E2,4.205625153E1,-2.475000143E0,2.988750076E1
2.635027306E2,4.216875076E1,-2.868750095E0,2.998125076E1
2.635227266E2,4.188750076E1,-2.756250143E0,2.977500153E1
2.635427310E2,4.267500305E1,-3.262500048E0,2.975625038E1
2.635627302E2,4.256250000E1,-2.962500095E0,2.975625038E1
2.635827253E2,4.239375305E1,-3.131250143E0,2.934375191E1
2.636027288E2,4.190625000E1,-3.431250095E0,2.956875038E1
2.636227276E2,4.239375305E1,-3.543750048E0,2.955000114E1
2.636427217E2,4.228125000E1,-3.131250143E0,2.925000191E1
2.636627255E2,4.263750076E1,-2.287500143E0,2.996250153E1
2.636827241E2,4.275000000E1,-2.493750095E0,2.985000038E1
2.637027307E2,4.252500153E1,-2.231250048E0,3.069375038E1
2.637227316E2,4.224375153E1,-2.081250191E0,3.009375191E1
2.637427280E2,4.282500076E1,-1.875000119E0,2.964375114E1
2.637627328E2,4.271250153E1,-1.593750119E0,2.986875153E1
2.637827111E2,4.233750153E1,-2.062500000E0,2.966250038E1
2.638027111E2,4.261875153E1,-1.706250072E0,3.007500076E1
2.638227189E2,4.276875305E1,-1.012500048E0,3.007500076E1
2.638427212E2,4.276875305E1,-9.000000358E-1,2.986875153E1
2.638627643E2,4.305000305E1,-4.312500060E-1,3.007500076E1
2.638827597E2,4.335000229E1,-7.687500119E-1,3.058125114E1
2.639027504E2,4.342500305E1,-3.375000060E-1,3.005625153E1
2.639227386E2,4.293750000E1,-1.125000045E-1,2.977500153E1
2.639427362E2,4.321875000E1,-3.750000149E-2,2.996250153E1
2.639627290E2,4.325625229E1,-7.875000238E-1,2.923125076E1
2.639827212E2,4.381875229E1,-3.187500238E-1,2.953125191E1
2.640026787E2,4.363125229E1,-3.187500238E-1,2.943750191E1
2.640226861E2,4.380000305E1,5.062500238E-1,2.891250038E1
2.640427005E2,4.410000229E1,4.125000238E-1,2.870625114E1
2.640627087E2,4.419375229E1,3.750000000E-1,2.932500076E1
2.640827342E2,4.391250229E1,-2.062500119E-1,2.932500076E1
2.641027383E2,4.361250305E1,7.500000298E-2,2.953125191E1
2.641227365E2,4.421250153E1,3.750000000E-1,2.745000076E1
2.641427306E2,4.353750229E1,-1.312500089E-1,2.808750153E1
2.641627328E2,4.411875153E1,-3.750000149E-2,2.786250114E1
2.641827288E2,4.402500153E1,3.000000119E-1,2.713125038E1
2.642027344E2,4.421250153E1,4.875000119E-1,2.733750153E1
2.642227343E2,4.430625153E1,6.000000238E-1,2.703750038E1
2.642427298E2,4.411875153E1,2.250000089E-1,2.662500191E1
2.642627336E2,4.432500076E1,1.875000075E-2,2.671875191E1
2.642827323E2,4.385625076E1,-3.750000149E-2,2.630625153E1
2.643027388E2,4.415625000E1,-4.687500298E-1,2.671875191E1
2.643227294E2,4.445625305E1,-7.500000000E-1,2.617500114E1
2.643427277E2,4.398750305E1,-1.012500048E0,2.589375114E1
2.643627226E2,4.477500153E1,-9.187500477E-1,2.565000153E1
2.643827260E2,4.389375305E1,-1.125000000E0,2.630625153E1
2.644027236E2,4.456875229E1,-9.375000596E-1,2.608125114E1
2.644227193E2,4.381875229E1,-1.593750119E0,2.578125191E1
2.644427230E2,4.453125000E1,-1.875000119E0,2.514375114E1
2.644627221E2,4.316250229E1,-1.837500095E0,2.527500153E1
2.644827286E2,4.434375000E1,-2.137500048E0,2.452500153E1
2.645027296E2,4.357500076E1,-2.512500048E0,2.454375076E1
2.645227267E2,4.395000076E1,-1.950000048E0,2.505000114E1
2.645427101E2,4.396875000E1,-2.493750095E0,2.431875038E1
2.645627143E2,4.425000000E1,-2.193750143E0,2.400000000E1
2.645827140E2,4.380000305E1,-2.793750048E0,2.420625114E1
2.646027211E2,4.348125076E1,-2.268750191E0,2.401875114E1
2.646227570E2,4.320000076E1,-2.868750095E0,2.433750153E1
2.646427466E2,4.350000000E1,-2.775000095E0,2.411250114E1
2.646627442E2,4.363125229E1,-3.450000048E0,2.370000076E1
2.646827379E2,4.374375153E1,-3.637500048E0,2.338125038E1
2.647027288E2,4.297500229E1,-3.937500238E0,2.381250000E1
2.647227274E2,4.391250229E1,-3.337500095E0,2.338125038E1
2.647427242E2,4.351875305E1,-3.150000095E0,2.390625000E1
2.647627287E2,4.393125153E1,-3.637500048E0,2.338125038E1
2.647827286E2,4.355625153E1,-3.731250048E0,2.349375153E1
2.648027245E2,4.288125229E1,-4.012500286E0,2.360625076E1
2.648227286E2,4.327500153E1,-4.200000286E0,2.308125114E1
2.648427394E2,4.318125153E1,-4.200000286E0,2.317500114E1
2.648627435E2,4.329375076E1,-4.668750286E0,2.287500000E1
2.648827421E2,4.305000305E1,-3.731250048E0,2.360625076E1
2.649027365E2,4.335000229E1,-3.825000048E0,2.349375153E1
2.649227280E2,4.286250305E1,-3.918750048E0,2.381250000E1
2.649427278E2,4.338750076E1,-4.706250191E0,2.317500114E1
2.649627361E2,4.269375229E1,-4.162500381E0,2.289375114E1
2.649827383E2,4.320000076E1,-4.481250286E0,2.296875000E1
2.650027359E2,4.282500076E1,-4.762500286E0,2.287500000E1
2.650227298E2,4.350000000E1,-4.650000095E0,2.244375038E1
2.650427324E2,4.280625153E1,-4.350000381E0,2.257500076E1
2.650627309E2,4.340625000E1,-4.762500286E0,2.265000153E1
2.650827154E2,4.299375153E1,-4.350000381E0,2.255625153E1
2.651027206E2,4.301250076E1,-4.818750381E0,2.370000076E1
2.651227212E2,4.241250229E1,-4.368750095E0,2.321250153E1
2.651427179E2,4.265625000E1,-5.550000191E0,2.287500000E1
2.651627791E2,4.186875153E1,-5.306250095E0,2.238750076E1
2.651827660E2,4.256250000E1,-5.718750000E0,2.236875153E1
2.652027613E2,4.216875076E1,-5.287500381E0,2.206875038E1
2.652227527E2,4.267500305E1,-5.681250095E0,2.173125076E1
2.652427415E2,4.209375000E1,-5.868750095E0,2.195625114E1
2.652627390E2,4.237500000E1,-5.793750286E0,2.225625038E1
2.652827345E2,4.188750076E1,-5.775000095E0,2.206875038E1
2.653026947E2,4.237500000E1,-5.662500381E0,2.163750076E1
2.653227038E2,4.183125305E1,-6.468750477E0,2.206875038E1
2.653427082E2,4.192500305E1,-6.356250286E0,2.195625114E1
2.653627083E2,4.175625229E1,-6.843750477E0,2.186250114E1
2.653827502E2,4.171875000E1,-6.150000095E0,2.165625000E1
2.654027450E2,4.153125000E1,-6.450000286E0,2.206875038E1
2.654227358E2,4.171875000E1,-6.262500286E0,2.206875038E1
2.654427356E2,4.155000305E1,-6.768750191E0,2.218125153E1
2.654627311E2,4.173750305E1,-6.431250095E0,2.145000076E1
2.654827333E2,4.123125076E1,-6.037500381E0,2.176875114E1
2.655027325E2,4.175625229E1,-6.843750477E0,2.175000000E1
2.655227276E2,4.087500000E1,-7.237500191E0,2.229375076E1
2.655427309E2,4.145625305E1,-6.918750286E0,2.165625000E1
2.655627296E2,4.057500076E1,-6.806250095E0,2.158125114E1
2.655827246E2,4.162500000E1,-6.468750477E0,2.227500153E1
2.656027284E2,4.126875305E1,-6.825000286E0,2.176875114E1
2.656227274E2,4.162500000E1,-6.487500191E0,2.238750076E1
2.656427222E2,4.108125305E1,-7.237500191E0,2.218125153E1
2.656627254E2,4.055625153E1,-6.468750477E0,2.263125038E1
2.656827241E2,4.110000229E1,-7.725000381E0,2.206875038E1
2.657027307E2,4.098750305E1,-7.312500477E0,2.156250000E1
2.657227206E2,4.119375229E1,-7.200000286E0,2.124375153E1
2.657427194E2,4.115625000E1,-6.712500095E0,2.156250000E1
2.657627262E2,4.153125000E1,-6.600000381E0,2.280000114E1
2.657827273E2,4.132500076E1,-6.375000477E0,2.238750076E1
2.658027241E2,4.151250076E1,-6.187500477E0,2.259375000E1
2.658227181E2,4.143750000E1,-6.543750286E0,2.197500038E1
2.658426995E2,4.134375000E1,-6.768750191E0,2.227500153E1
2.658627021E2,4.096875000E1,-6.881250381E0,2.270625114E1
2.658827121E2,4.113750076E1,-6.562500477E0,2.250000000E1
2.659027160E2,4.153125000E1,-6.450000286E0,2.197500038E1
2.659227605E2,4.141875076E1,-6.262500286E0,2.218125153E1
2.659427567E2,4.130625153E1,-5.868750095E0,2.229375076E1
2.659627481E2,4.209375000E1,-6.093750477E0,2.248125076E1
2.659827479E2,4.153125000E1,-6.393750191E0,2.270625114E1
2.660027429E2,4.220625305E1,-6.393750191E0,2.216250038E1
2.660227334E2,4.123125076E1,-6.337500095E0,2.188125038E1
2.660427350E2,4.271250153E1,-6.656250477E0,2.131875038E1
2.660626888E2,4.134375000E1,-6.468750477E0,2.229375076E1
2.660826925E2,4.200000000E1,-6.056250095E0,2.165625000E1
2.661027038E2,4.181250000E1,-5.981250286E0,2.206875038E1
2.661227099E2,4.258125305E1,-5.906250000E0,2.225625038E1
2.661427334E2,4.190625000E1,-6.168750286E0,2.195625114E1
2.661627365E2,4.190625000E1,-6.281250477E0,2.216250038E1
2.661827338E2,4.143750000E1,-6.318750381E0,2.145000076E1
2.662027387E2,4.183125305E1,-6.318750381E0,2.133750153E1
2.662227378E2,4.153125000E1,-6.356250286E0,2.197500038E1
2.662427312E2,4.190625000E1,-6.150000095E0,2.175000000E1
2.662627237E2,4.162500000E1,-6.243750095E0,2.176875114E1
2.662827249E2,4.280625153E1,-6.262500286E0,2.141250038E1
2.663027217E2,4.171875000E1,-6.075000286E0,2.227500153E1
2.663227265E2,4.209375000E1,-5.756250381E0,2.143125153E1
2.663427267E2,4.171875000E1,-6.243750095E0,2.175000000E1
2.663627228E2,4.155000305E1,-6.525000095E0,2.133750153E1
2.663827171E2,4.136250305E1,-6.693750381E0,2.124375153E1
2.664027185E2,4.164375305E1,-6.412500381E0,2.133750153E1
2.664227160E2,4.183125305E1,-6.543750286E0,2.165625000E1
2.664427213E2,4.171875000E1,-6.168750286E0,2.218125153E1
2.664627779E2,4.185000229E1,-6.843750477E0,2.175000000E1
2.664827611E2,4.170000076E1,-5.981250286E0,2.227500153E1
2.665027536E2,4.220625305E1,-6.037500381E0,2.133750153E1
2.665227427E2,4.192500305E1,-6.318750381E0,2.113125038E1
2.665427414E2,4.164375305E1,-6.637500286E0,2.165625000E1
2.665627361E2,4.185000229E1,-6.600000381E0,2.101875114E1
2.665827284E2,4.166250229E1,-6.693750381E0,2.081250000E1
2.666026971E2,4.192500305E1,-6.431250095E0,2.143125153E1
2.666227019E2,4.173750305E1,-6.731250286E0,2.154375076E1
2.666427026E2,4.173750305E1,-6.525000095E0,2.145000076E1
2.666627111E2,4.153125000E1,-6.337500095E0,2.156250000E1
2.666827484E2,4.173750305E1,-6.525000095E0,2.154375076E1
2.667027509E2,4.166250229E1,-6.918750286E0,2.124375153E1
2.667227473E2,4.117500305E1,-6.918750286E0,2.156250000E1
2.667427398E2,4.194375229E1,-6.637500286E0,2.143125153E1
2.667627407E2,4.147500229E1,-7.106250286E0,2.133750153E1
2.667827357E2,4.205625153E1,-7.031250477E0,2.131875038E1
2.668027292E2,4.155000305E1,-6.693750381E0,2.113125038E1
2.668227312E2,4.145625305E1,-6.487500191E0,2.083125114E1
2.668427290E2,4.106250000E1,-6.618750095E0,2.167500114E1
2.668627233E2,4.185000229E1,-6.787500381E0,2.071875000E1
2.668827264E2,4.155000305E1,-6.693750381E0,2.092500114E1
2.669027366E2,4.147500229E1,-6.825000286E0,1.998750114E1
2.669227291E2,4.119375229E1,-7.050000191E0,2.062500000E1
2.669427299E2,4.203750229E1,-6.731250286E0,2.122500038E1
2.669627266E2,4.145625305E1,-6.618750095E0,2.156250000E1
2.669827314E2,4.143750000E1,-6.206250191E0,2.103750038E1
2.670027299E2,4.171875000E1,-6.150000095E0,2.165625000E1
2.670227263E2,4.183125305E1,-6.187500477E0,2.060625076E1
2.670427303E2,4.153125000E1,-6.300000191E0,2.103750038E1
2.670627293E2,4.203750229E1,-6.581250191E0,2.060625076E1
2.670827246E2,4.162500000E1,-6.131250381E0,2.145000076E1
2.671027283E2,4.151250076E1,-5.831250191E0,2.135625076E1
2.671227274E2,4.170000076E1,-5.587500095E0,2.071875000E1
2.671427124E2,4.265625000E1,-5.025000095E0,2.081250000E1
2.671627181E2,4.246875000E1,-5.193750381E0,2.040000153E1
2.671827188E2,4.246875000E1,-5.156250000E0,2.122500038E1
2.672027155E2,4.200000000E1,-5.493750095E0,2.051250076E1
2.672227656E2,4.198125076E1,-5.325000286E0,2.092500114E1
2.672427553E2,4.170000076E1,-5.493750095E0,2.071875000E1
2.672627528E2,4.258125305E1,-5.550000191E0,2.122500038E1
2.672827462E2,4.181250000E1,-5.887500286E0,2.051250076E1
2.673027366E2,4.186875153E1,-4.800000191E0,2.071875000E1
2.673227351E2,4.200000000E1,-5.381250381E0,2.040000153E1
2.673427315E2,4.248750305E1,-5.175000191E0,1.976250076E1
2.673626814E2,4.190625000E1,-5.456250191E0,2.010000038E1
2.673826936E2,4.258125305E1,-5.587500095E0,2.017500114E1
2.674027005E2,4.162500000E1,-5.662500381E0,2.021250153E1
2.674227026E2,4.168125153E1,-4.875000000E0,2.030625153E1
2.674427350E2,4.241250229E1,-5.943750381E0,1.955625153E1
2.674627446E2,4.241250229E1,-5.850000381E0,1.976250076E1
2.674827471E2,4.241250229E1,-5.981250286E0,2.008125114E1
2.675027440E2,4.173750305E1,-5.831250191E0,1.957500076E1
2.675227368E2,4.243125153E1,-6.131250381E0,1.944375038E1
2.675427368E2,4.230000305E1,-5.362500191E0,1.966875076E1
2.675627344E2,4.201875305E1,-5.718750000E0,1.936875153E1
2.675827280E2,4.162500000E1,-5.831250191E0,1.968750000E1
2.676027302E2,4.213125229E1,-6.112500191E0,1.925625038E1
2.676227280E2,4.147500229E1,-6.487500191E0,1.916250038E1
2.676427223E2,4.156875229E1,-6.281250477E0,1.884375000E1
2.676627257E2,4.138125229E1,-6.637500286E0,1.843125153E1
2.676827258E2,4.156875229E1,-6.562500477E0,1.875000000E1
2.677027202E2,4.134375000E1,-5.775000095E0,1.886250114E1
2.677227232E2,4.175625229E1,-5.962500095E0,1.843125153E1
2.677427218E2,4.166250229E1,-6.581250191E0,1.905000114E1
2.677627958E2,4.175625229E1,-6.487500191E0,1.884375000E1
2.677827811E2,4.108125305E1,-6.543750286E0,1.854375076E1
2.678027633E2,4.121250153E1,-7.031250477E0,1.833750153E1
2.678227557E2,4.051875305E1,-6.900000095E0,1.815000153E1
2.678427454E2,4.111875153E1,-7.031250477E0,1.845000076E1
2.678627332E2,4.110000229E1,-6.600000381E0,1.771875000E1
2.678827316E2,4.149375153E1,-6.918750286E0,1.790625000E1
2.679027057E2,4.119375229E1,-6.600000381E0,1.783125114E1
2.679227032E2,4.149375153E1,-6.600000381E0,1.781250000E1
2.679427094E2,4.089375305E1,-6.618750095E0,1.845000076E1
2.679627112E2,4.158750153E1,-6.525000095E0,1.813125038E1
2.679827656E2,4.070625305E1,-6.825000286E0,1.856250000E1
2.680027587E2,4.160625076E1,-6.918750286E0,1.811250114E1
2.680227479E2,4.065000153E1,-7.275000095E0,1.783125114E1
2.680427459E2,4.140000153E1,-6.712500095E0,1.792500114E1
2.680627401E2,4.121250153E1,-7.106250286E0,1.792500114E1
2.680827300E2,4.168125153E1,-6.525000095E0,1.811250114E1
2.681027312E2,4.110000229E1,-6.693750381E0,1.762500000E1
2.681227393E2,4.147500229E1,-6.543750286E0,1.833750153E1
2.681427304E2,4.179375076E1,-6.993750095E0,1.749375153E1
2.681627308E2,4.183125305E1,-7.706250191E0,1.779375076E1
2.681827271E2,4.125000000E1,-7.650000095E0,1.708125114E1
2.682027433E2,4.164375305E1,-7.743750095E0,1.687500000E1
2.682227406E2,4.110000229E1,-8.550000191E0,1.719375038E1
2.682427341E2,4.089375305E1,-8.325000763E0,1.698750114E1
2.682627360E2,4.100625229E1,-8.718750000E0,1.678125000E1
2.682827334E2,4.121250153E1,-8.906250000E0,1.655625153E1
2.683027260E2,4.110000229E1,-8.625000000E0,1.687500000E1
2.683227182E2,4.070625305E1,-8.737500191E0,1.719375038E1
2.683427191E2,4.059375000E1,-1.040625000E1,1.719375038E1
2.683627163E2,3.978750229E1,-1.001250076E1,1.753125000E1
2.683827215E2,3.894375229E1,-1.053750038E1,1.702500153E1
2.684027218E2,3.873750305E1,-1.055625057E1,1.745625114E1
2.684227186E2,3.770625305E1,-1.156875038E1,1.820625114E1
2.684427131E2,3.671250153E1,-1.136250019E1,1.865625000E1
2.684627149E2,3.628125000E1,-1.014375019E1,1.846875000E1
2.684827238E2,3.573750305E1,-9.075000763E0,1.901250076E1
2.685027267E2,3.600000000E1,-8.268750191E0,1.878750038E1
2.685227814E2,3.528750229E1,-7.950000286E0,2.038125038E1
2.685427740E2,3.549375153E1,-6.168750286E0,2.026875114E1
2.685627621E2,3.528750229E1,-5.737500191E0,1.966875076E1
2.685827479E2,3.579375076E1,-3.787500143E0,1.996875000E1
2.686027435E2,3.570000076E1,-3.637500048E0,1.935000038E1
2.686227352E2,3.622500229E1,-2.418750048E0,2.008125114E1
2.686427375E2,3.669375229E1,-1.856250048E0,1.861875153E1
2.686626920E2,3.735000229E1,-1.181250095E0,1.860000038E1
2.686826965E2,3.821250153E1,-5.625000000E-1,1.785000038E1
2.687026973E2,3.975000000E1,1.875000000E-1,1.760625076E1
2.687227063E2,4.003125000E1,2.062500119E-1,1.728750038E1
2.687427439E2,4.087500000E1,1.031250000E0,1.788750076E1
2.687627353E2,4.158750153E1,5.812500119E-1,1.672500038E1
2.687827348E2,4.312500000E1,9.000000358E-1,1.730625153E1
2.688027299E2,4.361250305E1,7.687500119E-1,1.738125038E1
2.688227329E2,4.432500076E1,4.875000119E-1,1.683750153E1
2.688427298E2,4.462500000E1,2.812500000E-1,1.693125153E1
2.688627250E2,4.599375153E1,1.687500030E-1,1.648125076E1
2.688827394E2,4.563750076E1,-4.875000119E-1,1.576875019E1
2.689027351E2,4.661250305E1,-3.750000000E-1,1.511250019E1
2.689227276E2,4.633125305E1,-6.937500238E-1,1.584375095E1
2.689427289E2,4.689375305E1,-5.437500477E-1,1.623750114E1
2.689627262E2,4.663125229E1,-9.937500358E-1,1.561875057E1
2.689827201E2,4.732500076E1,-1.106250048E0,1.530000019E1
2.690027225E2,4.693125153E1,-8.812500238E-1,1.509375095E1
2.690227207E2,4.674375153E1,-1.068750024E0,1.509375095E1
2.690427266E2,4.633125305E1,-8.625000119E-1,1.531875038E1
2.690627261E2,4.672500229E1,-8.812500238E-1,1.541250038E1
2.690827229E2,4.612500000E1,-5.625000000E-1,1.513125038E1
2.691027273E2,4.666875076E1,-1.200000048E0,1.406250095E1
2.691227270E2,4.698750305E1,-1.893750072E0,1.374375057E1
2.691427225E2,4.605000305E1,-9.187500477E-1,1.470000076E1
2.691627262E2,4.695000076E1,-1.031250000E0,1.436250019E1
2.691827254E2,4.646250153E1,-1.106250048E0,1.426875019E1
2.692027105E2,4.648125076E1,-1.537500024E0,1.312500095E1
2.692227160E2,4.725000000E1,-1.893750072E0,1.539375019E1
2.692427167E2,4.578750229E1,-1.050000072E0,1.357500076E1
2.692627246E2,4.561875153E1,-1.612500072E0,1.295625019E1
2.692827722E2,4.651875305E1,-1.893750072E0,1.250625038E1
2.693027708E2,4.595625305E1,-2.325000048E0,1.147500038E1
2.693227639E2,4.605000305E1,-2.325000048E0,1.138125038E1
2.693427534E2,4.575000000E1,-2.212500095E0,1.126875019E1
2.693627405E2,4.650000000E1,-1.443750024E0,1.126875019E1
2.693827368E2,4.603125000E1,-1.612500072E0,1.126875019E1
2.694027313E2,4.668750000E1,-1.237500072E0,1.125000000E1
2.694226797E2,4.612500000E1,-1.481250048E0,1.065000057E1
2.694426908E2,4.612500000E1,-1.518750072E0,1.117500019E1
2.694626971E2,4.651875305E1,-1.668750048E0,1.012500000E1
2.694827102E2,4.573125076E1,-1.706250072E0,1.108125019E1
2.695027397E2,4.565625000E1,-1.537500024E0,9.937500000E0
2.695227360E2,4.603125000E1,-1.350000024E0,9.918750763E0
2.695427391E2,4.576875305E1,-2.081250191E0,9.206250191E0
2.695627370E2,4.590000153E1,-2.343750000E0,8.568750381E0
2.695827310E2,4.520625305E1,-2.118750095E0,8.175000191E0
2.696027322E2,4.567500305E1,-1.650000095E0,8.587500572E0
2.696227305E2,4.655625153E1,-2.025000095E0,9.281250000E0
2.696427246E2,4.558125305E1,-1.912500024E0,8.062500000E0
2.696627272E2,4.550625229E1,-2.212500095E0,7.968750477E0
2.696827252E2,4.580625153E1,-2.193750143E0,7.631250381E0
2.697027309E2,4.492500305E1,-2.475000143E0,7.668750286E0
2.697227320E2,4.516875076E1,-3.262500048E0,7.443750381E0
2.697427398E2,4.486875153E1,-3.000000000E0,6.525000095E0
2.697627411E2,4.507500076E1,-2.981250048E0,6.206250191E0
2.697827380E2,4.500000000E1,-3.581250191E0,6.206250191E0
2.698027311E2,4.509375000E1,-3.656250238E0,5.681250095E0
2.698227895E2,4.509375000E1,-3.637500048E0,5.475000381E0
2.698427741E2,4.500000000E1,-3.318750143E0,5.156250000E0
2.698627564E2,4.453125000E1,-3.975000143E0,4.650000095E0
2.698827492E2,4.453125000E1,-3.975000143E0,4.968750000E0
2.699027392E2,4.366875076E1,-3.956250191E0,4.893750191E0
2.699227278E2,4.359375000E1,-4.612500191E0,4.368750095E0
2.699427269E2,4.381875229E1,-5.025000095E0,2.681250095E0
2.699626904E2,4.323750305E1,-5.100000381E0,2.700000048E0
2.699827023E2,4.344375229E1,-5.306250095E0,2.700000048E0
2.700027088E2,4.288125229E1,-5.456250191E0,2.306250095E0
2.700227105E2,4.376250076E1,-5.212500095E0,9.187500477E-1
2.700427536E2,4.267500305E1,-5.343750000E0,1.987500072E0
2.700627490E2,4.239375305E1,-5.512500286E0,1.800000072E0
2.700827403E2,4.269375229E1,-5.175000191E0,7.500000000E-1
2.701027400E2,4.261875153E1,-5.943750381E0,5.437500477E-1
2.701227355E2,4.213125229E1,-6.056250095E0,1.068750024E0
2.701427265E2,4.185000229E1,-6.337500095E0,6.562500000E-1
2.701627173E2,4.188750076E1,-6.675000191E0,-3.750000000E-1
2.701827284E2,4.140000153E1,-6.862500191E0,-2.625000179E-1
2.702027334E2,4.130625153E1,-6.937500477E0,-5.812500119E-1
2.702227333E2,4.171875000E1,-7.256250381E0,-2.812500000E-1
2.702427291E2,4.102500153E1,-7.237500191E0,-3.562500179E-1
2.702627331E2,4.151250076E1,-6.937500477E0,-4.687500298E-1
2.702827322E2,4.104375076E1,-7.162500381E0,-1.612500072E0
2.703027271E2,4.115625000E1,-7.350000381E0,-1.931250095E0
2.703227302E2,4.016250229E1,-7.368750095E0,-1.068750024E0
2.703427286E2,4.027500153E1,-7.443750381E0,-1.368750095E0
2.703627225E2,4.038750076E1,-7.706250191E0,-2.118750095E0
2.703827265E2,3.952500153E1,-8.062500000E0,-2.400000095E0
2.704027254E2,3.943125153E1,-8.081250191E0,-1.987500072E0
2.704227204E2,4.020000076E1,-7.893750191E0,-2.212500095E0
2.704427239E2,4.001250076E1,-7.762500286E0,-2.718750000E0
2.704627227E2,3.924375153E1,-8.250000000E0,-2.400000095E0
2.704827294E2,3.924375153E1,-8.268750191E0,-2.193750143E0
2.705027204E2,3.935625076E1,-8.568750381E0,-2.193750143E0
2.705227191E2,3.877500153E1,-8.531250000E0,-2.587500095E0
2.705427255E2,3.886875153E1,-8.625000000E0,-2.587500095E0
2.705627266E2,3.808125305E1,-8.400000572E0,-2.568750143E0
2.705827221E2,3.781875229E1,-9.000000000E0,-2.456250191E0
2.706027161E2,3.787500000E1,-8.250000000E0,-1.837500095E0
2.706227183E2,3.834375000E1,-7.800000191E0,-1.012500048E0
2.706427165E2,3.763125229E1,-7.387500286E0,-1.087500095E0
2.706627222E2,3.721875000E1,-6.750000477E0,-1.500000000E0
2.706827223E2,3.729375076E1,-6.525000095E0,-4.500000179E-1
2.707027302E2,3.727500153E1,-5.587500095E0,-1.275000095E0
2.707226885E2,3.678750229E1,-5.662500381E0,-1.368750095E0
2.707426954E2,3.706875229E1,-5.043750286E0,-1.987500072E0
2.707627091E2,3.731250000E1,-4.387500286E0,-1.368750095E0
2.707827160E2,3.740625000E1,-4.050000191E0,-2.100000143E0
2.708027402E2,3.789375305E1,-3.937500238E0,-2.737500191E0
2.708227432E2,3.787500000E1,-3.225000143E0,-2.943750143E0
2.708427405E2,3.856875229E1,-3.450000048E0,-2.756250143E0
2.708627337E2,3.789375305E1,-3.487500191E0,-3.675000191E0
2.708827350E2,3.800625229E1,-4.068750381E0,-3.675000191E0
2.709027304E2,3.735000229E1,-4.200000286E0,-4.500000000E0
2.709227243E2,3.688125229E1,-5.006250381E0,-4.068750381E0
2.709427266E2,3.680625153E1,-5.362500191E0,-4.800000191E0
2.709627247E2,3.693750000E1,-5.943750381E0,-5.006250381E0
2.709827304E2,3.645000076E1,-5.812500000E0,-5.418750286E0
2.710027307E2,3.645000076E1,-5.925000191E0,-5.100000381E0
2.710227271E2,3.654375076E1,-5.925000191E0,-5.100000381E0
2.710427326E2,3.714375305E1,-6.581250191E0,-4.500000000E0
2.710627314E2,3.705000305E1,-6.675000191E0,-4.500000000E0
2.710827262E2,3.660000229E1,-7.368750095E0,-4.181250095E0
2.711027294E2,3.628125000E1,-6.843750477E0,-4.687500000E0
2.711227277E2,3.622500229E1,-7.593750477E0,-5.212500095E0
2.711427343E2,3.613125229E1,-7.818750381E0,-4.893750191E0
2.711627348E2,3.555000305E1,-7.593750477E0,-4.875000000E0
2.711827313E2,3.556875229E1,-8.175000191E0,-5.306250095E0
2.712027357E2,3.615000153E1,-8.081250191E0,-5.531250000E0
2.712227348E2,3.586875153E1,-8.081250191E0,-5.306250095E0
2.712427302E2,3.635625076E1,-8.156250000E0,-5.943750381E0
2.712627009E2,3.586875153E1,-8.156250000E0,-5.625000000E0
2.712827070E2,3.538125229E1,-8.250000000E0,-5.606250286E0
2.713027084E2,3.586875153E1,-8.231250763E0,-6.243750095E0
2.713227173E2,3.551250076E1,-8.793750763E0,-6.337500095E0
2.713427657E2,3.551250076E1,-8.700000763E0,-6.337500095E0
2.713627540E2,3.541875076E1,-8.906250000E0,-6.131250381E0
2.713827505E2,3.513750076E1,-8.831250191E0,-7.368750095E0
2.714027428E2,3.553125000E1,-9.393750191E0,-6.450000286E0
2.714227325E2,3.513750076E1,-9.018750191E0,-7.368750095E0
2.714427302E2,3.474375153E1,-9.018750191E0,-7.256250381E0
2.714627263E2,3.532500076E1,-8.850000381E0,-7.162500381E0
2.714826871E2,3.555000305E1,-9.225000381E0,-7.481250286E0
2.715026968E2,3.476250076E1,-9.337500572E0,-6.937500477E0
2.715227014E2,3.465000153E1,-9.262500763E0,-6.431250095E0
2.715427128E2,3.429375076E1,-9.675000191E0,-7.556250095E0
2.715627296E2,3.466875076E1,-9.112500191E0,-7.462500095E0
2.715827272E2,3.440625000E1,-9.881250381E0,-7.668750286E0
2.716027317E2,3.412500000E1,-1.005000019E1,-8.081250191E0
2.716227311E2,3.519375229E1,-1.014375019E1,-6.862500191E0
2.716427262E2,3.421875000E1,-9.712500572E0,-8.587500572E0
2.716627300E2,3.478125000E1,-9.581250191E0,-7.781250477E0
2.716827283E2,3.459375000E1,-9.750000000E0,-8.287500381E0
2.717027338E2,3.485625076E1,-8.887500763E0,-7.781250477E0
2.717227340E2,3.446250153E1,-8.775000572E0,-8.081250191E0
2.717427297E2,3.457500076E1,-9.225000381E0,-8.700000763E0
2.717627336E2,3.466875076E1,-9.131250381E0,-8.606250763E0
2.717827327E2,3.429375076E1,-9.468750000E0,-7.762500286E0
2.718027182E2,3.373125076E1,-9.918750763E0,-8.475000381E0
2.718227236E2,3.431250000E1,-9.937500000E0,-8.175000191E0
2.718427241E2,3.412500000E1,-9.918750763E0,-8.587500572E0
2.718627207E2,3.365625000E1,-1.018125057E1,-9.000000000E0
2.718827817E2,3.365625000E1,-1.005000019E1,-9.506250381E0
2.719027800E2,3.363750076E1,-9.881250381E0,-9.000000000E0
2.719227612E2,3.384375000E1,-1.006875038E1,-9.206250191E0
2.719427527E2,3.384375000E1,-1.016250038E1,-9.206250191E0
2.719627416E2,3.345000076E1,-1.018125057E1,-8.887500763E0
2.719827396E2,3.348750305E1,-1.095000076E1,-9.300000191E0
2.720027351E2,3.307500076E1,-1.010625076E1,-9.918750763E0
2.720226952E2,3.320625305E1,-1.087500000E1,-1.044375038E1
2.720427048E2,3.240000153E1,-1.059375000E1,-9.581250191E0
2.720627093E2,3.322500229E1,-1.119375038E1,-9.918750763E0
2.720827097E2,3.251250076E1,-1.066875076E1,-1.010625076E1
2.721027402E2,3.262500000E1,-1.093125057E1,-1.095000076E1
2.721227379E2,3.172500038E1,-1.053750038E1,-1.040625000E1
2.721427309E2,3.176250076E1,-1.110000038E1,-1.093125057E1
2.721627325E2,3.223125076E1,-1.093125057E1,-1.063125038E1
2.721827294E2,3.234375000E1,-1.089375019E1,-1.145625019E1
2.722027328E2,3.165000153E1,-1.100625038E1,-1.070625019E1
2.722227330E2,3.108750153E1,-1.095000076E1,-1.153125000E1
2.722427401E2,3.185625076E1,-1.089375019E1,-1.093125057E1
2.722627414E2,3.136875153E1,-1.085625076E1,-1.132500076E1
2.722827381E2,3.138750076E1,-1.102500057E1,-1.185000038E1
2.723027312E2,3.050625038E1,-1.128750038E1,-1.192500019E1
2.723227446E2,3.043125153E1,-1.156875038E1,-1.233750057E1
2.723427398E2,3.005625153E1,-1.185000038E1,-1.222500038E1
2.723627312E2,2.928750038E1,-1.222500038E1,-1.241250038E1
2.723827319E2,2.956875038E1,-1.171875000E1,-1.263750076E1
2.724027283E2,2.930625153E1,-1.248750019E1,-1.305000019E1
2.724227212E2,2.902500153E1,-1.241250038E1,-1.408125019E1
2.724427241E2,2.861250114E1,-1.190625000E1,-1.395000076E1
2.724627223E2,2.821875191E1,-1.215000057E1,-1.301250076E1
2.724827284E2,2.842500114E1,-1.220625019E1,-1.383750057E1
2.725027289E2,2.806875038E1,-1.275000095E1,-1.466250038E1
2.725227253E2,2.806875038E1,-1.269375038E1,-1.395000076E1
2.725427301E2,2.728125191E1,-1.254375076E1,-1.432500076E1
2.725627085E2,2.640000153E1,-1.237500095E1,-1.492500019E1
2.725827088E2,2.619375038E1,-1.218750095E1,-1.492500019E1
2.726027170E2,2.641875076E1,-1.243125057E1,-1.597500038E1
2.726227195E2,2.679375076E1,-1.218750095E1,-1.494375038E1
2.726427739E2,2.572500038E1,-1.222500038E1,-1.552500057E1
2.726627556E2,2.581875038E1,-1.209375095E1,-1.616250038E1
2.726827469E2,2.583750153E1,-1.237500095E1,-1.648125076E1
2.727027354E2,2.553750038E1,-1.215000057E1,-1.666875076E1
2.727227336E2,2.544375038E1,-1.192500019E1,-1.708125114E1
2.727427274E2,2.561250114E1,-1.164375019E1,-1.687500000E1
2.727627197E2,2.561250114E1,-1.128750038E1,-1.801875114E1
2.727826775E2,2.540625191E1,-1.123125076E1,-1.728750038E1
2.728026852E2,2.557500076E1,-1.059375000E1,-1.790625000E1
2.728226997E2,2.576250076E1,-1.035000038E1,-1.717500114E1
2.728427079E2,2.566875076E1,-1.010625076E1,-1.801875114E1
2.728627338E2,2.546250153E1,-1.010625076E1,-1.790625000E1
2.728827377E2,2.546250153E1,-1.010625076E1,-1.800000000E1
2.729027358E2,2.557500076E1,-1.018125057E1,-1.831875038E1
2.729227296E2,2.566875076E1,-1.018125057E1,-1.822500038E1
2.729427315E2,2.548125076E1,-1.040625000E1,-1.790625000E1
2.729627274E2,2.576250076E1,-1.014375019E1,-1.905000114E1
2.729827329E2,2.548125076E1,-1.025625038E1,-1.873125076E1
2.730027330E2,2.546250153E1,-9.750000000E0,-1.893750000E1
2.730227285E2,2.506875038E1,-9.600000381E0,-1.965000153E1
2.730427323E2,2.555625153E1,-9.562500000E0,-1.873125076E1
2.730627309E2,2.518125153E1,-9.806250572E0,-1.944375038E1
2.730827262E2,2.536875153E1,-9.600000381E0,-1.966875076E1
2.731027306E2,2.535000038E1,-9.525000572E0,-1.935000038E1
2.731227288E2,2.604375076E1,-9.618750572E0,-1.989375114E1
2.731427233E2,2.565000153E1,-9.618750572E0,-1.946250153E1
2.731627263E2,2.553750038E1,-9.056250572E0,-1.903125000E1
2.731827245E2,2.593125153E1,-9.131250381E0,-1.957500076E1
2.732027195E2,2.617500114E1,-8.250000000E0,-1.946250153E1
2.732227228E2,2.610000038E1,-8.550000191E0,-1.925625038E1
2.732427216E2,2.619375038E1,-8.343750000E0,-1.946250153E1
2.732627280E2,2.688750076E1,-8.681250572E0,-1.938750076E1
2.732827288E2,2.628750038E1,-8.793750763E0,-1.875000000E1
2.733027256E2,2.574375153E1,-9.450000763E0,-1.914375114E1
2.733226975E2,2.585625076E1,-9.525000572E0,-1.966875076E1
2.733427044E2,2.641875076E1,-9.356250763E0,-1.936875153E1
2.733627064E2,2.583750153E1,-9.506250381E0,-1.822500038E1
2.733827158E2,2.595000076E1,-9.956250191E0,-1.884375000E1
2.734027532E2,2.538750076E1,-1.012500000E1,-1.925625038E1
2.734227441E2,2.606250191E1,-1.023750019E1,-1.936875153E1
2.734427427E2,2.538750076E1,-1.048125076E1,-1.831875038E1
2.734627370E2,2.598750114E1,-1.096875000E1,-1.854375076E1
2.734827396E2,2.610000038E1,-1.106250000E1,-1.886250114E1
2.735027364E2,2.668125153E1,-1.130625057E1,-1.826250076E1
2.735227308E2,2.656875038E1,-1.080000019E1,-1.845000076E1
2.735427446E2,2.666250038E1,-1.081875038E1,-1.815000153E1
2.735627399E2,2.666250038E1,-1.096875000E1,-1.732500076E1
2.735827319E2,2.716875076E1,-1.149375057E1,-1.691250038E1
2.736027328E2,2.666250038E1,-1.130625057E1,-1.659375000E1
2.736227413E2,2.688750076E1,-1.170000076E1,-1.681875038E1
2.736427438E2,2.658750153E1,-1.162500000E1,-1.618125153E1
2.736627412E2,2.700000191E1,-1.231875038E1,-1.640625000E1
2.736827347E2,2.572500038E1,-1.201875019E1,-1.573125076E1
2.737027257E2,2.803125191E1,-1.171875000E1,-1.539375019E1
2.737227257E2,2.801250076E1,-1.119375038E1,-1.590000057E1
2.737427341E2,2.833125114E1,-1.194375038E1,-1.498125076E1
2.737627362E2,2.758125114E1,-1.228125095E1,-1.558125019E1
2.737827341E2,2.784375191E1,-1.201875019E1,-1.516875076E1
2.738027282E2,2.919375038E1,-1.179375076E1,-1.449375057E1
2.738227307E2,2.887500191E1,-1.119375038E1,-1.447500038E1
2.738427291E2,2.863125038E1,-1.207500076E1,-1.456875038E1
2.738627140E2,2.883750153E1,-1.228125095E1,-1.468125057E1
2.738827193E2,2.765625191E1,-1.181250000E1,-1.507500076E1
2.739027201E2,2.900625038E1,-1.171875000E1,-1.406250095E1
2.739227166E2,2.881875038E1,-1.177500057E1,-1.488750076E1
2.739427779E2,2.975625038E1,-1.121250057E1,-1.460625076E1
2.739627649E2,2.994375038E1,-1.125000000E1,-1.410000038E1
2.739827602E2,2.975625038E1,-1.145625019E1,-1.387500095E1
2.740027519E2,2.966250038E1,-1.181250000E1,-1.273125076E1
2.740227407E2,2.932500076E1,-1.299375057E1,-1.284375095E1
2.740427375E2,2.818125153E1,-1.320000076E1,-1.374375057E1
2.740627332E2,2.915625191E1,-1.323750019E1,-1.346250057E1
2.740827046E2,2.958750153E1,-1.194375038E1,-1.387500095E1
2.741027112E2,2.975625038E1,-1.113750076E1,-1.428750038E1
2.741227132E2,3.105000114E1,-1.216875076E1,-1.256250095E1
2.741427115E2,3.028125191E1,-1.192500019E1,-1.451250076E1
2.741627405E2,3.007500076E1,-1.185000038E1,-1.398750019E1
2.741827368E2,3.005625153E1,-1.158750057E1,-1.357500076E1
2.742027290E2,3.084375191E1,-1.181250000E1,-1.350000095E1
2.742227301E2,2.998125076E1,-1.205625057E1,-1.410000038E1
2.742427267E2,3.007500076E1,-1.200000000E1,-1.336875057E1
2.742627299E2,3.005625153E1,-1.192500019E1,-1.284375095E1
2.742827301E2,3.045000076E1,-1.162500000E1,-1.306875038E1
2.743027258E2,3.015000153E1,-1.164375019E1,-1.243125057E1
2.743227296E2,3.045000076E1,-1.181250000E1,-1.338750076E1
2.743427285E2,3.005625153E1,-1.151250076E1,-1.305000019E1
2.743627236E2,3.015000153E1,-1.170000076E1,-1.336875057E1
2.743827275E2,2.986875153E1,-1.192500019E1,-1.275000095E1
2.744027265E2,2.979375076E1,-1.233750057E1,-1.398750019E1
2.744227215E2,2.949375153E1,-1.215000057E1,-1.366875076E1
2.744427250E2,2.911875153E1,-1.241250038E1,-1.417500019E1
2.744627237E2,2.919375038E1,-1.196250057E1,-1.344375038E1
2.744827299E2,2.902500153E1,-1.250625038E1,-1.417500019E1
2.745027310E2,2.814375114E1,-1.226250076E1,-1.466250038E1
2.745227273E2,2.825625038E1,-1.220625019E1,-1.539375019E1
2.745427313E2,2.846250153E1,-1.263750076E1,-1.500000095E1
2.745627304E2,2.844375038E1,-1.213125038E1,-1.541250038E1
2.745827255E2,2.823750114E1,-1.181250000E1,-1.539375019E1
2.746027180E2,2.825625038E1,-1.230000019E1,-1.582500076E1
2.746226981E2,2.805000114E1,-1.196250057E1,-1.612500000E1
2.746427002E2,2.776875114E1,-1.228125095E1,-1.580625057E1
2.746627099E2,2.748750114E1,-1.258125019E1,-1.558125019E1
2.746827137E2,2.788125038E1,-1.250625038E1,-1.539375019E1
2.747027580E2,2.660625076E1,-1.243125057E1,-1.588125038E1
2.747227544E2,2.683125114E1,-1.269375038E1,-1.670625114E1
2.747427460E2,2.613750076E1,-1.280625057E1,-1.606875038E1
2.747627459E2,2.643750191E1,-1.290000057E1,-1.638750076E1
2.747827412E2,2.550000191E1,-1.344375038E1,-1.657500076E1
2.748027317E2,2.559375191E1,-1.350000095E1,-1.740000153E1
2.748227334E2,2.488125038E1,-1.291875076E1,-1.676250076E1
2.748426868E2,2.501250076E1,-1.338750076E1,-1.728750038E1
2.748626909E2,2.473125076E1,-1.365000057E1,-1.770000076E1
2.748827025E2,2.405625153E1,-1.370625019E1,-1.818750000E1
2.749027083E2,2.347500038E1,-1.380000019E1,-1.807500076E1
2.749227320E2,2.385000038E1,-1.321875095E1,-1.807500076E1
2.749427351E2,2.383125114E1,-1.314375019E1,-1.766250038E1
2.749627326E2,2.411250114E1,-1.260000038E1,-1.839375114E1
2.749827372E2,2.411250114E1,-1.269375038E1,-1.871250153E1
2.750027367E2,2.341875076E1,-1.237500095E1,-1.869375038E1
2.750227305E2,2.400000000E1,-1.216875076E1,-1.921875000E1
2.750427340E2,2.370000076E1,-1.185000038E1,-1.921875000E1
2.750627324E2,2.341875076E1,-1.218750095E1,-1.837500000E1
2.750827270E2,2.321250153E1,-1.194375038E1,-1.908750153E1
2.751027299E2,2.311875153E1,-1.203750038E1,-1.929375076E1
2.751227281E2,2.317500114E1,-1.128750038E1,-1.856250000E1
2.751427232E2,2.325000000E1,-1.241250038E1,-1.961250114E1
2.751627166E2,2.281875038E1,-1.162500000E1,-1.929375076E1
2.751827172E2,2.302500153E1,-1.213125038E1,-1.920000076E1
2.752027253E2,2.310000038E1,-1.145625019E1,-1.908750153E1
2.752227277E2,2.253750038E1,-1.222500038E1,-1.897500038E1
2.752427820E2,2.302500153E1,-1.179375076E1,-1.991250038E1
2.752627632E2,2.293125153E1,-1.222500038E1,-1.920000076E1
2.752827541E2,2.302500153E1,-1.194375038E1,-1.908750153E1
2.753027424E2,2.302500153E1,-1.201875019E1,-1.940625000E1
2.753227403E2,2.253750038E1,-1.200000000E1,-1.938750076E1
2.753427344E2,2.285625076E1,-1.284375095E1,-1.867500114E1
2.753627266E2,2.311875153E1,-1.226250076E1,-1.858125114E1
2.753826954E2,2.304375076E1,-1.288125038E1,-1.826250076E1
2.754027000E2,2.311875153E1,-1.211250019E1,-1.794375038E1
2.754227007E2,2.353125000E1,-1.278750038E1,-1.828125000E1
2.754427095E2,2.343750000E1,-1.290000057E1,-1.796250153E1
2.754627468E2,2.381250000E1,-1.256250095E1,-1.734375000E1
2.754827492E2,2.323125076E1,-1.284375095E1,-1.734375000E1
2.755027457E2,2.325000000E1,-1.305000019E1,-1.713750076E1
2.755227383E2,2.315625000E1,-1.357500076E1,-1.650000000E1
2.755427393E2,2.437500191E1,-1.241250038E1,-1.674375153E1
2.755627344E2,2.371875000E1,-1.310625076E1,-1.631250000E1
2.755827394E2,2.452500153E1,-1.340625095E1,-1.674375153E1
2.756027386E2,2.401875114E1,-1.310625076E1,-1.642500114E1
2.756227340E2,2.486250114E1,-1.271250057E1,-1.541250038E1
2.756427263E2,2.478750038E1,-1.284375095E1,-1.635000038E1
2.756627276E2,2.486250114E1,-1.256250095E1,-1.612500000E1
2.756827363E2,2.505000114E1,-1.237500095E1,-1.614375114E1
2.757027279E2,2.491875076E1,-1.168125057E1,-1.612500000E1
2.757227284E2,2.514375114E1,-1.218750095E1,-1.603125000E1
2.757427251E2,2.563125038E1,-1.220625019E1,-1.573125076E1
2.757627297E2,2.602500153E1,-1.222500038E1,-1.563750076E1
2.757827284E2,2.630625153E1,-1.181250000E1,-1.616250038E1
2.758027246E2,2.626875114E1,-1.113750076E1,-1.575000095E1
2.758227287E2,2.664375114E1,-1.096875000E1,-1.545000076E1
2.758427279E2,2.743125153E1,-1.087500000E1,-1.588125038E1
2.758627231E2,2.722500038E1,-1.076250076E1,-1.608750153E1
2.758827268E2,2.778750038E1,-1.038750076E1,-1.590000057E1
2.759027260E2,2.806875038E1,-9.993750572E0,-1.590000057E1
2.759227112E2,2.806875038E1,-9.975000381E0,-1.620000076E1
2.759427170E2,2.827500153E1,-1.035000038E1,-1.528125095E1
2.759627178E2,2.863125038E1,-9.562500000E0,-1.518750095E1
2.759827259E2,2.900625038E1,-9.487500191E0,-1.509375095E1
2.760027736E2,2.923125076E1,-9.975000381E0,-1.520625019E1
2.760227606E2,2.900625038E1,-9.281250000E0,-1.509375095E1
2.760427562E2,2.923125076E1,-1.014375019E1,-1.406250095E1
2.760627482E2,2.900625038E1,-9.862500191E0,-1.374375057E1
2.760827374E2,2.988750076E1,-9.543750763E0,-1.449375057E1
2.761027345E2,2.949375153E1,-9.918750763E0,-1.291875076E1
2.761227301E2,2.902500153E1,-1.053750038E1,-1.218750095E1
2.761426795E2,2.904375076E1,-1.091250038E1,-1.271250057E1
2.761626914E2,2.911875153E1,-1.050000000E1,-1.280625057E1
2.761826982E2,2.857500076E1,-1.138125038E1,-1.269375038E1
2.762027005E2,2.986875153E1,-1.203750038E1,-1.243125057E1
2.762227329E2,2.868750191E1,-1.168125057E1,-1.280625057E1
2.762427316E2,2.838750076E1,-1.151250076E1,-1.207500076E1
2.762627369E2,2.829375076E1,-1.158750057E1,-1.269375038E1
2.762827366E2,2.998125076E1,-1.218750095E1,-1.348125076E1
2.763027315E2,2.866875076E1,-1.125000000E1,-1.333125019E1
2.763227333E2,2.878125191E1,-1.128750038E1,-1.301250076E1
2.763427319E2,2.902500153E1,-1.029375076E1,-1.312500095E1
2.763627264E2,2.902500153E1,-1.042500019E1,-1.260000038E1
2.763827292E2,2.885625076E1,-1.080000019E1,-1.271250057E1
2.764027273E2,2.951250076E1,-1.029375076E1,-1.323750019E1
2.764227217E2,2.893125153E1,-1.038750076E1,-1.301250076E1
2.764427138E2,2.938125038E1,-9.731250763E0,-1.271250057E1
2.764627165E2,2.951250076E1,-1.029375076E1,-1.335000038E1
2.764827247E2,2.988750076E1,-9.937500000E0,-1.273125076E1
2.765027269E2,3.030000114E1,-1.057500076E1,-1.243125057E1
2.765227245E2,3.007500076E1,-1.008750057E1,-1.211250019E1
2.765427864E2,3.026250076E1,-9.975000381E0,-1.243125057E1
2.765627737E2,3.030000114E1,-1.074375057E1,-1.284375095E1
2.765827576E2,3.069375038E1,-1.068750000E1,-1.233750057E1
2.766027515E2,3.039375114E1,-1.046250057E1,-1.243125057E1
2.766227422E2,3.030000114E1,-1.076250076E1,-1.254375076E1
2.766427309E2,3.030000114E1,-1.085625076E1,-1.263750076E1
2.766627301E2,3.050625038E1,-1.065000057E1,-1.295625019E1
2.766827045E2,3.020625114E1,-1.076250076E1,-1.254375076E1
2.767027023E2,3.080625153E1,-1.096875000E1,-1.276875019E1
2.767227086E2,3.039375114E1,-1.076250076E1,-1.263750076E1
2.767427104E2,3.058125114E1,-1.038750076E1,-1.222500038E1
2.767627537E2,3.048750114E1,-1.038750076E1,-1.222500038E1
2.767827494E2,3.046875191E1,-1.001250076E1,-1.181250000E1
2.768027407E2,3.067500114E1,-1.036875057E1,-1.254375076E1
2.768227407E2,3.028125191E1,-1.018125057E1,-1.222500038E1
2.768427363E2,3.069375038E1,-1.065000057E1,-1.306875038E1
2.768627285E2,3.018750191E1,-1.046250057E1,-1.243125057E1
2.768827189E2,3.016875076E1,-1.020000076E1,-1.201875019E1
2.769027299E2,3.020625114E1,-1.074375057E1,-1.275000095E1
2.769227236E2,3.030000114E1,-1.059375000E1,-1.357500076E1
2.769427259E2,2.990625191E1,-1.065000057E1,-1.263750076E1
2.769627239E2,2.962500191E1,-1.059375000E1,-1.346250057E1
2.769827298E2,2.934375191E1,-1.080000019E1,-1.314375019E1
2.770027304E2,2.975625038E1,-1.126875019E1,-1.357500076E1
2.770227267E2,2.906250191E1,-1.102500057E1,-1.417500019E1
2.770427308E2,2.917500114E1,-1.140000057E1,-1.449375057E1
2.770627302E2,2.955000114E1,-1.061250019E1,-1.458750057E1
2.770827245E2,2.913750076E1,-1.042500019E1,-1.426875019E1
2.771027286E2,2.917500114E1,-1.110000038E1,-1.447500038E1
2.771227274E2,2.906250191E1,-1.083750057E1,-1.406250095E1
2.771427226E2,2.925000191E1,-1.095000076E1,-1.396875095E1
2.771627260E2,2.857500076E1,-1.078125000E1,-1.466250038E1
2.771827248E2,2.838750076E1,-1.091250038E1,-1.404375076E1
2.772027203E2,2.857500076E1,-1.078125000E1,-1.477500057E1
2.772227138E2,2.780625153E1,-1.093125057E1,-1.505625057E1
2.772427147E2,2.791875076E1,-1.132500076E1,-1.528125095E1
2.772627227E2,2.743125153E1,-1.123125076E1,-1.485000038E1
2.772827253E2,2.703750038E1,-1.141875076E1,-1.483125019E1
2.773027797E2,2.726250076E1,-1.158750057E1,-1.546875095E1
2.773227723E2,2.668125153E1,-1.194375038E1,-1.586250019E1
2.773427606E2,2.668125153E1,-1.186875057E1,-1.556250095E1
2.773627462E2,2.685000038E1,-1.115625000E1,-1.597500038E1
2.773827420E2,2.649375153E1,-1.173750019E1,-1.586250019E1
2.774027357E2,2.658750153E1,-1.162500000E1,-1.618125153E1
2.774227377E2,2.617500114E1,-1.119375038E1,-1.657500076E1
2.774426912E2,2.568750191E1,-1.108125019E1,-1.655625153E1
2.774626954E2,2.640000153E1,-1.168125057E1,-1.689375114E1
2.774827073E2,2.561250114E1,-1.175625038E1,-1.687500000E1
2.775027137E2,2.581875038E1,-1.192500019E1,-1.730625153E1
2.775227488E2,2.493750191E1,-1.173750019E1,-1.685625076E1
2.775427494E2,2.486250114E1,-1.186875057E1,-1.779375076E1
2.775627449E2,2.486250114E1,-1.196250057E1,-1.788750076E1
2.775827364E2,2.465625191E1,-1.164375019E1,-1.830000114E1
2.776027367E2,2.445000076E1,-1.155000019E1,-1.798125076E1
2.776227314E2,2.486250114E1,-1.183125019E1,-1.852500153E1
2.776427249E2,2.446875191E1,-1.162500000E1,-1.850625038E1
2.776627269E2,2.454375076E1,-1.145625019E1,-1.798125076E1
2.776827245E2,2.456250191E1,-1.153125000E1,-1.839375114E1
2.777027188E2,2.426250076E1,-1.153125000E1,-1.830000114E1
2.777227221E2,2.454375076E1,-1.117500019E1,-1.933125114E1
2.777427210E2,2.407500076E1,-1.181250000E1,-1.839375114E1
2.777627275E2,2.386875153E1,-1.130625057E1,-1.858125114E1
2.777827282E2,2.349375153E1,-1.149375057E1,-1.858125114E1
2.778027246E2,2.368125153E1,-1.136250019E1,-1.931250000E1
2.778227292E2,2.349375153E1,-1.145625019E1,-1.920000076E1
2.778427288E2,2.332500076E1,-1.190625000E1,-1.972500038E1
2.778627357E2,2.302500153E1,-1.192500019E1,-1.920000076E1
2.778827367E2,2.319375038E1,-1.155000019E1,-1.899375153E1
2.779027330E2,2.295000076E1,-1.230000019E1,-1.961250114E1
2.779227260E2,2.272500038E1,-1.136250019E1,-2.032500076E1
2.779427278E2,2.274375153E1,-1.216875076E1,-2.002500153E1
2.779627254E2,2.261250114E1,-1.130625057E1,-1.948125076E1
2.779826981E2,2.321250153E1,-1.156875038E1,-2.034375000E1
2.780027058E2,2.244375038E1,-1.194375038E1,-2.053125000E1
2.780227084E2,2.225625038E1,-1.186875057E1,-1.989375114E1
2.780427181E2,2.186250114E1,-1.181250000E1,-2.081250000E1
2.780627670E2,2.176875114E1,-1.201875019E1,-2.040000153E1
2.780827558E2,2.137500000E1,-1.171875000E1,-2.038125038E1
2.781027524E2,2.118750000E1,-1.179375076E1,-2.058750153E1
2.781227450E2,2.178750038E1,-1.211250019E1,-2.060625076E1
2.781427345E2,2.188125038E1,-1.245000076E1,-2.010000038E1
2.781627323E2,2.135625076E1,-1.151250076E1,-2.058750153E1
2.781827283E2,2.109375000E1,-1.183125019E1,-2.163750076E1
2.782027435E2,2.126250076E1,-1.140000057E1,-2.070000076E1
2.782227402E2,2.146875000E1,-1.168125057E1,-2.090625000E1
2.782427335E2,2.135625076E1,-1.117500019E1,-2.111250114E1
2.782627351E2,2.079375076E1,-1.162500000E1,-2.150625038E1
2.782827441E2,2.021250153E1,-1.164375019E1,-2.086875153E1
2.783027357E2,2.079375076E1,-1.160625076E1,-2.193750000E1
2.783227361E2,2.098125076E1,-1.166250038E1,-2.111250114E1
2.783427321E2,2.090625000E1,-1.170000076E1,-2.203125000E1
2.783627254E2,2.116875076E1,-1.156875038E1,-2.120625114E1
2.783827261E2,2.109375000E1,-1.196250057E1,-2.111250114E1
2.784027250E2,2.077500153E1,-1.125000000E1,-2.130000114E1
2.784227196E2,2.163750076E1,-1.098750019E1,-2.122500038E1
2.784427229E2,2.145000076E1,-1.111875057E1,-2.058750153E1
2.784627216E2,2.124375153E1,-1.080000019E1,-2.079375076E1
2.784827279E2,2.154375076E1,-1.102500057E1,-2.049375153E1
2.785027293E2,2.131875038E1,-1.063125038E1,-2.038125038E1
2.785227277E2,2.133750153E1,-1.102500057E1,-2.028750038E1
2.785427318E2,2.163750076E1,-1.111875057E1,-2.049375153E1
2.785627310E2,2.124375153E1,-1.066875076E1,-2.131875038E1
2.785827260E2,2.101875114E1,-1.038750076E1,-2.079375076E1
2.786027858E2,2.143125153E1,-1.080000019E1,-2.090625000E1
2.786227715E2,2.143125153E1,-1.059375000E1,-2.111250114E1
2.786427546E2,2.210625076E1,-1.029375076E1,-2.133750153E1
2.786627481E2,2.180625153E1,-1.040625000E1,-2.090625000E1
2.786827387E2,2.208750153E1,-1.003125000E1,-2.081250000E1
2.787027274E2,2.190000153E1,-1.014375019E1,-2.060625076E1
2.787227152E2,2.208750153E1,-1.012500000E1,-2.081250000E1
2.787426810E2,2.266875076E1,-1.003125000E1,-2.103750038E1
2.787626951E2,2.268750000E1,-1.042500019E1,-2.115000153E1
2.787827035E2,2.197500038E1,-9.618750572E0,-2.090625000E1
2.788027068E2,2.220000076E1,-1.008750057E1,-2.145000076E1
2.788227510E2,2.190000153E1,-1.029375076E1,-2.133750153E1
2.788427476E2,2.238750076E1,-1.020000076E1,-2.145000076E1
2.788627393E2,2.276250076E1,-9.806250572E0,-2.156250000E1
2.788827392E2,2.317500114E1,-1.008750057E1,-2.208750153E1
2.789027350E2,2.306250000E1,-9.956250191E0,-2.073750114E1
2.789227264E2,2.315625000E1,-9.712500572E0,-2.176875114E1
2.789427283E2,2.325000000E1,-9.843750000E0,-2.105625153E1
2.789627368E2,2.306250000E1,-9.937500000E0,-2.115000153E1
2.789827392E2,2.229375076E1,-1.020000076E1,-2.124375153E1
2.790027369E2,2.261250114E1,-1.068750000E1,-2.165625000E1
2.790227309E2,2.201250076E1,-1.055625057E1,-2.186250114E1
2.790427334E2,2.223750114E1,-1.108125019E1,-2.165625000E1
2.790627315E2,2.191875076E1,-1.065000057E1,-2.206875038E1
2.790827258E2,2.163750076E1,-1.087500000E1,-2.122500038E1
2.791027286E2,2.152500153E1,-1.038750076E1,-2.131875038E1
2.791227270E2,2.191875076E1,-1.057500076E1,-2.154375076E1
2.791427206E2,2.250000000E1,-1.031250000E1,-2.135625076E1
2.791627244E2,2.161875153E1,-1.044375038E1,-2.193750000E1
2.791827232E2,2.173125076E1,-1.096875000E1,-2.143125153E1
2.792027186E2,2.086875153E1,-1.113750076E1,-2.141250038E1
2.792227223E2,2.086875153E1,-1.083750057E1,-2.161875153E1
2.792427214E2,2.143125153E1,-1.065000057E1,-2.163750076E1
2.792627170E2,2.047500038E1,-1.078125000E1,-2.253750038E1
2.792827108E2,2.126250076E1,-1.081875038E1,-2.205000114E1
2.793027119E2,2.034375000E1,-1.005000019E1,-2.139375114E1
2.793227202E2,2.064375114E1,-1.027500057E1,-2.109375000E1
2.793427227E2,2.083125114E1,-1.025625038E1,-2.139375114E1
2.793627771E2,2.101875114E1,-1.006875038E1,-2.141250038E1
2.793827697E2,2.109375000E1,-9.562500000E0,-2.141250038E1
2.794027577E2,2.034375000E1,-1.010625076E1,-2.190000153E1
2.794227437E2,2.083125114E1,-1.010625076E1,-2.212500000E1
2.794427395E2,2.013750076E1,-9.900000572E0,-2.190000153E1
2.794627312E2,2.053125000E1,-1.014375019E1,-2.139375114E1
2.794827224E2,2.083125114E1,-1.005000019E1,-2.160000038E1
2.795026790E2,2.124375153E1,-1.040625000E1,-2.255625153E1
2.795226859E2,2.081250000E1,-9.956250191E0,-2.150625038E1
2.795427000E2,2.070000076E1,-9.262500763E0,-2.139375114E1
2.795627080E2,2.081250000E1,-9.843750000E0,-2.150625038E1
2.795827334E2,2.071875000E1,-9.956250191E0,-2.118750000E1
2.796027377E2,2.062500000E1,-1.005000019E1,-2.130000114E1
2.796227360E2,2.081250000E1,-9.693750381E0,-2.086875153E1
2.796427299E2,2.092500114E1,-9.937500000E0,-2.182500076E1
2.796627319E2,2.062500000E1,-9.750000000E0,-2.128125000E1
2.796827280E2,2.111250114E1,-9.768750191E0,-2.150625038E1
2.797027339E2,2.131875038E1,-1.014375019E1,-2.193750000E1
2.797227339E2,2.169375038E1,-9.750000000E0,-2.205000114E1
2.797427297E2,2.130000114E1,-9.993750572E0,-2.100000000E1
2.797627334E2,2.150625038E1,-9.843750000E0,-2.193750000E1
2.797827321E2,2.171250153E1,-1.006875038E1,-2.163750076E1
2.798027274E2,2.161875153E1,-1.014375019E1,-2.214375114E1
2.798227208E2,2.111250114E1,-9.731250763E0,-2.203125000E1
2.798427216E2,2.141250038E1,-1.014375019E1,-2.205000114E1
2.798627186E2,2.135625076E1,-1.070625019E1,-2.246250153E1
2.798827237E2,2.122500038E1,-1.021875000E1,-2.214375114E1
2.799027232E2,2.150625038E1,-1.016250038E1,-2.163750076E1
2.799227196E2,2.191875076E1,-1.012500000E1,-2.257500076E1
2.799427238E2,2.130000114E1,-9.712500572E0,-2.244375038E1
2.799627231E2,2.131875038E1,-9.937500000E0,-2.203125000E1
2.799827295E2,2.130000114E1,-9.618750572E0,-2.244375038E1
2.800027304E2,2.171250153E1,-9.881250381E0,-2.308125114E1
2.800227272E2,2.150625038E1,-9.787500381E0,-2.296875000E1
2.800426994E2,2.101875114E1,-9.900000572E0,-2.255625153E1
2.800627060E2,2.118750000E1,-9.318750381E0,-2.235000038E1
2.800827081E2,2.109375000E1,-9.243750572E0,-2.203125000E1
2.801027172E2,2.096250153E1,-8.737500191E0,-2.191875076E1
2.801227658E2,2.184375000E1,-8.662500381E0,-2.193750000E1
2.801427652E2,2.201250076E1,-8.250000000E0,-2.079375076E1
2.801627589E2,2.171250153E1,-8.212500572E0,-2.120625114E1
2.801827488E2,2.152500153E1,-8.231250763E0,-2.068125153E1
2.802027476E2,2.182500076E1,-8.325000763E0,-2.100000000E1
2.802227413E2,2.152500153E1,-8.681250572E0,-1.985625076E1
2.802427335E2,2.206875038E1,-7.931250095E0,-1.955625153E1
2.802627346E2,2.298750114E1,-8.643750191E0,-1.957500076E1
2.802827317E2,2.315625000E1,-8.250000000E0,-1.968750000E1
2.803027255E2,2.366250038E1,-8.493750572E0,-1.918125153E1
2.803227282E2,2.431875038E1,-8.025000572E0,-1.910625076E1
2.803427383E2,2.463750076E1,-8.643750191E0,-1.880625153E1
2.803627307E2,2.461875153E1,-8.550000191E0,-1.860000038E1
2.803827317E2,2.542500114E1,-9.187500000E0,-1.841250038E1
2.804027286E2,2.583750153E1,-9.356250763E0,-1.893750000E1
2.804227222E2,2.523750114E1,-9.375000000E0,-1.850625038E1
2.804427237E2,2.581875038E1,-9.000000000E0,-1.843125153E1
2.804627336E2,2.651250076E1,-9.412500381E0,-1.845000076E1
2.804827370E2,2.640000153E1,-9.037500381E0,-1.801875114E1
2.805027354E2,2.690625191E1,-9.637500763E0,-1.803750038E1
2.805227302E2,2.728125191E1,-9.356250763E0,-1.815000153E1
2.805427331E2,2.769375038E1,-9.956250191E0,-1.816875076E1
2.805627316E2,2.761875153E1,-1.031250000E1,-1.878750038E1
2.805827159E2,2.724375153E1,-1.040625000E1,-1.878750038E1
2.806027211E2,2.791875076E1,-1.044375038E1,-1.839375114E1
2.806227216E2,2.805000114E1,-1.123125076E1,-1.871250153E1
2.806427183E2,2.745000076E1,-1.104375076E1,-1.807500076E1
2.806627682E2,2.763750076E1,-1.066875076E1,-1.796250153E1
2.806827577E2,2.812500191E1,-1.087500000E1,-1.788750076E1
2.807027439E2,2.805000114E1,-1.115625000E1,-1.809375000E1
2.807227398E2,2.746875191E1,-1.147500038E1,-1.755000114E1
2.807427327E2,2.748750114E1,-1.194375038E1,-1.786875153E1
2.807627334E2,2.756250191E1,-1.136250019E1,-1.786875153E1
2.807827315E2,2.788125038E1,-1.186875057E1,-1.768125153E1
2.808026934E2,2.769375038E1,-1.194375038E1,-1.818750000E1
2.808227038E2,2.816250038E1,-1.177500057E1,-1.777500153E1
2.808427090E2,2.776875114E1,-1.170000076E1,-1.715625000E1
2.808627096E2,2.823750114E1,-1.155000019E1,-1.665000153E1
2.808827405E2,2.795625114E1,-1.181250000E1,-1.715625000E1
2.809027491E2,2.851875114E1,-1.147500038E1,-1.644375038E1
2.809227395E2,2.776875114E1,-1.171875000E1,-1.672500038E1
2.809427385E2,2.865000153E1,-1.205625057E1,-1.665000153E1
2.809627335E2,2.836875153E1,-1.224375057E1,-1.665000153E1
2.809827351E2,2.900625038E1,-1.117500019E1,-1.676250076E1
2.810027340E2,2.970000076E1,-1.162500000E1,-1.606875038E1
2.810227398E2,2.958750153E1,-1.153125000E1,-1.584375095E1
2.810427403E2,2.956875038E1,-1.108125019E1,-1.501875019E1
2.810627362E2,2.956875038E1,-1.143750000E1,-1.428750038E1
2.810827290E2,2.983125114E1,-1.061250019E1,-1.490625095E1
2.811027310E2,3.022500038E1,-1.087500000E1,-1.378125095E1
2.811227287E2,2.983125114E1,-1.057500076E1,-1.387500095E1
2.811427227E2,2.941875076E1,-1.020000076E1,-1.312500095E1
2.811627253E2,2.880000114E1,-9.581250191E0,-1.342500019E1
2.811827237E2,2.821875191E1,-9.581250191E0,-1.288125038E1
2.812027976E2,2.763750076E1,-9.300000191E0,-1.400625038E1
2.812227828E2,2.668125153E1,-9.637500763E0,-1.460625076E1
2.812427651E2,2.546250153E1,-1.053750038E1,-1.550625038E1
2.812627577E2,2.506875038E1,-1.051875019E1,-1.550625038E1
2.812827474E2,2.566875076E1,-1.055625057E1,-1.708125114E1
2.813027355E2,2.587500191E1,-1.072500038E1,-1.781250000E1
2.813227228E2,2.647500038E1,-1.070625019E1,-1.845000076E1
2.813426992E2,2.673750114E1,-1.001250076E1,-1.835625076E1
2.813626990E2,2.767500114E1,-9.581250191E0,-1.796250153E1
2.813827077E2,2.752500153E1,-1.001250076E1,-1.890000153E1
2.814027114E2,2.791875076E1,-1.010625076E1,-1.901250076E1
2.814227558E2,2.773125076E1,-1.040625000E1,-1.901250076E1
2.814427524E2,2.782500076E1,-1.063125038E1,-1.869375038E1
2.814627445E2,2.775000191E1,-1.095000076E1,-1.818750000E1
2.814827448E2,2.733750153E1,-1.042500019E1,-1.858125114E1
2.815027406E2,2.735625076E1,-1.095000076E1,-1.805625153E1
2.815227316E2,2.716875076E1,-1.091250038E1,-1.837500000E1
2.815427337E2,2.638125038E1,-1.102500057E1,-1.792500114E1
2.815627424E2,2.640000153E1,-1.141875076E1,-1.803750038E1
2.815827337E2,2.574375153E1,-1.188750076E1,-1.792500114E1
2.816027341E2,2.583750153E1,-1.186875057E1,-1.833750153E1
2.816227305E2,2.506875038E1,-1.237500095E1,-1.770000076E1
2.816427467E2,2.641875076E1,-1.216875076E1,-1.680000114E1
2.816627438E2,2.544375038E1,-1.198125076E1,-1.790625000E1
2.816827368E2,2.495625114E1,-1.192500019E1,-1.852500153E1
2.817027275E2,2.476875114E1,-1.194375038E1,-1.809375000E1
2.817227272E2,2.491875076E1,-1.117500019E1,-1.779375076E1
2.817427224E2,2.486250114E1,-1.186875057E1,-1.779375076E1
2.817627164E2,2.486250114E1,-1.185000038E1,-1.809375000E1
2.817827189E2,2.465625191E1,-1.143750000E1,-1.850625038E1
2.818027172E2,2.424375153E1,-1.113750076E1,-1.828125000E1
2.818227233E2,2.452500153E1,-1.085625076E1,-1.809375000E1
2.818427243E2,2.441250038E1,-1.057500076E1,-1.766250038E1
2.818627214E2,2.441250038E1,-1.066875076E1,-1.777500153E1
2.818827164E2,2.411250114E1,-1.044375038E1,-1.807500076E1
2.819027183E2,2.411250114E1,-1.055625057E1,-1.796250153E1
2.819227159E2,2.362500000E1,-1.042500019E1,-1.837500000E1
2.819427214E2,2.403750038E1,-1.072500038E1,-1.848750114E1
2.819627781E2,2.394375038E1,-1.070625019E1,-1.878750038E1
2.819827726E2,2.381250000E1,-1.021875000E1,-1.858125114E1
2.820027624E2,2.401875114E1,-1.010625076E1,-1.869375038E1
2.820227493E2,2.401875114E1,-1.020000076E1,-1.890000153E1
2.820427457E2,2.392500114E1,-1.040625000E1,-1.869375038E1
2.820627413E2,2.371875000E1,-1.021875000E1,-1.846875000E1
2.820827431E2,2.403750038E1,-1.050000000E1,-1.901250076E1
2.821026966E2,2.338125038E1,-1.111875057E1,-1.972500038E1
2.821227005E2,2.317500114E1,-1.059375000E1,-2.011875153E1
2.821427008E2,2.308125114E1,-1.072500038E1,-1.959375000E1
2.821627094E2,2.317500114E1,-1.048125076E1,-2.032500076E1
2.821827468E2,2.289375114E1,-1.121250057E1,-1.959375000E1
2.822027379E2,2.308125114E1,-1.100625038E1,-2.002500153E1
2.822227371E2,2.268750000E1,-1.076250076E1,-2.032500076E1
2.822427321E2,2.182500076E1,-1.087500000E1,-1.987500000E1
2.822627353E2,2.124375153E1,-1.123125076E1,-2.028750038E1
2.822827324E2,2.145000076E1,-1.140000057E1,-2.081250000E1
2.823027276E2,2.145000076E1,-1.141875076E1,-2.028750038E1
2.823227306E2,2.167500114E1,-1.170000076E1,-2.071875000E1
2.823427291E2,2.115000153E1,-1.098750019E1,-2.079375076E1
2.823627239E2,2.085000038E1,-1.091250038E1,-2.015625000E1
2.823827271E2,2.036250114E1,-1.085625076E1,-2.098125076E1
2.824027257E2,2.008125114E1,-1.125000000E1,-2.075625038E1
2.824227208E2,1.976250076E1,-1.023750019E1,-2.105625153E1
2.824427240E2,2.008125114E1,-1.093125057E1,-2.139375114E1
2.824627227E2,1.929375076E1,-1.091250038E1,-2.126250076E1
2.824827290E2,1.968750000E1,-1.059375000E1,-2.190000153E1
2.825027288E2,1.987500000E1,-1.051875019E1,-2.148750114E1
2.825227258E2,1.965000153E1,-9.825000763E0,-2.135625076E1
2.825427305E2,2.013750076E1,-9.881250381E0,-2.221875000E1
2.825627299E2,1.946250153E1,-9.881250381E0,-2.197500038E1
2.825827254E2,1.946250153E1,-1.008750057E1,-2.176875114E1
2.826027290E2,1.946250153E1,-9.956250191E0,-2.229375076E1
2.826227281E2,1.946250153E1,-9.843750000E0,-2.261250114E1
2.826427021E2,2.062500000E1,-9.937500000E0,-2.160000038E1
2.826627102E2,1.966875076E1,-9.825000763E0,-2.293125153E1
2.826827130E2,1.991250038E1,-8.981250763E0,-2.250000000E1
2.827027228E2,2.011875153E1,-9.262500763E0,-2.272500038E1
2.827227719E2,2.013750076E1,-9.468750000E0,-2.263125038E1
2.827427605E2,2.013750076E1,-9.618750572E0,-2.334375000E1
2.827627571E2,2.062500000E1,-9.243750572E0,-2.325000000E1
2.827827494E2,2.002500153E1,-9.243750572E0,-2.302500153E1
2.828027387E2,2.043750000E1,-9.675000191E0,-2.274375153E1
2.828227371E2,2.064375114E1,-9.618750572E0,-2.368125153E1
2.828427328E2,2.111250114E1,-9.225000381E0,-2.411250114E1
2.828626821E2,2.120625114E1,-9.150000572E0,-2.370000076E1
2.828826939E2,2.109375000E1,-9.056250572E0,-2.347500038E1
2.829027004E2,2.113125038E1,-9.731250763E0,-2.379375076E1
2.829227024E2,2.103750038E1,-9.618750572E0,-2.400000000E1
2.829427232E2,2.086875153E1,-1.033125019E1,-2.358750153E1
2.829627243E2,2.092500114E1,-9.618750572E0,-2.379375076E1
2.829827318E2,2.094375038E1,-9.825000763E0,-2.368125153E1
2.830027332E2,2.064375114E1,-9.918750763E0,-2.377500153E1
2.830227296E2,2.133750153E1,-9.806250572E0,-2.422500038E1
2.830427328E2,2.111250114E1,-9.656250000E0,-2.326875114E1
2.830627325E2,2.122500038E1,-9.675000191E0,-2.317500114E1
2.830827277E2,2.038125038E1,-1.053750038E1,-2.326875114E1
2.831027308E2,2.126250076E1,-1.063125038E1,-2.381250000E1
2.831227292E2,2.096250153E1,-1.040625000E1,-2.400000000E1
2.831427237E2,2.105625153E1,-1.035000038E1,-2.317500114E1
2.831627269E2,2.115000153E1,-1.046250057E1,-2.308125114E1
2.831827268E2,2.131875038E1,-9.881250381E0,-2.308125114E1
2.832027324E2,2.161875153E1,-9.900000572E0,-2.278125000E1
2.832227327E2,2.171250153E1,-1.003125000E1,-2.246250153E1
2.832427288E2,2.163750076E1,-1.050000000E1,-2.287500000E1
2.832627895E2,2.152500153E1,-1.012500000E1,-2.235000038E1
2.832827756E2,2.161875153E1,-9.993750572E0,-2.287500000E1
2.833027590E2,2.210625076E1,-1.035000038E1,-2.216250038E1
2.833227522E2,2.248125076E1,-9.937500000E0,-2.259375000E1
2.833427427E2,2.255625153E1,-9.131250381E0,-2.280000114E1
2.833627317E2,2.257500076E1,-9.562500000E0,-2.227500153E1
2.833827307E2,2.238750076E1,-9.825000763E0,-2.268750000E1
2.834026940E2,2.289375114E1,-1.014375019E1,-2.261250114E1
2.834226944E2,2.248125076E1,-9.937500000E0,-2.259375000E1
2.834427034E2,2.250000000E1,-1.014375019E1,-2.259375000E1
2.834627073E2,2.403750038E1,-1.005000019E1,-2.139375114E1
2.834827522E2,2.296875000E1,-1.006875038E1,-2.229375076E1
2.835027490E2,2.315625000E1,-9.750000000E0,-2.270625114E1
2.835227412E2,2.340000153E1,-1.078125000E1,-2.210625076E1
2.835427419E2,2.298750114E1,-1.036875057E1,-2.229375076E1
2.835627380E2,2.263125038E1,-1.104375076E1,-2.238750076E1
2.835827292E2,2.251875114E1,-1.063125038E1,-2.259375000E1
2.836027315E2,2.293125153E1,-1.136250019E1,-2.220000076E1
2.836227402E2,2.242500114E1,-1.083750057E1,-2.250000000E1
2.836427316E2,2.321250153E1,-1.117500019E1,-2.231250000E1
2.836627319E2,2.291250038E1,-1.083750057E1,-2.270625114E1
2.836827281E2,2.235000038E1,-1.113750076E1,-2.250000000E1
2.837027331E2,2.242500114E1,-1.076250076E1,-2.218125153E1
2.837227326E2,2.238750076E1,-1.235625076E1,-2.197500038E1
2.837427281E2,2.216250038E1,-1.164375019E1,-2.197500038E1
2.837627320E2,2.235000038E1,-1.141875076E1,-2.270625114E1
2.837827309E2,2.274375153E1,-1.136250019E1,-2.220000076E1
2.838027255E2,2.263125038E1,-1.138125038E1,-2.188125038E1
2.838227296E2,2.193750000E1,-1.108125019E1,-2.133750153E1
2.838427282E2,2.145000076E1,-1.096875000E1,-2.131875038E1
2.838627233E2,2.176875114E1,-1.147500038E1,-2.133750153E1
2.838827267E2,2.197500038E1,-1.205625057E1,-2.165625000E1
2.839027254E2,2.148750114E1,-1.183125019E1,-2.195625114E1
2.839227320E2,2.223750114E1,-1.128750038E1,-2.156250000E1
2.839427120E2,2.223750114E1,-1.108125019E1,-2.154375076E1
2.839627131E2,2.205000114E1,-1.138125038E1,-2.145000076E1
2.839827218E2,2.233125114E1,-1.108125019E1,-2.156250000E1
2.840027248E2,2.205000114E1,-1.156875038E1,-2.145000076E1
2.840227796E2,2.188125038E1,-1.160625076E1,-2.268750000E1
2.840427613E2,2.193750000E1,-1.093125057E1,-2.216250038E1
2.840627524E2,2.253750038E1,-1.128750038E1,-2.167500114E1
2.840827408E2,2.274375153E1,-1.156875038E1,-2.208750153E1
2.841027388E2,2.214375114E1,-1.117500019E1,-2.145000076E1
2.841227321E2,2.242500114E1,-1.110000038E1,-2.145000076E1
2.841427245E2,2.311875153E1,-1.168125057E1,-2.034375000E1
2.841626824E2,2.214375114E1,-1.128750038E1,-2.133750153E1
2.841826900E2,2.246250153E1,-1.175625038E1,-2.188125038E1
2.842026932E2,2.203125000E1,-1.066875076E1,-2.175000000E1
2.842227040E2,2.205000114E1,-1.104375076E1,-2.206875038E1
2.842427316E2,2.251875114E1,-1.096875000E1,-2.188125038E1
2.842627380E2,2.270625114E1,-1.089375019E1,-2.176875114E1
2.842827378E2,2.229375076E1,-1.042500019E1,-2.103750038E1
2.843027328E2,2.240625000E1,-1.040625000E1,-2.133750153E1
2.843227359E2,2.201250076E1,-1.048125076E1,-2.163750076E1
2.843427325E2,2.221875000E1,-1.059375000E1,-2.145000076E1
2.843627387E2,2.251875114E1,-1.080000019E1,-2.135625076E1
2.843827387E2,2.298750114E1,-1.070625019E1,-2.146875000E1
2.844027344E2,2.259375000E1,-1.027500057E1,-2.186250114E1
2.844227270E2,2.287500000E1,-1.035000038E1,-2.083125114E1
2.844427282E2,2.270625114E1,-1.063125038E1,-2.115000153E1
2.844627255E2,2.300625038E1,-1.095000076E1,-2.085000038E1
2.844827195E2,2.261250114E1,-1.080000019E1,-2.135625076E1
2.845027221E2,2.351250076E1,-1.121250057E1,-2.160000038E1
2.845227203E2,2.368125153E1,-1.106250000E1,-2.098125076E1
2.845427262E2,2.338125038E1,-1.053750038E1,-2.126250076E1
2.845627258E2,2.338125038E1,-1.055625057E1,-2.105625153E1
2.845827227E2,2.375625038E1,-1.059375000E1,-2.034375000E1
2.846027273E2,2.317500114E1,-1.068750000E1,-2.043750000E1
2.846227272E2,2.326875114E1,-1.057500076E1,-2.043750000E1
2.846427225E2,2.308125114E1,-1.053750038E1,-2.105625153E1
2.846627263E2,2.364375114E1,-1.051875019E1,-1.993125153E1
2.846827255E2,2.392500114E1,-9.900000572E0,-2.045625114E1
2.847026994E2,2.403750038E1,-1.006875038E1,-2.107500076E1
2.847227076E2,2.373750114E1,-9.975000381E0,-2.096250153E1
2.847427108E2,2.422500038E1,-1.003125000E1,-2.036250114E1
2.847627206E2,2.336250114E1,-1.027500057E1,-2.055000114E1
2.847827583E2,2.415000153E1,-1.050000000E1,-2.077500153E1
2.848027493E2,2.345625114E1,-1.006875038E1,-2.075625038E1
2.848227480E2,2.403750038E1,-1.021875000E1,-2.013750076E1
2.848427423E2,2.392500114E1,-1.016250038E1,-1.940625000E1
2.848627334E2,2.345625114E1,-1.033125019E1,-1.970625114E1
2.848827327E2,2.343750000E1,-1.005000019E1,-1.950000000E1
2.849027296E2,2.364375114E1,-1.008750057E1,-2.055000114E1
2.849227338E2,2.394375038E1,-1.042500019E1,-2.013750076E1
2.849427335E2,2.405625153E1,-1.063125038E1,-2.015625000E1
2.849627290E2,2.450625038E1,-9.993750572E0,-1.921875000E1
2.849827330E2,2.450625038E1,-1.018125057E1,-1.963125038E1
2.850027435E2,2.508750153E1,-9.675000191E0,-1.996875000E1
2.850227363E2,2.454375076E1,-1.078125000E1,-1.944375038E1
2.850427375E2,2.490000153E1,-1.040625000E1,-1.923750114E1
2.850627341E2,2.445000076E1,-1.093125057E1,-2.026875114E1
2.850827273E2,2.501250076E1,-1.048125076E1,-1.976250076E1
2.851027284E2,2.471250153E1,-1.025625038E1,-2.006250000E1
2.851227268E2,2.501250076E1,-1.014375019E1,-2.049375153E1
2.851427215E2,2.647500038E1,-1.074375057E1,-1.938750076E1
2.851627246E2,2.512500191E1,-1.063125038E1,-2.049375153E1
2.851827234E2,2.523750114E1,-1.068750000E1,-2.131875038E1
2.852027182E2,2.493750191E1,-1.080000019E1,-2.111250114E1
2.852227109E2,2.456250191E1,-1.085625076E1,-2.152500153E1
2.852427028E2,2.463750076E1,-1.055625057E1,-2.152500153E1
2.852627138E2,2.475000191E1,-1.085625076E1,-2.173125076E1
2.852827188E2,2.486250114E1,-1.108125019E1,-2.111250114E1
2.853027185E2,2.390625000E1,-1.153125000E1,-2.139375114E1
2.853227821E2,2.390625000E1,-1.134375000E1,-2.118750000E1
2.853427706E2,2.394375038E1,-1.241250038E1,-2.171250153E1
2.853627556E2,2.332500076E1,-1.173750019E1,-2.107500076E1
2.853827504E2,2.330625153E1,-1.125000000E1,-2.107500076E1
2.854027417E2,2.349375153E1,-1.125000000E1,-2.107500076E1
2.854227307E2,2.300625038E1,-1.121250057E1,-2.126250076E1
2.854427299E2,2.300625038E1,-1.125000000E1,-2.073750114E1
2.854626932E2,2.253750038E1,-1.164375019E1,-2.041875076E1
2.854827048E2,2.274375153E1,-1.198125076E1,-1.991250038E1
2.855027108E2,2.323125076E1,-1.171875000E1,-2.116875076E1
2.855227120E2,2.268750000E1,-1.087500000E1,-2.011875153E1
2.855427435E2,2.270625114E1,-1.102500057E1,-2.094375038E1
2.855627413E2,2.268750000E1,-1.102500057E1,-1.948125076E1
2.855827346E2,2.229375076E1,-1.070625019E1,-1.948125076E1
2.856027362E2,2.251875114E1,-1.115625000E1,-2.041875076E1
2.856227330E2,2.250000000E1,-1.076250076E1,-2.030625153E1
2.856427260E2,2.310000038E1,-1.132500076E1,-1.961250114E1
2.856627285E2,2.326875114E1,-1.038750076E1,-2.032500076E1
2.856827260E2,2.366250038E1,-1.074375057E1,-1.951875114E1
2.857027202E2,2.362500000E1,-1.005000019E1,-1.961250114E1
2.857227233E2,2.334375000E1,-1.046250057E1,-1.897500038E1
2.857427216E2,2.325000000E1,-1.042500019E1,-1.970625114E1
2.857627166E2,2.326875114E1,-1.083750057E1,-1.940625000E1
2.857827204E2,2.326875114E1,-1.080000019E1,-2.002500153E1
2.858027190E2,2.366250038E1,-1.081875038E1,-1.993125153E1
2.858227252E2,2.385000038E1,-1.050000000E1,-2.045625114E1
2.858427262E2,2.345625114E1,-1.065000057E1,-1.940625000E1
2.858627218E2,2.295000076E1,-9.937500000E0,-1.948125076E1
2.858827269E2,2.328750038E1,-1.121250057E1,-1.993125153E1
2.859027263E2,2.280000114E1,-1.110000038E1,-1.991250038E1
2.859227216E2,2.242500114E1,-1.134375000E1,-2.041875076E1
2.859427252E2,2.370000076E1,-1.115625000E1,-2.086875153E1
2.859627241E2,2.298750114E1,-1.080000019E1,-1.980000114E1
2.859827194E2,2.298750114E1,-1.091250038E1,-1.959375000E1
2.860027018E2,2.308125114E1,-1.078125000E1,-2.023125076E1
2.860227053E2,2.280000114E1,-1.078125000E1,-2.032500076E1
2.860427158E2,2.250000000E1,-1.119375038E1,-1.959375000E1
2.860627200E2,2.210625076E1,-1.098750019E1,-1.968750000E1
2.860827648E2,2.280000114E1,-1.098750019E1,-1.991250038E1
2.861027610E2,2.308125114E1,-1.100625038E1,-1.991250038E1
2.861227526E2,2.287500000E1,-1.061250019E1,-1.959375000E1
2.861427408E2,2.248125076E1,-1.042500019E1,-1.927500153E1
2.861627386E2,2.257500076E1,-1.040625000E1,-1.980000114E1
2.861827321E2,2.276250076E1,-1.053750038E1,-1.938750076E1
2.862027241E2,2.296875000E1,-1.042500019E1,-1.959375000E1
2.862226814E2,2.285625076E1,-1.055625057E1,-1.897500038E1
2.862426885E2,2.255625153E1,-9.918750763E0,-1.936875153E1
2.862627028E2,2.362500000E1,-1.006875038E1,-1.908750153E1
2.862827108E2,2.353125000E1,-1.018125057E1,-1.908750153E1
2.863027360E2,2.353125000E1,-1.018125057E1,-1.888125038E1
2.863227290E2,2.336250114E1,-1.053750038E1,-1.950000000E1
2.863427295E2,2.351250076E1,-9.881250381E0,-1.899375153E1
2.863627255E2,2.317500114E1,-1.048125076E1,-2.043750000E1
2.863827297E2,2.355000114E1,-1.042500019E1,-1.993125153E1
2.864027276E2,2.313750076E1,-1.005000019E1,-1.918125153E1
2.864227229E2,2.341875076E1,-9.862500191E0,-1.929375076E1
2.864427263E2,2.469375038E1,-1.006875038E1,-1.809375000E1
2.864627248E2,2.336250114E1,-1.038750076E1,-2.032500076E1
2.864827308E2,2.325000000E1,-1.029375076E1,-2.032500076E1
2.865027312E2,2.355000114E1,-1.027500057E1,-2.075625038E1
2.865227277E2,2.355000114E1,-1.025625038E1,-2.116875076E1
2.865427219E2,2.345625114E1,-1.014375019E1,-2.116875076E1
2.865627232E2,2.392500114E1,-9.881250381E0,-2.107500076E1
2.865827203E2,2.317500114E1,-1.068750000E1,-2.043750000E1
2.866027254E2,2.276250076E1,-1.008750057E1,-2.030625153E1
2.866227819E2,2.250000000E1,-1.074375057E1,-2.062500000E1
2.866427763E2,2.278125000E1,-1.035000038E1,-2.073750114E1
2.866627661E2,2.289375114E1,-1.065000057E1,-2.073750114E1
2.866827528E2,2.278125000E1,-1.051875019E1,-2.115000153E1
2.867027380E2,2.345625114E1,-1.016250038E1,-2.085000038E1
2.867227359E2,2.315625000E1,-9.937500000E0,-2.126250076E1
2.867427288E2,2.343750000E1,-1.021875000E1,-1.991250038E1
2.867626871E2,2.334375000E1,-9.637500763E0,-2.137500000E1
2.867826948E2,2.362500000E1,-9.900000572E0,-2.043750000E1
2.868026985E2,2.383125114E1,-9.675000191E0,-2.096250153E1
2.868227097E2,2.392500114E1,-9.562500000E0,-2.128125000E1
2.868427488E2,2.422500038E1,-9.787500381E0,-2.086875153E1
2.868627413E2,2.422500038E1,-1.020000076E1,-2.066250038E1
2.868827416E2,2.450625038E1,-9.712500572E0,-2.088750076E1
2.869027372E2,2.463750076E1,-1.042500019E1,-2.047500038E1
2.869227293E2,2.445000076E1,-1.061250019E1,-2.047500038E1
2.869427287E2,2.445000076E1,-1.050000000E1,-2.088750076E1
2.869627259E2,2.385000038E1,-1.050000000E1,-2.055000114E1
2.869827308E2,2.521875191E1,-1.042500019E1,-2.090625000E1
2.870027308E2,2.508750153E1,-9.618750572E0,-2.100000000E1
2.870227266E2,2.716875076E1,-7.931250095E0,-2.220000076E1
2.870427305E2,2.791875076E1,-7.631250381E0,-2.075625038E1
2.870627411E2,2.746875191E1,-8.493750572E0,-2.105625153E1
2.870827452E2,2.782500076E1,-1.008750057E1,-1.951875114E1
2.871027436E2,2.583750153E1,-1.173750019E1,-1.895625114E1
2.871227381E2,2.460000038E1,-1.220625019E1,-2.058750153E1
2.871427297E2,2.596875191E1,-1.218750095E1,-1.968750000E1
2.871627291E2,2.595000076E1,-1.181250000E1,-1.938750076E1
2.871827262E2,2.604375076E1,-1.192500019E1,-1.927500153E1
2.872027311E2,2.662500191E1,-1.196250057E1,-1.878750038E1
2.872227309E2,2.600625038E1,-1.186875057E1,-1.689375114E1
2.872427270E2,2.619375038E1,-1.183125019E1,-1.586250019E1
2.872627311E2,2.593125153E1,-1.239375019E1,-1.627500153E1
2.872827308E2,2.690625191E1,-1.230000019E1,-1.670625114E1
2.873027049E2,2.707500076E1,-1.185000038E1,-1.608750153E1
2.873227133E2,2.844375038E1,-1.155000019E1,-1.674375153E1
2.873427165E2,2.773125076E1,-1.140000057E1,-1.558125019E1
2.873627153E2,2.861250114E1,-1.134375000E1,-1.518750095E1
2.873827668E2,2.908125114E1,-1.115625000E1,-1.520625019E1
2.874027576E2,2.887500191E1,-1.110000038E1,-1.436250019E1
2.874227450E2,2.893125153E1,-1.168125057E1,-1.655625153E1
2.874427417E2,2.947500038E1,-1.106250000E1,-1.543125057E1
2.874627349E2,2.955000114E1,-1.089375019E1,-1.501875019E1
2.874827354E2,3.024375153E1,-1.093125057E1,-1.471875095E1
2.875027221E2,3.073125076E1,-1.102500057E1,-1.505625057E1
2.875226754E2,3.103125191E1,-1.091250038E1,-1.546875095E1
2.875426907E2,3.133125114E1,-1.121250057E1,-1.548750019E1
2.875627001E2,3.208125305E1,-1.100625038E1,-1.425000095E1
2.875827043E2,3.198750114E1,-1.110000038E1,-1.456875038E1
2.876027266E2,3.228750229E1,-1.102500057E1,-1.415625095E1
2.876227287E2,3.255000305E1,-1.042500019E1,-1.426875019E1
2.876427255E2,3.155625153E1,-1.008750057E1,-1.455000019E1
2.876627295E2,3.108750153E1,-1.021875000E1,-1.558125019E1
2.876827284E2,3.013125038E1,-1.027500057E1,-1.586250019E1
2.877027217E2,2.934375191E1,-1.035000038E1,-1.582500076E1
2.877227254E2,2.791875076E1,-1.110000038E1,-1.569375038E1
2.877427240E2,2.716875076E1,-1.158750057E1,-1.713750076E1
2.877627301E2,2.664375114E1,-1.260000038E1,-1.816875076E1
2.877827307E2,2.636250114E1,-1.280625057E1,-1.794375038E1
2.878027268E2,2.716875076E1,-1.340625095E1,-1.807500076E1
2.878227312E2,2.707500076E1,-1.350000095E1,-1.818750000E1
2.878427319E2,2.765625191E1,-1.344375038E1,-1.798125076E1
2.878627266E2,2.786250114E1,-1.396875095E1,-1.747500038E1
2.878827294E2,2.767500114E1,-1.423125076E1,-1.788750076E1
2.879027276E2,2.745000076E1,-1.368750095E1,-1.704375076E1
2.879227208E2,2.677500153E1,-1.366875076E1,-1.693125153E1
2.879427242E2,2.698125076E1,-1.419375038E1,-1.651875114E1
2.879627229E2,2.675625038E1,-1.333125019E1,-1.578750038E1
2.879827291E2,2.743125153E1,-1.327500057E1,-1.558125019E1
2.880027299E2,2.656875038E1,-1.365000057E1,-1.535625076E1
2.880227263E2,2.666250038E1,-1.370625019E1,-1.608750153E1
2.880427197E2,2.656875038E1,-1.340625095E1,-1.629375076E1
2.880626896E2,2.686875153E1,-1.336875057E1,-1.713750076E1
2.880826947E2,2.625000191E1,-1.295625019E1,-1.691250038E1
2.881027068E2,2.683125114E1,-1.269375038E1,-1.661250114E1
2.881227130E2,2.568750191E1,-1.147500038E1,-1.470000076E1
2.881427588E2,2.638125038E1,-1.170000076E1,-1.471875095E1
2.881627563E2,2.649375153E1,-1.213125038E1,-1.430625057E1
2.881827487E2,2.608125114E1,-1.149375057E1,-1.481250095E1
2.882027376E2,2.589375114E1,-1.155000019E1,-1.522500038E1
2.882227358E2,2.658750153E1,-1.205625057E1,-1.556250095E1
2.882427290E2,2.626875114E1,-1.147500038E1,-1.513125038E1
2.882627213E2,2.703750038E1,-1.128750038E1,-1.535625076E1
2.882827336E2,2.681250191E1,-1.027500057E1,-1.575000095E1
2.883027281E2,2.711250114E1,-1.038750076E1,-1.556250095E1
2.883227313E2,2.696250153E1,-1.095000076E1,-1.773750114E1
2.883427297E2,2.655000114E1,-1.040625000E1,-1.845000076E1
2.883627358E2,2.634375191E1,-9.862500191E0,-1.916250038E1
2.883827363E2,2.636250114E1,-1.029375076E1,-1.865625000E1
2.884027323E2,2.664375114E1,-1.005000019E1,-1.950000000E1
2.884227251E2,2.713125038E1,-1.021875000E1,-1.858125114E1
2.884427268E2,2.645625114E1,-1.016250038E1,-1.918125153E1
2.884627235E2,2.656875038E1,-1.033125019E1,-1.970625114E1
2.884827296E2,2.656875038E1,-1.035000038E1,-1.950000000E1
2.885027300E2,2.668125153E1,-1.072500038E1,-1.970625114E1
2.885227261E2,2.630625153E1,-1.119375038E1,-1.991250038E1
2.885427300E2,2.628750038E1,-1.093125057E1,-1.948125076E1
2.885627293E2,2.598750114E1,-1.072500038E1,-1.957500076E1
2.885827251E2,2.679375076E1,-1.104375076E1,-1.961250114E1
2.886027078E2,2.580000114E1,-1.081875038E1,-1.936875153E1
2.886227115E2,2.658750153E1,-1.096875000E1,-1.897500038E1
2.886427109E2,2.670000076E1,-1.126875019E1,-1.908750153E1
2.886627179E2,2.694375038E1,-1.087500000E1,-1.732500076E1
2.886827761E2,2.677500153E1,-1.123125076E1,-1.805625153E1
2.887027603E2,2.756250191E1,-1.147500038E1,-1.745625114E1
2.887227535E2,2.754375076E1,-1.111875057E1,-1.681875038E1
2.887427437E2,2.773125076E1,-1.119375038E1,-1.578750038E1
2.887627427E2,2.773125076E1,-1.083750057E1,-1.661250114E1
2.887827366E2,2.754375076E1,-1.113750076E1,-1.651875114E1
2.888027292E2,2.686875153E1,-1.160625076E1,-1.659375000E1
2.888226984E2,2.735625076E1,-1.143750000E1,-1.651875114E1
2.888427035E2,2.763750076E1,-1.123125076E1,-1.672500038E1
2.888627042E2,2.761875153E1,-1.095000076E1,-1.640625000E1
2.888827129E2,2.745000076E1,-1.123125076E1,-1.661250114E1
2.889027388E2,2.724375153E1,-1.081875038E1,-1.670625114E1
2.889227326E2,2.728125191E1,-1.171875000E1,-1.672500038E1
2.889427339E2,2.752500153E1,-1.110000038E1,-1.558125019E1
2.889627307E2,2.737500191E1,-1.171875000E1,-1.672500038E1
2.889827349E2,2.698125076E1,-1.149375057E1,-1.691250038E1
2.890027328E2,2.814375114E1,-1.141875076E1,-1.715625000E1
2.890227284E2,2.801250076E1,-1.068750000E1,-1.766250038E1
2.890427319E2,2.868750191E1,-1.076250076E1,-1.685625076E1
2.890627308E2,2.782500076E1,-1.083750057E1,-1.683750153E1
2.890827259E2,2.767500114E1,-1.179375076E1,-1.725000000E1
2.891027291E2,2.748750114E1,-1.222500038E1,-1.663125038E1
2.891227282E2,2.791875076E1,-1.301250076E1,-1.685625076E1
2.891427343E2,2.761875153E1,-1.293750095E1,-1.621875000E1
2.891627348E2,2.771250153E1,-1.284375095E1,-1.621875000E1
2.891827310E2,2.671875191E1,-1.282500076E1,-1.588125038E1
2.892027239E2,2.512500191E1,-1.383750057E1,-1.635000038E1
2.892227255E2,2.433750153E1,-1.389375019E1,-1.674375153E1
2.892427233E2,2.640000153E1,-1.440000057E1,-1.620000076E1
2.892627286E2,2.630625153E1,-1.190625000E1,-1.638750076E1
2.892827288E2,2.752500153E1,-1.070625019E1,-1.702500153E1
2.893027250E2,2.827500153E1,-1.025625038E1,-1.663125038E1
2.893227294E2,2.857500076E1,-1.029375076E1,-1.633125114E1
2.893427289E2,2.778750038E1,-1.031250000E1,-1.537500095E1
2.893627030E2,2.840625191E1,-1.102500057E1,-1.539375019E1
2.893827114E2,2.818125153E1,-1.051875019E1,-1.548750019E1
2.894027144E2,2.810625076E1,-1.108125019E1,-1.434375095E1
2.894227131E2,2.791875076E1,-1.110000038E1,-1.569375038E1
2.894427647E2,2.851875114E1,-1.141875076E1,-1.550625038E1
2.894627557E2,2.831250191E1,-1.140000057E1,-1.571250057E1
2.894827540E2,2.829375076E1,-1.102500057E1,-1.539375019E1
2.895027479E2,2.838750076E1,-1.076250076E1,-1.498125076E1
2.895227386E2,2.842500114E1,-1.164375019E1,-1.518750095E1
2.895427372E2,2.821875191E1,-1.164375019E1,-1.507500076E1
2.895627336E2,2.859375191E1,-1.136250019E1,-1.498125076E1
2.895826832E2,2.782500076E1,-1.134375000E1,-1.496250057E1
2.896026954E2,2.850000191E1,-1.134375000E1,-1.518750095E1
2.896227022E2,2.829375076E1,-1.083750057E1,-1.528125095E1
2.896427043E2,2.840625191E1,-1.126875019E1,-1.477500057E1
2.896627362E2,2.801250076E1,-1.119375038E1,-1.569375038E1
2.896827347E2,2.784375191E1,-1.215000057E1,-1.445625019E1
2.897027284E2,2.763750076E1,-1.175625038E1,-1.443750095E1
2.897227303E2,2.775000191E1,-1.201875019E1,-1.496250057E1
2.897427275E2,2.746875191E1,-1.203750038E1,-1.475625038E1
2.897627313E2,2.733750153E1,-1.155000019E1,-1.432500076E1
2.897827314E2,2.705625153E1,-1.183125019E1,-1.441875076E1
2.898027271E2,2.664375114E1,-1.158750057E1,-1.348125076E1
2.898227309E2,2.615625191E1,-1.168125057E1,-1.325625038E1
2.898427295E2,2.645625114E1,-1.166250038E1,-1.378125095E1
2.898627245E2,2.722500038E1,-1.141875076E1,-1.318125057E1
2.898827168E2,2.681250191E1,-1.081875038E1,-1.316250038E1
2.899027193E2,2.737500191E1,-1.040625000E1,-1.370625019E1
2.899227164E2,2.679375076E1,-1.031250000E1,-1.336875057E1
2.899427212E2,2.602500153E1,-1.055625057E1,-1.376250076E1
2.899627213E2,2.589375114E1,-9.581250191E0,-1.511250019E1
2.899827850E2,2.542500114E1,-9.731250763E0,-1.561875057E1
2.900027739E2,2.602500153E1,-9.937500000E0,-1.593750095E1
2.900227587E2,2.628750038E1,-9.225000381E0,-1.625625038E1
2.900427534E2,2.645625114E1,-8.906250000E0,-1.511250019E1
2.900627447E2,2.664375114E1,-8.700000763E0,-1.522500038E1
2.900827339E2,2.685000038E1,-8.793750763E0,-1.554375076E1
2.901027331E2,2.685000038E1,-8.775000572E0,-1.584375095E1
2.901227074E2,2.743125153E1,-8.718750000E0,-1.556250095E1
2.901427053E2,2.771250153E1,-8.512500763E0,-1.567500019E1
2.901627120E2,2.857500076E1,-8.493750572E0,-1.475625038E1
2.901827136E2,2.790000153E1,-8.118750572E0,-1.588125038E1
2.902027568E2,2.790000153E1,-8.512500763E0,-1.599375057E1
2.902227521E2,2.784375191E1,-9.206250191E0,-1.578750038E1
2.902427435E2,2.840625191E1,-8.925000191E0,-1.601250076E1
2.902627435E2,2.853750038E1,-9.487500191E0,-1.653750038E1
2.902827390E2,2.833125114E1,-9.393750191E0,-1.621875000E1
2.903027301E2,2.910000038E1,-9.225000381E0,-1.603125000E1
2.903227319E2,2.921250153E1,-9.318750381E0,-1.644375038E1
2.903427405E2,2.949375153E1,-9.337500572E0,-1.603125000E1
2.903627321E2,2.893125153E1,-9.712500572E0,-1.633125114E1
2.903827325E2,2.925000191E1,-1.020000076E1,-1.666875076E1
2.904027290E2,2.859375191E1,-1.066875076E1,-1.674375153E1
2.904227451E2,2.885625076E1,-1.008750057E1,-1.653750038E1
2.904427423E2,2.915625191E1,-1.020000076E1,-1.635000038E1
2.904627355E2,2.936250114E1,-1.074375057E1,-1.573125076E1
2.904827373E2,2.908125114E1,-1.070625019E1,-1.614375114E1
2.905027347E2,2.857500076E1,-1.031250000E1,-1.591875076E1
2.905227274E2,2.861250114E1,-1.104375076E1,-1.696875000E1
2.905427194E2,2.851875114E1,-1.136250019E1,-1.665000153E1
2.905627205E2,2.941875076E1,-1.158750057E1,-1.666875076E1
2.905827177E2,2.898750114E1,-1.055625057E1,-1.717500114E1
2.906027229E2,2.887500191E1,-1.048125076E1,-1.655625153E1
2.906227233E2,2.859375191E1,-1.087500000E1,-1.665000153E1
2.906427424E2,2.889375114E1,-1.087500000E1,-1.665000153E1
2.906627318E2,2.900625038E1,-1.102500057E1,-1.758750153E1
2.906827289E2,2.891250038E1,-1.104375076E1,-1.708125114E1
2.907027337E2,2.898750114E1,-1.055625057E1,-1.696875000E1
2.907227335E2,2.949375153E1,-1.095000076E1,-1.740000153E1
2.907427278E2,2.928750038E1,-1.095000076E1,-1.728750038E1
2.907627209E2,2.861250114E1,-1.091250038E1,-1.768125153E1
2.907827225E2,2.881875038E1,-1.136250019E1,-1.685625076E1
2.908027199E2,2.885625076E1,-1.186875057E1,-1.822500038E1
2.908227253E2,2.816250038E1,-1.155000019E1,-1.820625114E1
2.908427257E2,2.865000153E1,-1.190625000E1,-1.770000076E1
2.908627334E2,2.844375038E1,-1.168125057E1,-1.788750076E1
2.908827029E2,2.825625038E1,-1.175625038E1,-1.809375000E1
2.909027074E2,2.827500153E1,-1.196250057E1,-1.809375000E1
2.909227077E2,2.758125114E1,-1.198125076E1,-1.745625114E1
2.909427154E2,2.741250038E1,-1.254375076E1,-1.777500153E1
2.909627630E2,2.750625038E1,-1.235625076E1,-1.786875153E1
2.909827505E2,2.681250191E1,-1.190625000E1,-1.826250076E1
2.910027464E2,2.700000191E1,-1.228125095E1,-1.713750076E1
2.910227384E2,2.750625038E1,-1.203750038E1,-1.818750000E1
2.910427389E2,2.730000114E1,-1.198125076E1,-1.734375000E1
2.910627346E2,2.690625191E1,-1.226250076E1,-1.723125076E1
2.910827280E2,2.709375191E1,-1.196250057E1,-1.743750000E1
2.911027413E2,2.671875191E1,-1.192500019E1,-1.805625153E1
2.911227362E2,2.739375114E1,-1.185000038E1,-1.786875153E1
2.911427282E2,2.775000191E1,-1.128750038E1,-1.734375000E1
2.911627293E2,2.803125191E1,-1.121250057E1,-1.725000000E1
2.911827378E2,2.776875114E1,-1.147500038E1,-1.777500153E1
2.912027291E2,2.872500038E1,-1.130625057E1,-1.770000076E1
2.912227292E2,2.874375153E1,-1.160625076E1,-1.749375153E1
2.912427254E2,2.900625038E1,-1.104375076E1,-1.708125114E1
2.912627299E2,2.870625114E1,-1.085625076E1,-1.685625076E1
2.912827282E2,2.910000038E1,-1.096875000E1,-1.676250076E1
2.913027244E2,2.887500191E1,-1.081875038E1,-1.603125000E1
2.913227286E2,2.878125191E1,-1.076250076E1,-1.509375095E1
2.913427279E2,2.876250076E1,-1.055625057E1,-1.509375095E1
2.913627232E2,2.799375153E1,-1.070625019E1,-1.569375038E1
2.913827267E2,2.760000038E1,-1.050000000E1,-1.546875095E1
2.914027258E2,2.671875191E1,-1.048125076E1,-1.554375076E1
2.914227324E2,2.484375191E1,-9.787500381E0,-1.610625076E1
2.914427330E2,2.308125114E1,-9.412500381E0,-1.668750000E1
2.914627294E2,2.235000038E1,-1.020000076E1,-1.811250114E1
2.914827338E2,2.227500153E1,-1.029375076E1,-1.989375114E1
2.915028006E2,2.193750000E1,-1.143750000E1,-2.040000153E1
2.915227804E2,2.311875153E1,-1.132500076E1,-2.126250076E1
2.915427698E2,2.381250000E1,-1.162500000E1,-2.139375114E1
2.915627565E2,2.486250114E1,-1.110000038E1,-2.079375076E1
2.915827417E2,2.497500038E1,-1.164375019E1,-1.996875000E1
2.916027377E2,2.536875153E1,-1.198125076E1,-1.957500076E1
2.916227314E2,2.574375153E1,-1.160625076E1,-1.948125076E1
2.916427015E2,2.506875038E1,-1.186875057E1,-1.955625153E1
2.916627074E2,2.514375114E1,-1.164375019E1,-1.852500153E1
2.916827092E2,2.600625038E1,-1.113750076E1,-1.916250038E1
2.917027185E2,2.570625114E1,-1.104375076E1,-1.905000114E1
2.917227563E2,2.505000114E1,-1.141875076E1,-1.893750000E1
2.917427475E2,2.495625114E1,-1.151250076E1,-1.882500076E1
2.917627469E2,2.544375038E1,-1.173750019E1,-1.863750076E1
2.917827418E2,2.475000191E1,-1.162500000E1,-1.850625038E1
2.918027336E2,2.563125038E1,-1.175625038E1,-1.863750076E1
2.918227329E2,2.533125114E1,-1.115625000E1,-1.863750076E1
2.918427302E2,2.572500038E1,-1.136250019E1,-1.843125153E1
2.918626808E2,2.561250114E1,-1.128750038E1,-1.811250114E1
2.918826934E2,2.542500114E1,-1.125000000E1,-1.852500153E1
2.919027005E2,2.550000191E1,-1.085625076E1,-1.863750076E1
2.919227030E2,2.535000038E1,-1.151250076E1,-1.905000114E1
2.919427238E2,2.544375038E1,-1.155000019E1,-1.863750076E1
2.919627249E2,2.636250114E1,-1.059375000E1,-1.845000076E1
2.919827322E2,2.628750038E1,-1.065000057E1,-1.906875038E1
2.920027336E2,2.619375038E1,-1.072500038E1,-1.959375000E1
2.920227301E2,2.589375114E1,-1.085625076E1,-1.875000000E1
2.920427340E2,2.570625114E1,-1.104375076E1,-1.905000114E1
2.920627333E2,2.611875153E1,-1.158750057E1,-1.833750153E1
2.920827279E2,2.553750038E1,-1.140000057E1,-1.957500076E1
2.921027310E2,2.600625038E1,-1.100625038E1,-1.968750000E1
2.921227293E2,2.647500038E1,-1.087500000E1,-1.876875114E1
2.921427239E2,2.580000114E1,-1.095000076E1,-1.875000000E1
2.921627272E2,2.544375038E1,-1.171875000E1,-1.895625114E1
2.921827270E2,2.600625038E1,-1.136250019E1,-1.875000000E1
2.922027326E2,2.563125038E1,-1.158750057E1,-1.813125038E1
2.922227327E2,2.581875038E1,-1.126875019E1,-1.854375076E1
2.922427286E2,2.651250076E1,-1.158750057E1,-1.856250000E1
2.922627316E2,2.563125038E1,-1.123125076E1,-1.905000114E1
2.922827311E2,2.593125153E1,-1.156875038E1,-1.845000076E1
2.923027263E2,2.580000114E1,-1.076250076E1,-1.875000000E1
2.923227299E2,2.595000076E1,-1.192500019E1,-1.906875038E1
2.923427286E2,2.593125153E1,-1.164375019E1,-1.875000000E1
2.923627237E2,2.640000153E1,-1.138125038E1,-1.865625000E1
2.923827273E2,2.610000038E1,-1.115625000E1,-1.886250114E1
2.924026938E2,2.602500153E1,-1.132500076E1,-1.927500153E1
2.924226965E2,2.630625153E1,-1.126875019E1,-1.865625000E1
2.924427067E2,2.574375153E1,-1.194375038E1,-1.875000000E1
2.924627111E2,2.574375153E1,-1.186875057E1,-1.843125153E1
2.924827557E2,2.604375076E1,-1.203750038E1,-1.906875038E1
2.925027412E2,2.613750076E1,-1.175625038E1,-1.886250114E1
2.925227358E2,2.623125076E1,-1.162500000E1,-1.950000000E1
2.925427382E2,2.574375153E1,-1.179375076E1,-1.980000114E1
2.925627357E2,2.595000076E1,-1.211250019E1,-1.948125076E1
2.925827283E2,2.574375153E1,-1.192500019E1,-1.895625114E1
2.926027199E2,2.595000076E1,-1.198125076E1,-2.011875153E1
2.926227315E2,2.555625153E1,-1.198125076E1,-1.978125000E1
2.926427255E2,2.555625153E1,-1.181250000E1,-1.936875153E1
2.926627280E2,2.611875153E1,-1.171875000E1,-1.783125114E1
2.926827261E2,2.495625114E1,-1.151250076E1,-1.893750000E1
2.927027433E2,2.458125114E1,-1.177500057E1,-1.923750114E1
2.927227413E2,2.506875038E1,-1.177500057E1,-1.946250153E1
2.927427349E2,2.439375114E1,-1.186875057E1,-1.923750114E1
2.927627372E2,2.390625000E1,-1.207500076E1,-1.890000153E1
2.927827347E2,2.390625000E1,-1.215000057E1,-1.953750038E1
2.928027274E2,2.398125076E1,-1.190625000E1,-1.860000038E1
2.928227190E2,2.379375076E1,-1.185000038E1,-1.921875000E1
2.928427199E2,2.360625076E1,-1.196250057E1,-1.910625076E1
2.928627169E2,2.302500153E1,-1.181250000E1,-1.961250114E1
2.928827220E2,2.340000153E1,-1.121250057E1,-2.002500153E1
2.929027222E2,2.281875038E1,-1.140000057E1,-1.991250038E1
2.929227186E2,2.377500153E1,-1.093125057E1,-1.972500038E1
2.929427131E2,2.364375114E1,-1.044375038E1,-1.951875114E1
2.929627150E2,2.422500038E1,-9.937500000E0,-2.025000000E1
2.929827238E2,2.375625038E1,-1.095000076E1,-1.940625000E1
2.930027269E2,2.366250038E1,-1.068750000E1,-2.045625114E1
2.930227814E2,2.328750038E1,-1.083750057E1,-2.116875076E1
2.930427741E2,2.347500038E1,-1.098750019E1,-2.034375000E1
2.930627624E2,2.375625038E1,-1.068750000E1,-2.066250038E1
2.930827482E2,2.364375114E1,-1.053750038E1,-1.981875038E1
2.931027439E2,2.270625114E1,-1.117500019E1,-2.011875153E1
2.931227366E2,2.221875000E1,-1.093125057E1,-2.083125114E1
2.931427386E2,2.388750076E1,-1.108125019E1,-2.077500153E1
2.931627035E2,2.336250114E1,-1.048125076E1,-2.055000114E1
2.931827051E2,2.356875038E1,-1.059375000E1,-2.055000114E1
2.932027148E2,2.347500038E1,-1.066875076E1,-2.075625038E1
2.932227191E2,2.250000000E1,-1.053750038E1,-2.092500114E1
2.932427527E2,2.231250000E1,-1.081875038E1,-2.113125038E1
2.932627520E2,2.214375114E1,-1.119375038E1,-2.113125038E1
2.932827468E2,2.205000114E1,-1.078125000E1,-2.321250153E1
2.933027377E2,2.274375153E1,-1.125000000E1,-2.240625000E1
2.933227379E2,2.251875114E1,-1.098750019E1,-2.156250000E1
2.933427322E2,2.285625076E1,-1.005000019E1,-2.083125114E1
2.933627369E2,2.220000076E1,-1.051875019E1,-2.103750038E1
2.933827361E2,2.306250000E1,-1.016250038E1,-2.064375114E1
2.934027319E2,2.231250000E1,-1.091250038E1,-2.113125038E1
2.934227245E2,2.278125000E1,-1.021875000E1,-2.145000076E1
2.934427258E2,2.253750038E1,-1.119375038E1,-2.145000076E1
2.934627349E2,2.296875000E1,-1.033125019E1,-2.126250076E1
2.934827266E2,2.280000114E1,-1.078125000E1,-2.188125038E1
2.935027272E2,2.208750153E1,-9.918750763E0,-2.092500114E1
2.935227238E2,2.221875000E1,-1.070625019E1,-2.113125038E1
2.935427284E2,2.268750000E1,-1.051875019E1,-2.135625076E1
2.935627271E2,2.257500076E1,-1.023750019E1,-2.103750038E1
2.935827344E2,2.285625076E1,-9.843750000E0,-2.115000153E1
2.936027361E2,2.343750000E1,-9.750000000E0,-2.126250076E1
2.936227329E2,2.349375153E1,-9.112500191E0,-2.032500076E1
2.936427261E2,2.341875076E1,-9.168750763E0,-2.094375038E1
2.936627281E2,2.392500114E1,-1.008750057E1,-1.910625076E1
2.936827262E2,2.323125076E1,-9.675000191E0,-2.085000038E1
2.937027108E2,2.334375000E1,-9.900000572E0,-2.032500076E1
2.937227159E2,2.278125000E1,-1.025625038E1,-2.073750114E1
2.937427163E2,2.332500076E1,-9.637500763E0,-1.970625114E1
2.937627242E2,2.364375114E1,-1.001250076E1,-2.023125076E1
2.937827829E2,2.390625000E1,-9.543750763E0,-1.993125153E1
2.938027675E2,2.315625000E1,-1.033125019E1,-1.959375000E1
2.938227609E2,2.315625000E1,-1.040625000E1,-2.011875153E1
2.938427510E2,2.325000000E1,-1.018125057E1,-2.053125000E1
2.938627386E2,2.325000000E1,-1.021875000E1,-2.002500153E1
2.938827345E2,2.362500000E1,-1.027500057E1,-1.908750153E1
2.939027295E2,2.334375000E1,-9.900000572E0,-2.032500076E1
2.939226892E2,2.371875000E1,-9.675000191E0,-2.086875153E1
2.939426983E2,2.362500000E1,-9.843750000E0,-1.981875038E1
2.939627027E2,2.343750000E1,-1.012500000E1,-2.002500153E1
2.939827139E2,2.362500000E1,-9.825000763E0,-1.993125153E1
2.940027534E2,2.420625114E1,-9.825000763E0,-2.045625114E1
2.940227458E2,2.371875000E1,-9.806250572E0,-2.043750000E1
2.940427460E2,2.343750000E1,-1.003125000E1,-1.991250038E1
2.940627414E2,2.373750114E1,-1.035000038E1,-1.972500038E1
2.940827333E2,2.392500114E1,-1.003125000E1,-2.004375076E1
2.941027329E2,2.381250000E1,-9.618750572E0,-2.023125076E1
2.941227302E2,2.401875114E1,-9.900000572E0,-2.066250038E1
2.941427351E2,2.430000114E1,-9.750000000E0,-1.995000076E1
2.941627349E2,2.446875191E1,-8.981250763E0,-1.963125038E1
2.941827306E2,2.411250114E1,-1.005000019E1,-1.983750153E1
2.942027344E2,2.385000038E1,-1.066875076E1,-1.931250000E1
2.942227335E2,2.385000038E1,-1.050000000E1,-2.034375000E1
2.942427289E2,2.443125153E1,-1.044375038E1,-2.006250000E1
2.942627325E2,2.364375114E1,-1.055625057E1,-1.931250000E1
2.942827311E2,2.381250000E1,-9.843750000E0,-1.981875038E1
2.943027262E2,2.403750038E1,-1.055625057E1,-1.972500038E1
2.943227300E2,2.463750076E1,-1.078125000E1,-1.944375038E1
2.943427287E2,2.413125038E1,-1.055625057E1,-1.951875114E1
2.943627237E2,2.413125038E1,-1.040625000E1,-1.869375038E1
2.943827271E2,2.375625038E1,-1.063125038E1,-1.972500038E1
2.944027258E2,2.482500076E1,-1.066875076E1,-1.985625076E1
2.944227207E2,2.401875114E1,-1.020000076E1,-1.890000153E1
2.944427245E2,2.450625038E1,-1.031250000E1,-1.901250076E1
2.944627023E2,2.392500114E1,-1.050000000E1,-1.878750038E1
2.944827133E2,2.403750038E1,-1.066875076E1,-1.931250000E1
2.945027186E2,2.443125153E1,-1.057500076E1,-1.933125114E1
2.945227187E2,2.469375038E1,-1.023750019E1,-1.871250153E1
2.945427713E2,2.518125153E1,-1.016250038E1,-1.852500153E1
2.945627628E2,2.520000076E1,-1.053750038E1,-1.882500076E1
2.945827502E2,2.538750076E1,-1.055625057E1,-1.873125076E1
2.946027468E2,2.510625076E1,-1.065000057E1,-1.841250038E1
2.946227398E2,2.529375076E1,-1.066875076E1,-1.841250038E1
2.946427311E2,2.508750153E1,-1.020000076E1,-1.935000038E1
2.946627310E2,2.478750038E1,-1.014375019E1,-1.850625038E1
2.946826833E2,2.538750076E1,-1.038750076E1,-1.811250114E1
2.947026863E2,2.499375153E1,-1.020000076E1,-1.935000038E1
2.947226976E2,2.626875114E1,-1.025625038E1,-1.895625114E1
2.947427031E2,2.615625191E1,-1.010625076E1,-1.833750153E1
2.947627381E2,2.576250076E1,-1.031250000E1,-1.801875114E1
2.947827386E2,2.576250076E1,-1.014375019E1,-1.905000114E1
2.948027340E2,2.595000076E1,-9.956250191E0,-1.895625114E1
2.948227372E2,2.632500076E1,-9.487500191E0,-1.865625000E1
2.948427350E2,2.585625076E1,-9.975000381E0,-1.875000000E1
2.948627273E2,2.625000191E1,-9.881250381E0,-1.865625000E1
2.948827301E2,2.587500191E1,-1.055625057E1,-1.895625114E1
2.949027395E2,2.546250153E1,-9.937500000E0,-1.914375114E1
2.949227312E2,2.559375191E1,-1.063125038E1,-1.905000114E1
2.949427316E2,2.576250076E1,-9.843750000E0,-1.925625038E1
2.949627278E2,2.608125114E1,-1.046250057E1,-1.886250114E1
2.949827214E2,2.623125076E1,-9.581250191E0,-1.875000000E1
2.950027237E2,2.604375076E1,-9.693750381E0,-1.843125153E1
2.950227213E2,2.613750076E1,-9.487500191E0,-1.875000000E1
2.950427268E2,2.606250191E1,-9.806250572E0,-1.989375114E1
2.950627271E2,2.613750076E1,-9.562500000E0,-1.895625114E1
2.950827221E2,2.593125153E1,-9.562500000E0,-1.884375000E1
2.951027269E2,2.591250038E1,-8.793750763E0,-1.863750076E1
2.951227265E2,2.574375153E1,-9.562500000E0,-1.893750000E1
2.951427220E2,2.505000114E1,-9.337500572E0,-1.882500076E1
2.951627258E2,2.525625038E1,-9.356250763E0,-1.882500076E1
2.951827247E2,2.580000114E1,-8.700000763E0,-1.841250038E1
2.952027201E2,2.591250038E1,-9.187500000E0,-1.863750076E1
2.952227027E2,2.666250038E1,-8.362500191E0,-1.792500114E1
2.952427063E2,2.685000038E1,-8.287500381E0,-1.740000153E1
2.952627169E2,2.626875114E1,-8.381250381E0,-1.728750038E1
2.952827214E2,2.589375114E1,-8.493750572E0,-1.852500153E1
2.953027661E2,2.521875191E1,-8.700000763E0,-1.798125076E1
2.953227624E2,2.523750114E1,-8.943750381E0,-1.891875076E1
2.953427538E2,2.493750191E1,-8.981250763E0,-1.807500076E1
2.953627421E2,2.570625114E1,-8.587500572E0,-1.861875153E1
2.953827396E2,2.568750191E1,-8.212500572E0,-1.809375000E1
2.954027323E2,2.570625114E1,-8.812500000E0,-1.811250114E1
2.954227243E2,2.501250076E1,-8.268750191E0,-1.850625038E1
2.954426820E2,2.456250191E1,-9.131250381E0,-1.880625153E1
2.954626895E2,2.415000153E1,-8.531250000E0,-1.878750038E1
2.954827038E2,2.428125191E1,-9.187500000E0,-1.931250000E1
2.955027119E2,2.394375038E1,-8.493750572E0,-1.929375076E1
2.955227371E2,2.445000076E1,-8.456250191E0,-2.013750076E1
2.955427299E2,2.445000076E1,-8.568750381E0,-1.983750153E1
2.955627307E2,2.345625114E1,-8.343750000E0,-1.970625114E1
2.955827271E2,2.328750038E1,-8.812500000E0,-2.032500076E1
2.956027309E2,2.349375153E1,-8.662500381E0,-2.135625076E1
2.956227284E2,2.379375076E1,-9.225000381E0,-2.023125076E1
2.956427350E2,2.400000000E1,-9.056250572E0,-2.137500000E1
2.956627359E2,2.458125114E1,-9.431250572E0,-2.056875038E1
2.956827319E2,2.358750153E1,-8.662500381E0,-2.126250076E1
2.957027362E2,2.383125114E1,-9.675000191E0,-2.086875153E1
2.957227351E2,2.379375076E1,-9.093750000E0,-2.085000038E1
2.957427306E2,2.401875114E1,-9.675000191E0,-2.118750000E1
2.957627343E2,2.325000000E1,-9.843750000E0,-2.126250076E1
2.957827327E2,2.356875038E1,-1.044375038E1,-2.116875076E1
2.958027273E2,2.334375000E1,-9.543750763E0,-2.137500000E1
2.958227301E2,2.452500153E1,-1.005000019E1,-2.171250153E1
2.958427286E2,2.439375114E1,-9.168750763E0,-2.150625038E1
2.958627236E2,2.469375038E1,-9.300000191E0,-2.120625114E1
2.958827268E2,2.460000038E1,-9.356250763E0,-2.191875076E1
2.959027254E2,2.403750038E1,-9.862500191E0,-2.118750000E1
2.959227203E2,2.347500038E1,-1.059375000E1,-2.199375153E1
2.959427237E2,2.416875076E1,-1.076250076E1,-2.118750000E1
2.959627229E2,2.407500076E1,-1.061250019E1,-2.201250076E1
2.959826967E2,2.456250191E1,-1.085625076E1,-2.152500153E1
2.960027052E2,2.443125153E1,-1.036875057E1,-2.120625114E1
2.960227084E2,2.416875076E1,-1.085625076E1,-2.139375114E1
2.960427185E2,2.338125038E1,-1.053750038E1,-2.116875076E1
2.960627563E2,2.386875153E1,-1.100625038E1,-2.045625114E1
2.960827475E2,2.377500153E1,-1.074375057E1,-2.139375114E1
2.961027464E2,2.409375191E1,-1.138125038E1,-2.088750076E1
2.961227411E2,2.321250153E1,-1.111875057E1,-2.126250076E1
2.961427322E2,2.368125153E1,-1.087500000E1,-2.086875153E1
2.961627311E2,2.433750153E1,-1.005000019E1,-2.150625038E1
2.961827280E2,2.431875038E1,-9.918750763E0,-2.056875038E1
2.962027326E2,2.411250114E1,-9.843750000E0,-1.983750153E1
2.962227321E2,2.458125114E1,-9.300000191E0,-2.098125076E1
2.962427276E2,2.420625114E1,-9.806250572E0,-2.056875038E1
2.962627314E2,2.401875114E1,-9.731250763E0,-2.004375076E1
2.962827422E2,2.401875114E1,-9.900000572E0,-2.066250038E1
2.963027464E2,2.469375038E1,-9.712500572E0,-2.088750076E1
2.963227447E2,2.431875038E1,-9.806250572E0,-2.066250038E1
2.963427392E2,2.488125038E1,-9.543750763E0,-2.038125038E1
2.963627305E2,2.497500038E1,-9.262500763E0,-2.026875114E1
2.963827309E2,2.471250153E1,-9.937500000E0,-2.036250114E1
2.964027278E2,2.392500114E1,-9.937500000E0,-1.993125153E1
2.964227213E2,2.411250114E1,-9.731250763E0,-2.025000000E1
2.964427236E2,2.448750114E1,-9.675000191E0,-1.974375153E1
2.964627218E2,2.583750153E1,-9.000000000E0,-2.019375038E1
2.964827279E2,2.688750076E1,-8.831250191E0,-2.000625038E1
2.965027292E2,2.623125076E1,-8.868750572E0,-2.092500114E1
2.965227159E2,2.518125153E1,-9.656250000E0,-2.038125038E1
2.965427225E2,2.452500153E1,-1.046250057E1,-1.974375153E1
2.965627241E2,2.415000153E1,-1.066875076E1,-2.109375000E1
2.965827210E2,2.356875038E1,-1.044375038E1,-2.128125000E1
2.966027827E2,2.319375038E1,-1.072500038E1,-2.137500000E1
2.966227699E2,2.336250114E1,-1.033125019E1,-2.126250076E1
2.966427539E2,2.396250153E1,-1.050000000E1,-2.221875000E1
2.966627479E2,2.435625076E1,-1.044375038E1,-2.182500076E1
2.966827389E2,2.454375076E1,-1.055625057E1,-2.161875153E1
2.967027280E2,2.358750153E1,-1.048125076E1,-2.242500114E1
2.967227272E2,2.330625153E1,-1.089375019E1,-2.190000153E1
2.967426904E2,2.317500114E1,-1.029375076E1,-2.199375153E1
2.967627021E2,2.398125076E1,-1.068750000E1,-2.242500114E1
2.967827084E2,2.321250153E1,-1.085625076E1,-2.261250114E1
2.968027102E2,2.370000076E1,-1.108125019E1,-2.242500114E1
2.968227418E2,2.291250038E1,-1.076250076E1,-2.240625000E1
2.968427397E2,2.313750076E1,-1.132500076E1,-2.293125153E1
2.968627332E2,2.265000153E1,-1.136250019E1,-2.218125153E1
2.968827348E2,2.355000114E1,-1.185000038E1,-2.274375153E1
2.969027316E2,2.323125076E1,-1.125000000E1,-2.263125038E1
2.969227241E2,2.323125076E1,-1.156875038E1,-2.210625076E1
2.969427269E2,2.323125076E1,-1.156875038E1,-2.231250000E1
2.969627361E2,2.343750000E1,-1.155000019E1,-2.263125038E1
2.969827390E2,2.311875153E1,-1.115625000E1,-2.240625000E1
2.970027369E2,2.351250076E1,-1.130625057E1,-2.190000153E1
2.970227309E2,2.323125076E1,-1.147500038E1,-2.220000076E1
2.970427340E2,2.362500000E1,-1.162500000E1,-2.160000038E1
2.970627324E2,2.285625076E1,-1.194375038E1,-2.231250000E1
2.970827264E2,2.274375153E1,-1.143750000E1,-2.240625000E1
2.971027293E2,2.315625000E1,-1.215000057E1,-2.231250000E1
2.971227274E2,2.304375076E1,-1.143750000E1,-2.261250114E1
2.971427228E2,2.285625076E1,-1.177500057E1,-2.178750038E1
2.971627264E2,2.285625076E1,-1.207500076E1,-2.188125038E1
2.971827247E2,2.302500153E1,-1.149375057E1,-2.178750038E1
2.972027193E2,2.293125153E1,-1.149375057E1,-2.178750038E1
2.972227228E2,2.263125038E1,-1.149375057E1,-2.156250000E1
2.972427217E2,2.218125153E1,-1.215000057E1,-2.176875114E1
2.972627282E2,2.266875076E1,-1.211250019E1,-2.115000153E1
2.972827081E2,2.229375076E1,-1.224375057E1,-2.197500038E1
2.973027093E2,2.161875153E1,-1.273125076E1,-2.165625000E1
2.973227180E2,2.143125153E1,-1.275000095E1,-2.122500038E1
2.973427212E2,2.145000076E1,-1.325625038E1,-2.133750153E1
2.973627759E2,2.139375114E1,-1.228125095E1,-2.081250000E1
2.973827577E2,2.193750000E1,-1.336875057E1,-2.124375153E1
2.974027489E2,2.141250038E1,-1.265625095E1,-2.122500038E1
2.974227372E2,2.113125038E1,-1.288125038E1,-2.060625076E1
2.974427351E2,2.122500038E1,-1.254375076E1,-2.131875038E1
2.974627285E2,2.152500153E1,-1.286250019E1,-2.122500038E1
2.974827208E2,2.118750000E1,-1.186875057E1,-2.122500038E1
2.975026900E2,2.160000038E1,-1.216875076E1,-2.133750153E1
2.975226949E2,2.171250153E1,-1.241250038E1,-2.216250038E1
2.975427073E2,2.199375153E1,-1.226250076E1,-2.145000076E1
2.975627134E2,2.130000114E1,-1.203750038E1,-2.173125076E1
2.975827484E2,2.178750038E1,-1.185000038E1,-2.175000000E1
2.976027488E2,2.150625038E1,-1.198125076E1,-2.278125000E1
2.976227439E2,2.216250038E1,-1.156875038E1,-2.165625000E1
2.976427351E2,2.126250076E1,-1.113750076E1,-2.173125076E1
2.976627353E2,2.195625114E1,-1.115625000E1,-2.195625114E1
2.976827297E2,2.118750000E1,-1.151250076E1,-2.225625038E1
2.977027231E2,2.116875076E1,-1.110000038E1,-2.235000038E1
2.977227250E2,2.109375000E1,-1.179375076E1,-2.225625038E1
2.977427225E2,2.090625000E1,-1.171875000E1,-2.193750000E1
2.977627281E2,2.062500000E1,-1.186875057E1,-2.235000038E1
2.977827284E2,2.062500000E1,-1.186875057E1,-2.244375038E1
2.978027251E2,2.030625153E1,-1.147500038E1,-2.212500000E1
2.978227296E2,2.090625000E1,-1.170000076E1,-2.203125000E1
2.978427287E2,2.079375076E1,-1.141875076E1,-2.182500076E1
2.978627239E2,2.070000076E1,-1.149375057E1,-2.203125000E1
2.978827274E2,2.098125076E1,-1.134375000E1,-2.131875038E1
2.979027251E2,2.038125038E1,-1.110000038E1,-2.191875076E1
2.979227320E2,2.098125076E1,-1.119375038E1,-2.235000038E1
2.979427330E2,2.098125076E1,-1.119375038E1,-2.244375038E1
2.979627294E2,2.049375153E1,-1.141875076E1,-2.171250153E1
2.979827339E2,2.081250000E1,-1.168125057E1,-2.255625153E1
2.980027332E2,2.040000153E1,-1.140000057E1,-2.201250076E1
2.980227288E2,2.068125153E1,-1.106250000E1,-2.276250076E1
2.980427000E2,2.040000153E1,-1.140000057E1,-2.201250076E1
2.980627059E2,2.049375153E1,-1.121250057E1,-2.171250153E1
2.980827075E2,2.056875038E1,-1.091250038E1,-2.180625153E1
2.981027163E2,2.038125038E1,-1.123125076E1,-2.139375114E1
2.981227649E2,2.051250076E1,-1.181250000E1,-2.161875153E1
2.981427531E2,2.062500000E1,-1.188750076E1,-2.203125000E1
2.981627494E2,2.043750000E1,-1.230000019E1,-2.191875076E1
2.981827418E2,2.040000153E1,-1.160625076E1,-2.191875076E1
2.982027429E2,2.051250076E1,-1.183125019E1,-2.150625038E1
2.982227388E2,2.079375076E1,-1.171875000E1,-2.161875153E1
2.982427322E2,2.090625000E1,-1.179375076E1,-2.214375114E1
2.982627455E2,2.070000076E1,-1.158750057E1,-2.235000038E1
2.982827405E2,2.126250076E1,-1.138125038E1,-2.100000000E1
2.983027324E2,2.105625153E1,-1.104375076E1,-2.161875153E1
2.983227334E2,2.105625153E1,-1.085625076E1,-2.141250038E1
2.983427532E2,2.128125000E1,-1.140000057E1,-2.225625038E1
2.983627530E2,2.070000076E1,-1.173750019E1,-2.141250038E1
2.983827481E2,2.028750038E1,-1.123125076E1,-2.150625038E1
2.984027398E2,2.088750076E1,-1.166250038E1,-2.120625114E1
2.984227294E2,2.038125038E1,-1.104375076E1,-2.118750000E1
2.984427277E2,2.049375153E1,-1.143750000E1,-2.118750000E1
2.984627239E2,2.075625038E1,-1.076250076E1,-2.109375000E1
2.984827284E2,2.113125038E1,-1.046250057E1,-2.152500153E1
2.985027281E2,2.062500000E1,-1.029375076E1,-2.045625114E1
2.985227241E2,2.131875038E1,-1.048125076E1,-2.111250114E1
2.985427281E2,2.036250114E1,-1.055625057E1,-2.107500076E1
2.985627280E2,2.066250038E1,-1.076250076E1,-2.098125076E1
2.985827251E2,2.017500114E1,-1.095000076E1,-2.107500076E1
2.986027285E2,2.077500153E1,-1.117500019E1,-2.077500153E1
2.986227273E2,2.036250114E1,-1.055625057E1,-2.107500076E1
2.986427222E2,2.055000114E1,-1.055625057E1,-2.109375000E1
2.986627824E2,2.043750000E1,-1.036875057E1,-2.098125076E1
2.986827683E2,2.101875114E1,-1.010625076E1,-2.077500153E1
2.987027515E2,2.071875000E1,-9.993750572E0,-2.056875038E1
2.987227448E2,2.030625153E1,-9.506250381E0,-2.034375000E1
2.987427356E2,2.025000000E1,-1.027500057E1,-2.066250038E1
2.987627342E2,2.021250153E1,-9.675000191E0,-2.064375114E1
2.987827310E2,2.041875076E1,-9.693750381E0,-2.066250038E1
2.988026924E2,2.051250076E1,-9.693750381E0,-2.075625038E1
2.988227027E2,2.013750076E1,-9.975000381E0,-2.075625038E1
2.988427076E2,2.034375000E1,-1.005000019E1,-2.128125000E1
2.988627083E2,2.071875000E1,-9.768750191E0,-2.130000114E1
2.988827507E2,1.998750114E1,-9.000000000E0,-2.043750000E1
2.989027456E2,2.077500153E1,-9.093750000E0,-2.098125076E1
2.989227364E2,2.115000153E1,-8.850000381E0,-2.025000000E1
2.989427359E2,2.077500153E1,-9.206250191E0,-2.077500153E1
2.989627311E2,2.056875038E1,-8.756250381E0,-2.160000038E1
2.989827334E2,2.118750000E1,-9.618750572E0,-2.047500038E1
2.990027215E2,2.107500076E1,-9.112500191E0,-2.077500153E1
2.990227307E2,2.120625114E1,-9.768750191E0,-2.130000114E1
2.990427336E2,2.079375076E1,-9.281250000E0,-2.107500076E1
2.990627318E2,2.145000076E1,-9.000000000E0,-2.100000000E1
2.990827262E2,2.066250038E1,-8.925000191E0,-2.045625114E1
2.991027408E2,2.175000000E1,-8.831250191E0,-2.090625000E1
2.991227367E2,2.145000076E1,-8.925000191E0,-2.068125153E1
2.991427290E2,2.193750000E1,-8.962500572E0,-2.049375153E1
2.991627302E2,2.137500000E1,-9.337500572E0,-2.038125038E1
2.991827271E2,2.205000114E1,-9.262500763E0,-2.040000153E1
2.992027323E2,2.120625114E1,-9.787500381E0,-2.109375000E1
2.992227326E2,2.160000038E1,-1.014375019E1,-2.038125038E1
2.992427283E2,2.139375114E1,-9.693750381E0,-2.100000000E1
2.992627322E2,2.214375114E1,-9.206250191E0,-2.122500038E1
2.992827311E2,2.188125038E1,-9.806250572E0,-2.101875114E1
2.993027262E2,2.246250153E1,-9.656250000E0,-2.051250076E1
2.993227186E2,2.176875114E1,-9.881250381E0,-1.987500000E1
2.993427103E2,2.167500114E1,-9.843750000E0,-2.028750038E1
2.993627099E2,2.160000038E1,-1.012500000E1,-2.049375153E1
2.993827174E2,2.180625153E1,-1.055625057E1,-2.008125114E1
2.994027193E2,2.122500038E1,-1.040625000E1,-2.079375076E1
2.994227734E2,2.220000076E1,-1.059375000E1,-1.957500076E1
2.994427660E2,2.131875038E1,-1.050000000E1,-2.090625000E1
2.994627543E2,2.221875000E1,-1.111875057E1,-2.083125114E1
2.994827514E2,2.238750076E1,-1.044375038E1,-2.062500000E1
2.995027448E2,2.296875000E1,-1.040625000E1,-2.000625038E1
2.995227337E2,2.220000076E1,-1.063125038E1,-2.071875000E1
2.995427343E2,2.289375114E1,-1.085625076E1,-2.073750114E1
2.995626872E2,2.195625114E1,-1.138125038E1,-2.124375153E1
2.995826908E2,2.242500114E1,-1.091250038E1,-2.115000153E1
2.996027025E2,2.154375076E1,-1.098750019E1,-2.122500038E1
2.996227083E2,2.281875038E1,-1.089375019E1,-2.156250000E1
2.996427434E2,2.212500000E1,-1.055625057E1,-2.206875038E1
2.996627330E2,2.203125000E1,-1.063125038E1,-2.248125076E1
2.996827307E2,2.154375076E1,-1.095000076E1,-2.184375000E1
2.997027245E2,2.131875038E1,-1.025625038E1,-2.173125076E1
2.997227268E2,2.212500000E1,-1.076250076E1,-2.175000000E1
2.997427232E2,2.116875076E1,-1.123125076E1,-2.184375000E1
2.997627294E2,2.088750076E1,-1.119375038E1,-2.223750114E1
2.997827298E2,2.086875153E1,-1.110000038E1,-2.223750114E1
2.998027259E2,2.163750076E1,-1.083750057E1,-2.216250038E1
2.998227300E2,2.068125153E1,-1.100625038E1,-2.212500000E1
2.998427289E2,2.105625153E1,-1.068750000E1,-2.265000153E1
2.998627357E2,2.105625153E1,-1.070625019E1,-2.235000038E1
2.998827367E2,2.175000000E1,-1.072500038E1,-2.246250153E1
2.999027331E2,2.133750153E1,-1.040625000E1,-2.235000038E1
2.999227260E2,2.115000153E1,-1.038750076E1,-2.265000153E1
2.999427278E2,2.088750076E1,-1.119375038E1,-2.223750114E1
2.999627247E2,2.086875153E1,-1.053750038E1,-2.326875114E1
2.999827190E2,2.086875153E1,-1.046250057E1,-2.306250000E1
3.000027218E2,2.116875076E1,-1.098750019E1,-2.246250153E1
3.000227202E2,2.135625076E1,-1.055625057E1,-2.319375038E1
3.000427262E2,2.165625000E1,-1.066875076E1,-2.330625153E1
3.000627271E2,2.122500038E1,-9.975000381E0,-2.296875000E1
3.000827351E2,2.111250114E1,-9.806250572E0,-2.255625153E1
3.001027158E2,2.075625038E1,-1.044375038E1,-2.306250000E1
3.001227178E2,2.113125038E1,-1.018125057E1,-2.296875000E1
3.001427156E2,2.085000038E1,-1.048125076E1,-2.276250076E1
3.001627215E2,2.073750114E1,-1.020000076E1,-2.223750114E1
3.001827674E2,2.163750076E1,-1.051875019E1,-2.246250153E1
3.002027646E2,2.180625153E1,-1.001250076E1,-2.257500076E1
3.002227570E2,2.103750038E1,-1.006875038E1,-2.306250000E1
3.002427459E2,2.257500076E1,-9.300000191E0,-2.341875076E1
3.002627441E2,2.139375114E1,-9.393750191E0,-2.287500000E1
3.002827370E2,2.197500038E1,-9.562500000E0,-2.195625114E1
3.003027292E2,2.133750153E1,-1.003125000E1,-2.390625000E1
3.003227419E2,2.220000076E1,-9.712500572E0,-2.300625038E1
3.003427365E2,2.101875114E1,-9.675000191E0,-2.296875000E1
3.003627283E2,2.190000153E1,-9.375000000E0,-2.360625076E1
3.003827293E2,2.150625038E1,-9.356250763E0,-2.360625076E1
3.004027492E2,2.246250153E1,-9.206250191E0,-2.341875076E1
3.004227380E2,2.148750114E1,-9.112500191E0,-2.266875076E1
3.004427358E2,2.205000114E1,-8.625000000E0,-2.278125000E1
3.004627302E2,2.158125114E1,-8.962500572E0,-2.349375153E1
3.004827331E2,2.139375114E1,-9.375000000E0,-2.308125114E1
3.005027304E2,2.113125038E1,-9.843750000E0,-2.349375153E1
3.005227258E2,2.111250114E1,-9.356250763E0,-2.338125038E1
3.005427294E2,2.161875153E1,-9.656250000E0,-2.360625076E1
3.005627284E2,2.118750000E1,-8.831250191E0,-2.400000000E1
3.005827235E2,2.176875114E1,-8.962500572E0,-2.360625076E1
3.006027272E2,2.130000114E1,-8.943750381E0,-2.379375076E1
3.006227266E2,2.158125114E1,-9.056250572E0,-2.360625076E1
3.006427232E2,2.073750114E1,-9.525000572E0,-2.356875038E1
3.006627264E2,2.152500153E1,-9.937500000E0,-2.370000076E1
3.006827248E2,2.066250038E1,-9.993750572E0,-2.420625114E1
3.007027310E2,2.139375114E1,-9.243750572E0,-2.390625000E1
3.007227883E2,2.073750114E1,-9.618750572E0,-2.368125153E1
3.007427718E2,2.160000038E1,-9.468750000E0,-2.328750038E1
3.007627643E2,2.092500114E1,-9.543750763E0,-2.358750153E1
3.007827534E2,2.176875114E1,-8.887500763E0,-2.340000153E1
3.008027407E2,2.043750000E1,-9.750000000E0,-2.304375076E1
3.008227381E2,2.133750153E1,-9.956250191E0,-2.338125038E1
3.008427327E2,2.015625000E1,-9.806250572E0,-2.377500153E1
3.008627035E2,2.094375038E1,-9.825000763E0,-2.379375076E1
3.008827096E2,2.047500038E1,-1.020000076E1,-2.388750076E1
3.009027116E2,2.122500038E1,-9.956250191E0,-2.349375153E1
3.009227098E2,2.101875114E1,-9.562500000E0,-2.317500114E1
3.009427613E2,2.141250038E1,-9.337500572E0,-2.401875114E1
3.009627523E2,2.013750076E1,-9.562500000E0,-2.283750153E1
3.009827514E2,2.081250000E1,-9.281250000E0,-2.285625076E1
3.010027457E2,2.066250038E1,-1.033125019E1,-2.347500038E1
3.010227368E2,2.053125000E1,-9.506250381E0,-2.377500153E1
3.010427357E2,2.026875114E1,-1.001250076E1,-2.345625114E1
3.010627323E2,2.090625000E1,-9.243750572E0,-2.338125038E1
3.010827370E2,2.064375114E1,-1.003125000E1,-2.347500038E1
3.011027366E2,2.081250000E1,-9.037500381E0,-2.368125153E1
3.011227325E2,2.023125076E1,-9.225000381E0,-2.355000114E1
3.011427250E2,2.107500076E1,-8.775000572E0,-2.315625000E1
3.011627384E2,2.025000000E1,-9.787500381E0,-2.407500076E1
3.011827336E2,2.167500114E1,-9.450000763E0,-2.193750000E1
3.012027368E2,2.062500000E1,-9.112500191E0,-2.398125076E1
3.012227354E2,2.088750076E1,-8.850000381E0,-2.336250114E1
3.012427298E2,1.972500038E1,-9.037500381E0,-2.311875153E1
3.012627317E2,1.998750114E1,-8.325000763E0,-2.343750000E1
3.012827195E2,2.058750153E1,-8.756250381E0,-2.336250114E1
3.013027172E2,2.036250114E1,-7.931250095E0,-2.355000114E1
3.013227227E2,2.047500038E1,-8.137500763E0,-2.366250038E1
3.013427234E2,2.008125114E1,-8.025000572E0,-2.364375114E1
3.013627202E2,2.066250038E1,-7.725000381E0,-2.407500076E1
3.013827139E2,2.019375038E1,-8.287500381E0,-2.437500191E1
3.014027065E2,2.056875038E1,-7.800000191E0,-2.418750191E1
3.014227069E2,2.019375038E1,-8.381250381E0,-2.437500191E1
3.014427149E2,2.150625038E1,-7.050000191E0,-2.420625114E1
3.014627171E2,2.077500153E1,-8.006250381E0,-2.430000114E1
3.014827714E2,2.101875114E1,-7.162500381E0,-2.356875038E1
3.015027642E2,2.030625153E1,-8.362500191E0,-2.469375038E1
3.015227525E2,2.096250153E1,-8.025000572E0,-2.418750191E1
3.015427496E2,2.060625076E1,-8.887500763E0,-2.439375114E1
3.015627430E2,2.028750038E1,-8.418750763E0,-2.366250038E1
3.015827336E2,2.040000153E1,-8.456250191E0,-2.480625153E1
3.016027337E2,2.100000000E1,-8.587500572E0,-2.471250153E1
3.016226975E2,2.120625114E1,-8.756250381E0,-2.514375114E1
3.016426980E2,2.098125076E1,-8.212500572E0,-2.441250038E1
3.016627067E2,2.103750038E1,-9.712500572E0,-2.411250114E1
3.016827104E2,2.131875038E1,-9.300000191E0,-2.431875038E1
3.017027437E2,2.043750000E1,-9.637500763E0,-2.325000000E1
3.017227432E2,2.109375000E1,-9.000000000E0,-2.253750038E1
3.017427375E2,2.100000000E1,-9.187500000E0,-2.285625076E1
3.017627398E2,2.128125000E1,-8.793750763E0,-2.285625076E1
3.017827372E2,2.100000000E1,-9.637500763E0,-2.203125000E1
3.018027294E2,2.156250000E1,-8.643750191E0,-2.223750114E1
3.018227209E2,2.169375038E1,-9.412500381E0,-2.255625153E1
3.018427327E2,2.148750114E1,-9.318750381E0,-2.235000038E1
3.018627267E2,2.139375114E1,-9.656250000E0,-2.182500076E1
3.018827292E2,2.180625153E1,-1.025625038E1,-2.184375000E1
3.019027271E2,2.199375153E1,-9.975000381E0,-2.184375000E1
3.019227331E2,2.253750038E1,-8.981250763E0,-2.206875038E1
3.019427338E2,2.246250153E1,-9.693750381E0,-2.175000000E1
3.019627297E2,2.293125153E1,-9.318750381E0,-2.145000076E1
3.019827338E2,2.227500153E1,-9.881250381E0,-2.175000000E1
3.020027330E2,2.295000076E1,-9.506250381E0,-2.176875114E1
3.020227269E2,2.280000114E1,-1.044375038E1,-2.270625114E1
3.020427196E2,2.296875000E1,-1.006875038E1,-2.229375076E1
3.020627212E2,2.291250038E1,-1.108125019E1,-2.188125038E1
3.020827187E2,2.323125076E1,-9.393750191E0,-2.199375153E1
3.021027242E2,2.268750000E1,-1.038750076E1,-2.188125038E1
3.021227245E2,2.345625114E1,-1.021875000E1,-2.158125114E1
3.021427207E2,2.355000114E1,-9.937500000E0,-2.148750114E1
3.021627041E2,2.300625038E1,-1.098750019E1,-2.188125038E1
3.021827081E2,2.484375191E1,-1.070625019E1,-2.079375076E1
3.022027193E2,2.300625038E1,-1.070625019E1,-2.167500114E1
3.022227241E2,2.379375076E1,-1.078125000E1,-2.233125114E1
3.022427689E2,2.349375153E1,-1.072500038E1,-2.158125114E1
3.022627653E2,2.435625076E1,-1.042500019E1,-2.191875076E1
3.022827568E2,2.377500153E1,-1.085625076E1,-2.128125000E1
3.023027453E2,2.356875038E1,-1.046250057E1,-2.107500076E1
3.023227429E2,2.351250076E1,-1.119375038E1,-2.201250076E1
3.023427358E2,2.388750076E1,-1.070625019E1,-2.212500000E1
3.023627277E2,2.332500076E1,-1.115625000E1,-2.242500114E1
3.023826851E2,2.368125153E1,-1.080000019E1,-2.201250076E1
3.024026923E2,2.370000076E1,-1.104375076E1,-2.139375114E1
3.024226952E2,2.413125038E1,-1.005000019E1,-2.171250153E1
3.024427057E2,2.394375038E1,-1.003125000E1,-2.180625153E1
3.024627333E2,2.452500153E1,-9.862500191E0,-2.171250153E1
3.024827393E2,2.385000038E1,-1.023750019E1,-2.160000038E1
3.025027390E2,2.381250000E1,-9.562500000E0,-2.116875076E1
3.025227340E2,2.424375153E1,-1.020000076E1,-2.233125114E1
3.025427368E2,2.450625038E1,-9.562500000E0,-2.171250153E1
3.025627334E2,2.431875038E1,-9.881250381E0,-2.130000114E1
3.025827393E2,2.420625114E1,-9.150000572E0,-2.160000038E1
3.026027396E2,2.490000153E1,-9.750000000E0,-2.193750000E1
3.026227356E2,2.437500191E1,-8.887500763E0,-2.118750000E1
3.026427278E2,2.482500076E1,-1.008750057E1,-2.131875038E1
3.026627291E2,2.448750114E1,-9.075000763E0,-2.160000038E1
3.026827267E2,2.452500153E1,-9.731250763E0,-2.212500000E1
3.027027321E2,2.458125114E1,-9.168750763E0,-2.171250153E1
3.027227322E2,2.473125076E1,-1.014375019E1,-2.193750000E1
3.027427280E2,2.478750038E1,-9.075000763E0,-2.171250153E1
3.027627321E2,2.546250153E1,-9.225000381E0,-2.101875114E1
3.027827310E2,2.508750153E1,-9.375000000E0,-2.173125076E1
3.028027266E2,2.518125153E1,-9.356250763E0,-2.214375114E1
3.028227300E2,2.450625038E1,-9.243750572E0,-2.203125000E1
3.028427287E2,2.512500191E1,-1.018125057E1,-2.163750076E1
3.028627237E2,2.491875076E1,-9.731250763E0,-2.244375038E1
3.028827271E2,2.475000191E1,-1.031250000E1,-2.244375038E1
3.029027260E2,2.527500153E1,-9.375000000E0,-2.193750000E1
3.029226999E2,2.480625153E1,-9.787500381E0,-2.130000114E1
3.029427081E2,2.461875153E1,-9.862500191E0,-2.150625038E1
3.029627112E2,2.501250076E1,-1.018125057E1,-2.152500153E1
3.029827212E2,2.426250076E1,-1.078125000E1,-2.109375000E1
3.030027590E2,2.443125153E1,-1.029375076E1,-2.077500153E1
3.030227501E2,2.448750114E1,-1.128750038E1,-2.255625153E1
3.030427491E2,2.439375114E1,-1.156875038E1,-2.109375000E1
3.030627436E2,2.465625191E1,-1.108125019E1,-2.100000000E1
3.030827348E2,2.505000114E1,-1.078125000E1,-2.131875038E1
3.031027344E2,2.465625191E1,-1.098750019E1,-2.100000000E1
3.031227311E2,2.435625076E1,-1.087500000E1,-2.120625114E1
3.031427356E2,2.458125114E1,-1.151250076E1,-2.058750153E1
3.031627349E2,2.398125076E1,-1.108125019E1,-2.077500153E1
3.031827306E2,2.516250038E1,-1.145625019E1,-1.998750114E1
3.032027230E2,2.426250076E1,-1.123125076E1,-2.015625000E1
3.032227362E2,2.454375076E1,-1.065000057E1,-2.006250000E1
3.032427424E2,2.482500076E1,-1.042500019E1,-2.047500038E1
3.032627430E2,2.531250191E1,-1.070625019E1,-1.946250153E1
3.032827389E2,2.501250076E1,-1.001250076E1,-2.090625000E1
3.033027314E2,2.463750076E1,-1.087500000E1,-1.965000153E1
3.033227324E2,2.491875076E1,-1.066875076E1,-1.996875000E1
3.033427301E2,2.493750191E1,-1.102500057E1,-2.038125038E1
3.033627240E2,2.503125191E1,-1.066875076E1,-1.987500000E1
3.033827267E2,2.544375038E1,-1.113750076E1,-2.060625076E1
3.034027251E2,2.570625114E1,-1.048125076E1,-2.010000038E1
3.034227197E2,2.538750076E1,-1.021875000E1,-1.935000038E1
3.034427236E2,2.598750114E1,-1.038750076E1,-1.998750114E1
3.034627129E2,2.521875191E1,-1.048125076E1,-1.996875000E1
3.034827214E2,2.520000076E1,-1.048125076E1,-1.966875076E1
3.035027244E2,2.563125038E1,-1.110000038E1,-1.966875076E1
3.035227226E2,2.542500114E1,-1.106250000E1,-2.008125114E1
3.035427850E2,2.555625153E1,-1.155000019E1,-2.030625153E1
3.035627726E2,2.550000191E1,-1.050000000E1,-1.978125000E1
3.035827568E2,2.630625153E1,-1.100625038E1,-2.000625038E1
3.036027508E2,2.598750114E1,-1.042500019E1,-1.957500076E1
3.036227419E2,2.602500153E1,-1.143750000E1,-1.906875038E1
3.036427309E2,2.581875038E1,-1.128750038E1,-1.989375114E1
3.036627190E2,2.544375038E1,-1.149375057E1,-1.966875076E1
3.036826849E2,2.563125038E1,-1.140000057E1,-1.948125076E1
3.037026876E2,2.557500076E1,-1.207500076E1,-1.989375114E1
3.037226984E2,2.602500153E1,-1.140000057E1,-1.980000114E1
3.037427039E2,2.553750038E1,-1.173750019E1,-1.895625114E1
3.037627386E2,2.611875153E1,-1.141875076E1,-1.938750076E1
3.037827393E2,2.593125153E1,-1.162500000E1,-1.918125153E1
3.038027346E2,2.574375153E1,-1.192500019E1,-1.906875038E1
3.038227374E2,2.525625038E1,-1.173750019E1,-1.852500153E1
3.038427349E2,2.576250076E1,-1.218750095E1,-1.959375000E1
3.038627275E2,2.566875076E1,-1.207500076E1,-1.978125000E1
3.038827305E2,2.583750153E1,-1.149375057E1,-1.989375114E1
3.039027284E2,2.583750153E1,-1.194375038E1,-1.875000000E1
3.039227226E2,2.544375038E1,-1.138125038E1,-1.978125000E1
3.039427254E2,2.581875038E1,-1.136250019E1,-1.865625000E1
3.039627236E2,2.551875114E1,-1.113750076E1,-1.895625114E1
3.039827301E2,2.514375114E1,-1.132500076E1,-1.893750000E1
3.040027198E2,2.544375038E1,-1.173750019E1,-1.875000000E1
3.040227185E2,2.525625038E1,-1.205625057E1,-1.843125153E1
3.040427249E2,2.484375191E1,-1.125000000E1,-1.841250038E1
3.040627261E2,2.505000114E1,-1.186875057E1,-1.790625000E1
3.040827221E2,2.540625191E1,-1.117500019E1,-1.811250114E1
3.041027273E2,2.563125038E1,-1.155000019E1,-1.863750076E1
3.041227269E2,2.538750076E1,-1.066875076E1,-1.831875038E1
3.041427226E2,2.559375191E1,-1.089375019E1,-1.790625000E1
3.041627265E2,2.461875153E1,-1.095000076E1,-1.818750000E1
3.041827254E2,2.628750038E1,-1.160625076E1,-1.636875153E1
3.042027209E2,2.490000153E1,-1.072500038E1,-1.706250000E1
3.042227031E2,2.548125076E1,-1.065000057E1,-1.717500114E1
3.042427066E2,2.548125076E1,-1.065000057E1,-1.717500114E1
3.042627172E2,2.606250191E1,-1.065000057E1,-1.740000153E1
3.042827217E2,2.595000076E1,-1.036875057E1,-1.687500000E1
3.043027661E2,2.643750191E1,-1.020000076E1,-1.668750000E1
3.043227625E2,2.641875076E1,-1.035000038E1,-1.584375095E1
3.043427537E2,2.593125153E1,-1.021875000E1,-1.625625038E1
3.043627420E2,2.565000153E1,-1.040625000E1,-1.603125000E1
3.043827398E2,2.602500153E1,-1.003125000E1,-1.605000114E1
3.044027324E2,2.679375076E1,-9.862500191E0,-1.586250019E1
3.044227357E2,2.707500076E1,-9.487500191E0,-1.576875019E1
3.044426907E2,2.698125076E1,-9.675000191E0,-1.597500038E1
3.044626956E2,2.677500153E1,-9.712500572E0,-1.513125038E1
3.044827079E2,2.716875076E1,-9.581250191E0,-1.586250019E1
3.045027143E2,2.728125191E1,-1.001250076E1,-1.535625076E1
3.045227384E2,2.754375076E1,-9.412500381E0,-1.556250095E1
3.045427417E2,2.784375191E1,-9.506250381E0,-1.578750038E1
3.045627391E2,2.797500038E1,-1.006875038E1,-1.631250000E1
3.045827325E2,2.958750153E1,-9.300000191E0,-1.511250019E1
3.046027342E2,2.863125038E1,-9.525000572E0,-1.580625057E1
3.046227300E2,2.878125191E1,-8.662500381E0,-1.548750019E1
3.046427354E2,2.951250076E1,-9.656250000E0,-1.573125076E1
3.046627355E2,2.863125038E1,-9.525000572E0,-1.601250076E1
3.046827312E2,2.943750191E1,-1.014375019E1,-1.584375095E1
3.047027239E2,2.904375076E1,-1.005000019E1,-1.571250057E1
3.047227253E2,2.947500038E1,-1.102500057E1,-1.605000114E1
3.047427231E2,2.906250191E1,-1.042500019E1,-1.582500076E1
3.047627184E2,2.986875153E1,-1.104375076E1,-1.606875038E1
3.047827210E2,2.996250153E1,-1.093125057E1,-1.636875153E1
3.048027193E2,3.016875076E1,-1.158750057E1,-1.524375057E1
3.048227251E2,3.026250076E1,-1.160625076E1,-1.503750038E1
3.048427256E2,3.069375038E1,-1.218750095E1,-1.546875095E1
3.048627226E2,2.994375038E1,-1.286250019E1,-1.535625076E1
3.048827269E2,3.061875153E1,-1.295625019E1,-1.588125038E1
3.049027263E2,3.033750153E1,-1.305000019E1,-1.576875019E1
3.049227217E2,3.045000076E1,-1.357500076E1,-1.546875095E1
3.049427253E2,3.054375076E1,-1.325625038E1,-1.567500019E1
3.049627245E2,3.135000038E1,-1.398750019E1,-1.560000038E1
3.049826985E2,3.114375114E1,-1.366875076E1,-1.580625057E1
3.050027066E2,3.086250114E1,-1.421250057E1,-1.486875057E1
3.050227096E2,3.078750038E1,-1.468125057E1,-1.528125095E1
3.050427192E2,3.080625153E1,-1.488750076E1,-1.498125076E1
3.050627570E2,3.041250038E1,-1.475625038E1,-1.548750019E1
3.050827479E2,3.043125153E1,-1.539375019E1,-1.455000019E1
3.051027469E2,3.103125191E1,-1.601250076E1,-1.468125057E1
3.051227413E2,3.073125076E1,-1.580625057E1,-1.466250038E1
3.051427323E2,3.061875153E1,-1.552500057E1,-1.434375095E1
3.051627310E2,3.140625191E1,-1.576875019E1,-1.385625076E1
3.051827277E2,3.170625114E1,-1.648125076E1,-1.209375095E1
3.052026779E2,3.063750076E1,-1.597500038E1,-1.331250095E1
3.052226903E2,3.084375191E1,-1.655625153E1,-1.353750038E1
3.052426971E2,3.076875114E1,-1.663125038E1,-1.404375076E1
3.052627104E2,3.078750038E1,-1.713750076E1,-1.383750057E1
3.052827401E2,3.018750191E1,-1.706250000E1,-1.310625076E1
3.053027362E2,3.063750076E1,-1.638750076E1,-1.310625076E1
3.053227394E2,3.114375114E1,-1.691250038E1,-1.282500076E1
3.053427371E2,3.095625114E1,-1.668750000E1,-1.301250076E1
3.053627307E2,3.093750191E1,-1.663125038E1,-1.239375019E1
3.053827329E2,3.054375076E1,-1.633125114E1,-1.237500095E1
3.054027306E2,2.938125038E1,-1.646250153E1,-1.265625095E1
3.054227242E2,3.037500191E1,-1.700625038E1,-1.237500095E1
3.054427265E2,2.917500114E1,-1.627500153E1,-1.245000076E1
3.054627243E2,2.975625038E1,-1.653750038E1,-1.173750019E1
3.054827300E2,2.953125191E1,-1.593750095E1,-1.151250076E1
3.055027307E2,2.964375114E1,-1.635000038E1,-1.151250076E1
3.055227172E2,2.902500153E1,-1.541250038E1,-1.190625000E1
3.055427236E2,2.962500191E1,-1.567500019E1,-1.121250057E1
3.055627248E2,2.880000114E1,-1.477500057E1,-1.065000057E1
3.055827218E2,2.889375114E1,-1.479375076E1,-1.055625057E1
3.056027831E2,2.859375191E1,-1.466250038E1,-1.085625076E1
3.056227699E2,2.883750153E1,-1.567500019E1,-1.055625057E1
3.056427537E2,2.859375191E1,-1.456875038E1,-1.095000076E1
3.056627478E2,2.898750114E1,-1.505625057E1,-9.412500381E0
3.056827388E2,2.848125076E1,-1.421250057E1,-1.012500000E1
3.057027378E2,2.934375191E1,-1.406250095E1,-9.825000763E0
3.057227347E2,2.911875153E1,-1.329375076E1,-1.085625076E1
3.057426960E2,2.938125038E1,-1.291875076E1,-9.000000000E0
3.057627059E2,2.956875038E1,-1.237500095E1,-9.825000763E0
3.057827110E2,2.968125153E1,-1.291875076E1,-9.112500191E0
3.058027114E2,2.949375153E1,-1.288125038E1,-9.525000572E0
3.058227424E2,2.986875153E1,-1.303125095E1,-8.906250000E0
3.058427397E2,2.964375114E1,-1.190625000E1,-9.300000191E0
3.058627327E2,2.986875153E1,-1.282500076E1,-9.112500191E0
3.058827341E2,3.022500038E1,-1.171875000E1,-9.731250763E0
3.059027310E2,3.031875038E1,-1.213125038E1,-9.225000381E0
3.059227235E2,3.069375038E1,-1.162500000E1,-9.862500191E0
3.059427262E2,3.097500038E1,-1.126875019E1,-9.337500572E0
3.059627242E2,3.114375114E1,-1.076250076E1,-9.450000763E0
3.059827299E2,3.165000153E1,-1.126875019E1,-9.468750000E0
3.060027302E2,3.106875038E1,-1.104375076E1,-9.862500191E0
3.060227264E2,3.172500038E1,-1.083750057E1,-8.531250000E0
3.060427308E2,3.176250076E1,-1.140000057E1,-9.150000572E0
3.060627305E2,3.243750000E1,-1.130625057E1,-9.281250000E0
3.060827257E2,3.225000000E1,-1.134375000E1,-1.021875000E1
3.061027292E2,3.236250305E1,-1.156875038E1,-1.001250076E1
3.061227278E2,3.262500000E1,-1.098750019E1,-9.693750381E0
3.061427216E2,3.320625305E1,-1.111875057E1,-9.712500572E0
3.061627254E2,3.313125229E1,-1.156875038E1,-1.044375038E1
3.061827241E2,3.333750153E1,-1.160625076E1,-9.937500000E0
3.062027191E2,3.320625305E1,-1.111875057E1,-9.618750572E0
3.062227225E2,3.391875076E1,-1.162500000E1,-9.750000000E0
3.062427215E2,3.373125076E1,-1.171875000E1,-9.637500763E0
3.062627285E2,3.286875153E1,-1.207500076E1,-1.012500000E1
3.062827081E2,3.354375076E1,-1.218750095E1,-1.005000019E1
3.063027093E2,3.335625076E1,-1.203750038E1,-1.096875000E1
3.063227179E2,3.367500305E1,-1.243125057E1,-1.098750019E1
3.063427211E2,3.365625000E1,-1.192500019E1,-1.119375038E1
3.063627646E2,3.406875229E1,-1.252500057E1,-1.141875076E1
3.063827602E2,3.373125076E1,-1.155000019E1,-1.098750019E1
3.064027512E2,3.405000305E1,-1.248750019E1,-1.036875057E1
3.064227394E2,3.375000000E1,-1.183125019E1,-1.140000057E1
3.064427369E2,3.433125305E1,-1.205625057E1,-1.110000038E1
3.064627294E2,3.384375000E1,-1.183125019E1,-1.119375038E1
3.064827217E2,3.444375229E1,-1.230000019E1,-1.038750076E1
3.065026796E2,3.393750000E1,-1.166250038E1,-1.098750019E1
3.065226868E2,3.442500305E1,-1.207500076E1,-1.080000019E1
3.065427011E2,3.414375305E1,-1.224375057E1,-1.130625057E1
3.065627091E2,3.446250153E1,-1.256250095E1,-1.100625038E1
3.065827344E2,3.412500000E1,-1.177500057E1,-1.078125000E1
3.066027386E2,3.425625229E1,-1.267500019E1,-1.048125076E1
3.066227368E2,3.423750305E1,-1.215000057E1,-1.100625038E1
3.066427307E2,3.444375229E1,-1.239375019E1,-1.038750076E1
3.066627327E2,3.450000000E1,-1.141875076E1,-1.027500057E1
3.066827285E2,3.461250305E1,-1.201875019E1,-1.006875038E1
3.067027343E2,3.431250000E1,-1.170000076E1,-1.036875057E1
3.067227341E2,3.468750000E1,-1.166250038E1,-9.562500000E0
3.067427298E2,3.459375000E1,-1.147500038E1,-9.337500572E0
3.067627335E2,3.444375229E1,-1.265625095E1,-9.243750572E0
3.067827323E2,3.440625000E1,-1.183125019E1,-9.862500191E0
3.068027387E2,3.481875229E1,-1.228125095E1,-9.150000572E0
3.068227296E2,3.451875305E1,-1.194375038E1,-9.562500000E0
3.068427279E2,3.483750153E1,-1.241250038E1,-1.029375076E1
3.068627229E2,3.433125305E1,-1.201875019E1,-1.006875038E1
3.068827262E2,3.525000000E1,-1.290000057E1,-1.061250019E1
3.069027240E2,3.444375229E1,-1.239375019E1,-1.048125076E1
3.069227195E2,3.495000076E1,-1.295625019E1,-9.581250191E0
3.069427233E2,3.442500305E1,-1.190625000E1,-1.018125057E1
3.069627223E2,3.481875229E1,-1.224375057E1,-9.881250381E0
3.069827289E2,3.481875229E1,-1.190625000E1,-1.038750076E1
3.070027299E2,3.440625000E1,-1.160625076E1,-1.027500057E1
3.070227268E2,3.433125305E1,-1.186875057E1,-1.080000019E1
3.070427099E2,3.405000305E1,-1.226250076E1,-1.089375019E1
3.070627142E2,3.446250153E1,-1.290000057E1,-1.038750076E1
3.070827138E2,3.414375305E1,-1.228125095E1,-1.068750000E1
3.071027212E2,3.465000153E1,-1.280625057E1,-1.029375076E1
3.071227570E2,3.408750153E1,-1.282500076E1,-1.130625057E1
3.071427467E2,3.380625153E1,-1.366875076E1,-1.048125076E1
3.071627446E2,3.438750076E1,-1.291875076E1,-1.153125000E1
3.071827381E2,3.420000076E1,-1.344375038E1,-1.091250038E1
3.072027400E2,3.388125229E1,-1.282500076E1,-1.121250057E1
3.072227370E2,3.401250076E1,-1.385625076E1,-1.068750000E1
3.072427312E2,3.418125153E1,-1.316250038E1,-1.068750000E1
3.072627449E2,3.343125153E1,-1.372500038E1,-1.098750019E1
3.072827402E2,3.322500229E1,-1.363125038E1,-1.066875076E1
3.073027323E2,3.307500076E1,-1.441875076E1,-1.057500076E1
3.073227335E2,3.238125229E1,-1.393125057E1,-1.179375076E1
3.073427421E2,3.232500076E1,-1.507500076E1,-1.096875000E1
3.073627447E2,3.181875038E1,-1.441875076E1,-1.177500057E1
3.073827423E2,3.135000038E1,-1.524375057E1,-1.093125057E1
3.074027359E2,3.121875191E1,-1.441875076E1,-1.155000019E1
3.074227271E2,3.067500114E1,-1.552500057E1,-1.093125057E1
3.074427267E2,3.103125191E1,-1.456875038E1,-1.029375076E1
3.074627350E2,3.136875153E1,-1.556250095E1,-1.042500019E1
3.074827374E2,3.073125076E1,-1.455000019E1,-1.061250019E1
3.075027351E2,3.086250114E1,-1.533750057E1,-1.061250019E1
3.075227292E2,3.050625038E1,-1.389375019E1,-9.862500191E0
3.075427320E2,3.061875153E1,-1.425000095E1,-1.070625019E1
3.075627306E2,2.981250191E1,-1.378125095E1,-9.843750000E0
3.075827155E2,3.022500038E1,-1.417500019E1,-1.006875038E1
3.076027207E2,2.962500191E1,-1.372500038E1,-1.057500076E1
3.076227211E2,2.964375114E1,-1.402500057E1,-1.046250057E1
3.076427177E2,2.951250076E1,-1.325625038E1,-1.003125000E1
3.076627790E2,3.060000038E1,-1.380000019E1,-9.656250000E0
3.076827659E2,2.970000076E1,-1.333125019E1,-1.046250057E1
3.077027611E2,3.011250114E1,-1.376250076E1,-1.016250038E1
3.077227525E2,2.988750076E1,-1.295625019E1,-1.025625038E1
3.077427413E2,3.018750191E1,-1.293750095E1,-1.078125000E1
3.077627387E2,2.986875153E1,-1.241250038E1,-1.108125019E1
3.077827343E2,3.086250114E1,-1.299375057E1,-1.029375076E1
3.078026945E2,3.056250191E1,-1.263750076E1,-1.100625038E1
3.078227037E2,3.067500114E1,-1.297500038E1,-1.038750076E1
3.078427083E2,2.996250153E1,-1.241250038E1,-1.108125019E1
3.078627086E2,3.054375076E1,-1.235625076E1,-1.057500076E1
3.078827506E2,3.056250191E1,-1.263750076E1,-1.100625038E1
3.079027453E2,3.054375076E1,-1.192500019E1,-1.141875076E1
3.079227359E2,2.986875153E1,-1.237500095E1,-1.170000076E1
3.079427355E2,3.026250076E1,-1.215000057E1,-1.233750057E1
3.079627310E2,3.009375191E1,-1.290000057E1,-1.140000057E1
3.079827331E2,3.028125191E1,-1.246875095E1,-1.192500019E1
3.080027322E2,3.028125191E1,-1.265625095E1,-1.224375057E1
3.080227274E2,3.073125076E1,-1.173750019E1,-1.297500038E1
3.080427309E2,3.000000191E1,-1.286250019E1,-1.181250000E1
3.080627297E2,3.082500076E1,-1.179375076E1,-1.203750038E1
3.080827246E2,3.106875038E1,-1.297500038E1,-1.237500095E1
3.081027283E2,3.123750114E1,-1.185000038E1,-1.288125038E1
3.081227273E2,3.155625153E1,-1.271250057E1,-1.207500076E1
3.081427222E2,3.189375114E1,-1.164375019E1,-1.175625038E1
3.081627255E2,3.243750000E1,-1.286250019E1,-1.168125057E1
3.081827243E2,3.245625305E1,-1.128750038E1,-1.145625019E1
3.082027296E2,3.281250000E1,-1.280625057E1,-1.106250000E1
3.082227199E2,3.285000229E1,-1.143750000E1,-1.074375057E1
3.082427191E2,3.260625076E1,-1.282500076E1,-1.053750038E1
3.082627258E2,3.268125153E1,-1.190625000E1,-1.095000076E1
3.082827271E2,3.301875305E1,-1.314375019E1,-1.055625057E1
3.083027240E2,3.298125076E1,-1.213125038E1,-1.085625076E1
3.083227177E2,3.318750000E1,-1.286250019E1,-1.035000038E1
3.083426987E2,3.270000076E1,-1.288125038E1,-9.825000763E0
3.083627014E2,3.290625000E1,-1.303125095E1,-1.044375038E1
3.083827114E2,3.307500076E1,-1.235625076E1,-1.044375038E1
3.084027157E2,3.318750000E1,-1.308750057E1,-9.618750572E0
3.084227602E2,3.346875000E1,-1.267500019E1,-1.036875057E1
3.084427564E2,3.390000153E1,-1.361250019E1,-9.543750763E0
3.084627479E2,3.369375229E1,-1.329375076E1,-9.843750000E0
3.084827478E2,3.420000076E1,-1.391250038E1,-9.862500191E0
3.085027431E2,3.427500153E1,-1.321875095E1,-9.768750191E0
3.085227338E2,3.421875000E1,-1.411875057E1,-9.768750191E0
3.085427352E2,3.448125076E1,-1.342500019E1,-9.768750191E0
3.085626887E2,3.496875000E1,-1.387500095E1,-8.962500572E0
3.085826923E2,3.472500229E1,-1.280625057E1,-8.531250000E0
3.086027038E2,3.515625000E1,-1.365000057E1,-7.931250095E0
3.086227096E2,3.592500305E1,-1.336875057E1,-8.156250000E0
3.086427333E2,3.603750229E1,-1.398750019E1,-7.856250286E0
3.086627363E2,3.637500000E1,-1.293750095E1,-7.125000477E0
3.086827337E2,3.630000305E1,-1.335000038E1,-6.918750286E0
3.087027383E2,3.658125305E1,-1.312500095E1,-7.443750381E0
3.087227374E2,3.721875000E1,-1.226250076E1,-7.237500191E0
3.087427313E2,3.705000305E1,-1.312500095E1,-5.887500286E0
3.087627237E2,3.710625076E1,-1.237500095E1,-5.475000381E0
3.087827247E2,3.733125305E1,-1.263750076E1,-6.000000000E0
3.088027216E2,3.826875305E1,-1.201875019E1,-5.400000095E0
3.088227266E2,3.763125229E1,-1.320000076E1,-4.987500191E0
3.088427265E2,3.825000000E1,-1.186875057E1,-4.462500095E0
3.088627339E2,3.840000153E1,-1.316250038E1,-4.481250286E0
3.088827256E2,3.905625153E1,-1.248750019E1,-4.293750286E0
3.089027249E2,3.870000076E1,-1.303125095E1,-5.212500095E0
3.089227200E2,3.933750153E1,-1.243125057E1,-3.975000143E0
3.089427237E2,3.926250076E1,-1.316250038E1,-3.262500048E0
3.089627214E2,3.911250305E1,-1.207500076E1,-3.037500143E0
3.089827173E2,3.916875076E1,-1.308750057E1,-2.625000000E0
3.090027211E2,3.952500153E1,-1.230000019E1,-2.850000143E0
3.090227202E2,3.993750000E1,-1.333125019E1,-2.343750000E0
3.090427266E2,3.920625305E1,-1.201875019E1,-2.212500095E0
3.090627276E2,3.952500153E1,-1.297500038E1,-1.500000000E0
3.090827244E2,3.931875229E1,-1.246875095E1,-1.387500048E0
3.091026965E2,3.982500076E1,-1.301250076E1,-8.812500238E-1
3.091227033E2,3.941250229E1,-1.260000038E1,-7.687500119E-1
3.091427053E2,3.924375153E1,-1.327500057E1,-1.068750024E0
3.091627144E2,3.950625229E1,-1.260000038E1,-8.812500238E-1
3.091827517E2,3.894375229E1,-1.316250038E1,3.937500119E-1
3.092027538E2,3.900000000E1,-1.256250095E1,2.812500000E-1
3.092227501E2,3.894375229E1,-1.321875095E1,-2.437500060E-1
3.092427421E2,3.920625305E1,-1.265625095E1,1.687500030E-1
3.092627424E2,3.907500076E1,-1.381875038E1,-1.500000060E-1
3.092827371E2,3.913125229E1,-1.291875076E1,-3.375000060E-1
3.093027304E2,3.849375153E1,-1.410000038E1,-1.875000075E-2
3.093227322E2,3.894375229E1,-1.312500095E1,-3.750000149E-2
3.093427296E2,3.915000153E1,-1.374375057E1,2.625000179E-1
3.093627237E2,3.905625153E1,-1.331250095E1,-4.500000179E-1
3.093827266E2,3.858750153E1,-1.421250057E1,7.500000298E-2
3.094027364E2,3.905625153E1,-1.400625038E1,1.200000048E0
3.094227290E2,3.810000229E1,-1.411875057E1,5.062500238E-1
3.094427299E2,3.875625229E1,-1.333125019E1,7.500000298E-2
3.094627268E2,3.819375229E1,-1.400625038E1,-1.875000075E-2
3.094827315E2,3.860625076E1,-1.432500076E1,1.875000000E-1
3.095027301E2,3.830625153E1,-1.432500076E1,3.000000119E-1
3.095227264E2,3.847500229E1,-1.372500038E1,7.500000298E-2
3.095427304E2,3.883125305E1,-1.329375076E1,1.012500048E0
3.095627293E2,3.828750229E1,-1.389375019E1,-2.250000089E-1
3.095827246E2,3.778125000E1,-1.361250019E1,3.187500238E-1
3.096027280E2,3.781875229E1,-1.441875076E1,7.125000358E-1
3.096227272E2,3.819375229E1,-1.378125095E1,-4.312500060E-1
3.096427239E2,3.751875305E1,-1.415625095E1,-4.125000238E-1
3.096627269E2,3.751875305E1,-1.408125019E1,0.000000000E0
3.096827253E2,3.736875153E1,-1.505625057E1,-3.000000119E-1
3.097027200E2,3.723750305E1,-1.443750095E1,-4.125000238E-1
3.097227684E2,3.718125153E1,-1.490625095E1,-1.031250000E0
3.097427567E2,3.736875153E1,-1.511250019E1,-8.250000477E-1
3.097627535E2,3.680625153E1,-1.550625038E1,-8.062500358E-1
3.097827463E2,3.710625076E1,-1.556250095E1,-1.650000095E0
3.098027365E2,3.643125153E1,-1.595625019E1,-1.218750000E0
3.098227353E2,3.673125076E1,-1.597500038E1,-9.187500477E-1
3.098427317E2,3.635625076E1,-1.616250038E1,-1.125000000E0
3.098626814E2,3.690000153E1,-1.533750057E1,-1.950000048E0
3.098826933E2,3.633750153E1,-1.588125038E1,-9.000000358E-1
3.099027002E2,3.693750000E1,-1.591875076E1,-2.175000191E0
3.099227024E2,3.665625000E1,-1.625625038E1,-1.443750024E0
3.099427349E2,3.740625000E1,-1.567500019E1,-1.556250095E0
3.099627333E2,3.714375305E1,-1.610625076E1,-2.381250143E0
3.099827383E2,3.768750000E1,-1.539375019E1,-1.462500095E0
3.100027376E2,3.676875305E1,-1.653750038E1,-1.762500048E0
3.100227324E2,3.740625000E1,-1.563750076E1,-2.287500143E0
3.100427351E2,3.723750305E1,-1.635000038E1,-1.762500048E0
3.100627223E2,3.772500229E1,-1.605000114E1,-2.100000143E0
3.100827192E2,3.755625153E1,-1.685625076E1,-1.781250119E0
3.101027243E2,3.781875229E1,-1.595625019E1,-1.893750072E0
3.101227245E2,3.727500153E1,-1.726875114E1,-1.256250024E0
3.101427206E2,3.800625229E1,-1.595625019E1,-2.100000143E0
3.101627251E2,3.738750076E1,-1.730625153E1,-2.400000095E0
3.101827248E2,3.765000153E1,-1.663125038E1,-2.306250095E0
3.102027199E2,3.785625076E1,-1.730625153E1,-1.068750024E0
3.102227234E2,3.832500076E1,-1.668750000E1,-1.706250072E0
3.102427221E2,3.785625076E1,-1.696875000E1,-1.800000072E0
3.102627274E2,3.825000000E1,-1.695000076E1,-2.118750095E0
3.102827288E2,3.808125305E1,-1.753125000E1,-2.325000048E0
3.103027253E2,3.847500229E1,-1.781250000E1,-1.200000048E0
3.103227299E2,3.819375229E1,-1.796250153E1,-1.593750119E0
3.103427292E2,3.856875229E1,-1.788750076E1,-1.500000000E0
3.103627245E2,3.866250229E1,-1.770000076E1,-1.406250000E0
3.103827170E2,3.909375000E1,-1.871250153E1,-1.312500000E0
3.104026971E2,3.877500153E1,-1.809375000E1,-1.406250000E0
3.104226995E2,3.881250000E1,-1.920000076E1,-1.218750000E0
3.104427091E2,3.976875305E1,-1.861875153E1,-1.443750024E0
3.104627128E2,3.922500229E1,-1.927500153E1,-1.743750095E0
3.104827683E2,3.935625076E1,-1.848750114E1,-1.875000000E-1
3.105027508E2,3.922500229E1,-1.974375153E1,-7.125000358E-1
3.105227428E2,3.958125305E1,-1.910625076E1,2.250000089E-1
3.105427429E2,3.920625305E1,-1.963125038E1,7.500000000E-1
3.105627387E2,3.939375305E1,-1.946250153E1,1.162500024E0
3.105827295E2,3.941250229E1,-2.006250000E1,1.256250024E0
3.106027314E2,3.967500305E1,-1.951875114E1,2.193750143E0
3.106227399E2,3.930000305E1,-1.996875000E1,1.462500095E0
3.106427311E2,3.984375000E1,-1.912500000E1,2.081250191E0
3.106627315E2,3.909375000E1,-1.963125038E1,2.718750000E0
3.106827279E2,3.969375229E1,-1.822500038E1,3.862500191E0
3.107027440E2,3.905625153E1,-1.910625076E1,3.768750191E0
3.107227300E2,3.939375305E1,-1.848750114E1,4.912500381E0
3.107427257E2,3.825000000E1,-1.875000000E1,5.043750286E0
3.107627298E2,3.907500076E1,-1.779375076E1,5.118750095E0
3.107827291E2,3.840000153E1,-1.798125076E1,5.362500191E0
3.108027234E2,3.836250305E1,-1.732500076E1,6.093750477E0
3.108227166E2,3.770625305E1,-1.768125153E1,5.681250095E0
3.108427186E2,3.676875305E1,-1.661250114E1,6.562500477E0
3.108627163E2,3.637500000E1,-1.640625000E1,6.468750477E0
3.108827221E2,3.519375229E1,-1.599375057E1,6.806250095E0
3.109027226E2,3.489375305E1,-1.573125076E1,6.000000000E0
3.109227194E2,3.408750153E1,-1.498125076E1,5.493750095E0
3.109427141E2,3.331875229E1,-1.526250076E1,5.737500191E0
3.109627158E2,3.249375153E1,-1.400625038E1,4.725000381E0
3.109827244E2,3.193125153E1,-1.456875038E1,4.631250381E0
3.110027273E2,3.142500114E1,-1.359375095E1,3.506250143E0
3.110227819E2,3.095625114E1,-1.383750057E1,2.906250000E0
3.110427746E2,2.985000038E1,-1.295625019E1,1.687500119E0
3.110627626E2,2.994375038E1,-1.271250057E1,8.625000119E-1
3.110827483E2,3.003750038E1,-1.224375057E1,-4.875000119E-1
3.111027438E2,2.896875191E1,-1.228125095E1,-7.687500119E-1
3.111227364E2,2.926875114E1,-1.205625057E1,-1.406250000E0
3.111427270E2,2.866875076E1,-1.168125057E1,-2.625000000E0
3.111626950E2,2.898750114E1,-1.188750076E1,-4.293750286E0
3.111826991E2,2.940000153E1,-1.192500019E1,-5.662500381E0
3.112026996E2,3.011250114E1,-1.230000019E1,-6.206250191E0
3.112227080E2,3.048750114E1,-1.198125076E1,-6.937500477E0
3.112427452E2,3.045000076E1,-1.291875076E1,-7.875000477E0
3.112627476E2,3.198750114E1,-1.252500057E1,-8.437500000E0
3.112827441E2,3.251250076E1,-1.333125019E1,-8.681250572E0
3.113027364E2,3.369375229E1,-1.357500076E1,-8.606250763E0
3.113227374E2,3.390000153E1,-1.400625038E1,-8.100000381E0
3.113427326E2,3.555000305E1,-1.374375057E1,-8.250000000E0
3.113627264E2,3.570000076E1,-1.507500076E1,-7.425000191E0
3.113827398E2,3.675000000E1,-1.464375019E1,-7.143750191E0
3.114027352E2,3.695625305E1,-1.503750038E1,-7.256250381E0
3.114227271E2,3.763125229E1,-1.513125038E1,-6.037500381E0
3.114427283E2,3.765000153E1,-1.552500057E1,-6.037500381E0
3.114627368E2,3.821250153E1,-1.530000019E1,-4.912500381E0
3.114827282E2,3.823125076E1,-1.593750095E1,-4.181250095E0
3.115027282E2,3.858750153E1,-1.560000038E1,-3.562500238E0
3.115227243E2,3.823125076E1,-1.629375076E1,-3.356250048E0
3.115427287E2,3.793125153E1,-1.623750114E1,-2.193750143E0
3.115627270E2,3.772500229E1,-1.605000114E1,-2.100000143E0
3.115827232E2,3.817500305E1,-1.575000095E1,-6.562500000E-1
3.116027273E2,3.751875305E1,-1.633125114E1,-4.312500060E-1
3.116227264E2,3.699375153E1,-1.533750057E1,-9.375000000E-2
3.116427217E2,3.622500229E1,-1.591875076E1,-7.500000298E-2
3.116627254E2,3.558750153E1,-1.440000057E1,-1.500000060E-1
3.116827249E2,3.403125000E1,-1.458750057E1,3.187500238E-1
3.117027101E2,3.335625076E1,-1.473750019E1,-1.875000000E-1
3.117227159E2,3.228750229E1,-1.455000019E1,-9.937500358E-1
3.117427167E2,3.159375191E1,-1.389375019E1,-1.687500119E0
3.117627246E2,2.968125153E1,-1.475625038E1,-2.887500048E0
3.117827722E2,2.956875038E1,-1.387500095E1,-4.331250191E0
3.118027595E2,2.893125153E1,-1.460625076E1,-5.156250000E0
3.118227551E2,2.823750114E1,-1.415625095E1,-5.756250381E0
3.118427468E2,2.806875038E1,-1.466250038E1,-7.106250286E0
3.118627360E2,2.835000038E1,-1.423125076E1,-8.043750763E0
3.118827333E2,2.761875153E1,-1.509375095E1,-7.912500381E0
3.119027290E2,2.803125191E1,-1.522500038E1,-9.281250000E0
3.119226786E2,2.803125191E1,-1.539375019E1,-9.806250572E0
3.119426905E2,2.889375114E1,-1.528125095E1,-9.093750000E0
3.119626972E2,2.851875114E1,-1.545000076E1,-9.300000191E0
3.119827105E2,2.880000114E1,-1.546875095E1,-9.000000000E0
3.120027402E2,2.955000114E1,-1.462500095E1,-8.812500000E0
3.120227365E2,2.915625191E1,-1.458750057E1,-9.206250191E0
3.120427397E2,2.992500114E1,-1.415625095E1,-8.400000572E0
3.120627377E2,2.964375114E1,-1.441875076E1,-8.906250000E0
3.120827317E2,2.981250191E1,-1.385625076E1,-8.400000572E0
3.121027325E2,2.923125076E1,-1.381875038E1,-8.793750763E0
3.121227304E2,2.968125153E1,-1.306875038E1,-8.268750191E0
3.121427245E2,2.988750076E1,-1.346250057E1,-8.381250381E0
3.121627271E2,2.998125076E1,-1.316250038E1,-8.606250763E0
3.121827252E2,2.949375153E1,-1.357500076E1,-7.856250286E0
3.122027312E2,3.005625153E1,-1.297500038E1,-8.400000572E0
3.122227322E2,2.988750076E1,-1.338750076E1,-8.081250191E0
3.122427285E2,2.958750153E1,-1.344375038E1,-8.493750572E0
3.122627326E2,2.971875191E1,-1.381875038E1,-9.018750191E0
3.122827317E2,3.037500191E1,-1.346250057E1,-8.606250763E0
3.123027271E2,2.981250191E1,-1.402500057E1,-8.812500000E0
3.123227983E2,3.007500076E1,-1.346250057E1,-8.400000572E0
3.123427817E2,2.962500191E1,-1.411875057E1,-8.906250000E0
3.123627622E2,3.022500038E1,-1.434375095E1,-8.718750000E0
3.123827534E2,2.908125114E1,-1.496250057E1,-9.318750381E0
3.124027424E2,3.022500038E1,-1.421250057E1,-9.243750572E0
3.124227299E2,2.956875038E1,-1.464375019E1,-9.956250191E0
3.124427283E2,2.985000038E1,-1.477500057E1,-9.750000000E0
3.124627021E2,2.988750076E1,-1.524375057E1,-1.016250038E1
3.124827109E2,3.026250076E1,-1.496250057E1,-1.018125057E1
3.125027149E2,2.966250038E1,-1.462500095E1,-1.025625038E1
3.125227144E2,3.045000076E1,-1.475625038E1,-1.038750076E1
3.125427559E2,3.018750191E1,-1.509375095E1,-1.111875057E1
3.125627501E2,3.045000076E1,-1.440000057E1,-1.121250057E1
3.125827403E2,3.046875191E1,-1.473750019E1,-1.246875095E1
3.126027395E2,3.065625191E1,-1.434375095E1,-1.246875095E1
3.126227348E2,3.026250076E1,-1.455000019E1,-1.203750038E1
3.126427254E2,3.076875114E1,-1.479375076E1,-1.331250095E1
3.126627274E2,3.011250114E1,-1.492500019E1,-1.423125076E1
3.126827359E2,3.005625153E1,-1.383750057E1,-1.391250038E1
3.127027274E2,3.075000191E1,-1.410000038E1,-1.340625095E1
3.127227280E2,3.016875076E1,-1.380000019E1,-1.473750019E1
3.127427246E2,2.940000153E1,-1.383750057E1,-1.524375057E1
3.127627411E2,2.947500038E1,-1.329375076E1,-1.627500153E1
3.127827386E2,2.926875114E1,-1.308750057E1,-1.627500153E1
3.128027317E2,2.900625038E1,-1.335000038E1,-1.666875076E1
3.128227336E2,2.936250114E1,-1.265625095E1,-1.678125000E1
3.128427309E2,2.887500191E1,-1.286250019E1,-1.646250153E1
3.128627239E2,2.915625191E1,-1.233750057E1,-1.708125114E1
3.128827160E2,2.808750153E1,-1.226250076E1,-1.779375076E1
3.129027168E2,2.874375153E1,-1.179375076E1,-1.790625000E1
3.129227138E2,2.818125153E1,-1.226250076E1,-1.788750076E1
3.129427190E2,2.816250038E1,-1.194375038E1,-1.674375153E1
3.129627195E2,2.786250114E1,-1.145625019E1,-1.798125076E1
3.129827162E2,2.833125114E1,-1.121250057E1,-1.736250114E1
3.130027108E2,2.870625114E1,-1.089375019E1,-1.779375076E1
3.130227125E2,2.930625153E1,-1.100625038E1,-1.813125038E1
3.130427212E2,2.911875153E1,-1.123125076E1,-1.760625076E1
3.130627240E2,3.003750038E1,-1.029375076E1,-1.700625038E1
3.130827210E2,2.988750076E1,-1.095000076E1,-1.771875000E1
3.131027273E2,3.015000153E1,-1.059375000E1,-1.721250153E1
3.131227275E2,3.007500076E1,-1.100625038E1,-1.668750000E1
3.131427234E2,3.090000153E1,-1.005000019E1,-1.670625114E1
3.131627274E2,3.054375076E1,-1.063125038E1,-1.659375000E1
3.131827261E2,3.054375076E1,-1.065000057E1,-1.629375076E1
3.132027214E2,3.095625114E1,-1.111875057E1,-1.693125153E1
3.132226810E2,3.071250153E1,-1.035000038E1,-1.629375076E1
3.132426898E2,3.056250191E1,-1.104375076E1,-1.650000000E1
3.132627048E2,3.125625038E1,-1.147500038E1,-1.610625076E1
3.132827128E2,3.116250038E1,-1.164375019E1,-1.651875114E1
3.133027492E2,3.114375114E1,-1.140000057E1,-1.578750038E1
3.133227507E2,3.106875038E1,-1.156875038E1,-1.620000076E1
3.133427463E2,3.163125038E1,-1.149375057E1,-1.590000057E1
3.133627379E2,3.116250038E1,-1.168125057E1,-1.578750038E1
3.133827380E2,3.193125153E1,-1.160625076E1,-1.591875076E1
3.134027330E2,3.178125191E1,-1.237500095E1,-1.623750114E1
3.134227373E2,3.251250076E1,-1.177500057E1,-1.490625095E1
3.134427362E2,3.223125076E1,-1.177500057E1,-1.488750076E1
3.134627313E2,3.279375076E1,-1.171875000E1,-1.438125038E1
3.134827346E2,3.260625076E1,-1.190625000E1,-1.458750057E1
3.135027330E2,3.241875076E1,-1.194375038E1,-1.374375057E1
3.135227395E2,3.202500153E1,-1.200000000E1,-1.415625095E1
3.135427293E2,3.271875000E1,-1.211250019E1,-1.428750038E1
3.135627278E2,3.245625305E1,-1.269375038E1,-1.458750057E1
3.135827229E2,3.195000076E1,-1.230000019E1,-1.404375076E1
3.136027267E2,3.185625076E1,-1.261875057E1,-1.374375057E1
3.136227251E2,3.215625000E1,-1.282500076E1,-1.374375057E1
3.136427207E2,3.238125229E1,-1.342500019E1,-1.376250076E1
3.136627244E2,3.196875191E1,-1.288125038E1,-1.436250019E1
3.136827233E2,3.195000076E1,-1.273125076E1,-1.353750038E1
3.137027186E2,3.264375305E1,-1.295625019E1,-1.346250057E1
3.137227222E2,3.206250000E1,-1.260000038E1,-1.426875019E1
3.137427216E2,3.195000076E1,-1.228125095E1,-1.456875038E1
3.137627069E2,3.234375000E1,-1.260000038E1,-1.447500038E1
3.137827128E2,3.183750153E1,-1.220625019E1,-1.395000076E1
3.138027137E2,3.195000076E1,-1.245000076E1,-1.342500019E1
3.138227218E2,3.135000038E1,-1.205625057E1,-1.466250038E1
3.138427694E2,3.172500038E1,-1.201875019E1,-1.372500038E1
3.138627680E2,3.165000153E1,-1.241250038E1,-1.395000076E1
3.138827611E2,3.202500153E1,-1.215000057E1,-1.353750038E1
3.139027507E2,3.225000000E1,-1.261875057E1,-1.406250095E1
3.139227379E2,3.127500153E1,-1.260000038E1,-1.381875038E1
3.139427335E2,3.136875153E1,-1.216875076E1,-1.455000019E1
3.139627280E2,3.232500076E1,-1.231875038E1,-1.396875095E1
3.139826873E2,3.144375038E1,-1.213125038E1,-1.351875019E1
3.140026962E2,3.144375038E1,-1.175625038E1,-1.466250038E1
3.140227005E2,3.155625153E1,-1.237500095E1,-1.445625019E1
3.140427117E2,3.270000076E1,-1.151250076E1,-1.458750057E1
3.140627398E2,3.181875038E1,-1.151250076E1,-1.404375076E1
3.140827349E2,3.172500038E1,-1.185000038E1,-1.321875095E1
3.141027375E2,3.191250038E1,-1.183125019E1,-1.374375057E1
3.141227348E2,3.144375038E1,-1.205625057E1,-1.290000057E1
3.141427283E2,3.135000038E1,-1.222500038E1,-1.331250095E1
3.141627291E2,3.193125153E1,-1.230000019E1,-1.248750019E1
3.141827274E2,3.213750076E1,-1.224375057E1,-1.365000057E1
3.142027214E2,3.153750038E1,-1.205625057E1,-1.320000076E1
3.142227242E2,3.076875114E1,-1.241250038E1,-1.338750076E1
3.142427223E2,3.183750153E1,-1.245000076E1,-1.312500095E1
3.142627282E2,3.142500114E1,-1.207500076E1,-1.258125019E1
3.142827177E2,3.202500153E1,-1.218750095E1,-1.260000038E1
3.143027180E2,3.202500153E1,-1.209375095E1,-1.248750019E1
3.143227243E2,3.211875153E1,-1.198125076E1,-1.280625057E1
3.143427252E2,3.189375114E1,-1.183125019E1,-1.207500076E1
3.143627219E2,3.238125229E1,-1.175625038E1,-1.188750076E1
3.143827830E2,3.200625229E1,-1.183125019E1,-1.198125076E1
3.144027697E2,3.260625076E1,-1.224375057E1,-1.209375095E1
3.144227534E2,3.181875038E1,-1.222500038E1,-1.186875057E1
3.144427472E2,3.253125000E1,-1.295625019E1,-1.179375076E1
3.144627380E2,3.185625076E1,-1.293750095E1,-1.166250038E1
3.144827379E2,3.213750076E1,-1.269375038E1,-1.250625038E1
3.145027345E2,3.255000305E1,-1.297500038E1,-1.303125095E1
3.145227067E2,3.204375076E1,-1.301250076E1,-1.218750095E1
3.145427139E2,3.221250153E1,-1.235625076E1,-1.168125057E1
3.145627163E2,3.193125153E1,-1.256250095E1,-1.134375000E1
3.145827147E2,3.213750076E1,-1.295625019E1,-1.147500038E1
3.146027550E2,3.213750076E1,-1.273125076E1,-1.188750076E1
3.146227485E2,3.232500076E1,-1.258125019E1,-1.136250019E1
3.146427384E2,3.215625000E1,-1.327500057E1,-1.126875019E1
3.146627373E2,3.185625076E1,-1.323750019E1,-1.156875038E1
3.146827324E2,3.129375076E1,-1.338750076E1,-1.207500076E1
3.147027340E2,3.165000153E1,-1.284375095E1,-1.145625019E1
3.147227332E2,3.206250000E1,-1.331250095E1,-1.218750095E1
3.147427394E2,3.202500153E1,-1.263750076E1,-1.186875057E1
3.147627402E2,3.206250000E1,-1.351875019E1,-1.188750076E1
3.147827366E2,3.221250153E1,-1.254375076E1,-1.168125057E1
3.148027298E2,3.142500114E1,-1.237500095E1,-1.081875038E1
3.148227431E2,3.146250153E1,-1.316250038E1,-1.093125057E1
3.148427384E2,3.176250076E1,-1.310625076E1,-1.228125095E1
3.148627301E2,3.176250076E1,-1.303125095E1,-1.155000019E1
3.148827309E2,3.105000114E1,-1.275000095E1,-1.111875057E1
3.149027278E2,3.146250153E1,-1.291875076E1,-1.166250038E1
3.149227204E2,3.157500076E1,-1.331250095E1,-1.186875057E1
3.149427122E2,3.106875038E1,-1.299375057E1,-1.185000038E1
3.149627133E2,3.116250038E1,-1.293750095E1,-1.132500076E1
3.149827217E2,3.183750153E1,-1.282500076E1,-1.177500057E1
3.150027245E2,3.176250076E1,-1.301250076E1,-1.198125076E1
3.150227228E2,3.163125038E1,-1.224375057E1,-1.155000019E1
3.150427174E2,3.123750114E1,-1.213125038E1,-1.164375019E1
3.150627110E2,3.142500114E1,-1.224375057E1,-1.134375000E1
3.150827115E2,3.123750114E1,-1.230000019E1,-1.205625057E1
3.151027198E2,3.133125114E1,-1.200000000E1,-1.205625057E1
3.151227221E2,3.114375114E1,-1.241250038E1,-1.173750019E1
3.151427763E2,3.193125153E1,-1.231875038E1,-1.228125095E1
3.151627689E2,3.144375038E1,-1.248750019E1,-1.228125095E1
3.151827570E2,3.183750153E1,-1.239375019E1,-1.248750019E1
3.152027428E2,3.200625229E1,-1.196250057E1,-1.155000019E1
3.152227384E2,3.208125305E1,-1.134375000E1,-1.207500076E1
3.152427334E2,3.247500229E1,-1.168125057E1,-1.147500038E1
3.152627350E2,3.170625114E1,-1.173750019E1,-1.175625038E1
3.152826884E2,3.189375114E1,-1.171875000E1,-1.216875076E1
3.153026924E2,3.180000114E1,-1.156875038E1,-1.290000057E1
3.153227040E2,3.200625229E1,-1.192500019E1,-1.228125095E1
3.153427100E2,3.221250153E1,-1.200000000E1,-1.250625038E1
3.153627450E2,3.210000229E1,-1.170000076E1,-1.280625057E1
3.153827343E2,3.249375153E1,-1.156875038E1,-1.344375038E1
3.154027323E2,3.217500305E1,-1.113750076E1,-1.207500076E1
3.154227262E2,3.234375000E1,-1.072500038E1,-1.248750019E1
3.154427286E2,3.238125229E1,-1.173750019E1,-1.209375095E1
3.154627252E2,3.245625305E1,-1.113750076E1,-1.230000019E1
3.154827201E2,3.247500229E1,-1.160625076E1,-1.261875057E1
3.155027229E2,3.238125229E1,-1.155000019E1,-1.209375095E1
3.155227210E2,3.240000153E1,-1.200000000E1,-1.282500076E1
3.155427271E2,3.183750153E1,-1.203750038E1,-1.363125038E1
3.155627278E2,3.181875038E1,-1.198125076E1,-1.290000057E1
3.155827245E2,3.219375229E1,-1.160625076E1,-1.250625038E1
3.156027290E2,3.219375229E1,-1.168125057E1,-1.301250076E1
3.156227281E2,3.189375114E1,-1.149375057E1,-1.280625057E1
3.156427233E2,3.189375114E1,-1.173750019E1,-1.196250057E1
3.156627268E2,3.210000229E1,-1.160625076E1,-1.260000038E1
3.156827245E2,3.180000114E1,-1.170000076E1,-1.248750019E1
3.157027309E2,3.112500191E1,-1.173750019E1,-1.320000076E1
3.157227318E2,3.140625191E1,-1.145625019E1,-1.299375057E1
3.157427282E2,3.202500153E1,-1.205625057E1,-1.333125019E1
3.157627324E2,3.191250038E1,-1.156875038E1,-1.321875095E1
3.157827318E2,3.189375114E1,-1.141875076E1,-1.237500095E1
3.158027274E2,3.217500305E1,-1.130625057E1,-1.280625057E1
3.158227100E2,3.206250000E1,-1.072500038E1,-1.237500095E1
3.158427136E2,3.187500191E1,-1.093125057E1,-1.228125095E1
3.158627128E2,3.157500076E1,-1.083750057E1,-1.196250057E1
3.158827194E2,3.243750000E1,-1.063125038E1,-1.250625038E1
3.159027663E2,3.148125076E1,-1.091250038E1,-1.237500095E1
3.159227534E2,3.176250076E1,-1.038750076E1,-1.290000057E1
3.159427489E2,3.174375153E1,-1.033125019E1,-1.226250076E1
3.159627407E2,3.195000076E1,-1.038750076E1,-1.290000057E1
3.159827412E2,3.206250000E1,-1.089375019E1,-1.290000057E1
3.160027361E2,3.211875153E1,-9.806250572E0,-1.278750038E1
3.160227408E2,3.232500076E1,-9.975000381E0,-1.351875019E1
3.160427516E2,3.240000153E1,-9.825000763E0,-1.260000038E1
3.160627444E2,3.247500229E1,-9.075000763E0,-1.207500076E1
3.160827345E2,3.277500153E1,-9.450000763E0,-1.239375019E1
3.161027340E2,3.202500153E1,-9.993750572E0,-1.290000057E1
3.161227527E2,3.270000076E1,-9.712500572E0,-1.312500095E1
3.161427407E2,3.238125229E1,-9.262500763E0,-1.216875076E1
3.161627380E2,3.230625153E1,-9.525000572E0,-1.280625057E1
3.161827319E2,3.221250153E1,-9.600000381E0,-1.310625076E1
3.162027345E2,3.296250153E1,-9.168750763E0,-1.250625038E1
3.162227315E2,3.264375305E1,-8.212500572E0,-1.331250095E1
3.162427269E2,3.245625305E1,-8.418750763E0,-1.299375057E1
3.162627304E2,3.225000000E1,-8.231250763E0,-1.278750038E1
3.162827294E2,3.195000076E1,-8.175000191E0,-1.350000095E1
3.163027245E2,3.213750076E1,-7.987500191E0,-1.350000095E1
3.163227281E2,3.196875191E1,-8.381250381E0,-1.340625095E1
3.163427275E2,3.189375114E1,-8.868750572E0,-1.361250019E1
3.163627243E2,3.168750191E1,-8.437500000E0,-1.391250038E1
3.163827275E2,3.108750153E1,-8.325000763E0,-1.410000038E1
3.164027260E2,3.150000191E1,-8.550000191E0,-1.380000019E1
3.164227207E2,3.146250153E1,-8.043750763E0,-1.391250038E1
3.164427807E2,3.155625153E1,-7.725000381E0,-1.441875076E1
3.164627665E2,3.135000038E1,-7.368750095E0,-1.348125076E1
3.164827612E2,3.172500038E1,-7.275000095E0,-1.359375095E1
3.165027522E2,3.073125076E1,-6.825000286E0,-1.408125019E1
3.165227405E2,3.073125076E1,-6.656250477E0,-1.366875076E1
3.165427413E2,3.045000076E1,-6.993750095E0,-1.428750038E1
3.165627358E2,3.065625191E1,-7.068750381E0,-1.501875019E1
3.165827063E2,2.986875153E1,-6.768750191E0,-1.468125057E1
3.166027122E2,3.015000153E1,-6.375000477E0,-1.458750057E1
3.166227137E2,3.035625076E1,-6.431250095E0,-1.541250038E1
3.166427116E2,3.082500076E1,-6.300000191E0,-1.470000076E1
3.166627517E2,3.091875076E1,-6.393750191E0,-1.470000076E1
3.166827453E2,2.983125114E1,-6.075000286E0,-1.456875038E1
3.167027464E2,3.005625153E1,-6.225000381E0,-1.541250038E1
3.167227425E2,3.005625153E1,-6.525000095E0,-1.552500057E1
3.167427351E2,2.968125153E1,-6.487500191E0,-1.591875076E1
3.167627357E2,3.005625153E1,-6.412500381E0,-1.561875057E1
3.167827336E2,3.028125191E1,-7.181250095E0,-1.614375114E1
3.168027387E2,2.988750076E1,-6.675000191E0,-1.614375114E1
3.168227388E2,3.018750191E1,-7.181250095E0,-1.625625038E1
3.168427345E2,3.045000076E1,-6.300000191E0,-1.605000114E1
3.168627271E2,3.048750114E1,-7.087500095E0,-1.625625038E1
3.168827289E2,2.988750076E1,-6.975000381E0,-1.614375114E1
3.169027266E2,3.041250038E1,-7.650000095E0,-1.657500076E1
3.169227206E2,2.943750191E1,-7.762500286E0,-1.591875076E1
3.169427235E2,3.011250114E1,-7.556250095E0,-1.655625153E1
3.169627218E2,2.945625114E1,-7.912500381E0,-1.676250076E1
3.169827269E2,2.947500038E1,-8.493750572E0,-1.706250000E1
3.170027286E2,2.928750038E1,-8.381250381E0,-1.717500114E1
3.170227254E2,2.938125038E1,-8.381250381E0,-1.726875114E1
3.170427300E2,2.947500038E1,-8.400000572E0,-1.696875000E1
3.170627297E2,2.917500114E1,-8.362500191E0,-1.738125038E1
3.170827251E2,2.850000191E1,-8.362500191E0,-1.713750076E1
3.171027291E2,2.880000114E1,-8.587500572E0,-1.674375153E1
3.171227183E2,2.902500153E1,-9.187500000E0,-1.674375153E1
3.171427154E2,2.831250191E1,-8.756250381E0,-1.704375076E1
3.171627208E2,2.816250038E1,-9.656250000E0,-1.683750153E1
3.171827210E2,2.778750038E1,-9.918750763E0,-1.734375000E1
3.172027739E2,2.788125038E1,-1.001250076E1,-1.567500019E1
3.172227655E2,2.730000114E1,-9.768750191E0,-1.773750114E1
3.172427531E2,2.701875114E1,-1.016250038E1,-1.785000038E1
3.172627501E2,2.739375114E1,-9.768750191E0,-1.775625038E1
3.172827433E2,2.683125114E1,-1.036875057E1,-1.741875076E1
3.173027337E2,2.660625076E1,-9.600000381E0,-1.698750114E1
3.173227340E2,2.625000191E1,-1.044375038E1,-1.751250076E1
3.173426865E2,2.632500076E1,-1.006875038E1,-1.730625153E1
3.173626898E2,2.578125191E1,-1.061250019E1,-1.781250000E1
3.173827012E2,2.497500038E1,-1.044375038E1,-1.685625076E1
3.174027072E2,2.529375076E1,-1.078125000E1,-1.800000000E1
3.174227421E2,2.452500153E1,-1.106250000E1,-1.788750076E1
3.174427426E2,2.452500153E1,-1.083750057E1,-1.839375114E1
3.174627379E2,2.422500038E1,-1.055625057E1,-1.786875153E1
3.174827410E2,2.441250038E1,-1.040625000E1,-1.880625153E1
3.175027387E2,2.390625000E1,-1.036875057E1,-1.755000114E1
3.175227312E2,2.353125000E1,-1.035000038E1,-1.764375114E1
3.175427227E2,2.371875000E1,-1.016250038E1,-1.753125000E1
3.175627232E2,2.341875076E1,-1.003125000E1,-1.815000153E1
3.175827197E2,2.283750153E1,-1.031250000E1,-1.803750038E1
3.176027246E2,2.246250153E1,-1.050000000E1,-1.792500114E1
3.176227247E2,2.293125153E1,-1.033125019E1,-1.762500000E1
3.176427210E2,2.304375076E1,-1.061250019E1,-1.794375038E1
3.176627263E2,2.304375076E1,-1.021875000E1,-1.803750038E1
3.176827251E2,2.325000000E1,-1.061250019E1,-1.826250076E1
3.177027314E2,2.291250038E1,-9.768750191E0,-1.710000038E1
3.177227323E2,2.319375038E1,-9.656250000E0,-1.771875000E1
3.177427276E2,2.291250038E1,-9.956250191E0,-1.719375038E1
3.177627324E2,2.310000038E1,-9.787500381E0,-1.689375114E1
3.177827320E2,2.233125114E1,-1.005000019E1,-1.728750038E1
3.178027271E2,2.235000038E1,-1.023750019E1,-1.719375038E1
3.178227306E2,2.302500153E1,-1.027500057E1,-1.710000038E1
3.178427292E2,2.280000114E1,-9.693750381E0,-1.678125000E1
3.178627357E2,2.311875153E1,-1.038750076E1,-1.700625038E1
3.178827041E2,2.311875153E1,-1.012500000E1,-1.636875153E1
3.179027079E2,2.338125038E1,-9.712500572E0,-1.668750000E1
3.179227075E2,2.373750114E1,-9.056250572E0,-1.606875038E1
3.179427149E2,2.366250038E1,-9.562500000E0,-1.606875038E1
3.179627622E2,2.405625153E1,-9.543750763E0,-1.640625000E1
3.179827496E2,2.368125153E1,-9.956250191E0,-1.597500038E1
3.180027455E2,2.385000038E1,-9.487500191E0,-1.567500019E1
3.180227375E2,2.418750191E1,-1.001250076E1,-1.713750076E1
3.180427384E2,2.386875153E1,-9.975000381E0,-1.576875019E1
3.180627334E2,2.446875191E1,-1.006875038E1,-1.610625076E1
3.180827270E2,2.484375191E1,-9.693750381E0,-1.610625076E1
3.181027405E2,2.446875191E1,-1.005000019E1,-1.651875114E1
3.181227358E2,2.559375191E1,-9.262500763E0,-1.530000019E1
3.181427280E2,2.589375114E1,-9.243750572E0,-1.573125076E1
3.181627292E2,2.591250038E1,-9.656250000E0,-1.552500057E1
3.181827378E2,2.621250153E1,-9.843750000E0,-1.584375095E1
3.182027292E2,2.611875153E1,-1.027500057E1,-1.531875038E1
3.182227292E2,2.553750038E1,-1.040625000E1,-1.438125038E1
3.182427254E2,2.565000153E1,-1.076250076E1,-1.520625019E1
3.182627299E2,2.508750153E1,-1.125000000E1,-1.498125076E1
3.182827281E2,2.546250153E1,-1.087500000E1,-1.488750076E1
3.183027356E2,2.566875076E1,-1.102500057E1,-1.561875057E1
3.183227370E2,2.555625153E1,-1.087500000E1,-1.500000095E1
3.183427340E2,2.574375153E1,-1.061250019E1,-1.447500038E1
3.183627275E2,2.583750153E1,-1.057500076E1,-1.511250019E1
3.183827296E2,2.632500076E1,-1.035000038E1,-1.563750076E1
3.184027275E2,2.671875191E1,-1.063125038E1,-1.471875095E1
3.184227231E2,2.621250153E1,-1.042500019E1,-1.428750038E1
3.184427256E2,2.604375076E1,-1.057500076E1,-1.522500038E1
3.184627238E2,2.606250191E1,-1.096875000E1,-1.522500038E1
3.184827297E2,2.613750076E1,-1.091250038E1,-1.460625076E1
3.185027867E2,2.613750076E1,-1.068750000E1,-1.511250019E1
3.185227814E2,2.681250191E1,-1.050000000E1,-1.524375057E1
3.185427712E2,2.653125191E1,-1.091250038E1,-1.481250095E1
3.185627580E2,2.662500191E1,-1.050000000E1,-1.513125038E1
3.185827432E2,2.758125114E1,-1.031250000E1,-1.537500095E1
3.186027386E2,2.722500038E1,-1.091250038E1,-1.505625057E1
3.186227319E2,2.681250191E1,-1.050000000E1,-1.503750038E1
3.186426906E2,2.666250038E1,-1.151250076E1,-1.462500095E1
3.186626990E2,2.711250114E1,-1.068750000E1,-1.545000076E1
3.186827029E2,2.664375114E1,-1.087500000E1,-1.554375076E1
3.187027031E2,2.643750191E1,-1.085625076E1,-1.565625095E1
3.187227452E2,2.675625038E1,-1.132500076E1,-1.471875095E1
3.187427401E2,2.730000114E1,-1.072500038E1,-1.485000038E1
3.187627424E2,2.741250038E1,-1.063125038E1,-1.505625057E1
3.187827396E2,2.790000153E1,-1.093125057E1,-1.507500076E1
3.188027329E2,2.769375038E1,-1.053750038E1,-1.505625057E1
3.188227333E2,2.739375114E1,-1.051875019E1,-1.505625057E1
3.188427312E2,2.730000114E1,-1.038750076E1,-1.567500019E1
3.188627364E2,2.806875038E1,-1.005000019E1,-1.516875076E1
3.188827366E2,2.797500038E1,-1.044375038E1,-1.507500076E1
3.189027323E2,2.816250038E1,-9.956250191E0,-1.496250057E1
3.189227251E2,2.741250038E1,-1.048125076E1,-1.576875019E1
3.189427271E2,2.818125153E1,-1.065000057E1,-1.496250057E1
3.189627247E2,2.778750038E1,-1.033125019E1,-1.526250076E1
3.189827300E2,2.806875038E1,-1.025625038E1,-1.486875057E1
3.190027301E2,2.836875153E1,-1.055625057E1,-1.498125076E1
3.190227262E2,2.896875191E1,-1.057500076E1,-1.500000095E1
3.190427303E2,2.853750038E1,-1.003125000E1,-1.393125057E1
3.190627297E2,2.893125153E1,-1.020000076E1,-1.468125057E1
3.190827250E2,2.876250076E1,-1.048125076E1,-1.468125057E1
3.191027284E2,2.930625153E1,-9.956250191E0,-1.406250095E1
3.191227273E2,2.872500038E1,-9.843750000E0,-1.395000076E1
3.191427223E2,2.951250076E1,-1.003125000E1,-1.458750057E1
3.191627149E2,2.866875076E1,-1.059375000E1,-1.456875038E1
3.191827064E2,2.941875076E1,-1.014375019E1,-1.417500019E1
3.192027171E2,2.876250076E1,-1.051875019E1,-1.425000095E1
3.192227217E2,3.018750191E1,-9.750000000E0,-1.460625076E1
3.192427214E2,2.943750191E1,-1.031250000E1,-1.479375076E1
3.192627735E2,3.016875076E1,-9.693750381E0,-1.366875076E1
3.192827533E2,2.968125153E1,-9.543750763E0,-1.438125038E1
3.193027431E2,3.005625153E1,-9.206250191E0,-1.366875076E1
3.193227420E2,3.016875076E1,-9.693750381E0,-1.378125095E1
3.193427369E2,2.998125076E1,-9.675000191E0,-1.387500095E1
3.193627280E2,2.932500076E1,-1.029375076E1,-1.333125019E1
3.193827181E2,3.000000191E1,-1.008750057E1,-1.387500095E1
3.194026742E2,2.990625191E1,-1.038750076E1,-1.378125095E1
3.194226807E2,3.020625114E1,-1.070625019E1,-1.336875057E1
3.194426946E2,3.039375114E1,-1.051875019E1,-1.336875057E1
3.194627023E2,2.983125114E1,-1.065000057E1,-1.419375038E1
3.194827272E2,3.020625114E1,-1.040625000E1,-1.336875057E1
3.195027312E2,3.116250038E1,-1.014375019E1,-1.350000095E1
3.195227297E2,3.076875114E1,-1.018125057E1,-1.254375076E1
3.195427351E2,3.030000114E1,-1.051875019E1,-1.316250038E1
3.195627347E2,3.097500038E1,-1.027500057E1,-1.265625095E1
3.195827284E2,3.048750114E1,-1.046250057E1,-1.265625095E1
3.196027320E2,3.046875191E1,-9.918750763E0,-1.348125076E1
3.196227304E2,3.095625114E1,-1.006875038E1,-1.276875019E1
3.196427247E2,3.144375038E1,-9.881250381E0,-1.276875019E1
3.196627274E2,3.050625038E1,-1.087500000E1,-1.245000076E1
3.196827259E2,3.123750114E1,-9.881250381E0,-1.276875019E1
3.197027207E2,3.138750076E1,-1.106250000E1,-1.308750057E1
3.197227252E2,3.144375038E1,-1.023750019E1,-1.205625057E1
3.197427234E2,3.163125038E1,-1.003125000E1,-1.226250076E1
3.197627294E2,3.241875076E1,-1.025625038E1,-1.207500076E1
3.197827298E2,3.213750076E1,-1.057500076E1,-1.145625019E1
3.198027249E2,3.249375153E1,-9.862500191E0,-1.218750095E1
3.198227296E2,3.211875153E1,-1.006875038E1,-1.175625038E1
3.198427289E2,3.226875305E1,-9.300000191E0,-1.155000019E1
3.198627243E2,3.189375114E1,-9.600000381E0,-1.111875057E1
3.198827278E2,3.268125153E1,-9.806250572E0,-1.156875038E1
3.199027267E2,3.193125153E1,-1.048125076E1,-1.123125076E1
3.199227220E2,3.300000000E1,-1.033125019E1,-1.115625000E1
3.199426930E2,3.260625076E1,-1.033125019E1,-1.095000076E1
3.199626991E2,3.213750076E1,-1.055625057E1,-1.196250057E1
3.199827120E2,3.213750076E1,-1.072500038E1,-1.051875019E1
3.200027184E2,3.330000305E1,-1.035000038E1,-1.106250000E1
3.200227644E2,3.243750000E1,-1.074375057E1,-1.218750095E1
3.200427619E2,3.307500076E1,-9.750000000E0,-1.095000076E1
3.200627541E2,3.270000076E1,-1.025625038E1,-1.042500019E1
3.200827431E2,3.270000076E1,-1.016250038E1,-1.042500019E1
3.201027412E2,3.270000076E1,-1.055625057E1,-1.033125019E1
3.201227342E2,3.298125076E1,-9.975000381E0,-1.042500019E1
3.201427263E2,3.262500000E1,-1.095000076E1,-1.033125019E1
3.201627385E2,3.290625000E1,-1.078125000E1,-1.021875000E1
3.201827331E2,3.253125000E1,-1.095000076E1,-1.042500019E1
3.202027362E2,3.260625076E1,-1.065000057E1,-1.042500019E1
3.202227345E2,3.303750229E1,-1.138125038E1,-1.023750019E1
3.202427409E2,3.245625305E1,-1.164375019E1,-1.053750038E1
3.202627416E2,3.301875305E1,-1.087500000E1,-1.012500000E1
3.202827375E2,3.281250000E1,-1.089375019E1,-9.918750763E0
3.203027302E2,3.331875229E1,-1.108125019E1,-1.014375019E1
3.203227317E2,3.352500153E1,-1.155000019E1,-1.076250076E1
3.203427285E2,3.320625305E1,-1.093125057E1,-9.506250381E0
3.203627342E2,3.262500000E1,-1.100625038E1,-9.487500191E0
3.203827346E2,3.348750305E1,-1.093125057E1,-9.412500381E0
3.204027308E2,3.262500000E1,-1.130625057E1,-9.487500191E0
3.204227237E2,3.243750000E1,-1.134375000E1,-8.756250381E0
3.204427257E2,3.238125229E1,-1.209375095E1,-9.393750191E0
3.204627239E2,3.285000229E1,-1.192500019E1,-9.187500000E0
3.204827084E2,3.245625305E1,-1.173750019E1,-8.662500381E0
3.205027137E2,3.373125076E1,-1.185000038E1,-9.318750381E0
3.205227142E2,3.275625229E1,-1.194375038E1,-8.775000572E0
3.205427221E2,3.324375153E1,-1.194375038E1,-9.000000000E0
3.205627812E2,3.292500305E1,-1.179375076E1,-8.156250000E0
3.205827656E2,3.343125153E1,-1.196250057E1,-8.793750763E0
3.206027592E2,3.273750305E1,-1.198125076E1,-8.156250000E0
3.206227493E2,3.341250229E1,-1.181250000E1,-8.062500000E0
3.206427369E2,3.292500305E1,-1.162500000E1,-7.537500381E0
3.206627333E2,3.397500229E1,-1.132500076E1,-8.175000191E0
3.206827283E2,3.350625229E1,-1.185000038E1,-7.443750381E0
3.207026879E2,3.397500229E1,-1.125000000E1,-7.556250095E0
3.207226971E2,3.380625153E1,-1.170000076E1,-8.287500381E0
3.207427015E2,3.369375229E1,-1.134375000E1,-7.556250095E0
3.207627129E2,3.339375305E1,-1.147500038E1,-7.031250477E0
3.207827410E2,3.350625229E1,-1.185000038E1,-7.443750381E0
3.208027361E2,3.311250305E1,-1.185000038E1,-7.218750477E0
3.208227387E2,3.350625229E1,-1.196250057E1,-7.143750191E0
3.208427360E2,3.343125153E1,-1.224375057E1,-7.443750381E0
3.208627294E2,3.382500076E1,-1.226250076E1,-7.256250381E0
3.208827307E2,3.305625153E1,-1.273125076E1,-7.331250191E0
3.209027400E2,3.343125153E1,-1.228125095E1,-6.825000286E0
3.209227426E2,3.307500076E1,-1.314375019E1,-7.125000477E0
3.209427403E2,3.324375153E1,-1.258125019E1,-6.506250381E0
3.209627341E2,3.249375153E1,-1.355625057E1,-6.487500191E0
3.209827365E2,3.345000076E1,-1.290000057E1,-6.412500381E0
3.210027344E2,3.230625153E1,-1.333125019E1,-6.693750381E0
3.210227290E2,3.354375076E1,-1.310625076E1,-6.112500191E0
3.210427319E2,3.348750305E1,-1.350000095E1,-8.081250191E0
3.210627300E2,3.296250153E1,-1.305000019E1,-6.712500095E0
3.210827245E2,3.318750000E1,-1.321875095E1,-7.556250095E0
3.211027272E2,3.309375000E1,-1.350000095E1,-7.762500286E0
3.211227262E2,3.249375153E1,-1.314375019E1,-6.693750381E0
3.211427213E2,3.298125076E1,-1.346250057E1,-6.618750095E0
3.211627247E2,3.346875000E1,-1.348125076E1,-6.525000095E0
3.211827235E2,3.326250076E1,-1.320000076E1,-6.206250191E0
3.212027187E2,3.316875076E1,-1.306875038E1,-6.712500095E0
3.212227225E2,3.356250000E1,-1.329375076E1,-6.318750381E0
3.212427005E2,3.375000000E1,-1.299375057E1,-6.431250095E0
3.212627118E2,3.337500000E1,-1.325625038E1,-6.825000286E0
3.212827171E2,3.393750000E1,-1.278750038E1,-6.637500286E0
3.213027175E2,3.375000000E1,-1.308750057E1,-6.731250286E0
3.213227704E2,3.468750000E1,-1.241250038E1,-6.750000477E0
3.213427615E2,3.451875305E1,-1.269375038E1,-6.862500191E0
3.213627490E2,3.461250305E1,-1.276875019E1,-7.481250286E0
3.213827457E2,3.431250000E1,-1.269375038E1,-6.750000477E0
3.214027388E2,3.487500000E1,-1.181250000E1,-6.975000381E0
3.214227285E2,3.472500229E1,-1.297500038E1,-7.481250286E0
3.214427289E2,3.526875305E1,-1.203750038E1,-6.675000191E0
3.214626813E2,3.517500305E1,-1.211250019E1,-6.975000381E0
3.214826958E2,3.515625000E1,-1.194375038E1,-6.768750191E0
3.215027045E2,3.594375229E1,-1.205625057E1,-6.900000095E0
3.215227080E2,3.545625305E1,-1.205625057E1,-6.675000191E0
3.215427302E2,3.594375229E1,-1.205625057E1,-6.693750381E0
3.215627317E2,3.631875229E1,-1.171875000E1,-5.962500095E0
3.215827280E2,3.613125229E1,-1.211250019E1,-5.962500095E0
3.216027321E2,3.631875229E1,-1.185000038E1,-5.456250191E0
3.216227310E2,3.654375076E1,-1.261875057E1,-5.981250286E0
3.216427244E2,3.673125076E1,-1.278750038E1,-4.950000286E0
3.216627278E2,3.616875076E1,-1.306875038E1,-4.931250095E0
3.216827263E2,3.665625000E1,-1.297500038E1,-5.043750286E0
3.217027323E2,3.618750000E1,-1.376250076E1,-4.837500095E0
3.217227326E2,3.695625305E1,-1.378125095E1,-3.300000191E0
3.217427287E2,3.609375000E1,-1.389375019E1,-4.312500000E0
3.217627219E2,3.665625000E1,-1.376250076E1,-3.300000191E0
3.217827250E2,3.648750305E1,-1.423125076E1,-3.600000143E0
3.218027221E2,3.669375229E1,-1.447500038E1,-2.887500048E0
3.218227273E2,3.688125229E1,-1.458750057E1,-3.000000000E0
3.218427271E2,3.669375229E1,-1.449375057E1,-2.568750143E0
3.218627218E2,3.620625305E1,-1.455000019E1,-3.187500238E0
3.218827150E2,3.686250305E1,-1.402500057E1,-2.475000143E0
3.219027170E2,3.744375229E1,-1.402500057E1,-2.700000048E0
3.219227146E2,3.753750229E1,-1.396875095E1,-1.856250048E0
3.219427202E2,3.800625229E1,-1.391250038E1,-1.350000024E0
3.219627206E2,3.868125153E1,-1.370625019E1,-2.250000089E-1
3.219827172E2,3.875625229E1,-1.338750076E1,-7.500000000E-1
3.220026893E2,3.778125000E1,-1.348125076E1,-3.000000119E-1
3.220226962E2,3.886875153E1,-1.350000095E1,-5.437500477E-1
3.220427094E2,3.856875229E1,-1.376250076E1,9.187500477E-1
3.220627161E2,3.911250305E1,-1.299375057E1,8.062500358E-1
3.220827512E2,3.836250305E1,-1.359375095E1,1.443750024E0
3.221027516E2,3.896250153E1,-1.376250076E1,4.875000119E-1
3.221227462E2,3.883125305E1,-1.344375038E1,2.043750048E0
3.221427371E2,3.892500305E1,-1.357500076E1,2.662500143E0
3.221627369E2,3.868125153E1,-1.456875038E1,2.662500143E0
3.221827310E2,3.885000229E1,-1.404375076E1,2.043750048E0
3.222027353E2,3.810000229E1,-1.485000038E1,2.887500048E0
3.222227342E2,3.864375305E1,-1.400625038E1,3.393750191E0
3.222427291E2,3.838125229E1,-1.479375076E1,3.187500238E0
3.222627327E2,3.907500076E1,-1.470000076E1,2.962500095E0
3.222827313E2,3.780000305E1,-1.500000095E1,3.731250048E0
3.223027376E2,3.800625229E1,-1.501875019E1,4.143750191E0
3.223227274E2,3.735000229E1,-1.599375057E1,4.050000191E0
3.223427262E2,3.772500229E1,-1.575000095E1,4.762500286E0
3.223627214E2,3.811875153E1,-1.575000095E1,4.443750381E0
3.223827251E2,3.821250153E1,-1.545000076E1,4.443750381E0
3.224027230E2,3.868125153E1,-1.505625057E1,4.218750000E0
3.224227189E2,3.900000000E1,-1.558125019E1,4.518750191E0
3.224427229E2,3.907500076E1,-1.496250057E1,4.106250286E0
3.224627220E2,3.916875076E1,-1.498125076E1,4.518750191E0
3.224827288E2,3.894375229E1,-1.470000076E1,4.837500095E0
3.225027300E2,3.943125153E1,-1.453125095E1,5.043750286E0
3.225227269E2,3.926250076E1,-1.526250076E1,5.981250286E0
3.225427104E2,3.993750000E1,-1.494375038E1,5.231250286E0
3.225627145E2,3.933750153E1,-1.486875057E1,5.868750095E0
3.225827142E2,3.915000153E1,-1.530000019E1,6.600000381E0
3.226027212E2,3.991875076E1,-1.483125019E1,6.581250191E0
3.226227795E2,3.935625076E1,-1.560000038E1,6.581250191E0
3.226427751E2,3.907500076E1,-1.591875076E1,7.012500286E0
3.226627657E2,3.946875000E1,-1.612500000E1,6.993750095E0
3.226827530E2,3.926250076E1,-1.593750095E1,7.106250286E0
3.227027387E2,3.928125000E1,-1.644375038E1,7.312500477E0
3.227227341E2,3.877500153E1,-1.563750076E1,7.537500381E0
3.227427275E2,3.870000076E1,-1.612500000E1,7.443750381E0
3.227626867E2,3.886875153E1,-1.565625095E1,7.650000095E0
3.227826949E2,3.937500000E1,-1.605000114E1,7.425000191E0
3.228026988E2,4.003125000E1,-1.550625038E1,7.818750381E0
3.228227100E2,3.924375153E1,-1.580625057E1,8.362500191E0
3.228427379E2,3.991875076E1,-1.554375076E1,8.643750191E0
3.228627332E2,4.012500000E1,-1.586250019E1,8.962500572E0
3.228827357E2,4.057500076E1,-1.520625019E1,9.150000572E0
3.229027332E2,4.048125076E1,-1.520625019E1,9.356250763E0
3.229227266E2,4.046250153E1,-1.475625038E1,1.010625076E1
3.229427284E2,4.038750076E1,-1.548750019E1,1.081875038E1
3.229627262E2,4.046250153E1,-1.509375095E1,1.093125057E1
3.229827315E2,4.014375305E1,-1.471875095E1,1.156875038E1
3.230027315E2,4.006875229E1,-1.500000095E1,1.125000000E1
3.230227272E2,4.035000229E1,-1.471875095E1,1.125000000E1
3.230427311E2,4.065000153E1,-1.507500076E1,1.205625057E1
3.230627305E2,4.021875000E1,-1.426875019E1,1.228125095E1
3.230827271E2,4.005000305E1,-1.494375038E1,1.207500076E1
3.231027302E2,3.965625000E1,-1.505625057E1,1.230000019E1
3.231227287E2,3.993750000E1,-1.445625019E1,1.230000019E1
3.231427232E2,3.956250000E1,-1.516875076E1,1.282500076E1
3.231627259E2,3.963750076E1,-1.470000076E1,1.323750019E1
3.231827249E2,3.933750153E1,-1.451250076E1,1.335000038E1
3.232027310E2,3.973125076E1,-1.483125019E1,1.376250076E1
3.232227316E2,4.040625000E1,-1.488750076E1,1.436250019E1
3.232427278E2,4.031250000E1,-1.456875038E1,1.374375057E1
3.232627322E2,4.096875000E1,-1.434375095E1,1.466250038E1
3.232827319E2,4.010625076E1,-1.428750038E1,1.426875019E1
3.233027061E2,4.057500076E1,-1.456875038E1,1.560000038E1
3.233227145E2,4.166250229E1,-1.445625019E1,1.453125095E1
3.233427175E2,4.104375076E1,-1.413750076E1,1.642500114E1
3.233627162E2,4.076250076E1,-1.440000057E1,1.590000057E1
3.233827564E2,4.038750076E1,-1.460625076E1,1.633125114E1
3.234027498E2,3.920625305E1,-1.417500019E1,1.460625076E1
3.234227393E2,3.900000000E1,-1.389375019E1,1.503750038E1
3.234427378E2,4.057500076E1,-1.447500038E1,1.550625038E1
3.234627324E2,3.909375000E1,-1.393125057E1,1.554375076E1
3.234827337E2,3.890625000E1,-1.402500057E1,1.545000076E1
3.235027327E2,3.918750000E1,-1.419375038E1,1.648125076E1
3.235226841E2,3.888750076E1,-1.389375019E1,1.668750000E1
3.235426973E2,3.879375076E1,-1.363125038E1,1.576875019E1
3.235627050E2,3.939375305E1,-1.426875019E1,1.616250038E1
3.235827077E2,3.828750229E1,-1.363125038E1,1.764375114E1
3.236027287E2,3.819375229E1,-1.385625076E1,1.807500076E1
3.236227299E2,3.855000305E1,-1.348125076E1,1.846875000E1
3.236427260E2,3.808125305E1,-1.368750095E1,1.858125114E1
3.236627299E2,3.843750000E1,-1.323750019E1,1.931250000E1
3.236827287E2,3.853125000E1,-1.303125095E1,1.899375153E1
3.237027223E2,3.841875076E1,-1.278750038E1,2.025000000E1
3.237227257E2,3.901875305E1,-1.310625076E1,2.011875153E1
3.237427240E2,3.888750076E1,-1.275000095E1,2.107500076E1
3.237627298E2,3.800625229E1,-1.248750019E1,2.036250114E1
3.237827302E2,3.873750305E1,-1.190625000E1,2.190000153E1
3.238027264E2,3.808125305E1,-1.220625019E1,2.223750114E1
3.238227196E2,3.963750076E1,-1.228125095E1,2.270625114E1
3.238427114E2,3.943125153E1,-1.276875019E1,2.428125191E1
3.238627111E2,3.922500229E1,-1.216875076E1,2.448750114E1
3.238827183E2,3.856875229E1,-1.256250095E1,2.315625000E1
3.239027202E2,3.881250000E1,-1.173750019E1,2.388750076E1
3.239227741E2,3.894375229E1,-1.286250019E1,2.448750114E1
3.239427665E2,3.776250076E1,-1.185000038E1,2.319375038E1
3.239627546E2,3.723750305E1,-1.149375057E1,2.403750038E1
3.239827518E2,3.684375000E1,-1.138125038E1,2.415000153E1
3.240027452E2,3.744375229E1,-1.162500000E1,2.445000076E1
3.240227357E2,3.733125305E1,-1.130625057E1,2.433750153E1
3.240427247E2,3.759375000E1,-1.070625019E1,2.381250000E1
3.240626913E2,3.708750153E1,-1.027500057E1,2.529375076E1
3.240826943E2,3.697500229E1,-1.042500019E1,2.643750191E1
3.241027050E2,3.800625229E1,-9.881250381E0,2.827500153E1
3.241227102E2,3.868125153E1,-9.656250000E0,2.754375076E1
3.241427448E2,3.755625153E1,-1.014375019E1,2.641875076E1
3.241627450E2,3.695625305E1,-9.843750000E0,2.664375114E1
3.241827400E2,3.727500153E1,-8.662500381E0,2.820000076E1
3.242027426E2,3.804375076E1,-8.868750572E0,2.953125191E1
3.242227401E2,3.776250076E1,-9.093750000E0,3.026250076E1
3.242427324E2,3.669375229E1,-8.756250381E0,2.833125114E1
3.242627352E2,3.738750076E1,-9.000000000E0,2.893125153E1
3.242827332E2,3.523125076E1,-8.493750572E0,2.827500153E1
3.243027275E2,3.616875076E1,-8.156250000E0,2.855625153E1
3.243227303E2,3.541875076E1,-8.550000191E0,2.910000038E1
3.243427286E2,3.571875000E1,-8.831250191E0,2.855625153E1
3.243627348E2,3.635625076E1,-8.362500191E0,3.041250038E1
3.243827358E2,3.489375305E1,-7.950000286E0,2.911875153E1
3.244027319E2,3.528750229E1,-8.193750381E0,2.983125114E1
3.244227248E2,3.601875305E1,-7.575000286E0,3.230625153E1
3.244427266E2,3.613125229E1,-7.987500191E0,3.251250076E1
3.244627231E2,3.525000000E1,-7.837500095E0,3.211875153E1
3.244827177E2,3.609375000E1,-6.993750095E0,3.262500000E1
3.245027209E2,3.571875000E1,-7.425000191E0,3.180000114E1
3.245227195E2,3.691875076E1,-7.856250286E0,3.176250076E1
3.245427257E2,3.465000153E1,-7.218750477E0,3.046875191E1
3.245627267E2,3.532500076E1,-6.881250381E0,3.097500038E1
3.245827237E2,3.596250153E1,-6.262500286E0,3.210000229E1
3.246027071E2,3.596250153E1,-6.487500191E0,3.253125000E1
3.246227114E2,3.656250000E1,-6.787500381E0,3.219375229E1
3.246427112E2,3.598125076E1,-6.581250191E0,3.221250153E1
3.246627183E2,3.562500000E1,-6.000000000E0,3.440625000E1
3.246827654E2,3.603750229E1,-6.075000286E0,3.388125229E1
3.247027637E2,3.592500305E1,-5.681250095E0,3.408750153E1
3.247227565E2,3.592500305E1,-5.643750191E0,3.346875000E1
3.247427463E2,3.603750229E1,-6.393750191E0,3.429375076E1
3.247627446E2,3.590625000E1,-5.625000000E0,3.481875229E1
3.247827380E2,3.463125229E1,-5.437500000E0,3.558750153E1
3.248027867E2,3.423750305E1,-5.512500286E0,3.538125229E1
3.248227861E2,3.425625229E1,-5.850000381E0,3.435000229E1
3.248427690E2,3.481875229E1,-5.212500095E0,3.495000076E1
3.248627506E2,3.425625229E1,-6.018750191E0,3.558750153E1
3.248827435E2,3.405000305E1,-5.400000095E0,3.528750229E1
3.249027565E2,3.444375229E1,-5.625000000E0,3.547500229E1
3.249227409E2,3.480000305E1,-5.400000095E0,3.671250153E1
3.249427475E2,3.403125000E1,-5.493750095E0,3.684375000E1
3.249627378E2,3.468750000E1,-4.893750191E0,3.652500153E1
3.249827261E2,3.440625000E1,-5.287500381E0,3.652500153E1
3.250027232E2,3.431250000E1,-5.287500381E0,3.673125076E1
3.250227306E2,3.266250229E1,-4.856250286E0,3.511875153E1
3.250427325E2,3.223125076E1,-4.631250381E0,3.669375229E1
3.250627301E2,3.232500076E1,-4.125000000E0,3.639375305E1
3.250827242E2,3.232500076E1,-4.443750381E0,3.669375229E1
3.251027272E2,3.157500076E1,-4.800000191E0,3.650625229E1
3.251227252E2,3.174375153E1,-4.312500000E0,3.650625229E1
3.251427219E2,3.146250153E1,-4.687500000E0,3.630000305E1
3.251627255E2,3.118125153E1,-4.575000286E0,3.611250305E1
3.251827248E2,3.088125038E1,-4.650000095E0,3.601875305E1
3.252027311E2,3.030000114E1,-4.856250286E0,3.654375076E1
3.252227306E2,3.001875114E1,-4.968750000E0,3.686250305E1
3.252427277E2,2.992500114E1,-5.231250286E0,3.624375153E1
3.252627320E2,2.992500114E1,-5.137500286E0,3.624375153E1
3.252827312E2,2.915625191E1,-5.625000000E0,3.667500305E1
3.253027266E2,2.936250114E1,-5.606250286E0,3.635625076E1
3.253227301E2,2.836875153E1,-5.418750286E0,3.680625153E1
3.253427286E2,2.887500191E1,-5.700000286E0,3.637500000E1
3.253627027E2,2.896875191E1,-5.718750000E0,3.658125305E1
3.253827116E2,2.919375038E1,-5.981250286E0,3.605625153E1
3.254027150E2,2.820000076E1,-5.925000191E0,3.712500000E1
3.254227140E2,2.818125153E1,-5.418750286E0,3.691875076E1
3.254427656E2,2.859375191E1,-6.000000000E0,3.669375229E1
3.254627562E2,2.865000153E1,-5.362500191E0,3.742500305E1
3.254827545E2,2.836875153E1,-5.681250095E0,3.795000076E1
3.255027481E2,2.855625153E1,-5.700000286E0,3.836250305E1
3.255227387E2,2.868750191E1,-6.262500286E0,3.761250305E1
3.255427379E2,2.880000114E1,-6.506250381E0,3.855000305E1
3.255627334E2,2.808750153E1,-5.981250286E0,3.826875305E1
3.255826832E2,2.829375076E1,-6.262500286E0,3.783750153E1
3.256026956E2,2.793750191E1,-6.975000381E0,3.836250305E1
3.256227022E2,2.801250076E1,-6.487500191E0,3.836250305E1
3.256427042E2,2.874375153E1,-7.875000477E0,3.990000153E1
3.256627249E2,2.977500153E1,-7.181250095E0,4.091250229E1
3.256827259E2,2.919375038E1,-7.312500477E0,4.008750153E1
3.257027223E2,2.872500038E1,-7.743750095E0,4.093125153E1
3.257227262E2,2.825625038E1,-8.193750381E0,4.033125305E1
3.257427250E2,2.746875191E1,-7.950000286E0,3.993750000E1
3.257627307E2,2.730000114E1,-8.193750381E0,3.941250229E1
3.257827309E2,2.745000076E1,-7.800000191E0,4.096875000E1
3.258027259E2,2.735625076E1,-7.556250095E0,4.014375305E1
3.258227197E2,2.754375076E1,-7.537500381E0,4.138125229E1
3.258427215E2,2.743125153E1,-7.143750191E0,4.149375153E1
3.258627189E2,2.730000114E1,-6.862500191E0,4.201875305E1
3.258827244E2,2.816250038E1,-6.243750095E0,4.117500305E1
3.259027147E2,2.921250153E1,-6.412500381E0,4.351875305E1
3.259227130E2,2.825625038E1,-6.562500477E0,4.314375305E1
3.259427194E2,2.878125191E1,-5.418750286E0,4.355625153E1
3.259627201E2,2.861250114E1,-5.643750191E0,4.230000305E1
3.259827839E2,2.775000191E1,-5.381250381E0,4.014375305E1
3.260027611E2,2.805000114E1,-5.737500191E0,4.085625076E1
3.260227498E2,2.761875153E1,-5.193750381E0,4.201875305E1
3.260427475E2,2.820000076E1,-4.706250191E0,4.190625000E1
3.260627415E2,2.857500076E1,-4.537500381E0,4.211250305E1
3.260827326E2,2.850000191E1,-4.950000286E0,4.085625076E1
3.261027216E2,2.951250076E1,-3.918750048E0,4.291875076E1
3.261226992E2,2.958750153E1,-3.618750095E0,4.301250076E1
3.261426998E2,2.865000153E1,-3.675000191E0,4.106250000E1
3.261627082E2,2.981250191E1,-3.843750238E0,4.155000305E1
3.261827119E2,2.934375191E1,-3.956250191E0,4.031250000E1
3.262027555E2,2.970000076E1,-3.056250095E0,3.990000153E1
3.262227519E2,2.949375153E1,-3.056250095E0,4.168125153E1
3.262427444E2,2.994375038E1,-2.512500048E0,4.228125000E1
3.262627448E2,2.996250153E1,-2.568750143E0,4.177500153E1
3.262827409E2,3.013125038E1,-1.875000119E0,4.166250229E1
3.263027318E2,3.069375038E1,-2.175000191E0,4.310625076E1
3.263227221E2,3.155625153E1,-1.931250095E0,4.359375000E1
3.263427330E2,3.091875076E1,-2.512500048E0,4.185000229E1
3.263627265E2,3.129375076E1,-2.287500143E0,4.297500229E1
3.263827289E2,2.975625038E1,-1.893750072E0,4.033125305E1
3.264027268E2,3.159375191E1,-2.437500000E0,4.192500305E1
3.264227316E2,3.106875038E1,-1.575000048E0,4.267500305E1
3.264427321E2,2.962500191E1,-1.575000048E0,4.168125153E1
3.264627292E2,3.003750038E1,-1.800000072E0,4.021875000E1
3.264827338E2,3.024375153E1,-2.137500048E0,4.102500153E1
3.265027330E2,3.020625114E1,-1.368750095E0,4.145625305E1
3.265227272E2,3.210000229E1,-9.562500119E-1,4.348125076E1
3.265427312E2,3.170625114E1,-7.500000000E-1,4.359375000E1
3.265627300E2,3.106875038E1,-1.143750072E0,4.194375229E1
3.265827251E2,3.279375076E1,-1.087500095E0,4.355625153E1
3.266027287E2,3.268125153E1,-4.687500298E-1,4.316250229E1
3.266227275E2,3.150000191E1,-3.000000119E-1,4.267500305E1
3.266427222E2,3.091875076E1,1.875000075E-2,4.093125153E1
3.266627156E2,3.103125191E1,-1.125000045E-1,4.143750000E1
3.266827171E2,3.140625191E1,7.500000298E-2,4.153125000E1
3.267027046E2,3.101250076E1,3.750000149E-2,4.237500000E1
3.267227117E2,3.140625191E1,-2.250000089E-1,4.320000076E1
3.267427704E2,3.108750153E1,2.062500119E-1,4.258125305E1
3.267627667E2,3.127500153E1,4.875000119E-1,4.299375153E1
3.267827578E2,3.266250229E1,-3.750000000E-1,4.346250153E1
3.268027459E2,3.311250305E1,4.312500060E-1,4.460625076E1
3.268227434E2,3.204375076E1,4.500000179E-1,4.318125153E1
3.268427396E2,3.253125000E1,5.250000358E-1,4.327500153E1
3.268627412E2,3.292500305E1,7.125000358E-1,4.316250229E1
3.268826957E2,3.172500038E1,1.668750048E0,4.091250229E1
3.269027004E2,3.251250076E1,1.631250024E0,4.119375229E1
3.269227013E2,3.189375114E1,2.306250095E0,4.185000229E1
3.269427101E2,3.414375305E1,1.500000000E0,4.426875305E1
3.269627586E2,3.210000229E1,1.837500095E0,4.297500229E1
3.269827468E2,3.210000229E1,1.818750024E0,4.173750305E1
3.270027434E2,3.279375076E1,1.481250048E0,4.201875305E1
3.270227363E2,3.318750000E1,1.462500095E0,4.222500229E1
3.270427375E2,3.363750076E1,2.156250000E0,4.376250076E1
3.270627333E2,3.395625305E1,1.575000048E0,4.323750305E1
3.270827379E2,3.453750229E1,1.331250072E0,4.374375153E1
3.271027371E2,3.493125153E1,1.537500024E0,4.320000076E1
3.271227335E2,3.360000229E1,9.375000596E-1,4.241250229E1
3.271427266E2,3.543750000E1,1.275000095E0,4.256250000E1
3.271627283E2,3.474375153E1,1.462500095E0,4.301250076E1
3.271827371E2,3.378750229E1,1.331250072E0,4.065000153E1
3.272027289E2,3.551250076E1,1.668750048E0,4.256250000E1
3.272227293E2,3.630000305E1,1.593750119E0,4.160625076E1
3.272427257E2,3.465000153E1,1.987500072E0,4.072500229E1
3.272627301E2,3.541875076E1,2.025000095E0,4.132500076E1
3.272827284E2,3.470625305E1,2.193750143E0,4.395000076E1
3.273027240E2,3.663750076E1,2.456250191E0,4.368750000E1
3.273227274E2,3.635625076E1,2.250000000E0,4.380000305E1
3.273427274E2,3.635625076E1,2.550000191E0,4.233750153E1
3.273626911E2,3.605625153E1,3.112500191E0,4.132500076E1
3.273827022E2,3.549375153E1,2.681250095E0,4.038750076E1
3.274027082E2,3.706875229E1,1.950000048E0,4.190625000E1
3.274226990E2,3.695625305E1,2.137500048E0,4.222500229E1
3.274427092E2,3.521250153E1,2.606250048E0,3.999375153E1
3.274627134E2,3.510000229E1,2.812500000E0,3.988125229E1
3.274827239E2,3.675000000E1,2.343750000E0,4.213125229E1
3.275027838E2,3.646875000E1,2.418750048E0,4.098750305E1
3.275227692E2,3.560625076E1,2.756250143E0,3.903750229E1
3.275427626E2,3.720000076E1,1.350000024E0,4.023750305E1
3.275627537E2,3.656250000E1,2.437500000E0,4.233750153E1
3.275827414E2,3.588750076E1,2.700000048E0,3.997500229E1
3.276027376E2,3.528750229E1,2.887500048E0,4.040625000E1
3.276227325E2,3.735000229E1,2.156250000E0,4.147500229E1
3.276426921E2,3.675000000E1,2.662500143E0,4.181250000E1
3.276627010E2,3.558750153E1,2.643750191E0,4.100625229E1
3.276827050E2,3.583125305E1,1.518750072E0,4.141875076E1
3.277027048E2,3.703125000E1,1.106250048E0,3.930000305E1
3.277227345E2,3.645000076E1,1.031250000E0,3.931875229E1
3.277427317E2,3.607500076E1,5.625000000E-1,4.066875076E1
3.277627362E2,3.511875153E1,3.187500238E-1,3.851250076E1
3.277827360E2,3.541875076E1,2.062500119E-1,3.851250076E1
3.278027313E2,3.622500229E1,-2.062500119E-1,3.847500229E1
3.278227334E2,3.538125229E1,-1.237500072E0,3.975000000E1
3.278427318E2,3.615000153E1,-8.437500596E-1,3.941250229E1
3.278627373E2,3.450000000E1,-9.000000358E-1,3.780000305E1
3.278827375E2,3.579375076E1,-1.650000095E0,3.785625076E1
3.279027334E2,3.641250229E1,-1.931250095E0,3.742500305E1
3.279227262E2,3.660000229E1,-1.968750119E0,3.804375076E1
3.279427270E2,3.676875305E1,-1.556250095E0,3.763125229E1
3.279627247E2,3.635625076E1,-2.906250000E0,3.731250000E1
3.279827305E2,3.496875000E1,-2.418750048E0,3.631875229E1
3.280027310E2,3.540000153E1,-2.943750143E0,3.495000076E1
3.280227272E2,3.656250000E1,-3.206250191E0,3.710625076E1
3.280427302E2,3.637500000E1,-3.300000191E0,3.710625076E1
3.280627298E2,3.463125229E1,-3.168750048E0,3.590625000E1
3.280827251E2,3.485625076E1,-3.618750095E0,3.476250076E1
3.281027285E2,3.590625000E1,-3.768750191E0,3.701250076E1
3.281227274E2,3.564375305E1,-4.200000286E0,3.586875153E1
3.281427224E2,3.438750076E1,-4.500000000E0,3.508125305E1
3.281627256E2,3.566250229E1,-5.006250381E0,3.618750000E1
3.281827147E2,3.412500000E1,-4.912500381E0,3.540000153E1
3.282027236E2,3.405000305E1,-5.606250286E0,3.528750229E1
3.282227267E2,3.481875229E1,-5.343750000E0,3.568125153E1
3.282427247E2,3.421875000E1,-5.493750095E0,3.673125076E1
3.282627755E2,3.463125229E1,-5.756250381E0,3.588750076E1
3.282827659E2,3.440625000E1,-5.100000381E0,3.684375000E1
3.283027524E2,3.391875076E1,-5.418750286E0,3.727500153E1
3.283227485E2,3.431250000E1,-5.381250381E0,3.663750076E1
3.283427409E2,3.440625000E1,-5.100000381E0,3.663750076E1
3.283627327E2,3.431250000E1,-5.456250191E0,3.778125000E1
3.283827321E2,3.405000305E1,-6.018750191E0,3.725625229E1
3.284026844E2,3.401250076E1,-5.118750095E0,3.716250229E1
3.284226880E2,3.410625076E1,-5.193750381E0,3.684375000E1
3.284426882E2,3.324375153E1,-5.362500191E0,3.676875305E1
3.284626963E2,3.339375305E1,-4.743750095E0,3.791250229E1
3.284827334E2,3.331875229E1,-5.006250381E0,3.750000000E1
3.285027357E2,3.185625076E1,-4.668750286E0,3.577500153E1
3.285227325E2,3.292500305E1,-4.950000286E0,3.834375000E1
3.285427366E2,3.215625000E1,-4.931250095E0,3.690000153E1
3.285627354E2,3.251250076E1,-4.518750191E0,3.793125153E1
3.285827297E2,3.240000153E1,-4.481250286E0,3.898125076E1
3.286027322E2,3.240000153E1,-4.350000381E0,3.856875229E1
3.286227297E2,3.181875038E1,-4.181250095E0,3.765000153E1
3.286427246E2,3.123750114E1,-4.068750381E0,3.776250076E1
3.286627280E2,3.180000114E1,-4.368750095E0,4.087500000E1
3.286827265E2,2.953125191E1,-3.393750191E0,3.907500076E1
3.287027437E2,2.983125114E1,-3.618750095E0,3.916875076E1
3.287227418E2,3.048750114E1,-3.356250048E0,4.123125076E1
3.287427355E2,3.048750114E1,-3.356250048E0,4.111875153E1
3.287627374E2,3.007500076E1,-3.206250191E0,4.216875076E1
3.287827347E2,2.775000191E1,-2.812500000E0,4.006875229E1
3.288027282E2,2.910000038E1,-2.981250048E0,4.053750229E1
3.288227191E2,2.803125191E1,-2.643750191E0,4.068750000E1
3.288427193E2,2.934375191E1,-1.912500024E0,4.095000076E1
3.288627170E2,2.857500076E1,-2.025000095E0,4.170000076E1
3.288827229E2,2.698125076E1,-1.218750000E0,4.040625000E1
3.289027235E2,2.698125076E1,-9.187500477E-1,4.051875305E1
3.289227311E2,2.810625076E1,-8.062500358E-1,4.288125229E1
3.289427117E2,2.756250191E1,-1.368750095E0,4.278750229E1
3.289627135E2,2.673750114E1,-2.812500000E-1,4.145625305E1
3.289827227E2,2.544375038E1,9.375000000E-2,4.254375076E1
3.290027259E2,2.630625153E1,1.500000060E-1,4.458750153E1
3.290227799E2,2.565000153E1,-4.875000119E-1,4.398750305E1
3.290427610E2,2.581875038E1,3.187500238E-1,4.357500076E1
3.290627513E2,2.572500038E1,0.000000000E0,4.387500000E1
3.290827405E2,2.540625191E1,-5.625000224E-2,4.680000305E1
3.291027387E2,2.559375191E1,3.937500119E-1,4.586250305E1
3.291227328E2,2.480625153E1,7.312500477E-1,4.558125305E1
3.291427363E2,2.296875000E1,6.937500238E-1,4.385625076E1
3.291626915E2,2.385000038E1,9.187500477E-1,4.269375229E1
3.291826967E2,2.396250153E1,4.875000119E-1,4.351875305E1
3.292026981E2,2.420625114E1,9.562500119E-1,4.528125000E1
3.292227071E2,2.383125114E1,1.218750000E0,4.456875229E1
3.292427441E2,2.197500038E1,1.331250072E0,4.348125076E1
3.292627355E2,2.165625000E1,1.912500024E0,4.402500153E1
3.292827341E2,2.113125038E1,2.550000191E0,4.507500076E1
3.293027413E2,2.096250153E1,2.250000000E0,4.372500229E1
3.293227418E2,2.133750153E1,2.418750048E0,4.381875229E1
3.293427371E2,2.131875038E1,2.512500048E0,4.578750229E1
3.293627413E2,2.152500153E1,2.643750191E0,4.505625153E1
3.293827401E2,2.026875114E1,4.087500095E0,4.635000229E1
3.294027348E2,2.010000038E1,3.993750095E0,4.470000076E1
3.294227267E2,2.040000153E1,3.750000238E0,4.541250229E1
3.294427277E2,2.068125153E1,4.050000191E0,4.530000305E1
3.294627356E2,1.918125153E1,4.575000286E0,4.545000076E1
3.294827269E2,1.830000114E1,5.418750286E0,4.331250000E1
3.295027277E2,1.719375038E1,5.943750381E0,4.500000000E1
3.295227245E2,1.698750114E1,5.962500095E0,4.501875305E1
3.295427293E2,1.738125038E1,6.056250095E0,4.479375076E1
3.295627276E2,1.696875000E1,6.300000191E0,4.595625305E1
3.295827238E2,1.606875038E1,6.618750095E0,4.608750153E1
3.296027277E2,1.732500076E1,6.787500381E0,4.771875000E1
3.296227267E2,1.663125038E1,6.975000381E0,4.835625076E1
3.296427221E2,1.593750095E1,6.993750095E0,4.837500381E1
3.296627258E2,1.505625057E1,7.406250477E0,4.674375153E1
3.296827245E2,1.552500057E1,7.968750477E0,4.704375076E1
3.297027105E2,1.426875019E1,7.931250095E0,4.676250076E1
3.297227165E2,1.357500076E1,8.156250000E0,4.657500076E1
3.297427176E2,1.363125038E1,9.037500381E0,4.668750000E1
3.297627258E2,1.235625076E1,9.075000763E0,4.672500229E1
3.297827843E2,1.246875095E1,9.468750000E0,4.485000229E1
3.298027799E2,1.171875000E1,8.681250572E0,4.539375305E1
3.298227706E2,1.147500038E1,9.750000000E0,4.582500076E1
3.298427582E2,1.173750019E1,9.768750191E0,4.717500305E1
3.298627435E2,1.145625019E1,9.712500572E0,4.655625153E1
3.298827387E2,1.072500038E1,1.070625019E1,4.689375305E1
3.299027313E2,1.036875057E1,1.025625038E1,4.618125153E1
3.299226899E2,8.812500000E0,1.065000057E1,4.528125000E1
3.299426987E2,9.075000763E0,1.076250076E1,4.672500229E1
3.299627145E2,8.193750381E0,1.110000038E1,4.644375229E1
3.299827230E2,8.268750191E0,1.128750038E1,4.655625153E1
3.300027598E2,8.268750191E0,1.147500038E1,4.665000153E1
3.300227503E2,7.312500477E0,1.132500076E1,4.492500305E1
3.300427488E2,7.668750286E0,1.211250019E1,4.648125076E1
3.300627430E2,7.462500095E0,1.215000057E1,4.595625305E1
3.300827341E2,5.456250191E0,1.175625038E1,4.528125000E1
3.301027333E2,5.025000095E0,1.267500019E1,4.488750076E1
3.301227295E2,4.743750095E0,1.239375019E1,4.490625000E1
3.301427336E2,4.931250095E0,1.248750019E1,4.468125153E1
3.301627341E2,4.031250000E0,1.308750057E1,4.524375153E1
3.301827206E2,3.750000238E0,1.282500076E1,4.483125305E1
3.302027153E2,3.543750048E0,1.312500095E1,4.494375229E1
3.302227305E2,3.731250048E0,1.323750019E1,4.430625153E1
3.302427273E2,3.262500048E0,1.318125057E1,4.391250229E1
3.302627316E2,3.131250143E0,1.372500038E1,4.485000229E1
3.302827309E2,2.662500143E0,1.335000038E1,4.475625229E1
3.303027263E2,2.831250191E0,1.385625076E1,4.464375305E1
3.303227299E2,2.643750191E0,1.387500095E1,4.425000000E1
3.303427287E2,2.137500048E0,1.395000076E1,4.488750076E1
3.303627232E2,2.325000048E0,1.428750038E1,4.425000000E1
3.303827270E2,1.462500095E0,1.419375038E1,4.470000076E1
3.304027264E2,1.837500095E0,1.451250076E1,4.385625076E1
3.304227217E2,1.350000024E0,1.462500095E1,4.387500000E1
3.304427138E2,7.687500119E-1,1.451250076E1,4.295625305E1
3.304627163E2,6.937500238E-1,1.425000095E1,4.222500229E1
3.304827245E2,1.143750072E0,1.475625038E1,4.366875076E1
3.305027271E2,3.375000060E-1,1.531875038E1,4.441875076E1
3.305227250E2,5.437500477E-1,1.528125095E1,4.327500153E1
3.305427858E2,-3.750000149E-2,1.515000057E1,4.411875153E1
3.305627727E2,4.312500060E-1,1.545000076E1,4.380000305E1
3.305827566E2,-7.500000298E-2,1.584375095E1,4.434375000E1
3.306027511E2,-5.812500119E-1,1.635000038E1,4.436250305E1
3.306227425E2,-2.625000179E-1,1.606875038E1,4.393125153E1
3.306427318E2,-5.437500477E-1,1.550625038E1,4.340625000E1
3.306627308E2,-6.937500238E-1,1.653750038E1,4.466250229E1
3.306827052E2,-1.462500095E0,1.666875076E1,4.428750229E1
3.307027141E2,-1.575000048E0,1.687500000E1,4.417500305E1
3.307227178E2,-1.650000095E0,1.636875153E1,4.449375153E1
3.307427172E2,-9.000000358E-1,1.646250153E1,4.591875076E1
3.307627574E2,-2.343750000E0,1.668750000E1,4.471875000E1
3.307827512E2,-2.475000143E0,1.706250000E1,4.492500305E1
3.308027418E2,-1.968750119E0,1.685625076E1,4.492500305E1
3.308227301E2,-2.550000191E0,1.680000114E1,4.451250076E1
3.308427279E2,-2.531250000E0,1.631250000E1,4.441875076E1
3.308627207E2,-2.943750143E0,1.689375114E1,4.485000229E1
3.308827246E2,-2.175000191E0,1.717500114E1,4.451250076E1
3.309026800E2,-2.250000000E0,1.631250000E1,4.575000000E1
3.309226855E2,-2.550000191E0,1.666875076E1,4.503750229E1
3.309426983E2,-2.756250143E0,1.685625076E1,4.524375153E1
3.309627051E2,-2.943750143E0,1.678125000E1,4.494375229E1
3.309827288E2,-2.943750143E0,1.685625076E1,4.546875000E1
3.310027322E2,-2.268750191E0,1.689375114E1,4.440000153E1
3.310227299E2,-2.550000191E0,1.689375114E1,4.451250076E1
3.310427241E2,-2.268750191E0,1.710000038E1,4.419375229E1
3.310627261E2,-2.962500095E0,1.710000038E1,4.473750305E1
3.310827219E2,-2.475000143E0,1.728750038E1,4.441875076E1
3.311027277E2,-2.681250095E0,1.751250076E1,4.411875153E1
3.311227277E2,-1.518750072E0,1.756875038E1,4.616250229E1
3.311427235E2,-2.456250191E0,1.721250153E1,4.410000229E1
3.311627272E2,-3.243750095E0,1.719375038E1,4.475625229E1
3.311827260E2,-2.868750095E0,1.753125000E1,4.391250229E1
3.312027205E2,-2.756250143E0,1.756875038E1,4.318125153E1
3.312227255E2,-2.681250095E0,1.760625076E1,4.432500076E1
3.312427242E2,-2.887500048E0,1.794375038E1,4.370625305E1
3.312627304E2,-3.075000048E0,1.771875000E1,4.423125076E1
3.312827311E2,-3.356250048E0,1.764375114E1,4.413750076E1
3.313027270E2,-3.375000238E0,1.796250153E1,4.361250305E1
3.313227312E2,-4.143750191E0,1.809375000E1,4.353750229E1
3.313427300E2,-3.468750238E0,1.798125076E1,4.331250000E1
3.313627249E2,-4.256250381E0,1.822500038E1,4.312500000E1
3.313827282E2,-4.256250381E0,1.809375000E1,4.353750229E1
3.314027268E2,-4.631250381E0,1.816875076E1,4.250625229E1
3.314227211E2,-3.750000238E0,1.813125038E1,4.248750305E1
3.314427034E2,-4.931250095E0,1.818750000E1,4.231875229E1
3.314627074E2,-3.843750238E0,1.766250038E1,4.383750153E1
3.314827182E2,-3.487500191E0,1.867500114E1,4.320000076E1
3.315027230E2,-4.762500286E0,1.888125038E1,4.231875229E1
3.315227676E2,-5.025000095E0,1.841250038E1,4.190625000E1
3.315427637E2,-5.043750286E0,1.882500076E1,4.170000076E1
3.315627550E2,-5.325000286E0,1.880625153E1,4.201875305E1
3.315827435E2,-5.437500000E0,1.880625153E1,4.222500229E1
3.316027411E2,-5.831250191E0,1.912500000E1,4.192500305E1
3.316227336E2,-5.512500286E0,1.850625038E1,4.213125229E1
3.316427253E2,-6.318750381E0,1.903125000E1,4.226250076E1
3.316626831E2,-6.018750191E0,1.891875076E1,4.203750229E1
3.316826909E2,-6.187500477E0,1.856250000E1,4.162500000E1
3.317027054E2,-5.512500286E0,1.854375076E1,4.170000076E1
3.317227132E2,-6.206250191E0,1.850625038E1,4.256250000E1
3.317427385E2,-5.418750286E0,1.845000076E1,4.305000305E1
3.317627426E2,-6.112500191E0,1.905000114E1,4.162500000E1
3.317827407E2,-6.393750191E0,1.865625000E1,4.183125305E1
3.318027343E2,-6.206250191E0,1.865625000E1,4.173750305E1
3.318227363E2,-6.300000191E0,1.875000000E1,4.183125305E1
3.318427323E2,-5.906250000E0,1.875000000E1,4.162500000E1
3.318627258E2,-6.018750191E0,1.893750000E1,4.171875000E1
3.318827278E2,-6.600000381E0,1.884375000E1,4.215000153E1
3.319027264E2,-6.318750381E0,1.882500076E1,4.235625076E1
3.319227209E2,-6.318750381E0,1.906875038E1,4.141875076E1
3.319427241E2,-5.925000191E0,1.884375000E1,4.183125305E1
3.319627232E2,-6.131250381E0,1.931250000E1,4.224375153E1
3.319827185E2,-6.018750191E0,1.891875076E1,4.224375153E1
3.320027218E2,-5.906250000E0,1.888125038E1,4.098750305E1
3.320227205E2,-5.718750000E0,1.906875038E1,4.130625153E1
3.320427267E2,-5.531250000E0,1.895625114E1,4.128750229E1
3.320627276E2,-5.643750191E0,1.912500000E1,4.181250000E1
3.320827239E2,-6.018750191E0,1.871250153E1,4.224375153E1
3.321027272E2,-5.718750000E0,1.895625114E1,4.151250076E1
3.321227271E2,-5.456250191E0,1.946250153E1,4.098750305E1
3.321427231E2,-5.793750286E0,1.835625076E1,4.160625076E1
3.321627273E2,-5.550000191E0,1.931250000E1,4.192500305E1
3.321827267E2,-5.343750000E0,1.933125114E1,4.149375153E1
3.322027230E2,-5.812500000E0,1.884375000E1,4.162500000E1
3.322227256E2,-5.625000000E0,1.882500076E1,4.192500305E1
3.322427238E2,-5.550000191E0,1.910625076E1,4.201875305E1
3.322627296E2,-5.643750191E0,1.920000076E1,4.224375153E1
3.322827859E2,-5.756250381E0,1.948125076E1,4.245000076E1
3.323027689E2,-5.325000286E0,1.884375000E1,4.140000153E1
3.323227617E2,-5.550000191E0,1.910625076E1,4.222500229E1
3.323427512E2,-5.718750000E0,1.876875114E1,4.119375229E1
3.323627388E2,-5.456250191E0,1.940625000E1,4.213125229E1
3.323827349E2,-5.568750381E0,1.959375000E1,4.233750153E1
3.324027299E2,-6.150000095E0,1.940625000E1,4.246875000E1
3.324226895E2,-5.812500000E0,1.863750076E1,4.171875000E1
3.324426984E2,-5.831250191E0,1.914375114E1,4.171875000E1
3.324627028E2,-5.643750191E0,1.914375114E1,4.160625076E1
3.324827141E2,-6.018750191E0,1.875000000E1,4.183125305E1
3.325027413E2,-6.300000191E0,1.858125114E1,4.141875076E1
3.325227363E2,-5.925000191E0,1.882500076E1,4.213125229E1
3.325427509E2,-5.887500286E0,1.826250076E1,4.151250076E1
3.325627462E2,-6.281250477E0,1.805625153E1,4.171875000E1
3.325827373E2,-6.506250381E0,1.653750038E1,4.245000076E1
3.326027359E2,-6.675000191E0,1.561875057E1,4.306875229E1
3.326227326E2,-7.256250381E0,1.552500057E1,4.320000076E1
3.326427367E2,-6.750000477E0,1.501875019E1,4.306875229E1
3.326627357E2,-6.825000286E0,1.460625076E1,4.348125076E1
3.326827310E2,-7.575000286E0,1.346250057E1,4.496250153E1
3.327027232E2,-7.968750477E0,1.320000076E1,4.621875000E1
3.327227467E2,-7.312500477E0,1.389375019E1,4.578750229E1
3.327427392E2,-6.506250381E0,1.336875057E1,4.606875229E1
3.327627405E2,-6.993750095E0,1.355625057E1,4.473750305E1
3.327827373E2,-7.181250095E0,1.333125019E1,4.515000153E1
3.328027303E2,-7.725000381E0,1.222500038E1,4.588125229E1
3.328227308E2,-8.418750763E0,1.220625019E1,4.663125229E1
3.328427288E2,-8.381250381E0,1.153125000E1,4.631250000E1
3.328627231E2,-8.681250572E0,1.162500000E1,4.653750229E1
3.328827263E2,-8.981250763E0,1.171875000E1,4.685625076E1
3.329027248E2,-9.468750000E0,1.166250038E1,4.614375305E1
3.329227197E2,-9.037500381E0,1.110000038E1,4.550625229E1
3.329427228E2,-8.456250191E0,1.117500019E1,4.558125305E1
3.329627123E2,-9.037500381E0,1.108125019E1,4.560000229E1
3.329827214E2,-8.775000572E0,1.170000076E1,4.528125000E1
3.330027247E2,-9.150000572E0,1.130625057E1,4.518750000E1
3.330227234E2,-8.681250572E0,1.216875076E1,4.393125153E1
3.330427860E2,-8.625000000E0,1.111875057E1,4.331250000E1
3.330627734E2,-9.075000763E0,1.261875057E1,4.321875000E1
3.330827577E2,-8.662500381E0,1.216875076E1,4.216875076E1
3.331027514E2,-8.606250763E0,1.351875019E1,4.104375076E1
3.331227424E2,-8.043750763E0,1.410000038E1,4.091250229E1
3.331427314E2,-8.081250191E0,1.522500038E1,4.031250000E1
3.331627298E2,-7.931250095E0,1.644375038E1,3.969375229E1
3.331826930E2,-8.062500000E0,1.681875038E1,4.031250000E1
3.332027053E2,-8.043750763E0,1.644375038E1,3.990000153E1
3.332227119E2,-7.837500095E0,1.633125114E1,4.010625076E1
3.332427137E2,-7.950000286E0,1.663125038E1,3.990000153E1
3.332627562E2,-8.512500763E0,1.606875038E1,3.969375229E1
3.332827401E2,-8.118750572E0,1.606875038E1,3.948750305E1
3.333027335E2,-8.606250763E0,1.603125000E1,4.033125305E1
3.333227353E2,-8.437500000E0,1.655625153E1,3.980625153E1
3.333427327E2,-8.381250381E0,1.567500019E1,3.960000229E1
3.333627253E2,-8.606250763E0,1.638750076E1,3.928125000E1
3.333827276E2,-8.700000763E0,1.629375076E1,3.930000305E1
3.334027368E2,-8.793750763E0,1.599375057E1,3.950625229E1
3.334227294E2,-8.493750572E0,1.575000095E1,3.990000153E1
3.334427095E2,-8.493750572E0,1.599375057E1,3.918750000E1
3.334627112E2,-8.700000763E0,1.610625076E1,3.930000305E1
3.334827317E2,-9.281250000E0,1.567500019E1,4.014375305E1
3.335027325E2,-8.981250763E0,1.588125038E1,3.971250153E1
3.335227285E2,-8.700000763E0,1.618125153E1,3.971250153E1
3.335427325E2,-8.793750763E0,1.618125153E1,3.960000229E1
3.335627315E2,-9.075000763E0,1.590000057E1,3.950625229E1
3.335827252E2,-8.981250763E0,1.614375114E1,3.877500153E1
3.336027171E2,-8.793750763E0,1.620000076E1,3.930000305E1
3.336227180E2,-9.187500000E0,1.601250076E1,3.920625305E1
3.336427160E2,-8.906250000E0,1.627500153E1,3.961875153E1
3.336626896E2,-8.700000763E0,1.610625076E1,3.930000305E1
3.336826975E2,-8.812500000E0,1.642500114E1,3.888750076E1
3.337027118E2,-8.512500763E0,1.661250114E1,3.886875153E1
3.337227092E2,-9.187500000E0,1.620000076E1,3.941250229E1
3.337427130E2,-7.650000095E0,1.638750076E1,4.061250305E1
3.337627231E2,-8.587500572E0,1.591875076E1,3.898125076E1
3.337827269E2,-8.493750572E0,1.588125038E1,3.960000229E1
3.338027255E2,-8.962500572E0,1.539375019E1,3.950625229E1
3.338227197E2,-8.700000763E0,1.618125153E1,3.950625229E1
3.338427227E2,-8.793750763E0,1.590000057E1,3.950625229E1
3.338627210E2,-8.493750572E0,1.621875000E1,3.877500153E1
3.338827268E2,-9.093750000E0,1.597500038E1,3.991875076E1
3.339027272E2,-8.700000763E0,1.608750153E1,3.939375305E1
3.339227230E2,-8.493750572E0,1.597500038E1,3.960000229E1
3.339427058E2,-8.681250572E0,1.571250057E1,3.918750000E1
3.339627094E2,-8.493750572E0,1.623750114E1,3.845625305E1
3.339827196E2,-8.306250572E0,1.590000057E1,3.907500076E1
3.340027240E2,-8.400000572E0,1.601250076E1,3.886875153E1
3.340227677E2,-8.100000381E0,1.593750095E1,3.823125076E1
3.340427522E2,-8.475000381E0,1.563750076E1,3.845625305E1
3.340627458E2,-8.700000763E0,1.646250153E1,3.804375076E1
3.340827371E2,-8.381250381E0,1.575000095E1,3.834375000E1
3.341027374E2,-9.093750000E0,1.629375076E1,3.941250229E1
3.341227317E2,-8.681250572E0,1.561875057E1,3.886875153E1
3.341427362E2,-9.075000763E0,1.558125019E1,3.971250153E1
3.341627467E2,-8.493750572E0,1.612500000E1,3.877500153E1
3.341827392E2,-8.287500381E0,1.582500076E1,3.875625229E1
3.342027292E2,-8.287500381E0,1.560000038E1,3.896250153E1
3.342227289E2,-8.681250572E0,1.580625057E1,3.918750000E1
3.342427466E2,-8.887500763E0,1.591875076E1,3.898125076E1
3.342627343E2,-8.512500763E0,1.620000076E1,3.898125076E1
3.342827436E2,-8.418750763E0,1.638750076E1,3.928125000E1
3.343027358E2,-8.887500763E0,1.580625057E1,3.918750000E1
3.343227361E2,-7.912500381E0,1.618125153E1,3.916875076E1
3.343427311E2,-8.493750572E0,1.590000057E1,3.928125000E1
3.343627359E2,-7.725000381E0,1.629375076E1,3.873750305E1
3.343827358E2,-7.350000381E0,1.608750153E1,4.038750076E1
3.344027316E2,-7.931250095E0,1.614375114E1,3.967500305E1
3.344227241E2,-8.793750763E0,1.590000057E1,3.918750000E1
3.344427256E2,-8.587500572E0,1.601250076E1,3.886875153E1
3.344627227E2,-7.518750191E0,1.539375019E1,4.038750076E1
3.344827186E2,-8.306250572E0,1.590000057E1,3.907500076E1
3.345027220E2,-8.962500572E0,1.567500019E1,3.825000000E1
3.345227108E2,-8.568750381E0,1.586250019E1,3.804375076E1
3.345427191E2,-8.493750572E0,1.591875076E1,3.875625229E1
3.345627213E2,-8.606250763E0,1.642500114E1,3.886875153E1
3.345827201E2,-8.700000763E0,1.599375057E1,3.939375305E1
3.346027258E2,-8.212500572E0,1.599375057E1,3.916875076E1
3.346227262E2,-8.400000572E0,1.590000057E1,3.916875076E1
3.346427223E2,-8.418750763E0,1.638750076E1,3.939375305E1
3.346627264E2,-8.137500763E0,1.648125076E1,3.928125000E1
3.346827253E2,-8.137500763E0,1.642500114E1,4.010625076E1
3.347026993E2,-8.587500572E0,1.578750038E1,3.939375305E1
3.347227082E2,-8.681250572E0,1.580625057E1,3.928125000E1
3.347427118E2,-7.537500381E0,1.601250076E1,4.020000076E1
3.347627220E2,-8.287500381E0,1.556250095E1,3.969375229E1
3.347827820E2,-8.606250763E0,1.616250038E1,3.980625153E1
3.348027675E2,-8.793750763E0,1.599375057E1,3.930000305E1
3.348227615E2,-8.381250381E0,1.552500057E1,3.875625229E1
3.348427516E2,-8.400000572E0,1.601250076E1,3.896250153E1
3.348627395E2,-8.418750763E0,1.636875153E1,3.969375229E1
3.348827368E2,-8.287500381E0,1.548750019E1,3.928125000E1
3.349027309E2,-8.587500572E0,1.612500000E1,3.886875153E1
3.349226795E2,-8.700000763E0,1.621875000E1,3.898125076E1
3.349426910E2,-8.625000000E0,1.676250076E1,3.980625153E1
3.349626973E2,-8.700000763E0,1.618125153E1,3.950625229E1
3.349827106E2,-9.075000763E0,1.578750038E1,3.961875153E1
3.350027401E2,-9.187500000E0,1.612500000E1,3.920625305E1
3.350227361E2,-9.093750000E0,1.633125114E1,3.879375076E1
3.350427394E2,-9.206250191E0,1.687500000E1,3.817500305E1
3.350627373E2,-8.625000000E0,1.672500038E1,3.866250229E1
3.350827311E2,-9.018750191E0,1.711875153E1,3.888750076E1
3.351027320E2,-8.418750763E0,1.676250076E1,3.804375076E1
3.351227302E2,-8.925000191E0,1.698750114E1,3.930000305E1
3.351427243E2,-9.243750572E0,1.740000153E1,3.920625305E1
3.351627269E2,-9.581250191E0,1.623750114E1,3.911250305E1
3.351827251E2,-9.150000572E0,1.509375095E1,3.971250153E1
3.352027196E2,-9.243750572E0,1.541250038E1,3.930000305E1
3.352227233E2,-9.337500572E0,1.511250019E1,3.950625229E1
3.352427234E2,-8.475000381E0,1.539375019E1,3.928125000E1
3.352627291E2,-8.587500572E0,1.588125038E1,3.960000229E1
3.352827297E2,-7.031250477E0,1.595625019E1,3.924375153E1
3.353027260E2,-7.725000381E0,1.638750076E1,3.905625153E1
3.353227293E2,-6.956250191E0,1.640625000E1,3.976875305E1
3.353427291E2,-6.937500477E0,1.548750019E1,4.027500153E1
3.353627242E2,-5.850000381E0,1.537500095E1,3.982500076E1
3.353827275E2,-5.306250095E0,1.644375038E1,3.991875076E1
3.354027265E2,-5.062500000E0,1.741875076E1,4.023750305E1
3.354227214E2,-4.968750000E0,1.760625076E1,4.023750305E1
3.354427136E2,-4.668750286E0,1.745625114E1,3.939375305E1
3.354626936E2,-4.068750381E0,1.711875153E1,3.958125305E1
3.354827070E2,-4.481250286E0,1.758750153E1,4.042500305E1
3.355027142E2,-4.181250095E0,1.721250153E1,3.978750229E1
3.355227159E2,-3.693750143E0,1.758750153E1,3.999375153E1
3.355427696E2,-3.675000191E0,1.693125153E1,3.946875000E1
3.355627619E2,-3.525000095E0,1.561875057E1,3.965625000E1
3.355827498E2,-3.900000095E0,1.531875038E1,3.997500229E1
3.356027468E2,-4.068750381E0,1.473750019E1,3.988125229E1
3.356227402E2,-3.281250238E0,1.471875095E1,3.975000000E1
3.356427299E2,-1.518750072E0,1.436250019E1,3.978750229E1
3.356627304E2,-1.837500095E0,1.518750095E1,3.939375305E1
3.356826945E2,-1.500000000E0,1.629375076E1,3.898125076E1
3.357026952E2,-9.750000238E-1,1.578750038E1,3.875625229E1
3.357227042E2,-1.687500119E0,1.635000038E1,3.804375076E1
3.357427080E2,-1.143750072E0,1.702500153E1,3.980625153E1
3.357627413E2,-1.443750024E0,1.771875000E1,3.804375076E1
3.357827406E2,-2.550000191E0,1.640625000E1,3.735000229E1
3.358027349E2,-5.643750191E0,1.561875057E1,3.733125305E1
3.358227370E2,-9.468750000E0,1.156875038E1,3.761250305E1
3.358427343E2,-9.993750572E0,7.968750477E0,3.823125076E1
3.358627271E2,-9.112500191E0,2.625000000E0,3.952500153E1
3.358827185E2,-8.381250381E0,-9.187500477E-1,4.051875305E1
3.359027191E2,-9.881250381E0,-6.806250095E0,4.031250000E1
3.359227156E2,-1.173750019E1,-1.102500057E1,3.877500153E1
3.359427205E2,-1.351875019E1,-1.700625038E1,3.701250076E1
3.359627205E2,-1.471875095E1,-2.055000114E1,3.577500153E1
3.359827279E2,-1.470000076E1,-2.499375153E1,3.376875305E1
3.360027298E2,-1.443750095E1,-2.812500191E1,3.114375114E1
3.360227268E2,-1.333125019E1,-3.256875229E1,2.671875191E1
3.360427314E2,-1.387500095E1,-3.498750305E1,2.431875038E1
3.360627310E2,-1.340625095E1,-3.798750305E1,1.951875114E1
3.360827251E2,-1.211250019E1,-4.001250076E1,1.603125000E1
3.361027180E2,-1.046250057E1,-4.158750153E1,1.316250038E1
3.361227194E2,-8.756250381E0,-4.233750153E1,1.166250038E1
3.361427168E2,-6.900000095E0,-4.378125000E1,8.062500000E0
3.361627221E2,-6.375000477E0,-4.413750076E1,5.343750000E0
3.361827222E2,-5.962500095E0,-4.400625229E1,2.831250191E0
3.362027301E2,-6.318750381E0,-4.417500305E1,9.750000238E-1
3.362227106E2,-6.806250095E0,-4.404375076E1,5.625000000E-1
3.362427123E2,-6.975000381E0,-4.456875229E1,-4.687500298E-1
3.362627211E2,-7.200000286E0,-4.404375076E1,9.937500358E-1
3.362827242E2,-6.712500095E0,-4.432500076E1,2.118750095E0
3.363027792E2,-7.706250191E0,-4.449375153E1,3.712500095E0
3.363227610E2,-7.706250191E0,-4.438125229E1,3.506250143E0
3.363427519E2,-7.612500191E0,-4.421250153E1,3.918750048E0
3.363627403E2,-7.743750095E0,-4.385625076E1,4.650000095E0
3.363827380E2,-8.306250572E0,-4.432500076E1,4.762500286E0
3.364027317E2,-8.400000572E0,-4.428750229E1,4.143750191E0
3.364227240E2,-9.093750000E0,-4.413750076E1,5.100000381E0
3.364426814E2,-9.225000381E0,-4.365000153E1,5.418750286E0
3.364626888E2,-9.393750191E0,-4.415625000E1,5.625000000E0
3.364827031E2,-9.000000000E0,-4.415625000E1,5.418750286E0
3.365027114E2,-9.975000381E0,-4.415625000E1,6.075000286E0
3.365227479E2,-1.038750076E1,-4.406250000E1,6.281250477E0
3.365427494E2,-9.993750572E0,-4.389375305E1,6.487500191E0
3.365627454E2,-9.281250000E0,-4.445625305E1,5.831250191E0
