"Time (s)","Latitude (°)","Longitude (°)","Height (m)","Velocity (m/s)","Direction (°)","Horizontal Accuracy (m)","Vertical Accuracy (m)"
5.241644210E-1,1.112101830E1,7.734118370E1,3.338651923E2,NaN,NaN,1.854599953E1,1.000000000E0
7.568823850E-1,1.112101830E1,7.734118370E1,3.338651923E2,NaN,NaN,2.017000008E1,1.324800014E0
4.234736616E0,1.112104500E1,7.734125833E1,3.219651015E2,2.764058411E-1,1.609900055E2,2.500000000E0,1.979999924E1
4.780547308E0,1.112104167E1,7.734125667E1,3.168651129E2,1.044886112E-1,1.609900055E2,2.099999905E0,1.729999924E1
5.733594077E0,1.112104000E1,7.734125833E1,3.157651190E2,1.168419421E-1,1.609900055E2,1.899999976E0,1.679999924E1
6.731753539E0,1.112103500E1,7.734126167E1,3.153651370E2,5.867833272E-2,1.609900055E2,1.899999976E0,1.660000038E1
7.789536923E0,1.112102667E1,7.734126167E1,3.144651661E2,1.343425065E-1,1.609900055E2,1.799999952E0,1.610000038E1
8.735581539E0,1.112102500E1,7.734125833E1,3.139651714E2,7.514944673E-2,1.609900055E2,1.700000048E0,1.569999981E1
9.814378154E0,1.112102167E1,7.734125833E1,3.149651831E2,6.742861122E-2,1.609900055E2,1.600000024E0,1.580000019E1
1.081470454E1,1.112102333E1,7.734125333E1,3.158651765E2,3.438344300E-1,2.742300110E2,1.600000024E0,1.489999962E1
1.181687131E1,1.112102167E1,7.734125000E1,3.167651818E2,3.561877906E-1,2.750100098E2,1.600000024E0,1.439999962E1
1.281427192E1,1.112102167E1,7.734125167E1,3.167651820E2,1.116947234E-1,2.750100098E2,1.600000024E0,1.430000019E1
1.381283969E1,1.112102000E1,7.734125500E1,3.170651884E2,3.700852692E-1,9.098999786E1,1.600000024E0,1.389999962E1
1.481595469E1,1.112101500E1,7.734126000E1,3.167652066E2,1.529239774E0,8.559999847E1,1.600000024E0,1.330000019E1
1.581426246E1,1.112102000E1,7.734127667E1,3.171651918E2,1.889545321E0,9.358000183E1,1.600000024E0,1.319999981E1
1.631438000E1,1.112101833E1,7.734129333E1,3.176652002E2,2.717733383E0,9.794999695E1,1.700000048E0,1.310000038E1
1.681588977E1,1.112101333E1,7.734130667E1,3.179652198E2,3.043037891E0,1.004300003E2,1.799999952E0,1.310000038E1
1.738950954E1,1.112100833E1,7.734133167E1,3.178652412E2,3.762104750E0,1.069800034E2,1.899999976E0,1.330000019E1
1.881218923E1,1.112099833E1,7.734140000E1,3.169652868E2,4.341681957E0,9.648000336E1,1.899999976E0,1.360000038E1
1.981630639E1,1.112099500E1,7.734144500E1,3.163653055E2,5.037586212E0,9.433000183E1,1.899999976E0,1.430000019E1
2.081589846E1,1.112099500E1,7.734149500E1,3.162653133E2,5.627458096E0,8.965000153E1,2.000000000E0,1.530000019E1
2.181660739E1,1.112099167E1,7.734155167E1,3.160653339E2,6.117988110E0,9.366999817E1,2.099999905E0,1.589999962E1
2.281462062E1,1.112098833E1,7.734160833E1,3.158653544E2,5.648046970E0,9.316999817E1,2.099999905E0,1.650000000E1
2.381103139E1,1.112098833E1,7.734166000E1,3.157653625E2,4.316460609E0,9.012999725E1,2.099999905E0,1.739999962E1
2.481034116E1,1.112099000E1,7.734170167E1,3.155653632E2,4.537276268E0,8.819999695E1,2.200000048E0,1.770000076E1
2.580907623E1,1.112098833E1,7.734173667E1,3.151653745E2,4.618602276E0,9.337999725E1,2.400000095E0,1.789999962E1
2.681402423E1,1.112098833E1,7.734177333E1,3.146653803E2,4.686031342E0,9.433000183E1,2.500000000E0,1.829999924E1
2.781715169E1,1.112098500E1,7.734181167E1,3.143653979E2,4.716914654E0,9.605000305E1,2.599999905E0,1.870000076E1
2.881809231E1,1.112098333E1,7.734186167E1,3.137654116E2,4.729267597E0,9.337999725E1,2.700000048E0,1.910000038E1
2.981457962E1,1.112097333E1,7.734192000E1,3.132654557E2,4.724120617E0,8.955999756E1,2.700000048E0,1.850000000E1
3.081095162E1,1.112096500E1,7.734198833E1,3.128654955E2,4.777136803E0,9.418000031E1,2.599999905E0,1.800000000E1
3.181379254E1,1.112095667E1,7.734205833E1,3.123655356E2,4.875963688E0,9.684999847E1,2.599999905E0,1.760000038E1
3.281863600E1,1.112093833E1,7.734215667E1,3.121656150E2,8.050769806E0,9.648999786E1,2.200000048E0,1.580000019E1
3.381634269E1,1.112093333E1,7.734225333E1,3.117656476E2,8.164524078E0,9.341000366E1,2.099999905E0,1.539999962E1
3.481413046E1,1.112093000E1,7.734233833E1,3.110656726E2,8.144964218E0,9.258000183E1,2.000000000E0,1.519999981E1
3.581764677E1,1.112092500E1,7.734241333E1,3.106657018E2,8.436812401E0,8.856999969E1,1.899999976E0,1.460000038E1
3.681981569E1,1.112092500E1,7.734248667E1,3.101657133E2,8.069300652E0,8.562000275E1,1.799999952E0,1.450000000E1
3.781995354E1,1.112093167E1,7.734255667E1,3.093657010E2,7.646198750E0,8.355000305E1,1.799999952E0,1.460000038E1
3.881915408E1,1.112094500E1,7.734262167E1,3.087656646E2,6.852497101E0,7.855000305E1,1.700000048E0,1.460000038E1
3.981841539E1,1.112095667E1,7.734268000E1,3.086656330E2,5.637237549E0,7.816000366E1,1.700000048E0,1.419999981E1
4.081287262E1,1.112096333E1,7.734272667E1,3.087656171E2,4.033877850E0,8.655000305E1,1.700000048E0,1.400000000E1
4.181648423E1,1.112097167E1,7.734276167E1,3.087655934E2,3.351871014E0,7.287999725E1,1.700000048E0,1.419999981E1
4.281279323E1,1.112098500E1,7.734279667E1,3.085655524E2,3.853210449E0,7.069999695E1,1.700000048E0,1.419999981E1
4.381463046E1,1.112100000E1,7.734284167E1,3.081655071E2,5.171928883E0,7.273000336E1,1.700000048E0,1.439999962E1
4.481495377E1,1.112101500E1,7.734289333E1,3.078654628E2,5.629002094E0,7.369000244E1,1.799999952E0,1.430000019E1
4.581412923E1,1.112102333E1,7.734295333E1,3.079654431E2,5.616648674E0,7.911000061E1,1.799999952E0,1.439999962E1
4.681738831E1,1.112103333E1,7.734300333E1,3.078654160E2,5.247592926E0,8.033000183E1,1.899999976E0,1.480000019E1
4.781972923E1,1.112103667E1,7.734305000E1,3.072654117E2,4.703531742E0,9.231999969E1,1.899999976E0,1.469999981E1
4.881648093E1,1.112103000E1,7.734309833E1,3.071654426E2,5.616648674E0,1.026600037E2,1.899999976E0,1.489999962E1
4.981828954E1,1.112101667E1,7.734314333E1,3.069654962E2,4.864124775E0,1.139599991E2,1.899999976E0,1.460000038E1
5.081497170E1,1.112099500E1,7.734318000E1,3.066655776E2,5.039130688E0,1.201200027E2,1.799999952E0,1.450000000E1
5.181784054E1,1.112097333E1,7.734321333E1,3.064656584E2,4.534188271E0,1.267799988E2,2.000000000E0,1.430000019E1
5.282574646E1,1.112095333E1,7.734323167E1,3.062657311E2,3.530479670E0,1.410299988E2,2.099999905E0,1.439999962E1
5.381662800E1,1.112094167E1,7.734324000E1,3.058657732E2,2.406326294E0,1.374700012E2,2.000000000E0,1.330000019E1
5.481820331E1,1.112093500E1,7.734326167E1,3.057657998E2,2.225144148E0,1.057399979E2,2.000000000E0,1.350000000E1
5.581196300E1,1.112093500E1,7.734328500E1,3.057658035E2,2.760970116E0,9.155000305E1,2.000000000E0,1.389999962E1
5.681951131E1,1.112094167E1,7.734331500E1,3.057657849E2,3.432167768E0,7.794999695E1,2.000000000E0,1.410000038E1
5.781949377E1,1.112095333E1,7.734335500E1,3.059657505E2,4.579483509E0,7.298000336E1,2.000000000E0,1.410000038E1
5.881748985E1,1.112096667E1,7.734339667E1,3.060657105E2,4.695810795E0,7.037999725E1,2.099999905E0,1.480000019E1
5.981798770E1,1.112098000E1,7.734343833E1,3.060656704E2,4.533673286E0,6.912000275E1,2.000000000E0,1.450000000E1
6.080934277E1,1.112099333E1,7.734347500E1,3.062656296E2,3.466654062E0,7.225000000E1,1.899999976E0,1.450000000E1
6.181556277E1,1.112100000E1,7.734350500E1,3.063656111E2,2.803691864E0,7.444000244E1,1.899999976E0,1.430000019E1
6.281515908E1,1.112100833E1,7.734352500E1,3.060655851E2,2.144847393E0,5.522000122E1,1.899999976E0,1.460000038E1
6.381724862E1,1.112102000E1,7.734354833E1,3.059655481E2,2.391914129E0,3.783000183E1,1.799999952E0,1.480000019E1
6.481431570E1,1.112102833E1,7.734355667E1,3.054655203E2,1.574535251E0,2.619999886E0,1.799999952E0,1.480000019E1
6.581528885E1,1.112104667E1,7.734356167E1,3.052654571E2,2.537580490E0,7.519999981E0,2.000000000E0,1.489999962E1
6.681970946E1,1.112106500E1,7.734356167E1,3.051653931E2,2.703321218E0,3.551000061E2,2.000000000E0,1.500000000E1
6.781696339E1,1.112108667E1,7.734355500E1,3.055653164E2,2.540668964E0,3.534800110E2,1.899999976E0,1.450000000E1
6.881570124E1,1.112110667E1,7.734355167E1,3.054652461E2,2.251394987E0,3.516900024E2,2.099999905E0,1.410000038E1
6.981329716E1,1.112113333E1,7.734355000E1,3.052651527E2,2.918989658E0,3.526000061E2,2.200000048E0,1.360000038E1
7.081671447E1,1.112116833E1,7.734354167E1,3.049650292E2,3.727103710E0,3.520700073E2,2.099999905E0,1.360000038E1
7.181251500E1,1.112120833E1,7.734353500E1,3.047648885E2,3.695190907E0,3.538099976E2,2.099999905E0,1.380000019E1
7.281413939E1,1.112125000E1,7.734352833E1,3.048647420E2,4.048805237E0,3.546099854E2,2.099999905E0,1.430000019E1
7.381643939E1,1.112129167E1,7.734352000E1,3.048645953E2,4.025642395E0,3.520700073E2,2.099999905E0,1.439999962E1
7.481379193E1,1.112133500E1,7.734351833E1,3.045644438E2,4.548600197E0,3.506400146E2,2.000000000E0,1.389999962E1
7.581490431E1,1.112138167E1,7.734350833E1,3.042642793E2,5.133839607E0,3.529500122E2,1.899999976E0,1.400000000E1
7.681640247E1,1.112143167E1,7.734349667E1,3.040641029E2,5.694886684E0,3.498699951E2,1.799999952E0,1.450000000E1
7.781106062E1,1.112148667E1,7.734348833E1,3.040639096E2,5.919305325E0,3.544700012E2,1.700000048E0,1.469999981E1
7.881590770E1,1.112154167E1,7.734348333E1,3.040637168E2,5.902834415E0,3.587600098E2,1.799999952E0,1.510000038E1
7.982383839E1,1.112159333E1,7.734348333E1,3.039635364E2,5.233695507E0,3.571499939E2,1.799999952E0,1.450000000E1
8.081625408E1,1.112164833E1,7.734348000E1,3.039633439E2,5.787536621E0,3.556600037E2,1.799999952E0,1.519999981E1
8.181543293E1,1.112170000E1,7.734347833E1,3.039631633E2,5.297006607E0,3.589700012E2,1.700000048E0,1.480000019E1
8.281908608E1,1.112174833E1,7.734347333E1,3.038629938E2,5.122515678E0,3.480899963E2,1.700000048E0,1.460000038E1
8.381517662E1,1.112179167E1,7.734347000E1,3.034628420E2,4.908905983E0,3.571700134E2,1.700000048E0,1.480000019E1
8.481850401E1,1.112183000E1,7.734347333E1,3.033627087E2,3.746663094E0,5.699999928E-1,1.700000048E0,1.460000038E1
8.581663847E1,1.112185833E1,7.734347500E1,3.033626101E2,2.676555634E0,3.570700073E2,1.700000048E0,1.460000038E1
8.681699047E1,1.112188500E1,7.734347000E1,3.035625162E2,2.706409454E0,3.574100037E2,1.700000048E0,1.419999981E1
8.781715570E1,1.112191833E1,7.734346500E1,3.036623990E2,3.500111103E0,3.591499939E2,1.700000048E0,1.439999962E1
8.881367777E1,1.112194500E1,7.734346500E1,3.038623059E2,2.251394987E0,6.510000229E0,1.600000024E0,1.360000038E1
8.981598393E1,1.112196333E1,7.734347333E1,3.037622433E2,1.974474430E0,4.963999939E1,1.600000024E0,1.369999981E1
9.081462493E1,1.112197333E1,7.734348667E1,3.037622105E2,2.132494211E0,6.569000244E1,1.600000024E0,1.430000019E1
9.181563016E1,1.112198667E1,7.734350500E1,3.037621668E2,2.491770267E0,5.890000153E1,1.600000024E0,1.430000019E1
9.281512731E1,1.112200167E1,7.734353333E1,3.039621189E2,4.004539013E0,6.991999817E1,1.600000024E0,1.460000038E1
9.381211931E1,1.112201333E1,7.734356833E1,3.035620837E2,4.877507687E0,7.100000000E1,1.600000024E0,1.450000000E1
9.481268370E1,1.112203167E1,7.734362000E1,3.032620279E2,6.162769318E0,6.955000305E1,1.600000024E0,1.469999981E1
9.581567601E1,1.112205667E1,7.734367500E1,3.032619493E2,6.877718449E0,6.576000214E1,1.600000024E0,1.419999981E1
9.681345070E1,1.112208500E1,7.734374000E1,3.029618607E2,7.631271839E0,6.695999908E1,1.700000048E0,1.450000000E1
9.781995878E1,1.112210667E1,7.734380500E1,3.029617954E2,7.998268604E0,6.791000366E1,1.600000024E0,1.489999962E1
9.881480708E1,1.112213167E1,7.734388333E1,3.029617205E2,9.085876465E0,7.330999756E1,1.600000024E0,1.489999962E1
9.981437601E1,1.112215333E1,7.734397000E1,3.022616586E2,9.527508736E0,7.243000031E1,1.600000024E0,1.500000000E1
1.008133802E2,1.112218167E1,7.734405667E1,3.021615735E2,9.301545143E0,7.069000244E1,1.600000024E0,1.469999981E1
1.018120360E2,1.112221000E1,7.734414000E1,3.020614878E2,9.291251183E0,6.991999817E1,1.600000024E0,1.469999981E1
1.028186619E2,1.112224333E1,7.734421833E1,3.019613838E2,8.925798416E0,6.676999664E1,1.600000024E0,1.439999962E1
1.038168916E2,1.112227500E1,7.734429167E1,3.014612849E2,8.198495865E0,6.461000061E1,1.600000024E0,1.450000000E1
1.048189726E2,1.112230500E1,7.734435333E1,3.012611900E2,6.468513966E0,6.547000122E1,1.600000024E0,1.489999962E1
1.058191953E2,1.112232667E1,7.734439667E1,3.008611213E2,4.572277546E0,6.719000244E1,1.700000048E0,1.510000038E1
1.068155572E2,1.112233833E1,7.734442667E1,3.002610853E2,3.191277742E0,7.013999939E1,1.799999952E0,1.530000019E1
1.078155542E2,1.112235833E1,7.734445000E1,2.999610192E2,4.083806038E0,5.379000092E1,1.799999952E0,1.620000076E1
1.088179762E2,1.112237000E1,7.734448167E1,2.997609836E2,3.780634642E0,6.704000092E1,1.700000048E0,1.600000000E1
1.098206222E2,1.112237833E1,7.734451500E1,2.997609598E2,4.259326458E0,7.480999756E1,1.700000048E0,1.600000000E1
1.108216169E2,1.112238833E1,7.734456000E1,3.003609320E2,6.130341530E0,7.769000244E1,1.700000048E0,1.560000038E1
1.118126782E2,1.112240500E1,7.734461667E1,3.020608828E2,7.567446232E0,7.455999756E1,1.700000048E0,1.489999962E1
1.128141836E2,1.112242500E1,7.734468167E1,3.020608234E2,7.400161266E0,7.551000214E1,1.700000048E0,1.460000038E1
1.138152151E2,1.112244000E1,7.734474500E1,3.029607811E2,7.012575626E0,7.300000000E1,1.600000024E0,1.439999962E1
1.148143673E2,1.112246167E1,7.734480333E1,3.038607147E2,6.457705021E0,6.643000031E1,1.500000000E0,1.410000038E1
1.158175766E2,1.112248167E1,7.734485333E1,3.039606529E2,4.919714928E0,6.893000031E1,1.500000000E0,1.400000000E1
1.168172695E2,1.112249667E1,7.734488667E1,3.045606058E2,3.326649666E0,6.512000275E1,1.600000024E0,1.410000038E1
1.178229415E2,1.112251333E1,7.734491333E1,3.045605519E2,3.095539331E0,6.870999908E1,1.600000024E0,1.450000000E1
1.188141443E2,1.112253167E1,7.734493833E1,3.060604919E2,3.690043688E0,5.863999939E1,1.600000024E0,1.460000038E1
1.198108842E2,1.112255167E1,7.734497000E1,3.061604272E2,4.275797367E0,5.461000061E1,1.600000024E0,1.460000038E1
1.208168052E2,1.112257500E1,7.734499833E1,3.068603503E2,3.955125570E0,5.409000015E1,1.700000048E0,1.489999962E1
1.218142402E2,1.112259500E1,7.734503000E1,3.076602855E2,4.502789974E0,6.808999634E1,1.799999952E0,1.419999981E1
1.228136489E2,1.112260500E1,7.734507333E1,3.083602575E2,4.905817509E0,8.416999817E1,1.700000048E0,1.419999981E1
1.238182793E2,1.112260500E1,7.734512167E1,3.086602652E2,5.502895355E0,9.022000122E1,1.799999952E0,1.439999962E1
1.248150307E2,1.112260833E1,7.734516833E1,3.091602610E2,5.252740383E0,8.913999939E1,1.799999952E0,1.400000000E1
1.258211274E2,1.112261333E1,7.734522333E1,3.097602523E2,5.845185757E0,8.483000183E1,1.700000048E0,1.380000019E1
1.268211785E2,1.112261500E1,7.734528500E1,3.101602563E2,5.830258846E0,8.662999725E1,1.700000048E0,1.350000000E1
1.278148815E2,1.112262167E1,7.734533167E1,3.099602404E2,4.539335251E0,8.837000275E1,1.600000024E0,1.319999981E1
1.288134142E2,1.112262000E1,7.734537167E1,3.101602526E2,4.508966446E0,9.062999725E1,1.600000024E0,1.330000019E1
1.298185901E2,1.112262000E1,7.734541333E1,3.103602592E2,5.382965088E0,8.637000275E1,1.600000024E0,1.339999962E1
1.308203382E2,1.112262000E1,7.734547167E1,3.106602685E2,6.750067234E0,9.022000122E1,1.600000024E0,1.350000000E1
1.318138221E2,1.112262167E1,7.734554000E1,3.109602735E2,7.665758133E0,8.973000336E1,1.600000024E0,1.400000000E1
1.328124363E2,1.112262667E1,7.734561167E1,3.111602675E2,7.749143124E0,8.738999939E1,1.600000024E0,1.389999962E1
1.338152440E2,1.112263000E1,7.734568167E1,3.116602670E2,7.363101482E0,8.883000183E1,1.700000048E0,1.469999981E1
1.348119938E2,1.112263000E1,7.734575000E1,3.117602778E2,7.484061241E0,8.916999817E1,1.700000048E0,1.460000038E1
1.358190119E2,1.112263167E1,7.734581667E1,3.120602826E2,7.148976803E0,8.612999725E1,1.899999976E0,1.450000000E1
1.368157867E2,1.112263667E1,7.734587500E1,3.117602745E2,6.873600483E0,8.152999878E1,1.899999976E0,1.480000019E1
1.378152110E2,1.112265167E1,7.734593167E1,3.120602311E2,6.629622459E0,7.802999878E1,1.899999976E0,1.500000000E1
1.388193680E2,1.112266167E1,7.734599000E1,3.123602055E2,6.234830379E0,8.340000153E1,1.799999952E0,1.530000019E1
1.398153597E2,1.112266333E1,7.734604333E1,3.126602082E2,6.388732433E0,8.983999634E1,1.799999952E0,1.530000019E1
1.408207369E2,1.112265833E1,7.734609500E1,3.124602339E2,5.982101440E0,9.119000244E1,1.799999952E0,1.589999962E1
1.418149748E2,1.112266667E1,7.734614333E1,3.125602125E2,5.954306602E0,8.245999908E1,1.700000048E0,1.580000019E1
1.428122988E2,1.112267000E1,7.734619167E1,3.125602085E2,5.306271553E0,8.269000244E1,1.700000048E0,1.569999981E1
1.438161471E2,1.112267167E1,7.734623500E1,3.127602096E2,4.361241341E0,8.781999969E1,1.700000048E0,1.589999962E1
1.448169698E2,1.112267167E1,7.734627000E1,3.132602152E2,3.077524185E0,9.877999878E1,1.700000048E0,1.569999981E1
1.458135999E2,1.112266833E1,7.734628833E1,3.131602297E2,2.156686068E0,1.122200012E2,1.700000048E0,1.539999962E1
1.468135745E2,1.112265667E1,7.734630500E1,3.128602731E2,2.317279339E0,1.392700043E2,1.600000024E0,1.539999962E1
1.478169212E2,1.112263833E1,7.734632333E1,3.131603399E2,2.968917847E0,1.408800049E2,1.600000024E0,1.500000000E1
1.488158236E2,1.112261500E1,7.734634333E1,3.130604244E2,4.069908619E0,1.513099976E2,1.700000048E0,1.489999962E1
1.498167513E2,1.112258000E1,7.734636167E1,3.133605494E2,4.323666573E0,1.496999969E2,1.700000048E0,1.480000019E1
1.508151418E2,1.112255000E1,7.734638167E1,3.137606572E2,3.959243298E0,1.353099976E2,1.700000048E0,1.469999981E1
1.518160744E2,1.112252500E1,7.734641000E1,3.140607489E2,4.444111824E0,1.272200012E2,1.799999952E0,1.469999981E1
1.528125944E2,1.112251333E1,7.734644833E1,3.135607956E2,4.636617661E0,1.048000031E2,1.700000048E0,1.460000038E1
1.538165455E2,1.112250167E1,7.734649833E1,3.131608443E2,5.282594204E0,9.923000336E1,1.700000048E0,1.450000000E1
1.548170483E2,1.112249333E1,7.734654000E1,3.128608799E2,4.762209892E0,9.455999756E1,1.799999952E0,1.510000038E1
1.558133221E2,1.112248667E1,7.734658500E1,3.131609103E2,4.891920090E0,9.776999664E1,1.799999952E0,1.530000019E1
1.568135766E2,1.112248167E1,7.734661833E1,3.126609331E2,3.955640316E0,9.394999695E1,1.700000048E0,1.489999962E1
1.578150113E2,1.112248000E1,7.734664833E1,3.122609436E2,3.389960527E0,9.077999878E1,1.700000048E0,1.489999962E1
1.588142326E2,1.112247833E1,7.734669167E1,3.123609563E2,4.271164894E0,9.294000244E1,1.700000048E0,1.480000019E1
1.598161532E2,1.112247167E1,7.734673333E1,3.123609862E2,4.088438511E0,1.030800018E2,1.700000048E0,1.489999962E1
1.608181778E2,1.112246000E1,7.734676833E1,3.123610324E2,4.107997894E0,1.143099976E2,1.700000048E0,1.510000038E1
1.618138633E2,1.112243500E1,7.734680000E1,3.123611246E2,4.395727634E0,1.326699982E2,1.700000048E0,1.500000000E1
1.628188243E2,1.112240500E1,7.734681833E1,3.120612321E2,3.706514835E0,1.544199982E2,1.600000024E0,1.539999962E1
1.638145215E2,1.112238000E1,7.734683167E1,3.120613214E2,2.522138834E0,1.623300018E2,1.600000024E0,1.539999962E1
1.648182738E2,1.112236167E1,7.734684167E1,3.116613869E2,2.542727709E0,1.394799957E2,1.600000024E0,1.620000076E1
1.658262397E2,1.112234500E1,7.734686333E1,3.120614484E2,3.067744493E0,1.205299988E2,1.600000024E0,1.569999981E1
1.668154144E2,1.112233833E1,7.734689833E1,3.120614772E2,3.801223516E0,9.216999817E1,1.600000024E0,1.580000019E1
1.678091476E2,1.112234167E1,7.734694333E1,3.123614727E2,5.237298489E0,8.569000244E1,1.700000048E0,1.550000000E1
1.688175375E2,1.112235000E1,7.734700833E1,3.133614540E2,7.112431526E0,8.637999725E1,1.600000024E0,1.539999962E1
1.698109322E2,1.112235667E1,7.734708833E1,3.138614434E2,8.514534950E0,8.645999908E1,1.600000024E0,1.500000000E1
1.708161132E2,1.112236000E1,7.734716667E1,3.142614442E2,8.434753418E0,8.690000153E1,1.500000000E0,1.489999962E1
1.718222273E2,1.112236167E1,7.734724500E1,3.141614508E2,8.346735954E0,8.634999847E1,1.500000000E0,1.480000019E1
1.728169470E2,1.112236667E1,7.734732500E1,3.142614461E2,8.622112274E0,8.526000214E1,1.600000024E0,1.469999981E1
1.738102948E2,1.112237667E1,7.734740833E1,3.142614245E2,8.722482681E0,8.559999847E1,1.600000024E0,1.460000038E1
1.748169402E2,1.112238167E1,7.734748667E1,3.139614195E2,8.729688644E0,8.644999695E1,1.700000048E0,1.450000000E1
1.758208286E2,1.112238667E1,7.734757167E1,3.142614155E2,9.361767769E0,8.823000336E1,1.700000048E0,1.480000019E1
1.768189375E2,1.112238500E1,7.734765833E1,3.138614351E2,9.390592575E0,8.979000092E1,1.700000048E0,1.480000019E1
1.778137024E2,1.112238667E1,7.734774333E1,3.133614427E2,9.767883301E0,8.813999939E1,1.700000048E0,1.480000019E1
1.788128591E2,1.112238833E1,7.734783333E1,3.130614512E2,9.494565964E0,8.808999634E1,1.799999952E0,1.519999981E1
1.798159707E2,1.112239500E1,7.734792167E1,3.126614420E2,9.473977089E0,8.638999939E1,1.799999952E0,1.539999962E1
1.808164652E2,1.112240667E1,7.734800167E1,3.121614140E2,8.375559807E0,8.476999664E1,1.799999952E0,1.500000000E1
1.818175470E2,1.112242167E1,7.734807667E1,3.117613736E2,7.664728642E0,8.134999847E1,1.700000048E0,1.439999962E1
1.828195141E2,1.112242833E1,7.734814333E1,3.109613610E2,7.386263847E0,8.048000336E1,1.700000048E0,1.410000038E1
1.838145055E2,1.112243833E1,7.734821000E1,3.105613367E2,7.021840572E0,8.186000061E1,1.700000048E0,1.389999962E1
1.848192845E2,1.112244667E1,7.734827167E1,3.101613175E2,6.822643280E0,7.981999969E1,1.600000024E0,1.380000019E1
1.858172249E2,1.112245667E1,7.734832333E1,3.099612908E2,5.739667416E0,7.563999939E1,1.600000024E0,1.360000038E1
1.868213581E2,1.112246833E1,7.734836833E1,3.100612573E2,4.869272232E0,7.477999878E1,1.600000024E0,1.389999962E1
1.878197954E2,1.112247667E1,7.734841000E1,3.097612349E2,4.834785938E0,7.908999634E1,1.600000024E0,1.419999981E1
1.888143682E2,1.112248333E1,7.734844833E1,3.095612177E2,3.795561552E0,8.334999847E1,1.600000024E0,1.460000038E1
1.898162544E2,1.112248667E1,7.734847333E1,3.091612101E2,2.137641430E0,8.384999847E1,1.700000048E0,1.439999962E1
1.908181003E2,1.112247833E1,7.734848500E1,3.089612410E2,1.473134995E0,8.384999847E1,1.700000048E0,1.439999962E1
1.918130455E2,1.112246500E1,7.734849500E1,3.087612890E2,5.322228074E-1,8.384999847E1,1.700000048E0,1.430000019E1
1.928176049E2,1.112245333E1,7.734847167E1,3.092613260E2,3.187160015E0,2.512100067E2,1.600000024E0,1.430000019E1
1.938182098E2,1.112244000E1,7.734842667E1,3.097613653E2,5.146707535E0,2.605799866E2,1.700000048E0,1.450000000E1
1.948130439E2,1.112243333E1,7.734836333E1,3.099613785E2,7.265304089E0,2.666400146E2,1.700000048E0,1.400000000E1
1.958181655E2,1.112242167E1,7.734827833E1,3.101614056E2,9.353531837E0,2.660400085E2,1.600000024E0,1.380000019E1
1.968174199E2,1.112241500E1,7.734818667E1,3.103614143E2,1.015855789E1,2.673200073E2,1.600000024E0,1.389999962E1
1.978155662E2,1.112241167E1,7.734809500E1,3.102614114E2,1.048437691E1,2.657399902E2,1.600000024E0,1.389999962E1
1.988146544E2,1.112240167E1,7.734799167E1,3.106614298E2,1.116586876E1,2.653200073E2,1.600000024E0,1.410000038E1
1.998216108E2,1.112239667E1,7.734789167E1,3.106614314E2,1.116741371E1,2.671000061E2,1.700000048E0,1.410000038E1
2.008179806E2,1.112239667E1,7.734778833E1,3.105614150E2,1.138102341E1,2.707399902E2,1.799999952E0,1.419999981E1
2.018174359E2,1.112238500E1,7.734768500E1,3.102614393E2,1.071754646E1,2.666199951E2,1.700000048E0,1.430000019E1
2.028161874E2,1.112238500E1,7.734758833E1,3.101614240E2,1.014414597E1,2.680299988E2,1.799999952E0,1.469999981E1
2.038145886E2,1.112237500E1,7.734749667E1,3.099614443E2,9.882151604E0,2.666799927E2,1.799999952E0,1.519999981E1
2.048134747E2,1.112236667E1,7.734741167E1,3.099614598E2,9.074552536E0,2.665100098E2,1.700000048E0,1.530000019E1
2.058163840E2,1.112236167E1,7.734733167E1,3.096614646E2,8.923739433E0,2.686700134E2,1.600000024E0,1.480000019E1
2.068160972E2,1.112235500E1,7.734725000E1,3.094614749E2,9.176982880E0,2.667399902E2,1.500000000E0,1.460000038E1
2.078181163E2,1.112235000E1,7.734717000E1,3.092614796E2,8.514019966E0,2.681300049E2,1.500000000E0,1.450000000E1
2.088143791E2,1.112234667E1,7.734709833E1,3.093614799E2,7.750172615E0,2.677099915E2,1.600000024E0,1.450000000E1
2.098165889E2,1.112234333E1,7.734703000E1,3.093614807E2,7.112946510E0,2.634800110E2,1.600000024E0,1.460000038E1
2.108160849E2,1.112233833E1,7.734697500E1,3.095614894E2,5.579588890E0,2.637000122E2,1.600000024E0,1.460000038E1
2.118098793E2,1.112232833E1,7.734693500E1,3.096615179E2,4.418890476E0,2.497299957E2,1.600000024E0,1.439999962E1
2.128161600E2,1.112231167E1,7.734691333E1,3.096615726E2,3.801738262E0,2.296300049E2,1.700000048E0,1.410000038E1
2.138090957E2,1.112227667E1,7.734689833E1,3.098616922E2,4.388007164E0,2.099600067E2,1.799999952E0,1.419999981E1
2.148146009E2,1.112223167E1,7.734689167E1,3.098618480E2,4.419919491E0,1.914600067E2,1.899999976E0,1.450000000E1
2.158125052E2,1.112218833E1,7.734689167E1,3.100619991E2,4.249546528E0,1.810099945E2,1.899999976E0,1.489999962E1
2.168168271E2,1.112215333E1,7.734688667E1,3.098621204E2,3.521214724E0,1.818099976E2,1.899999976E0,1.519999981E1
2.178164215E2,1.112212000E1,7.734688500E1,3.100622363E2,2.979212284E0,1.824600067E2,1.799999952E0,1.519999981E1
2.188158796E2,1.112209333E1,7.734689000E1,3.103623301E2,2.557140112E0,1.719100037E2,1.799999952E0,1.500000000E1
2.198179178E2,1.112206500E1,7.734688833E1,3.107624286E2,3.499596357E0,1.768099976E2,1.700000048E0,1.469999981E1
2.208164476E2,1.112202333E1,7.734688500E1,3.110625733E2,4.905303001E0,1.821300049E2,1.700000048E0,1.450000000E1
2.218153919E2,1.112197000E1,7.734688667E1,3.110627595E2,5.973351479E0,1.761699982E2,1.799999952E0,1.450000000E1
2.228180936E2,1.112190167E1,7.734690167E1,3.111630001E2,6.924558163E0,1.715299988E2,1.799999952E0,1.430000019E1
2.238125384E2,1.112184333E1,7.734691333E1,3.111632054E2,6.088134289E0,1.711699982E2,1.700000048E0,1.450000000E1
2.248201710E2,1.112179333E1,7.734692500E1,3.107633815E2,4.966554642E0,1.660299988E2,1.700000048E0,1.410000038E1
2.258187729E2,1.112175500E1,7.734693833E1,3.107635173E2,3.610776424E0,1.500399933E2,1.700000048E0,1.360000038E1
2.268102769E2,1.112173333E1,7.734695667E1,3.108635957E2,3.136202574E0,1.364600067E2,1.700000048E0,1.369999981E1
2.278120089E2,1.112172167E1,7.734698000E1,3.109636401E2,2.930313587E0,1.168099976E2,1.799999952E0,1.380000019E1
2.288128332E2,1.112172000E1,7.734701167E1,3.111636509E2,3.151129484E0,1.024000015E2,1.899999976E0,1.389999962E1
2.298205353E2,1.112172333E1,7.734704000E1,3.114636437E2,3.742545366E0,8.451999664E1,1.899999976E0,1.380000019E1
2.308170591E2,1.112172833E1,7.734708667E1,3.116636336E2,5.514733791E0,8.222000122E1,1.799999952E0,1.389999962E1
2.318162609E2,1.112173000E1,7.734715667E1,3.118636389E2,7.057356358E0,8.766000366E1,1.799999952E0,1.369999981E1
2.328125926E2,1.112173500E1,7.734724167E1,3.119636349E2,8.536667824E0,8.647000122E1,1.799999952E0,1.369999981E1
2.338177230E2,1.112174667E1,7.734733000E1,3.118636081E2,8.572698593E0,8.323999786E1,1.799999952E0,1.369999981E1
2.348157929E2,1.112175333E1,7.734740167E1,3.115635962E2,7.612741470E0,8.244000244E1,1.899999976E0,1.369999981E1
2.358168581E2,1.112175833E1,7.734745333E1,3.108635869E2,5.637237549E0,8.162000275E1,1.899999976E0,1.369999981E1
2.368167941E2,1.112175500E1,7.734750500E1,3.102636067E2,5.738637924E0,8.669999695E1,1.899999976E0,1.389999962E1
2.378213892E2,1.112176000E1,7.734756667E1,3.098635990E2,6.952353001E0,8.451000214E1,1.899999976E0,1.380000019E1
2.388143455E2,1.112176500E1,7.734763167E1,3.096635918E2,6.638887405E0,8.458000183E1,2.000000000E0,1.410000038E1
2.398110904E2,1.112176333E1,7.734769167E1,3.095636071E2,6.104090691E0,8.487999725E1,1.899999976E0,1.419999981E1
2.408155292E2,1.112176333E1,7.734772667E1,3.086636126E2,4.953171730E0,8.665000153E1,1.899999976E0,1.380000019E1
2.418164252E2,1.112177000E1,7.734776000E1,3.079635946E2,4.554262161E0,8.416999817E1,1.899999976E0,1.410000038E1
2.428178673E2,1.112176500E1,7.734780333E1,3.074636189E2,5.090602875E0,8.777999878E1,2.000000000E0,1.460000038E1
2.438263476E2,1.112176500E1,7.734785833E1,3.074636276E2,5.973351479E0,9.097000122E1,2.000000000E0,1.450000000E1
2.448161006E2,1.112176000E1,7.734791500E1,3.064636540E2,7.205081463E0,9.080000305E1,1.899999976E0,1.460000038E1
2.458165922E2,1.112176500E1,7.734799833E1,3.061636497E2,8.298351288E0,8.701999664E1,1.899999976E0,1.480000019E1
2.468164602E2,1.112177167E1,7.734808167E1,3.060636396E2,8.956166267E0,8.545999908E1,2.099999905E0,1.489999962E1
2.478146855E2,1.112177833E1,7.734817000E1,3.057636303E2,9.449785233E0,8.618000031E1,2.299999952E0,1.480000019E1
2.488117929E2,1.112180167E1,7.734826333E1,3.058635637E2,9.460080147E0,8.330000305E1,2.099999905E0,1.469999981E1
2.498164442E2,1.112182167E1,7.734834833E1,3.056635075E2,9.046757698E0,8.170999908E1,2.099999905E0,1.480000019E1
2.508186276E2,1.112184000E1,7.734842667E1,3.051634559E2,8.424458504E0,8.443000031E1,2.099999905E0,1.500000000E1
2.518115547E2,1.112184667E1,7.734850833E1,3.050634456E2,8.179450989E0,8.536000061E1,2.099999905E0,1.539999962E1
2.528150793E2,1.112184500E1,7.734857000E1,3.047634612E2,6.952867985E0,8.676999664E1,2.099999905E0,1.539999962E1
2.538164326E2,1.112184500E1,7.734863333E1,3.047634712E2,6.256963253E0,8.701000214E1,2.099999905E0,1.460000038E1
2.548154951E2,1.112185000E1,7.734868833E1,3.046634624E2,5.529146194E0,8.830999756E1,2.099999905E0,1.510000038E1
2.558161806E2,1.112185667E1,7.734873833E1,3.049634471E2,4.998982430E0,9.266999817E1,2.099999905E0,1.519999981E1
2.568186292E2,1.112185000E1,7.734876333E1,3.040634743E2,3.983435392E0,8.958000183E1,2.000000000E0,1.489999962E1
2.578160233E2,1.112186167E1,7.734880833E1,3.046634407E2,4.483745098E0,8.069000244E1,2.000000000E0,1.519999981E1
2.588172416E2,1.112187000E1,7.734885333E1,3.049634188E2,4.609337330E0,8.073000336E1,2.000000000E0,1.469999981E1
2.598167122E2,1.112187833E1,7.734889500E1,3.047633964E2,4.478083134E0,8.695999908E1,2.000000000E0,1.439999962E1
2.608170630E2,1.112188500E1,7.734893167E1,3.046633789E2,4.284032822E0,8.269000244E1,1.899999976E0,1.419999981E1
2.618167905E2,1.112189333E1,7.734897000E1,3.044633559E2,4.293298244E0,7.870999908E1,1.799999952E0,1.400000000E1
2.628141590E2,1.112190000E1,7.734901167E1,3.043633393E2,3.488787174E0,8.469999695E1,1.799999952E0,1.430000019E1
2.638162119E2,1.112190000E1,7.734904333E1,3.043633443E2,2.661628723E0,9.091999817E1,1.799999952E0,1.369999981E1
2.648177178E2,1.112189333E1,7.734906833E1,3.045633715E2,2.047564983E0,1.043399963E2,1.700000048E0,1.380000019E1
2.658175553E2,1.112189167E1,7.734908333E1,3.046633797E2,0.000000000E0,1.043399963E2,1.700000048E0,1.380000019E1
2.668197899E2,1.112189000E1,7.734909500E1,3.045633873E2,0.000000000E0,1.043399963E2,1.700000048E0,1.419999981E1
2.678165505E2,1.112188333E1,7.734910333E1,3.045634118E2,0.000000000E0,1.043399963E2,1.700000048E0,1.350000000E1
2.688183643E2,1.112187333E1,7.734911500E1,3.052634485E2,2.420738697E0,1.624299927E2,1.600000024E0,1.369999981E1
2.698168591E2,1.112185667E1,7.734913000E1,3.050635089E2,2.562287331E0,1.572400055E2,1.600000024E0,1.350000000E1
2.708204868E2,1.112183500E1,7.734914000E1,3.057635860E2,2.584934950E0,1.587299957E2,1.500000000E0,1.360000038E1
2.718119642E2,1.112180333E1,7.734914833E1,3.062636976E2,3.574745893E0,1.565000000E2,1.500000000E0,1.339999962E1
2.728140329E2,1.112177333E1,7.734915833E1,3.061638037E2,3.858872414E0,1.589799957E2,1.600000024E0,1.360000038E1
2.738165526E2,1.112173167E1,7.734917167E1,3.060639510E2,4.941848278E0,1.588699951E2,1.600000024E0,1.360000038E1
2.748190726E2,1.112168333E1,7.734919667E1,3.061641233E2,5.958939075E0,1.483099976E2,1.500000000E0,1.350000000E1
2.758204111E2,1.112164000E1,7.734922167E1,3.062642782E2,4.989717007E0,1.534100037E2,1.500000000E0,1.360000038E1
2.768153636E2,1.112160000E1,7.734924167E1,3.062644207E2,4.643309116E0,1.489799957E2,1.500000000E0,1.369999981E1
2.778170606E2,1.112156167E1,7.734926167E1,3.063645573E2,4.651544571E0,1.563500061E2,1.500000000E0,1.380000019E1
2.788155299E2,1.112152333E1,7.734927333E1,3.063646927E2,4.915082455E0,1.580099945E2,1.500000000E0,1.389999962E1
2.798220496E2,1.112148167E1,7.734929000E1,3.064648405E2,4.811108589E0,1.551100006E2,1.500000000E0,1.400000000E1
2.808162479E2,1.112143667E1,7.734930833E1,3.065650001E2,5.437525749E0,1.569799957E2,1.500000000E0,1.410000038E1
2.818130012E2,1.112138833E1,7.734932667E1,3.066651713E2,5.840553284E0,1.580200043E2,1.600000024E0,1.410000038E1
2.828099673E2,1.112133667E1,7.734934833E1,3.068653547E2,6.137032986E0,1.575000000E2,1.600000024E0,1.460000038E1
2.838145914E2,1.112128500E1,7.734936667E1,3.070655376E2,6.360422611E0,1.586600037E2,1.600000024E0,1.469999981E1
2.848147096E2,1.112122833E1,7.734938833E1,3.073657384E2,6.446895599E0,1.593000031E2,1.700000048E0,1.530000019E1
2.858146579E2,1.112117333E1,7.734941333E1,3.075659339E2,6.356819630E0,1.580000000E2,1.700000048E0,1.569999981E1
2.868160200E2,1.112111333E1,7.734943000E1,3.078661455E2,6.447925091E0,1.635000000E2,1.700000048E0,1.539999962E1
2.878161708E2,1.112106000E1,7.734944333E1,3.077663333E2,6.057250977E0,1.639799957E2,1.700000048E0,1.550000000E1
2.888182396E2,1.112101667E1,7.734945667E1,3.074664863E2,5.791139603E0,1.641100006E2,1.700000048E0,1.510000038E1
2.898162252E2,1.112096167E1,7.734947333E1,3.075666805E2,5.684592247E0,1.611499939E2,1.700000048E0,1.550000000E1
2.908155615E2,1.112091167E1,7.734949000E1,3.075668573E2,5.574441433E0,1.644199982E2,1.700000048E0,1.519999981E1
2.918183345E2,1.112087000E1,7.734949667E1,3.073670035E2,4.352490902E0,1.704299927E2,1.600000024E0,1.489999962E1
2.928168821E2,1.112083333E1,7.734950167E1,3.070671320E2,4.360211849E0,1.702200012E2,1.600000024E0,1.519999981E1
2.938178960E2,1.112079833E1,7.734951000E1,3.065672552E2,4.334475994E0,1.661399994E2,1.600000024E0,1.539999962E1
2.948161139E2,1.112076333E1,7.734951667E1,3.061673781E2,3.958728552E0,1.671900024E2,1.600000024E0,1.539999962E1
2.958185369E2,1.112072667E1,7.734952833E1,3.060675077E2,4.508966446E0,1.639600067E2,1.600000024E0,1.569999981E1
2.968173416E2,1.112069333E1,7.734953667E1,3.058676251E2,4.311313152E0,1.673500061E2,1.700000048E0,1.589999962E1
2.978194762E2,1.112066000E1,7.734954167E1,3.054677419E2,3.791958570E0,1.733399963E2,1.700000048E0,1.550000000E1
2.988185591E2,1.112063333E1,7.734954500E1,3.050678353E2,2.719277382E0,1.716799927E2,1.700000048E0,1.519999981E1
2.998208258E2,1.112061333E1,7.734955167E1,3.049679060E2,1.392323613E0,1.716799927E2,1.700000048E0,1.480000019E1
3.008221984E2,1.112060167E1,7.734956000E1,3.050679480E2,0.000000000E0,1.716799927E2,1.700000048E0,1.450000000E1
3.018158833E2,1.112059667E1,7.734956167E1,3.050679657E2,0.000000000E0,1.716799927E2,1.600000024E0,1.350000000E1
3.028134781E2,1.112059333E1,7.734956500E1,3.053679778E2,0.000000000E0,1.716799927E2,1.600000024E0,1.360000038E1
3.038175547E2,1.112059333E1,7.734956500E1,3.053679778E2,0.000000000E0,1.716799927E2,1.600000024E0,1.330000019E1
3.048154622E2,1.112059333E1,7.734956500E1,3.053679778E2,0.000000000E0,1.716799927E2,1.600000024E0,1.369999981E1
3.058138433E2,1.112059333E1,7.734956500E1,3.053679778E2,0.000000000E0,1.716799927E2,1.600000024E0,1.380000019E1
3.068162526E2,1.112055500E1,7.734956667E1,3.060681116E2,1.466958374E-1,1.716799927E2,1.500000000E0,1.410000038E1
3.078164825E2,1.112054167E1,7.734957000E1,3.063681585E2,0.000000000E0,1.716799927E2,1.500000000E0,1.439999962E1
3.088180419E2,1.112053500E1,7.734957000E1,3.066681817E2,0.000000000E0,1.716799927E2,1.500000000E0,1.469999981E1
3.098214581E2,1.112052333E1,7.734957333E1,3.070682229E2,0.000000000E0,1.716799927E2,1.500000000E0,1.489999962E1
3.108176812E2,1.112052333E1,7.734957333E1,3.070682229E2,0.000000000E0,1.716799927E2,1.500000000E0,1.510000038E1
3.118124929E2,1.112049000E1,7.734957833E1,3.072683398E2,2.086683989E0,1.601799927E2,1.500000000E0,1.410000038E1
3.128131199E2,1.112047000E1,7.734958667E1,3.076684107E2,2.305440903E0,1.517100067E2,1.600000024E0,1.330000019E1
3.138197052E2,1.112045667E1,7.734960833E1,3.078684606E2,2.501549959E0,1.203000031E2,1.700000048E0,1.339999962E1
3.148135541E2,1.112045167E1,7.734964833E1,3.077684842E2,4.551688671E0,9.404000092E1,1.899999976E0,1.369999981E1
3.158196901E2,1.112045833E1,7.734970333E1,3.079684696E2,5.868348122E0,8.943000031E1,1.799999952E0,1.369999981E1
3.168161234E2,1.112046333E1,7.734976000E1,3.084684610E2,5.982616425E0,8.305999756E1,1.799999952E0,1.389999962E1
3.178168520E2,1.112046167E1,7.734981333E1,3.090684751E2,5.483850479E0,8.393000031E1,1.799999952E0,1.419999981E1
3.188189446E2,1.112046833E1,7.734985333E1,3.097684582E2,4.305651188E0,8.098000336E1,1.799999952E0,1.450000000E1
3.198141677E2,1.112047167E1,7.734988333E1,3.101684513E2,3.420843840E0,8.405000305E1,1.700000048E0,1.489999962E1
3.208186233E2,1.112047500E1,7.734991333E1,3.112684443E2,3.324076176E0,8.562000275E1,1.799999952E0,1.519999981E1
3.218168951E2,1.112047167E1,7.734994667E1,3.119684611E2,2.942667007E0,8.569999695E1,1.799999952E0,1.500000000E1
3.228195409E2,1.112047167E1,7.734998667E1,3.125684674E2,4.552718163E0,8.727999878E1,1.799999952E0,1.539999962E1
3.238143187E2,1.112047667E1,7.735003333E1,3.125684573E2,5.531205177E0,8.801999664E1,1.700000048E0,1.489999962E1
3.248203387E2,1.112047667E1,7.735007667E1,3.127684640E2,4.843021393E0,9.201000214E1,1.700000048E0,1.469999981E1
3.258202142E2,1.112047500E1,7.735011667E1,3.124684761E2,3.929904222E0,9.430999756E1,1.700000048E0,1.530000019E1
3.268180314E2,1.112047667E1,7.735015000E1,3.118684755E2,2.754793406E0,9.427999878E1,1.600000024E0,1.539999962E1
3.278195919E2,1.112047667E1,7.735017500E1,3.118684794E2,2.725968838E0,8.955999756E1,1.700000048E0,1.480000019E1
3.288206683E2,1.112048000E1,7.735019833E1,3.118684714E2,2.215364456E0,9.016000366E1,1.600000024E0,1.460000038E1
3.298152378E2,1.112048833E1,7.735023000E1,3.113684473E2,3.686440468E0,8.454000092E1,1.600000024E0,1.450000000E1
3.308165495E2,1.112049333E1,7.735026333E1,3.114684351E2,3.546436071E0,8.376000214E1,1.600000024E0,1.430000019E1
3.318199705E2,1.112049833E1,7.735029333E1,3.111684224E2,3.228337765E0,8.184999847E1,1.600000024E0,1.419999981E1
3.328176824E2,1.112050500E1,7.735032000E1,3.110684034E2,2.830457449E0,7.776000214E1,1.600000024E0,1.419999981E1
3.338253633E2,1.112051000E1,7.735034333E1,3.109683896E2,2.941122770E0,8.148999786E1,1.600000024E0,1.419999981E1
3.348179433E2,1.112051167E1,7.735037000E1,3.108683880E2,2.595744133E0,8.481999969E1,1.600000024E0,1.419999981E1
3.358166013E2,1.112051500E1,7.735039000E1,3.101683795E2,2.419709206E0,8.261000061E1,1.700000048E0,1.419999981E1
3.368140573E2,1.112052000E1,7.735041500E1,3.102683660E2,2.731116056E0,7.508000183E1,1.700000048E0,1.369999981E1
3.378138963E2,1.112052667E1,7.735044333E1,3.100683472E2,3.504743576E0,8.229000092E1,1.700000048E0,1.400000000E1
3.388173557E2,1.112053333E1,7.735048333E1,3.089683302E2,4.481686592E0,9.005000305E1,1.700000048E0,1.410000038E1
3.398192261E2,1.112053667E1,7.735053000E1,3.088683259E2,5.307815552E0,8.348999786E1,1.700000048E0,1.430000019E1
3.408204489E2,1.112054500E1,7.735058000E1,3.085683047E2,5.666062355E0,7.984999847E1,1.700000048E0,1.500000000E1
3.418177083E2,1.112055333E1,7.735063167E1,3.081682838E2,6.047986031E0,8.055000305E1,1.700000048E0,1.510000038E1
3.428183059E2,1.112056000E1,7.735068500E1,3.081682689E2,5.617678165E0,8.427999878E1,1.799999952E0,1.539999962E1
3.438187416E2,1.112056333E1,7.735073667E1,3.085682654E2,5.429289818E0,8.673000336E1,1.700000048E0,1.489999962E1
3.448131255E2,1.112056500E1,7.735078667E1,3.084682674E2,5.004644394E0,8.466000366E1,1.700000048E0,1.489999962E1
3.458198199E2,1.112056833E1,7.735083000E1,3.082682625E2,4.312342644E0,8.326999664E1,1.700000048E0,1.439999962E1
3.468187230E2,1.112057167E1,7.735086500E1,3.080682564E2,3.805856228E0,8.037000275E1,1.700000048E0,1.439999962E1
3.478145926E2,1.112057833E1,7.735090000E1,3.081682387E2,3.421358585E0,8.498999786E1,1.700000048E0,1.430000019E1
3.488177191E2,1.112058167E1,7.735092333E1,3.078682307E2,2.766631842E0,8.202999878E1,1.700000048E0,1.430000019E1
3.498206191E2,1.112058333E1,7.735094500E1,3.072682283E2,2.794426918E0,8.720999908E1,1.600000024E0,1.410000038E1
3.508192806E2,1.112058500E1,7.735097000E1,3.072682264E2,2.524712563E0,8.995999908E1,1.600000024E0,1.419999981E1
3.518193058E2,1.112058500E1,7.735099167E1,3.072682298E2,2.196834326E0,9.119000244E1,1.600000024E0,1.410000038E1
3.528170590E2,1.112058667E1,7.735101500E1,3.068682276E2,3.139290810E0,8.787999725E1,1.500000000E0,1.369999981E1
3.538189310E2,1.112058833E1,7.735104333E1,3.070682262E2,3.596879005E0,8.647000122E1,1.600000024E0,1.369999981E1
3.548182702E2,1.112059167E1,7.735107833E1,3.060682201E2,4.088953495E0,8.854000092E1,1.500000000E0,1.369999981E1
3.558173956E2,1.112059167E1,7.735111333E1,3.057682256E2,3.693131924E0,8.765000153E1,1.500000000E0,1.360000038E1
3.568169249E2,1.112059333E1,7.735114167E1,3.055682242E2,3.168115377E0,8.836000061E1,1.500000000E0,1.330000019E1
3.578167803E2,1.112059500E1,7.735116667E1,3.058682223E2,3.180468559E0,8.326999664E1,1.399999976E0,1.319999981E1
3.588159621E2,1.112060000E1,7.735119833E1,3.057682099E2,3.766222477E0,7.915000153E1,1.399999976E0,1.330000019E1
3.598135270E2,1.112060167E1,7.735123167E1,3.054682093E2,3.108407497E0,8.705000305E1,1.399999976E0,1.350000000E1
3.608129181E2,1.112060167E1,7.735125833E1,3.053682134E2,2.376987219E0,8.556999969E1,1.500000000E0,1.380000019E1
3.618202030E2,1.112060167E1,7.735127833E1,3.053682166E2,1.986827731E0,8.805000305E1,1.500000000E0,1.430000019E1
3.628136126E2,1.112060000E1,7.735130333E1,3.050682263E2,2.903548002E0,9.025000000E1,1.500000000E0,1.419999981E1
3.638222926E2,1.112059667E1,7.735133667E1,3.049682431E2,3.723500490E0,9.366999817E1,1.500000000E0,1.330000019E1
3.648194713E2,1.112059667E1,7.735137500E1,3.048682491E2,4.114689350E0,8.573999786E1,1.500000000E0,1.360000038E1
3.658178800E2,1.112060000E1,7.735141333E1,3.052682435E2,4.131675243E0,8.687999725E1,1.500000000E0,1.380000019E1
3.668113603E2,1.112060667E1,7.735145500E1,3.044682268E2,4.472421169E0,8.433000183E1,1.600000024E0,1.300000000E1
3.678122880E2,1.112061667E1,7.735149667E1,3.033681985E2,4.213001251E0,8.193000031E1,1.600000024E0,1.289999962E1
3.688144074E2,1.112061667E1,7.735153333E1,3.033682042E2,4.621690750E0,8.838999939E1,1.600000024E0,1.300000000E1
3.698158816E2,1.112062333E1,7.735157833E1,3.031681880E2,5.307815552E0,8.480999756E1,1.500000000E0,1.300000000E1
3.708174929E2,1.112063167E1,7.735162667E1,3.027681666E2,5.666576862E0,7.877999878E1,1.600000024E0,1.319999981E1
3.718107474E2,1.112063000E1,7.735168667E1,3.027681818E2,6.292994022E0,8.775000000E1,1.700000048E0,1.339999962E1
3.728120596E2,1.112062833E1,7.735174833E1,3.031681972E2,6.551898956E0,8.880999756E1,1.799999952E0,1.380000019E1
3.738142960E2,1.112062667E1,7.735181833E1,3.032682140E2,7.660096169E0,8.784999847E1,1.700000048E0,1.380000019E1
3.748137738E2,1.112063000E1,7.735189667E1,3.029682146E2,8.783220291E0,8.434999847E1,1.700000048E0,1.380000019E1
3.758140427E2,1.112062833E1,7.735197500E1,3.018682327E2,9.508463860E0,8.333000183E1,1.600000024E0,1.430000019E1
3.768130859E2,1.112063833E1,7.735207000E1,3.013682127E2,9.598025322E0,8.712000275E1,1.600000024E0,1.450000000E1
3.778115148E2,1.112064333E1,7.735216333E1,3.011682099E2,9.893990517E0,8.840000153E1,1.700000048E0,1.450000000E1
3.788169237E2,1.112065000E1,7.735225500E1,3.008682010E2,9.867739677E0,8.801999664E1,1.700000048E0,1.469999981E1
3.798225889E2,1.112065500E1,7.735234500E1,3.005681977E2,9.554788589E0,8.866999817E1,1.700000048E0,1.469999981E1
3.808133852E2,1.112066000E1,7.735243000E1,3.001681936E2,8.911385536E0,8.658000183E1,1.700000048E0,1.510000038E1
3.818150264E2,1.112066167E1,7.735251167E1,3.000682006E2,8.424458504E0,8.881999969E1,1.700000048E0,1.550000000E1
3.828194973E2,1.112066333E1,7.735258667E1,2.997682065E2,7.756349087E0,8.738999939E1,1.799999952E0,1.580000019E1
3.838175693E2,1.112067000E1,7.735265667E1,2.998681943E2,7.747084141E0,8.491000366E1,1.799999952E0,1.550000000E1
3.848142966E2,1.112067833E1,7.735272167E1,3.000681754E2,6.889042377E0,8.245999908E1,1.799999952E0,1.469999981E1
3.858103105E2,1.112068167E1,7.735278000E1,3.000681730E2,6.321818352E0,8.477999878E1,1.899999976E0,1.480000019E1
3.868182394E2,1.112069333E1,7.735283500E1,2.999681410E2,5.560544014E0,8.477999878E1,1.799999952E0,1.489999962E1
3.878196674E2,1.112069333E1,7.735288333E1,2.998681485E2,4.943392277E0,8.612999725E1,1.799999952E0,1.460000038E1
3.888157120E2,1.112069333E1,7.735291833E1,3.000681540E2,3.609232187E0,8.623000336E1,1.799999952E0,1.469999981E1
3.898190667E2,1.112069667E1,7.735295167E1,3.003681476E2,3.971596718E0,8.152999878E1,1.799999952E0,1.510000038E1
3.908175769E2,1.112070333E1,7.735299333E1,3.005681310E2,4.941848278E0,8.469999695E1,1.799999952E0,1.519999981E1
3.918188785E2,1.112071167E1,7.735304500E1,3.003681101E2,5.933203220E0,9.001999664E1,1.700000048E0,1.489999962E1
3.928151353E2,1.112071167E1,7.735309333E1,2.996681176E2,5.755623817E0,9.348999786E1,1.600000024E0,1.500000000E1
3.938205452E2,1.112071667E1,7.735314167E1,2.994681078E2,4.556321144E0,8.662999725E1,1.600000024E0,1.519999981E1
3.948191803E2,1.112072167E1,7.735317833E1,2.991680961E2,3.465110064E0,8.019000244E1,1.600000024E0,1.489999962E1
3.958161689E2,1.112072333E1,7.735321167E1,2.991680956E2,3.333341122E0,9.005000305E1,1.500000000E0,1.439999962E1
3.968180022E2,1.112072500E1,7.735324500E1,2.990680950E2,4.074026585E0,8.594000244E1,1.500000000E0,1.460000038E1
3.978149750E2,1.112072667E1,7.735329333E1,2.989680967E2,5.541499615E0,8.426000214E1,1.600000024E0,1.480000019E1
3.988139076E2,1.112073167E1,7.735334500E1,2.982680874E2,5.545617104E0,8.601999664E1,1.600000024E0,1.469999981E1
3.998188239E2,1.112073833E1,7.735339667E1,2.979680723E2,5.928055763E0,8.572000122E1,1.700000048E0,1.480000019E1
4.008177425E2,1.112074333E1,7.735345667E1,2.977680643E2,6.514839172E0,8.819000244E1,1.700000048E0,1.530000019E1
4.018177616E2,1.112074833E1,7.735352167E1,2.978680571E2,7.217949867E0,8.715000153E1,1.700000048E0,1.530000019E1
4.028187013E2,1.112075500E1,7.735359667E1,2.980680457E2,8.291660309E0,8.531999969E1,1.799999952E0,1.519999981E1
4.038220246E2,1.112076500E1,7.735368333E1,2.978680244E2,9.185217857E0,8.602999878E1,1.799999952E0,1.510000038E1
4.048099827E2,1.112077667E1,7.735377500E1,2.978679982E2,1.012613010E1,8.240000153E1,1.799999952E0,1.519999981E1
4.058216791E2,1.112079000E1,7.735386667E1,2.981679662E2,9.457506180E0,8.013999939E1,1.700000048E0,1.489999962E1
4.068123184E2,1.112080333E1,7.735395000E1,2.977679329E2,9.355590820E0,8.251000214E1,1.500000000E0,1.419999981E1
4.078130662E2,1.112081500E1,7.735403500E1,2.976679056E2,9.107495308E0,8.186000061E1,1.500000000E0,1.439999962E1
4.088168588E2,1.112082500E1,7.735411500E1,2.974678834E2,8.880502701E0,8.423000336E1,1.500000000E0,1.400000000E1
4.098211061E2,1.112083167E1,7.735419333E1,2.971678725E2,8.846015930E0,8.462999725E1,1.500000000E0,1.369999981E1
4.108189353E2,1.112083833E1,7.735427000E1,2.965678613E2,7.930840015E0,8.500000000E1,1.500000000E0,1.380000019E1
4.118168446E2,1.112083667E1,7.735433500E1,2.971678773E2,6.683153152E0,8.465000153E1,1.500000000E0,1.389999962E1
4.128152532E2,1.112084000E1,7.735438500E1,2.965678735E2,4.744194508E0,8.594000244E1,1.500000000E0,1.380000019E1
4.138143855E2,1.112084000E1,7.735442000E1,2.971678790E2,3.361650944E0,9.115000153E1,1.500000000E0,1.380000019E1
4.148243769E2,1.112084000E1,7.735445667E1,2.972678847E2,4.294327736E0,8.230999756E1,1.500000000E0,1.380000019E1
4.158194923E2,1.112084833E1,7.735449333E1,2.969678615E2,4.100791931E0,6.575000000E1,1.600000024E0,1.400000000E1
4.168163693E2,1.112087167E1,7.735452167E1,2.981677848E2,3.436800241E0,4.063999939E1,1.600000024E0,1.419999981E1
4.178174871E2,1.112090000E1,7.735453333E1,2.984676882E2,3.427020550E0,1.300000000E1,1.500000000E0,1.450000000E1
4.188198059E2,1.112093833E1,7.735453500E1,2.985675551E2,4.778681278E0,4.869999886E0,1.500000000E0,1.489999962E1
4.198222086E2,1.112097667E1,7.735453667E1,2.985674221E2,4.428669930E0,3.591799927E2,1.500000000E0,1.489999962E1
4.208156959E2,1.112100833E1,7.735453667E1,2.988673121E2,2.931857824E0,3.577900085E2,1.600000024E0,1.500000000E1
4.218163969E2,1.112103167E1,7.735453667E1,2.988672309E2,3.119216681E0,3.593299866E2,1.600000024E0,1.530000019E1
4.228169378E2,1.112107000E1,7.735453333E1,2.986670971E2,4.954716206E0,1.379999995E0,1.700000048E0,1.500000000E1
4.238200976E2,1.112112333E1,7.735452833E1,2.983669109E2,6.095340729E0,3.582600098E2,1.700000048E0,1.450000000E1
4.248154776E2,1.112117500E1,7.735453333E1,2.982667321E2,6.348069191E0,1.879999995E0,1.700000048E0,1.489999962E1
4.258147818E2,1.112123500E1,7.735453500E1,2.982665238E2,6.310494423E0,3.180000067E0,1.700000048E0,1.489999962E1
4.268190766E2,1.112128667E1,7.735454333E1,2.984663455E2,5.475100040E0,1.085000038E1,1.700000048E0,1.510000038E1
4.278206025E2,1.112132833E1,7.735455667E1,2.983662027E2,4.255208492E0,2.704000092E1,1.600000024E0,1.560000038E1
4.288164431E2,1.112135833E1,7.735457333E1,2.982661010E2,3.362680197E0,4.209999847E1,1.600000024E0,1.539999962E1
4.298187766E2,1.112138000E1,7.735459333E1,2.981660289E2,3.380180836E0,5.747000122E1,1.600000024E0,1.430000019E1
4.308167273E2,1.112138667E1,7.735462167E1,2.984660101E2,3.074435949E0,7.641000366E1,1.700000048E0,1.430000019E1
4.318197489E2,1.112138833E1,7.735464833E1,2.984660085E2,2.880385637E0,8.251999664E1,1.799999952E0,1.569999981E1
4.328183363E2,1.112138500E1,7.735467833E1,2.986660248E2,3.440403223E0,8.806999969E1,2.000000000E0,1.569999981E1
4.338215406E2,1.112138667E1,7.735471000E1,2.986660240E2,4.107997894E0,9.586000061E1,2.000000000E0,1.660000038E1
4.348159344E2,1.112138000E1,7.735475000E1,2.986660535E2,4.760665894E0,8.655000305E1,2.099999905E0,1.729999924E1
4.358199079E2,1.112138000E1,7.735479500E1,2.985660606E2,4.758606911E0,8.623000336E1,2.099999905E0,1.710000038E1
4.368180261E2,1.112138000E1,7.735484333E1,2.985660682E2,4.855374813E0,8.116999817E1,2.099999905E0,1.650000000E1
4.378160326E2,1.112138333E1,7.735488833E1,2.986660637E2,4.988687992E0,8.006999969E1,2.099999905E0,1.689999962E1
4.388173541E2,1.112138333E1,7.735495667E1,2.987660744E2,5.114794731E0,8.415000153E1,2.099999905E0,1.610000038E1
4.398205609E2,1.112137167E1,7.735503167E1,2.996661268E2,5.315021515E0,9.411000061E1,2.000000000E0,1.489999962E1
4.408146009E2,1.112135833E1,7.735510500E1,3.003661847E2,5.527087212E0,9.591999817E1,1.899999976E0,1.360000038E1
4.418206302E2,1.112133833E1,7.735517333E1,3.014662649E2,5.574441433E0,1.025999985E2,2.099999905E0,1.360000038E1
4.428159831E2,1.112133000E1,7.735521333E1,3.018663002E2,5.341272354E0,1.033499985E2,2.099999905E0,1.400000000E1
4.438199898E2,1.112131667E1,7.735524667E1,3.022663518E2,4.957289696E0,1.055299988E2,2.000000000E0,1.380000019E1
4.448158960E2,1.112131000E1,7.735526667E1,3.024663781E2,2.434636116E0,1.150699997E2,2.200000048E0,1.439999962E1
4.458218513E2,1.112130667E1,7.735527333E1,3.024663907E2,1.280114174E0,1.157500000E2,2.400000095E0,1.460000038E1
4.468103892E2,1.112130833E1,7.735526167E1,3.026663831E2,0.000000000E0,2.130299988E2,2.099999905E0,1.389999962E1
4.478164606E2,1.112130500E1,7.735526667E1,3.016663954E2,0.000000000E0,1.237799988E2,1.899999976E0,1.369999981E1
4.488157033E2,1.112131000E1,7.735527000E1,3.014663786E2,0.000000000E0,1.266999969E2,1.799999952E0,1.330000019E1
4.498186773E2,1.112131000E1,7.735527000E1,3.014663786E2,0.000000000E0,1.266999969E2,1.700000048E0,1.330000019E1
4.508215985E2,1.112131000E1,7.735527000E1,3.014663786E2,0.000000000E0,1.266999969E2,1.700000048E0,1.330000019E1
4.518176830E2,1.112131000E1,7.735527000E1,3.014663786E2,0.000000000E0,1.266999969E2,1.600000024E0,1.339999962E1
4.528153387E2,1.112131000E1,7.735527000E1,3.014663786E2,0.000000000E0,1.266999969E2,1.600000024E0,1.339999962E1
4.538136588E2,1.112131000E1,7.735527000E1,3.014663786E2,0.000000000E0,1.266999969E2,1.600000024E0,1.360000038E1
4.548144182E2,1.112131000E1,7.735527000E1,3.014663786E2,0.000000000E0,1.266999969E2,1.600000024E0,1.300000000E1
4.558157015E2,1.112131000E1,7.735527000E1,3.014663786E2,0.000000000E0,1.266999969E2,1.600000024E0,1.289999962E1
4.568174815E2,1.112131000E1,7.735527000E1,3.014663786E2,0.000000000E0,1.266999969E2,1.600000024E0,1.289999962E1
4.578169378E2,1.112131000E1,7.735527000E1,3.014663786E2,0.000000000E0,1.266999969E2,1.600000024E0,1.310000038E1
4.588166344E2,1.112131000E1,7.735527000E1,3.014663786E2,0.000000000E0,1.266999969E2,1.600000024E0,1.289999962E1
4.598128874E2,1.112131000E1,7.735527000E1,3.014663786E2,0.000000000E0,1.266999969E2,1.600000024E0,1.300000000E1
4.608158105E2,1.112131000E1,7.735527000E1,3.014663786E2,0.000000000E0,1.266999969E2,1.600000024E0,1.350000000E1
4.618195683E2,1.112131000E1,7.735527000E1,3.014663786E2,0.000000000E0,1.266999969E2,1.600000024E0,1.360000038E1
4.628164470E2,1.112131000E1,7.735527000E1,3.014663786E2,0.000000000E0,1.266999969E2,1.600000024E0,1.360000038E1
4.638166533E2,1.112131000E1,7.735527000E1,3.014663786E2,0.000000000E0,1.266999969E2,1.600000024E0,1.350000000E1
4.648174803E2,1.112131000E1,7.735527000E1,3.014663786E2,0.000000000E0,1.266999969E2,1.600000024E0,1.410000038E1
4.658150821E2,1.112131000E1,7.735527000E1,3.014663786E2,0.000000000E0,1.266999969E2,1.600000024E0,1.380000019E1
4.668187677E2,1.112131000E1,7.735527000E1,3.014663786E2,0.000000000E0,1.266999969E2,1.600000024E0,1.380000019E1
4.678165443E2,1.112131000E1,7.735527000E1,3.014663786E2,0.000000000E0,1.266999969E2,1.500000000E0,1.369999981E1
4.688186440E2,1.112131000E1,7.735527000E1,3.014663786E2,0.000000000E0,1.266999969E2,1.500000000E0,1.369999981E1
4.698142493E2,1.112131000E1,7.735527000E1,3.014663786E2,0.000000000E0,1.266999969E2,1.600000024E0,1.330000019E1
4.708161916E2,1.112131000E1,7.735527000E1,3.014663786E2,0.000000000E0,1.266999969E2,1.600000024E0,1.310000038E1
4.718140348E2,1.112131000E1,7.735527000E1,3.014663786E2,0.000000000E0,1.266999969E2,1.600000024E0,1.339999962E1
4.728163596E2,1.112134667E1,7.735526500E1,3.048662504E2,1.868441701E-1,2.867399902E2,1.600000024E0,1.300000000E1
4.738225750E2,1.112134500E1,7.735526333E1,3.049662559E2,0.000000000E0,2.697900085E2,1.600000024E0,1.300000000E1
4.748196043E2,1.112134333E1,7.735526167E1,3.048662614E2,0.000000000E0,2.680100098E2,1.600000024E0,1.319999981E1
4.758271428E2,1.112134333E1,7.735525833E1,3.049662609E2,0.000000000E0,2.712000122E2,1.600000024E0,1.350000000E1
4.768252480E2,1.112134333E1,7.735525833E1,3.049662609E2,0.000000000E0,2.712000122E2,1.600000024E0,1.369999981E1
4.778207889E2,1.112134333E1,7.735525833E1,3.049662609E2,0.000000000E0,2.712000122E2,1.600000024E0,1.369999981E1
4.788149390E2,1.112134333E1,7.735525833E1,3.049662609E2,0.000000000E0,2.712000122E2,1.600000024E0,1.319999981E1
4.798145329E2,1.112134333E1,7.735525833E1,3.049662609E2,0.000000000E0,2.712000122E2,1.600000024E0,1.330000019E1
4.808140735E2,1.112134333E1,7.735525833E1,3.049662609E2,0.000000000E0,2.712000122E2,1.600000024E0,1.310000038E1
4.818181270E2,1.112134333E1,7.735525833E1,3.049662609E2,0.000000000E0,2.712000122E2,1.600000024E0,1.280000019E1
4.828149630E2,1.112134333E1,7.735525833E1,3.049662609E2,0.000000000E0,2.712000122E2,1.500000000E0,1.269999981E1
4.838197424E2,1.112134333E1,7.735525833E1,3.049662609E2,0.000000000E0,2.712000122E2,1.500000000E0,1.289999962E1
4.848165049E2,1.112134333E1,7.735525833E1,3.049662609E2,0.000000000E0,2.712000122E2,1.500000000E0,1.300000000E1
4.858141077E2,1.112134333E1,7.735525833E1,3.049662609E2,0.000000000E0,2.712000122E2,1.500000000E0,1.300000000E1
4.868174108E2,1.112134333E1,7.735525833E1,3.049662609E2,0.000000000E0,2.712000122E2,1.500000000E0,1.289999962E1
4.878191956E2,1.112134333E1,7.735525833E1,3.049662609E2,0.000000000E0,2.712000122E2,1.500000000E0,1.289999962E1
4.888180606E2,1.112134333E1,7.735525833E1,3.049662609E2,0.000000000E0,2.712000122E2,1.500000000E0,1.289999962E1
4.898213006E2,1.112134333E1,7.735525833E1,3.049662609E2,0.000000000E0,2.712000122E2,1.500000000E0,1.280000019E1
4.908181636E2,1.112134333E1,7.735525833E1,3.049662609E2,0.000000000E0,2.712000122E2,1.399999976E0,1.300000000E1
4.918163741E2,1.112134333E1,7.735525833E1,3.049662609E2,0.000000000E0,2.712000122E2,1.399999976E0,1.300000000E1
4.928165495E2,1.112134333E1,7.735525833E1,3.049662609E2,0.000000000E0,2.712000122E2,1.399999976E0,1.319999981E1
4.938181936E2,1.112134333E1,7.735525833E1,3.049662609E2,0.000000000E0,2.712000122E2,1.399999976E0,1.319999981E1
4.948129280E2,1.112134333E1,7.735525833E1,3.049662609E2,0.000000000E0,2.712000122E2,1.399999976E0,1.330000019E1
4.958249028E2,1.112134333E1,7.735525833E1,3.049662609E2,0.000000000E0,2.712000122E2,1.399999976E0,1.339999962E1
4.968139941E2,1.112134333E1,7.735525833E1,3.049662609E2,0.000000000E0,2.712000122E2,1.399999976E0,1.360000038E1
4.978177354E2,1.112134333E1,7.735525833E1,3.049662609E2,0.000000000E0,2.712000122E2,1.399999976E0,1.360000038E1
4.988159686E2,1.112134333E1,7.735525833E1,3.049662609E2,0.000000000E0,2.712000122E2,1.399999976E0,1.380000019E1
4.998148253E2,1.112134333E1,7.735525833E1,3.049662609E2,0.000000000E0,2.712000122E2,1.399999976E0,1.360000038E1
5.008157806E2,1.112134333E1,7.735525833E1,3.049662609E2,0.000000000E0,2.712000122E2,1.600000024E0,1.350000000E1
5.018187105E2,1.112131833E1,7.735521167E1,3.061663405E2,5.008247495E-1,2.670100098E2,1.799999952E0,1.289999962E1
5.028170538E2,1.112132500E1,7.735516667E1,3.061663102E2,4.294842243E0,2.748999939E2,1.799999952E0,1.300000000E1
5.038152800E2,1.112133333E1,7.735510333E1,3.060662713E2,5.781874657E0,2.746900024E2,1.899999976E0,1.269999981E1
5.048154661E2,1.112133333E1,7.735504000E1,3.060662613E2,6.335201263E0,2.735899963E2,2.200000048E0,1.319999981E1
5.058161671E2,1.112134000E1,7.735497833E1,3.061662285E2,6.519471645E0,2.751600037E2,2.400000095E0,1.389999962E1
5.068150193E2,1.112134667E1,7.735491000E1,3.061661945E2,6.740287304E0,2.744500122E2,2.299999952E0,1.439999962E1
5.078178436E2,1.112134333E1,7.735482667E1,3.050661930E2,6.271890163E0,2.734200134E2,2.000000000E0,1.289999962E1
5.088154576E2,1.112134000E1,7.735476833E1,3.041661954E2,5.795772076E0,2.714200134E2,1.799999952E0,1.289999962E1
5.098184206E2,1.112133500E1,7.735471333E1,3.037662042E2,5.084425926E0,2.727799988E2,1.899999976E0,1.289999962E1
5.108185781E2,1.112133333E1,7.735467500E1,3.035662039E2,3.271574497E0,2.754299927E2,2.099999905E0,1.339999962E1
5.118172630E2,1.112133667E1,7.735464333E1,3.031661874E2,3.142893791E0,2.720700073E2,2.200000048E0,1.360000038E1
5.128168203E2,1.112133833E1,7.735461000E1,3.026661763E2,5.189429283E0,2.730499878E2,2.200000048E0,1.369999981E1
5.138196612E2,1.112134000E1,7.735458333E1,3.023661663E2,4.857948303E0,2.647200012E2,2.200000048E0,1.389999962E1
5.148178283E2,1.112132667E1,7.735456167E1,3.015662093E2,4.448744297E0,2.497100067E2,1.899999976E0,1.230000019E1
5.158191536E2,1.112130833E1,7.735454333E1,3.016662701E2,4.027701378E0,2.262500000E2,1.799999952E0,1.160000038E1
5.168180363E2,1.112126500E1,7.735454667E1,3.009664213E2,3.884608507E0,1.825899963E2,1.799999952E0,1.150000000E1
5.178206708E2,1.112120667E1,7.735455333E1,3.003666252E2,3.863504887E0,1.794299927E2,1.899999976E0,1.180000019E1
5.188165570E2,1.112114500E1,7.735456000E1,3.002668406E2,3.881520271E0,1.787799988E2,1.899999976E0,1.189999962E1
5.198169280E2,1.112109000E1,7.735456000E1,3.004670318E2,3.912403584E0,1.798500061E2,2.000000000E0,1.250000000E1
5.208193193E2,1.112104000E1,7.735456667E1,3.013672067E2,4.058070183E0,1.746799927E2,2.000000000E0,1.289999962E1
5.218150280E2,1.112101333E1,7.735456167E1,3.034672986E2,4.072997093E0,1.731499939E2,2.000000000E0,1.280000019E1
5.228152221E2,1.112099667E1,7.735455500E1,3.046673555E2,4.109027386E0,1.721399994E2,1.899999976E0,1.210000038E1
5.238243043E2,1.112096167E1,7.735455167E1,3.047674766E2,4.255208492E0,1.780299988E2,1.799999952E0,1.210000038E1
5.248163133E2,1.112092500E1,7.735455333E1,3.047676044E2,4.461612225E0,1.797899933E2,1.899999976E0,1.200000000E1
5.258152975E2,1.112088500E1,7.735456333E1,3.048677450E2,4.720517635E0,1.749499969E2,1.899999976E0,1.219999981E1
5.268141400E2,1.112083500E1,7.735456833E1,3.038679196E2,4.725150108E0,1.736699982E2,1.899999976E0,1.230000019E1
5.278150320E2,1.112077333E1,7.735457667E1,3.033681353E2,4.763754368E0,1.701499939E2,1.899999976E0,1.230000019E1
5.288205702E2,1.112071500E1,7.735458833E1,3.026683399E2,4.891405106E0,1.691199951E2,1.899999976E0,1.230000019E1
5.298168556E2,1.112064167E1,7.735459833E1,3.039685964E2,7.585976124E0,1.691399994E2,1.700000048E0,1.230000019E1
5.308164036E2,1.112057333E1,7.735461167E1,3.040688361E2,7.244200706E0,1.659600067E2,1.700000048E0,1.250000000E1
5.318237634E2,1.112050833E1,7.735462667E1,3.041690644E2,6.612636566E0,1.660099945E2,1.700000048E0,1.300000000E1
5.328165375E2,1.112046167E1,7.735464167E1,3.035692289E2,4.717943668E0,1.643099976E2,1.799999952E0,1.280000019E1
5.338128027E2,1.112043000E1,7.735465500E1,3.033693411E2,2.463975191E0,1.617700043E2,1.700000048E0,1.339999962E1
5.348173923E2,1.112040167E1,7.735466833E1,3.033694417E2,3.470257282E0,1.652599945E2,1.600000024E0,1.360000038E1
5.358171133E2,1.112035667E1,7.735467833E1,3.032695997E2,5.316565990E0,1.736799927E2,1.700000048E0,1.369999981E1
5.368170033E2,1.112029500E1,7.735468333E1,3.031698148E2,7.261186600E0,1.779600067E2,1.700000048E0,1.389999962E1
5.378182120E2,1.112022167E1,7.735468667E1,3.028700703E2,8.697261810E0,1.796000061E2,1.700000048E0,1.389999962E1
5.388193683E2,1.112013667E1,7.735468333E1,3.030703653E2,9.671630859E0,1.829900055E2,1.700000048E0,1.350000000E1
5.398162271E2,1.112004500E1,7.735467000E1,3.029706818E2,1.059195423E1,1.906399994E2,1.600000024E0,1.330000019E1
5.408178409E2,1.111994667E1,7.735464667E1,3.027710201E2,1.121734142E1,1.952500000E2,1.600000024E0,1.330000019E1
5.418188818E2,1.111984833E1,7.735461500E1,3.028713570E2,1.196265888E1,1.960700073E2,1.500000000E0,1.310000038E1
5.428170483E2,1.111974333E1,7.735458667E1,3.023717176E2,1.206405926E1,1.948000031E2,1.500000000E0,1.260000038E1
5.438193686E2,1.111963833E1,7.735456167E1,3.021720788E2,1.122815037E1,1.907200012E2,1.500000000E0,1.280000019E1
5.448129102E2,1.111954167E1,7.735454667E1,3.021724125E2,1.062541103E1,1.865099945E2,1.500000000E0,1.260000038E1
5.458132283E2,1.111944833E1,7.735453833E1,3.022727357E2,1.004531860E1,1.849900055E2,1.500000000E0,1.300000000E1
5.468114542E2,1.111936167E1,7.735453500E1,3.021730365E2,9.471404076E0,1.808800049E2,1.600000024E0,1.310000038E1
5.478190456E2,1.111927833E1,7.735453167E1,3.020733257E2,9.054478645E0,1.809499969E2,1.600000024E0,1.319999981E1
5.488176923E2,1.111920167E1,7.735453167E1,3.022735922E2,7.547886848E0,1.803300018E2,1.600000024E0,1.339999962E1
5.498208702E2,1.111914333E1,7.735453167E1,3.022737950E2,5.588853836E0,1.788200073E2,1.600000024E0,1.400000000E1
5.508161723E2,1.111909833E1,7.735453833E1,3.023739525E2,3.824900866E0,1.764400024E2,1.700000048E0,1.389999962E1
5.518196083E2,1.111906833E1,7.735454167E1,3.027740573E2,2.804206610E0,1.764299927E2,1.600000024E0,1.369999981E1
5.528161754E2,1.111903833E1,7.735454000E1,3.027741613E2,4.166161537E0,1.844100037E2,1.700000048E0,1.369999981E1
5.538213806E2,1.111899333E1,7.735453167E1,3.031743165E2,5.591942310E0,1.882599945E2,1.600000024E0,1.380000019E1
5.548122228E2,1.111894167E1,7.735451833E1,3.032744940E2,5.882245541E0,1.903000031E2,1.600000024E0,1.389999962E1
5.558202702E2,1.111888667E1,7.735451167E1,3.032746842E2,6.595650673E0,1.840299988E2,1.600000024E0,1.389999962E1
5.568159200E2,1.111882000E1,7.735451000E1,3.033749157E2,6.808230877E0,1.793300018E2,1.600000024E0,1.419999981E1
5.578211246E2,1.111875833E1,7.735451000E1,3.034751301E2,6.683668137E0,1.813999939E2,1.600000024E0,1.450000000E1
5.588177935E2,1.111869500E1,7.735451167E1,3.034753506E2,6.949264526E0,1.797500000E2,1.700000048E0,1.469999981E1
5.598149490E2,1.111863667E1,7.735451333E1,3.033755536E2,7.065077305E0,1.781000061E2,1.700000048E0,1.469999981E1
5.608170664E2,1.111858000E1,7.735451500E1,3.030757509E2,6.975000858E0,1.783500061E2,1.700000048E0,1.480000019E1
5.618215793E2,1.111852000E1,7.735451833E1,3.029759600E2,6.962647438E0,1.795299988E2,1.799999952E0,1.489999962E1
5.628183409E2,1.111846000E1,7.735451833E1,3.028761686E2,6.604400635E0,1.814700012E2,1.899999976E0,1.460000038E1
5.638161267E2,1.111839667E1,7.735452167E1,3.028763893E2,6.621386528E0,1.821100006E2,1.899999976E0,1.469999981E1
5.648181683E2,1.111834500E1,7.735451667E1,3.027765681E2,6.141150951E0,1.874799957E2,1.799999952E0,1.460000038E1
5.658234437E2,1.111828667E1,7.735450833E1,3.030767696E2,6.139606476E0,1.946999969E2,1.700000048E0,1.419999981E1
5.668173625E2,1.111822333E1,7.735449167E1,3.032769873E2,7.154124260E0,1.939600067E2,1.700000048E0,1.389999962E1
5.678193179E2,1.111816333E1,7.735448000E1,3.029771941E2,7.418691158E0,1.879900055E2,1.600000024E0,1.389999962E1
5.688163671E2,1.111810000E1,7.735447167E1,3.022774130E2,8.266438484E0,1.864600067E2,1.600000024E0,1.360000038E1
5.698153053E2,1.111802667E1,7.735446667E1,3.017776672E2,8.850133896E0,1.831999969E2,1.600000024E0,1.339999962E1
5.708114591E2,1.111794667E1,7.735446500E1,3.011779450E2,9.010212898E0,1.836000061E2,1.600000024E0,1.300000000E1
5.718196468E2,1.111786667E1,7.735446000E1,3.008782224E2,8.646304131E0,1.830700073E2,1.600000024E0,1.280000019E1
5.728186345E2,1.111778833E1,7.735446000E1,3.003784947E2,8.174818039E0,1.792599945E2,1.600000024E0,1.269999981E1
5.738176824E2,1.111771833E1,7.735446333E1,3.002787386E2,6.591532707E0,1.784900055E2,1.600000024E0,1.280000019E1
5.748152378E2,1.111765833E1,7.735446667E1,3.001789477E2,5.758712292E0,1.731499939E2,1.500000000E0,1.300000000E1
5.758180828E2,1.111761333E1,7.735447667E1,3.002791057E2,4.442567348E0,1.731399994E2,1.500000000E0,1.369999981E1
5.768172668E2,1.111757500E1,7.735448167E1,3.000792397E2,3.654013157E0,1.751000061E2,1.500000000E0,1.380000019E1
5.778162745E2,1.111754333E1,7.735448333E1,2.998793501E2,2.914871931E0,1.806399994E2,1.500000000E0,1.389999962E1
5.788183483E2,1.111751500E1,7.735448333E1,3.001794486E2,2.648760557E0,1.836199951E2,1.500000000E0,1.380000019E1
5.798182230E2,1.111748667E1,7.735447833E1,3.000795463E2,3.681293249E0,1.861900024E2,1.500000000E0,1.380000019E1
5.808169527E2,1.111744167E1,7.735447000E1,3.002797015E2,5.511130810E0,1.903600006E2,1.600000024E0,1.360000038E1
5.818176908E2,1.111739000E1,7.735445833E1,3.001798793E2,6.092766762E0,1.882700043E2,1.600000024E0,1.369999981E1
5.828168360E2,1.111733167E1,7.735445500E1,3.003800816E2,6.565281868E0,1.830399933E2,1.600000024E0,1.350000000E1
5.838205252E2,1.111727167E1,7.735445333E1,3.001802900E2,6.454616547E0,1.801699982E2,1.600000024E0,1.310000038E1
5.848182068E2,1.111722167E1,7.735445000E1,2.998804633E2,4.996923447E0,1.849199982E2,1.600000024E0,1.319999981E1
5.858211880E2,1.111717667E1,7.735444667E1,2.998806193E2,4.832726955E0,1.833000031E2,1.600000024E0,1.410000038E1
5.868225926E2,1.111713833E1,7.735444333E1,2.999807520E2,3.874828815E0,1.845000000E2,1.600000024E0,1.389999962E1
5.878187615E2,1.111710833E1,7.735444000E1,2.999808558E2,2.896342039E0,1.825800018E2,1.600000024E0,1.389999962E1
5.888174219E2,1.111708500E1,7.735444000E1,3.000809369E2,2.701262236E0,1.813500061E2,1.700000048E0,1.360000038E1
5.898189040E2,1.111706333E1,7.735444167E1,3.002810125E2,2.411988258E0,1.828200073E2,1.600000024E0,1.319999981E1
5.908184169E2,1.111704167E1,7.735444500E1,3.004810883E2,2.225144148E0,1.737200012E2,1.600000024E0,1.339999962E1
5.918202033E2,1.111701667E1,7.735445000E1,2.998811760E2,3.523788452E0,1.732500000E2,1.600000024E0,1.350000000E1
5.928192237E2,1.111698000E1,7.735445500E1,2.994813043E2,4.514113903E0,1.717700043E2,1.600000024E0,1.330000019E1
5.938166480E2,1.111693333E1,7.735446333E1,2.999814678E2,5.132295132E0,1.716799927E2,1.600000024E0,1.310000038E1
5.948132024E2,1.111688333E1,7.735446833E1,2.997816423E2,5.423113346E0,1.755599976E2,1.600000024E0,1.339999962E1
5.958281000E2,1.111683333E1,7.735447333E1,2.998818169E2,6.079898834E0,1.747700043E2,1.600000024E0,1.360000038E1
5.968164647E2,1.111677333E1,7.735447667E1,2.994820260E2,6.506603718E0,1.754499969E2,1.600000024E0,1.369999981E1
5.978175742E2,1.111671333E1,7.735448000E1,2.985822351E2,6.913748741E0,1.765200043E2,1.600000024E0,1.360000038E1
5.988181132E2,1.111665000E1,7.735448333E1,2.983824558E2,7.197875500E0,1.766799927E2,1.600000024E0,1.360000038E1
5.998215517E2,1.111658167E1,7.735448667E1,2.985826939E2,7.411485195E0,1.762700043E2,1.600000024E0,1.369999981E1
6.008200797E2,1.111652167E1,7.735449667E1,3.001829040E2,6.211153030E0,1.792599945E2,1.500000000E0,1.350000000E1
6.018148077E2,1.111646667E1,7.735449833E1,3.003830955E2,6.189020157E0,1.785599976E2,1.500000000E0,1.319999981E1
6.028161412E2,1.111640667E1,7.735450167E1,3.001833046E2,6.585870743E0,1.770899963E2,1.500000000E0,1.330000019E1
6.038174329E2,1.111634333E1,7.735449833E1,3.006835242E2,7.081033707E0,1.814799957E2,1.600000024E0,1.330000019E1
6.048174465E2,1.111627833E1,7.735449667E1,3.002837500E2,8.026063919E0,1.805299988E2,1.600000024E0,1.289999962E1
6.058198410E2,1.111620000E1,7.735449500E1,3.003840220E2,8.913444519E0,1.804199982E2,1.600000024E0,1.260000038E1
6.068173421E2,1.111611500E1,7.735449167E1,3.000843171E2,9.965537071E0,1.810200043E2,1.600000024E0,1.250000000E1
6.078227277E2,1.111602167E1,7.735448833E1,2.998846410E2,1.047408295E1,1.811799927E2,1.600000024E0,1.219999981E1
6.088168258E2,1.111592500E1,7.735448500E1,2.998849766E2,1.077416515E1,1.804700012E2,1.399999976E0,1.230000019E1
6.098146480E2,1.111582667E1,7.735448500E1,2.996853185E2,1.068872166E1,1.796100006E2,1.399999976E0,1.250000000E1
6.108203061E2,1.111572667E1,7.735448167E1,2.995856656E2,1.108402824E1,1.816300049E2,1.399999976E0,1.260000038E1
6.118181190E2,1.111562500E1,7.735447833E1,2.991860186E2,1.124873924E1,1.803399963E2,1.500000000E0,1.250000000E1
6.128148800E2,1.111552500E1,7.735447833E1,2.987863662E2,1.076181221E1,1.796900024E2,1.500000000E0,1.260000038E1
6.138209227E2,1.111543167E1,7.735447667E1,2.981866905E2,1.018995571E1,1.796499939E2,1.600000024E0,1.289999962E1
6.148169714E2,1.111534167E1,7.735447667E1,2.979870034E2,9.753986359E0,1.796199951E2,1.600000024E0,1.310000038E1
6.158165739E2,1.111525667E1,7.735447667E1,2.970872989E2,9.560965538E0,1.808800049E2,1.600000024E0,1.319999981E1
6.168182880E2,1.111517333E1,7.735447167E1,2.966875878E2,9.244411469E0,1.821799927E2,1.600000024E0,1.339999962E1
6.178159012E2,1.111509333E1,7.735446833E1,2.966878655E2,8.889767647E0,1.827799988E2,1.700000048E0,1.300000000E1
6.188145258E2,1.111501667E1,7.735446167E1,2.962881310E2,8.395119667E0,1.830700073E2,1.600000024E0,1.310000038E1
6.198174582E2,1.111494500E1,7.735445667E1,2.960883794E2,7.735245705E0,1.838999939E2,1.500000000E0,1.300000000E1
6.208197037E2,1.111488333E1,7.735444833E1,2.958885926E2,6.053133488E0,1.870899963E2,1.500000000E0,1.319999981E1
6.218205689E2,1.111483667E1,7.735444167E1,2.954887538E2,4.554262161E0,1.831699982E2,1.500000000E0,1.310000038E1
6.228148920E2,1.111480333E1,7.735444000E1,2.946888695E2,3.888211727E0,1.818500061E2,1.500000000E0,1.300000000E1
6.238223419E2,1.111477500E1,7.735444333E1,2.941889685E2,2.991050720E0,1.766999969E2,1.500000000E0,1.330000019E1
6.248169461E2,1.111475000E1,7.735444500E1,2.939890556E2,2.221541166E0,1.763800049E2,1.600000024E0,1.339999962E1
6.258171332E2,1.111472667E1,7.735444833E1,2.938891373E2,2.708982944E0,1.823200073E2,1.700000048E0,1.330000019E1
6.268190470E2,1.111469167E1,7.735445000E1,2.935892592E2,4.154323101E0,1.838300018E2,1.700000048E0,1.260000038E1
6.278192477E2,1.111464500E1,7.735444833E1,2.934894212E2,5.956365585E0,1.831399994E2,1.700000048E0,1.280000019E1
6.288153250E2,1.111459000E1,7.735443500E1,2.931896104E2,6.258507729E0,1.908500061E2,1.799999952E0,1.339999962E1
6.298166170E2,1.111453667E1,7.735442333E1,2.939897941E2,6.265198708E0,1.885399933E2,1.700000048E0,1.330000019E1
6.308212293E2,1.111449167E1,7.735441833E1,2.939899498E2,4.524922848E0,1.820500031E2,1.700000048E0,1.300000000E1
6.318155237E2,1.111446333E1,7.735441000E1,2.946900471E2,3.000830650E0,1.843399963E2,1.700000048E0,1.310000038E1
6.328186640E2,1.111443000E1,7.735440500E1,2.944901622E2,4.219178200E0,1.869700012E2,1.799999952E0,1.310000038E1
6.338217234E2,1.111438833E1,7.735440000E1,2.943903064E2,5.053028107E0,1.860500031E2,1.700000048E0,1.289999962E1
6.348163622E2,1.111434500E1,7.735440167E1,2.939904573E2,4.699928761E0,1.830599976E2,1.700000048E0,1.280000019E1
6.358157437E2,1.111430667E1,7.735439667E1,2.936905898E2,4.228443146E0,1.829700012E2,1.700000048E0,1.269999981E1
6.368182507E2,1.111425667E1,7.735439333E1,2.934907631E2,6.055191994E0,1.856600037E2,1.700000048E0,1.280000019E1
6.378163982E2,1.111419333E1,7.735439000E1,2.933909828E2,7.204566956E0,1.847299957E2,1.700000048E0,1.289999962E1
6.388154108E2,1.111412500E1,7.735438000E1,2.931912189E2,7.583402634E0,1.853999939E2,1.700000048E0,1.269999981E1
6.398202108E2,1.111406000E1,7.735437500E1,2.929914442E2,6.847864628E0,1.827799988E2,1.799999952E0,1.310000038E1
6.408142791E2,1.111400333E1,7.735437833E1,2.927916417E2,5.619222641E0,1.785299988E2,1.799999952E0,1.310000038E1
6.418195976E2,1.111396167E1,7.735438333E1,2.925917873E2,4.030274868E0,1.745700073E2,1.700000048E0,1.319999981E1
6.428233270E2,1.111392833E1,7.735438500E1,2.923919034E2,4.523378849E0,1.799100037E2,1.700000048E0,1.269999981E1
6.438135120E2,1.111388333E1,7.735438000E1,2.919920591E2,5.801949024E0,1.863200073E2,1.700000048E0,1.269999981E1
6.448169462E2,1.111382167E1,7.735437000E1,2.919922721E2,7.407367706E0,1.899700012E2,1.700000048E0,1.239999962E1
6.458221511E2,1.111375000E1,7.735436000E1,2.918925198E2,7.769217014E0,1.877200012E2,1.700000048E0,1.250000000E1
6.468190510E2,1.111368667E1,7.735435500E1,2.917927392E2,6.228653431E0,1.842599945E2,1.700000048E0,1.230000019E1
6.478173890E2,1.111364500E1,7.735434667E1,2.915928828E2,4.396242619E0,1.873699951E2,1.700000048E0,1.219999981E1
6.488167083E2,1.111360500E1,7.735434333E1,2.917930214E2,4.788975716E0,1.863800049E2,1.600000024E0,1.219999981E1
6.498105557E2,1.111355500E1,7.735434333E1,2.919931953E2,6.258507729E0,1.822899933E2,1.600000024E0,1.219999981E1
6.508215148E2,1.111349333E1,7.735434167E1,2.917934094E2,7.415088177E0,1.840000000E2,1.700000048E0,1.230000019E1
6.518175157E2,1.111341167E1,7.735434167E1,2.919936934E2,9.068376541E0,1.828200073E2,1.700000048E0,1.250000000E1
6.528151985E2,1.111332333E1,7.735434000E1,2.918940002E2,1.020436764E1,1.814199982E2,1.700000048E0,1.280000019E1
6.538153259E2,1.111322667E1,7.735433667E1,2.918943358E2,1.034282875E1,1.818099976E2,1.700000048E0,1.289999962E1
6.548251717E2,1.111313167E1,7.735433333E1,2.917946656E2,9.977375984E0,1.813600006E2,1.600000024E0,1.319999981E1
6.558171628E2,1.111304500E1,7.735432500E1,2.914949657E2,8.854766846E0,1.829400024E2,1.600000024E0,1.280000019E1
6.568172633E2,1.111297000E1,7.735432000E1,2.912952258E2,7.139711857E0,1.816900024E2,1.600000024E0,1.289999962E1
6.578210514E2,1.111291500E1,7.735432000E1,2.909954170E2,5.089573383E0,1.799100037E2,1.600000024E0,1.310000038E1
6.588143406E2,1.111287833E1,7.735431833E1,2.917955442E2,3.497022867E0,1.849700012E2,1.500000000E0,1.300000000E1
6.598147363E2,1.111284333E1,7.735431833E1,2.918956659E2,4.658236027E0,1.860299988E2,1.500000000E0,1.310000038E1
6.608171428E2,1.111280167E1,7.735430667E1,2.915958091E2,4.810079098E0,1.872400055E2,1.700000048E0,1.319999981E1
6.618165277E2,1.111276167E1,7.735429167E1,2.918959460E2,4.691692829E0,1.881600037E2,1.700000048E0,1.189999962E1
6.628191969E2,1.111273667E1,7.735427500E1,2.916960304E2,4.720517635E0,1.903200073E2,1.899999976E0,1.219999981E1
6.638181914E2,1.111270500E1,7.735425500E1,2.919961376E2,4.725150108E0,1.997100067E2,2.000000000E0,1.239999962E1
6.648159480E2,1.111267500E1,7.735421333E1,2.914962358E2,4.987143517E0,2.127400055E2,2.099999905E0,1.260000038E1
6.658235710E2,1.111264833E1,7.735414833E1,2.913963191E2,7.652890205E0,2.475599976E2,2.099999905E0,1.280000019E1
6.668154520E2,1.111262333E1,7.735406333E1,2.912963936E2,9.285074234E0,2.572399902E2,1.899999976E0,1.160000038E1
6.678151218E2,1.111261000E1,7.735397000E1,2.904964263E2,8.693657875E0,2.594100037E2,1.600000024E0,1.169999981E1
6.688108175E2,1.111259500E1,7.735389167E1,2.898964671E2,7.606564999E0,2.574800110E2,1.500000000E0,1.180000019E1
6.698159794E2,1.111258167E1,7.735383000E1,2.893965044E2,6.007323265E0,2.563800049E2,1.500000000E0,1.189999962E1
6.708192255E2,1.111257333E1,7.735378500E1,2.889965268E2,4.509995937E0,2.633999939E2,1.500000000E0,1.200000000E1
6.718157732E2,1.111256667E1,7.735375333E1,2.887965454E2,3.819238901E0,2.594400024E2,1.600000024E0,1.219999981E1
6.728217747E2,1.111256500E1,7.735371000E1,2.884965449E2,4.785372734E0,2.619200134E2,1.600000024E0,1.219999981E1
6.738169456E2,1.111255500E1,7.735366333E1,2.880965728E2,5.993425369E0,2.584100037E2,1.500000000E0,1.200000000E1
6.748150216E2,1.111253667E1,7.735360833E1,2.882966286E2,6.784553528E0,2.521000061E2,1.399999976E0,1.189999962E1
6.758214455E2,1.111251500E1,7.735354833E1,2.877966952E2,7.583402634E0,2.492100067E2,1.399999976E0,1.180000019E1
6.768182216E2,1.111249167E1,7.735348333E1,2.876967669E2,7.463986874E0,2.525000000E2,1.399999976E0,1.169999981E1
6.778178073E2,1.111247167E1,7.735342500E1,2.875968279E2,6.886983395E0,2.522200012E2,1.399999976E0,1.169999981E1
6.788161831E2,1.111245000E1,7.735336833E1,2.873968950E2,6.322847843E0,2.476499939E2,1.600000024E0,1.189999962E1
6.798206696E2,1.111242833E1,7.735332500E1,2.872969640E2,5.297521114E0,2.448000031E2,1.600000024E0,1.219999981E1
6.808187741E2,1.111240833E1,7.735329833E1,2.874970297E2,3.716809273E0,2.408800049E2,1.700000048E0,1.260000038E1
6.818166840E2,1.111239167E1,7.735327000E1,2.873970836E2,4.117262840E0,2.408600006E2,1.799999952E0,1.300000000E1
6.828180348E2,1.111237667E1,7.735323167E1,2.873971302E2,5.161634445E0,2.477799988E2,1.799999952E0,1.319999981E1
6.838183193E2,1.111236500E1,7.735317333E1,2.875971622E2,6.358363628E0,2.543000031E2,1.799999952E0,1.339999962E1
6.848160818E2,1.111235167E1,7.735311000E1,2.874971994E2,7.335821152E0,2.547799988E2,1.700000048E0,1.310000038E1
6.858200877E2,1.111233167E1,7.735303667E1,2.875972583E2,8.204157829E0,2.552500000E2,1.600000024E0,1.300000000E1
6.868174687E2,1.111231000E1,7.735295667E1,2.874973220E2,9.320590019E0,2.536499939E2,1.600000024E0,1.300000000E1
6.878201480E2,1.111228500E1,7.735287000E1,2.874973964E2,9.800826073E0,2.528699951E2,1.500000000E0,1.310000038E1
6.888206982E2,1.111226000E1,7.735278333E1,2.875974707E2,9.780237198E0,2.560400085E2,1.500000000E0,1.300000000E1
6.898190606E2,1.111224167E1,7.735269833E1,2.874975221E2,9.176982880E0,2.567799988E2,1.600000024E0,1.300000000E1
6.908160895E2,1.111222500E1,7.735262000E1,2.871975687E2,8.858369827E0,2.560799866E2,1.600000024E0,1.289999962E1
6.918168259E2,1.111220667E1,7.735254667E1,2.868976218E2,8.335926056E0,2.570000000E2,1.600000024E0,1.310000038E1
6.928171730E2,1.111219167E1,7.735247333E1,2.868976634E2,7.447515965E0,2.542200012E2,1.600000024E0,1.319999981E1
6.938182360E2,1.111217667E1,7.735240833E1,2.867977061E2,6.409321308E0,2.555200043E2,1.500000000E0,1.300000000E1
6.948111809E2,1.111216333E1,7.735236167E1,2.866977457E2,4.574336529E0,2.553099976E2,1.500000000E0,1.260000038E1
6.958172065E2,1.111215833E1,7.735232333E1,2.864977575E2,3.709603071E0,2.595100098E2,1.500000000E0,1.230000019E1
6.968170612E2,1.111215167E1,7.735229833E1,2.862977771E2,2.481990576E0,2.583699951E2,1.500000000E0,1.169999981E1
6.978170621E2,1.111214500E1,7.735227500E1,2.863977969E2,2.461401701E0,2.483800049E2,1.500000000E0,1.150000000E1
6.988195074E2,1.111213667E1,7.735225333E1,2.868978227E2,2.436695099E0,2.442799988E2,1.500000000E0,1.160000038E1
6.998175701E2,1.111212333E1,7.735223500E1,2.870978665E2,1.976533294E0,2.179600067E2,1.500000000E0,1.180000019E1
7.008156527E2,1.111210500E1,7.735222500E1,2.868979288E2,2.014107943E0,2.019299927E2,1.600000024E0,1.219999981E1
7.018137296E2,1.111208667E1,7.735221833E1,2.871979916E2,2.041903019E0,1.995099945E2,1.500000000E0,1.239999962E1
7.028207234E2,1.111207000E1,7.735221667E1,2.870980494E2,1.648655295E0,1.843000031E2,1.500000000E0,1.280000019E1
7.038191674E2,1.111204833E1,7.735221833E1,2.868981250E2,2.708982944E0,1.779700012E2,1.500000000E0,1.310000038E1
7.048197853E2,1.111202333E1,7.735222500E1,2.869982130E2,2.230806112E0,1.660700073E2,1.600000024E0,1.360000038E1
7.058204825E2,1.111200833E1,7.735222667E1,2.868982654E2,1.425265789E0,1.660700073E2,1.600000024E0,1.360000038E1
7.068185727E2,1.111199833E1,7.735222667E1,2.869983002E2,1.285776138E0,1.660700073E2,1.700000048E0,1.389999962E1
7.078141819E2,1.111198667E1,7.735222667E1,2.871983408E2,1.298129439E0,1.660700073E2,1.899999976E0,1.410000038E1
7.088223477E2,1.111197333E1,7.735222667E1,2.872983872E2,1.581226707E0,1.842200012E2,2.099999905E0,1.400000000E1
7.098185339E2,1.111195667E1,7.735222500E1,2.873984449E2,1.840646625E0,1.777100067E2,2.400000095E0,1.419999981E1
7.108213655E2,1.111194167E1,7.735223333E1,2.878984983E2,1.820572495E0,1.610700073E2,2.599999905E0,1.439999962E1
7.118172293E2,1.111193500E1,7.735224000E1,2.883985225E2,1.610565782E0,1.540099945E2,2.599999905E0,1.550000000E1
7.128147840E2,1.111193500E1,7.735224500E1,2.880985232E2,1.106138110E0,1.540099945E2,2.599999905E0,1.589999962E1
7.138181299E2,1.111193167E1,7.735224333E1,2.884985346E2,1.211656094E0,1.540099945E2,2.400000095E0,1.510000038E1
7.148137114E2,1.111191500E1,7.735224167E1,2.887985923E2,1.659979224E0,1.617200012E2,2.200000048E0,1.469999981E1
7.158188197E2,1.111190167E1,7.735224667E1,2.891986395E2,2.054771185E0,1.507500000E2,2.099999905E0,1.469999981E1
7.168204732E2,1.111187667E1,7.735225167E1,2.895987272E2,2.207643509E0,1.518200073E2,2.000000000E0,1.450000000E1
7.178218416E2,1.111185667E1,7.735224833E1,2.899987963E2,1.882853866E0,1.682200012E2,1.899999976E0,1.439999962E1
7.188125474E2,1.111183833E1,7.735225167E1,2.901988606E2,1.847338080E0,1.775700073E2,1.799999952E0,1.389999962E1
7.198170364E2,1.111182000E1,7.735225333E1,2.898989246E2,1.681082726E0,1.971000061E2,1.700000048E0,1.350000000E1
7.208176711E2,1.111179667E1,7.735225667E1,2.899990063E2,2.725454092E0,1.801100006E2,1.600000024E0,1.330000019E1
7.218191566E2,1.111176667E1,7.735226333E1,2.900991116E2,3.176865578E0,1.653300018E2,1.500000000E0,1.310000038E1
7.228164858E2,1.111173833E1,7.735227333E1,2.901992116E2,3.378121853E0,1.676900024E2,1.500000000E0,1.250000000E1
7.238166124E2,1.111170333E1,7.735227500E1,2.903993337E2,3.542833090E0,1.885099945E2,1.500000000E0,1.169999981E1
7.248133098E2,1.111167000E1,7.735226500E1,2.903994482E2,3.915492058E0,2.038500061E2,1.500000000E0,1.150000000E1
7.258162941E2,1.111163667E1,7.735224500E1,2.907995613E2,3.580407858E0,2.198600006E2,1.500000000E0,1.150000000E1
7.268184376E2,1.111161500E1,7.735221833E1,2.910996328E2,4.484774590E0,2.401600037E2,1.500000000E0,1.130000019E1
7.278163813E2,1.111159667E1,7.735217333E1,2.915996901E2,5.622825623E0,2.512599945E2,1.500000000E0,1.150000000E1
7.288164800E2,1.111158500E1,7.735211667E1,2.915997225E2,6.585870743E0,2.595700073E2,1.500000000E0,1.150000000E1
7.298159151E2,1.111157500E1,7.735205000E1,2.914997477E2,7.125814438E0,2.608900146E2,1.500000000E0,1.189999962E1
7.308147268E2,1.111156167E1,7.735197167E1,2.913997827E2,8.372986794E0,2.614700012E2,1.600000024E0,1.189999962E1
7.318133009E2,1.111154500E1,7.735188500E1,2.908998282E2,9.775089264E0,2.610299988E2,1.600000024E0,1.189999962E1
7.328154492E2,1.111152333E1,7.735179500E1,2.904998906E2,1.080196095E1,2.574400024E2,1.500000000E0,1.210000038E1
7.338186093E2,1.111149667E1,7.735169167E1,2.902999685E2,1.204655933E1,2.555800018E2,1.600000024E0,1.210000038E1
7.348208250E2,1.111146333E1,7.735158833E1,2.901000695E2,1.220200539E1,2.529199982E2,1.600000024E0,1.219999981E1
7.358163391E2,1.111142500E1,7.735148167E1,2.898001875E2,1.221178436E1,2.508200073E2,1.600000024E0,1.230000019E1
7.368181120E2,1.111139667E1,7.735137333E1,2.896002705E2,1.207692719E1,2.543500061E2,1.500000000E0,1.210000038E1
7.378180520E2,1.111137167E1,7.735126833E1,2.896003424E2,1.171868038E1,2.560899963E2,1.500000000E0,1.230000019E1
7.388202230E2,1.111134667E1,7.735116333E1,2.894004142E2,1.197192383E1,2.565899963E2,1.399999976E0,1.189999962E1
7.398184016E2,1.111131667E1,7.735105833E1,2.894005035E2,1.222207928E1,2.547100067E2,1.399999976E0,1.169999981E1
7.408208797E2,1.111128500E1,7.735095333E1,2.894005986E2,1.183037567E1,2.532899933E2,1.399999976E0,1.169999981E1
7.418179187E2,1.111125500E1,7.735085167E1,2.897006884E2,1.118182564E1,2.547599945E2,1.399999976E0,1.169999981E1
7.428173440E2,1.111123000E1,7.735075500E1,2.896007615E2,1.092137623E1,2.553399963E2,1.399999976E0,1.180000019E1
7.438108181E2,1.111120833E1,7.735066500E1,2.895008239E2,1.008804131E1,2.557100067E2,1.500000000E0,1.189999962E1
7.448156418E2,1.111118833E1,7.735058000E1,2.893008813E2,9.530596733E0,2.589200134E2,1.600000024E0,1.210000038E1
7.458166293E2,1.111117167E1,7.735049500E1,2.895009271E2,9.493021965E0,2.575599976E2,1.600000024E0,1.239999962E1
7.468193163E2,1.111115167E1,7.735041833E1,2.898009857E2,8.682334900E0,2.573599854E2,1.600000024E0,1.260000038E1
7.478154003E2,1.111113500E1,7.735034500E1,2.898010332E2,8.145994186E0,2.575299988E2,1.600000024E0,1.260000038E1
7.488208536E2,1.111112167E1,7.735027833E1,2.899010700E2,7.560239792E0,2.601199951E2,1.600000024E0,1.289999962E1
7.498148387E2,1.111111333E1,7.735021833E1,2.897010904E2,7.186037064E0,2.612999878E2,1.500000000E0,1.230000019E1
7.508199587E2,1.111110000E1,7.735015500E1,2.897011277E2,6.752126217E0,2.608699951E2,1.500000000E0,1.200000000E1
7.518161490E2,1.111108833E1,7.735009667E1,2.898011599E2,6.601827145E0,2.584700012E2,1.500000000E0,1.210000038E1
7.528158167E2,1.111107833E1,7.735003833E1,2.899011863E2,6.002175808E0,2.581000061E2,1.500000000E0,1.219999981E1
7.538187840E2,1.111106833E1,7.734999167E1,2.899012144E2,4.802873135E0,2.572399902E2,1.500000000E0,1.189999962E1
7.548171858E2,1.111105833E1,7.734995667E1,2.898012442E2,3.335914612E0,2.540800018E2,1.500000000E0,1.200000000E1
7.558153683E2,1.111105333E1,7.734993500E1,2.896012585E2,1.844764471E0,2.535700073E2,1.500000000E0,1.200000000E1
7.568167970E2,1.111104500E1,7.734991667E1,2.897012849E2,2.129405737E0,2.472299957E2,1.399999976E0,1.219999981E1
7.578141813E2,1.111103333E1,7.734990333E1,2.898013236E2,2.151538849E0,2.193699951E2,1.399999976E0,1.239999962E1
7.588163341E2,1.111101000E1,7.734989500E1,2.898014037E2,3.051788092E0,2.005399933E2,1.600000024E0,1.230000019E1
7.598202144E2,1.111097667E1,7.734989167E1,2.899015193E2,3.804826736E0,1.786600037E2,1.600000024E0,1.239999962E1
7.608194148E2,1.111094833E1,7.734989333E1,2.902016182E2,2.771779060E0,1.733600006E2,1.700000048E0,1.250000000E1
7.618149495E2,1.111092667E1,7.734989667E1,2.904016941E2,2.328088522E0,1.646600037E2,1.799999952E0,1.269999981E1
7.628146178E2,1.111090833E1,7.734989333E1,2.914017575E2,2.722880602E0,1.812599945E2,1.799999952E0,1.310000038E1
7.638196640E2,1.111088500E1,7.734989167E1,2.921018385E2,2.718248129E0,1.764100037E2,1.899999976E0,1.339999962E1
7.648159059E2,1.111085500E1,7.734989333E1,2.928019432E2,3.766737223E0,1.769299927E2,1.899999976E0,1.369999981E1
7.658161622E2,1.111081167E1,7.734989833E1,2.933020949E2,5.043248177E0,1.698800049E2,1.799999952E0,1.339999962E1
7.668199523E2,1.111076333E1,7.734990667E1,2.940022644E2,5.929085255E0,1.706799927E2,1.799999952E0,1.319999981E1
7.678140077E2,1.111070667E1,7.734991833E1,2.943024634E2,6.607489109E0,1.686499939E2,1.799999952E0,1.310000038E1
7.688146052E2,1.111064667E1,7.734992833E1,2.947026738E2,6.580723763E0,1.741199951E2,1.799999952E0,1.319999981E1
7.698140055E2,1.111058667E1,7.734993167E1,2.947028832E2,6.184387684E0,1.742799988E2,1.799999952E0,1.339999962E1
7.708191929E2,1.111052667E1,7.734993333E1,2.941030924E2,6.203947067E0,1.725299988E2,1.700000048E0,1.410000038E1
7.718198422E2,1.111046000E1,7.734994500E1,2.938033262E2,6.578149796E0,1.723200073E2,1.700000048E0,1.400000000E1
7.728185764E2,1.111040000E1,7.734995333E1,2.939035364E2,6.711977959E0,1.714799957E2,1.700000048E0,1.430000019E1
7.738146511E2,1.111033833E1,7.734996333E1,2.938037525E2,6.583811760E0,1.713899994E2,1.799999952E0,1.400000000E1
7.748170003E2,1.111029000E1,7.734997000E1,2.934039218E2,5.783933640E0,1.750700073E2,1.799999952E0,1.400000000E1
7.758151127E2,1.111023167E1,7.734998333E1,2.930041269E2,5.886878014E0,1.670500031E2,1.700000048E0,1.389999962E1
7.768145945E2,1.111018167E1,7.734999333E1,2.921043024E2,5.089573383E0,1.715399933E2,1.700000048E0,1.350000000E1
7.778168972E2,1.111013167E1,7.735000333E1,2.920044780E2,5.196635723E0,1.704100037E2,1.700000048E0,1.330000019E1
7.788155933E2,1.111008833E1,7.735001333E1,2.915046303E2,5.174502373E0,1.692200012E2,1.600000024E0,1.289999962E1
7.798144062E2,1.111004500E1,7.735002000E1,2.908047821E2,5.308845043E0,1.721300049E2,1.600000024E0,1.260000038E1
7.808246292E2,1.110999833E1,7.735003167E1,2.906049463E2,5.389141560E0,1.700500031E2,1.600000024E0,1.280000019E1
7.818182182E2,1.110995500E1,7.735004000E1,2.905050984E2,4.874419212E0,1.678200073E2,1.700000048E0,1.300000000E1
7.828196650E2,1.110991667E1,7.735004833E1,2.904052331E2,4.203736305E0,1.680500031E2,1.799999952E0,1.330000019E1
7.838186763E2,1.110988167E1,7.735004667E1,2.902053547E2,4.087409019E0,1.749900055E2,1.799999952E0,1.350000000E1
7.848163778E2,1.110984833E1,7.735004333E1,2.899054703E2,3.967478991E0,1.767200012E2,1.700000048E0,1.389999962E1
7.858206779E2,1.110982000E1,7.735004333E1,2.894055690E2,3.829533339E0,1.797700043E2,1.700000048E0,1.380000019E1
7.868163320E2,1.110978167E1,7.735004667E1,2.889057030E2,4.367418289E0,1.749900055E2,1.700000048E0,1.339999962E1
7.878163844E2,1.110974167E1,7.735005333E1,2.882058432E2,4.983026028E0,1.751499939E2,1.700000048E0,1.319999981E1
7.888146618E2,1.110969167E1,7.735006167E1,2.876060185E2,5.175531864E0,1.702799988E2,1.700000048E0,1.339999962E1
7.898151674E2,1.110964167E1,7.735007167E1,2.873061940E2,5.469953060E0,1.692500000E2,1.799999952E0,1.350000000E1
7.908171210E2,1.110959833E1,7.735007667E1,2.865063457E2,5.256857872E0,1.694700012E2,1.799999952E0,1.360000038E1
7.918159538E2,1.110955667E1,7.735008500E1,2.863064919E2,4.810079098E0,1.687899933E2,1.799999952E0,1.389999962E1
7.928116129E2,1.110951667E1,7.735008833E1,2.858066317E2,4.245429039E0,1.724100037E2,1.799999952E0,1.430000019E1
7.938130790E2,1.110948000E1,7.735009167E1,2.857067599E2,3.826445103E0,1.718699951E2,1.799999952E0,1.450000000E1
7.948171932E2,1.110944667E1,7.735010167E1,2.855068773E2,4.025127888E0,1.679799957E2,1.799999952E0,1.450000000E1
7.958202117E2,1.110941333E1,7.735011167E1,2.850069948E2,3.771884441E0,1.645899963E2,1.799999952E0,1.460000038E1
7.968160015E2,1.110938000E1,7.735012333E1,2.850071126E2,3.045611382E0,1.665599976E2,1.799999952E0,1.489999962E1
7.978174701E2,1.110935000E1,7.735013167E1,2.849072182E2,2.482505322E0,1.637899933E2,1.799999952E0,1.530000019E1
7.988165324E2,1.110932667E1,7.735014333E1,2.849073011E2,2.619421482E0,1.647899933E2,1.799999952E0,1.539999962E1
7.998182874E2,1.110930167E1,7.735015000E1,2.853073891E2,3.082671404E0,1.659400024E2,1.799999952E0,1.480000019E1
8.008152939E2,1.110927000E1,7.735015500E1,2.855075001E2,3.693131924E0,1.720000000E2,1.700000048E0,1.450000000E1
8.018160548E2,1.110922667E1,7.735016000E1,2.858076517E2,4.638162136E0,1.709100037E2,1.700000048E0,1.410000038E1
8.028138031E2,1.110918167E1,7.735016167E1,2.861078086E2,5.092146873E0,1.740800018E2,1.700000048E0,1.389999962E1
8.038164901E2,1.110913000E1,7.735016333E1,2.863079888E2,6.119017601E0,1.767299957E2,1.700000048E0,1.369999981E1
8.048161117E2,1.110907833E1,7.735016333E1,2.861081687E2,6.083501816E0,1.750200043E2,1.799999952E0,1.380000019E1
8.058135044E2,1.110902833E1,7.735017000E1,2.863083438E2,5.697975159E0,1.710500031E2,1.799999952E0,1.419999981E1
8.068156147E2,1.110897833E1,7.735017667E1,2.862085188E2,5.970777988E0,1.678600006E2,1.700000048E0,1.350000000E1
8.078163644E2,1.110892500E1,7.735018667E1,2.862087059E2,5.425172329E0,1.705000000E2,1.700000048E0,1.389999962E1
8.088189413E2,1.110888667E1,7.735019000E1,2.857088399E2,4.776622295E0,1.738099976E2,1.700000048E0,1.360000038E1
8.098176539E2,1.110883500E1,7.735019333E1,2.857090203E2,5.611501694E0,1.762899933E2,1.700000048E0,1.360000038E1
8.108156370E2,1.110878167E1,7.735019333E1,2.853092060E2,6.563222885E0,1.816100006E2,1.700000048E0,1.339999962E1
8.118184327E2,1.110871500E1,7.735019167E1,2.848094379E2,7.915398121E0,1.812899933E2,1.700000048E0,1.319999981E1
8.128163059E2,1.110863500E1,7.735019167E1,2.847097165E2,8.303499222E0,1.801199951E2,1.700000048E0,1.369999981E1
8.138207129E2,1.110855667E1,7.735019500E1,2.847099897E2,8.028122902E0,1.802100067E2,1.700000048E0,1.369999981E1
8.148182086E2,1.110848333E1,7.735019167E1,2.849102446E2,8.255629539E0,1.835800018E2,1.700000048E0,1.319999981E1
8.158158117E2,1.110840333E1,7.735018333E1,2.849105220E2,8.652995110E0,1.842100067E2,1.700000048E0,1.300000000E1
8.168135625E2,1.110832000E1,7.735018333E1,2.850108122E2,9.268088341E0,1.831000061E2,1.799999952E0,1.310000038E1
8.178248729E2,1.110822667E1,7.735019167E1,2.856111383E2,1.024966335E1,1.789299927E2,1.799999952E0,1.280000019E1
8.188163908E2,1.110813167E1,7.735019333E1,2.860114694E2,1.063313198E1,1.803699951E2,1.700000048E0,1.319999981E1
8.198175757E2,1.110802833E1,7.735019667E1,2.861118297E2,1.097181892E1,1.790200043E2,1.700000048E0,1.419999981E1
8.208166926E2,1.110792167E1,7.735019500E1,2.862122009E2,1.139131737E1,1.768600006E2,1.700000048E0,1.489999962E1
8.218141327E2,1.110781833E1,7.735020000E1,2.863125614E2,1.106343937E1,1.758800049E2,1.600000024E0,1.460000038E1
8.228206501E2,1.110771667E1,7.735020667E1,2.863129163E2,1.090233135E1,1.744299927E2,1.500000000E0,1.439999962E1
8.238106726E2,1.110762000E1,7.735021667E1,2.855132543E2,1.103512955E1,1.728000031E2,1.500000000E0,1.419999981E1
8.248135769E2,1.110752167E1,7.735023333E1,2.852135991E2,1.055180550E1,1.700200043E2,1.500000000E0,1.419999981E1
8.258159941E2,1.110743167E1,7.735024667E1,2.846139143E2,1.010760021E1,1.700899963E2,1.399999976E0,1.350000000E1
8.268159547E2,1.110734333E1,7.735025833E1,2.845142235E2,9.616040230E0,1.713600006E2,1.299999952E0,1.319999981E1
8.278177222E2,1.110726000E1,7.735027167E1,2.842145155E2,8.777043343E0,1.706799927E2,1.399999976E0,1.250000000E1
8.288157578E2,1.110718000E1,7.735028333E1,2.841147957E2,8.559315681E0,1.711699982E2,1.399999976E0,1.210000038E1
8.298175354E2,1.110710500E1,7.735029167E1,2.839150580E2,8.290116310E0,1.735599976E2,1.399999976E0,1.219999981E1
8.308184219E2,1.110702833E1,7.735030333E1,2.844153266E2,8.385339737E0,1.714600067E2,1.399999976E0,1.200000000E1
8.318152773E2,1.110695500E1,7.735031500E1,2.845155836E2,8.123860359E0,1.695200043E2,1.500000000E0,1.239999962E1
8.328182404E2,1.110688167E1,7.735032667E1,2.846158405E2,7.947310925E0,1.703800049E2,1.500000000E0,1.280000019E1
8.338173114E2,1.110680667E1,7.735034000E1,2.847161035E2,8.314308167E0,1.717899933E2,1.600000024E0,1.300000000E1
8.348162910E2,1.110672333E1,7.735035167E1,2.853163953E2,9.231028557E0,1.711600037E2,1.500000000E0,1.289999962E1
8.358192618E2,1.110664000E1,7.735035833E1,2.854166864E2,9.766339302E0,1.727200012E2,1.500000000E0,1.250000000E1
8.368162751E2,1.110655167E1,7.735036667E1,2.854169951E2,9.886784554E0,1.729499969E2,1.399999976E0,1.269999981E1
8.378197637E2,1.110646500E1,7.735037500E1,2.855172980E2,9.539346695E0,1.721499939E2,1.399999976E0,1.289999962E1
8.388159671E2,1.110637833E1,7.735038667E1,2.852176014E2,9.910976410E0,1.731799927E2,1.399999976E0,1.219999981E1
8.398148178E2,1.110629167E1,7.735040000E1,2.851179050E2,9.619129181E0,1.713300018E2,1.399999976E0,1.210000038E1
8.408142068E2,1.110620500E1,7.735041333E1,2.850182086E2,9.428167343E0,1.723500061E2,1.500000000E0,1.250000000E1
8.418150677E2,1.110612167E1,7.735042500E1,2.851185004E2,9.264485359E0,1.710599976E2,1.500000000E0,1.269999981E1
8.428213144E2,1.110603833E1,7.735044167E1,2.852187928E2,9.238234520E0,1.680700073E2,1.500000000E0,1.289999962E1
8.438177594E2,1.110595500E1,7.735046167E1,2.851190857E2,9.213527679E0,1.668099976E2,1.500000000E0,1.289999962E1
8.448148960E2,1.110587667E1,7.735048167E1,2.848193612E2,9.042639732E0,1.646300049E2,1.500000000E0,1.280000019E1
8.458135022E2,1.110580000E1,7.735050500E1,2.843196313E2,8.792485237E0,1.619700012E2,1.500000000E0,1.280000019E1
8.468185914E2,1.110573000E1,7.735052833E1,2.839198782E2,8.023489952E0,1.594400024E2,1.500000000E0,1.300000000E1
8.478166668E2,1.110566500E1,7.735055000E1,2.841201075E2,7.441339016E0,1.598600006E2,1.399999976E0,1.250000000E1
8.488132684E2,1.110560500E1,7.735057167E1,2.837203194E2,7.134564877E0,1.601600037E2,1.399999976E0,1.260000038E1
8.498166062E2,1.110554167E1,7.735059333E1,2.835205429E2,7.128387928E0,1.614600067E2,1.399999976E0,1.269999981E1
8.508175972E2,1.110548167E1,7.735061333E1,2.835207545E2,6.690359592E0,1.598699951E2,1.500000000E0,1.300000000E1
8.518147927E2,1.110543000E1,7.735063167E1,2.836209369E2,5.488997936E0,1.565200043E2,1.600000024E0,1.289999962E1
8.528197221E2,1.110539000E1,7.735064667E1,2.833210782E2,4.629411697E0,1.600099945E2,1.700000048E0,1.280000019E1
8.538165247E2,1.110535333E1,7.735066000E1,2.834212077E2,4.622205734E0,1.575299988E2,1.600000024E0,1.250000000E1
8.548169360E2,1.110531500E1,7.735067667E1,2.836213434E2,5.342816830E0,1.551399994E2,1.500000000E0,1.269999981E1
8.558147674E2,1.110527833E1,7.735069167E1,2.838214731E2,4.458523750E0,1.599600067E2,1.500000000E0,1.230000019E1
8.568196735E2,1.110524000E1,7.735070000E1,2.841216077E2,4.049834251E0,1.690099945E2,1.399999976E0,1.189999962E1
8.578176637E2,1.110519667E1,7.735070333E1,2.841217590E2,4.873390198E0,1.787299957E2,1.500000000E0,1.160000038E1
8.588145612E2,1.110514667E1,7.735069833E1,2.842219324E2,6.296082020E0,1.908800049E2,1.500000000E0,1.150000000E1
8.598171099E2,1.110508500E1,7.735068000E1,2.845221446E2,8.118199348E0,1.958500061E2,1.500000000E0,1.139999962E1
8.608186354E2,1.110500667E1,7.735065667E1,2.847224141E2,9.611923218E0,2.009799957E2,1.500000000E0,1.139999962E1
8.618154501E2,1.110492167E1,7.735061833E1,2.846227049E2,1.064548492E1,2.033800049E2,1.399999976E0,1.139999962E1
8.628190674E2,1.110482333E1,7.735057833E1,2.848230418E2,1.207538319E1,2.010800018E2,1.399999976E0,1.119999981E1
8.638149591E2,1.110472000E1,7.735053833E1,2.851233961E2,1.194412899E1,2.002599945E2,1.399999976E0,1.089999962E1
8.648176948E2,1.110461833E1,7.735050167E1,2.849237451E2,1.124256325E1,2.000000000E2,1.299999952E0,1.080000019E1
8.658203293E2,1.110452333E1,7.735047000E1,2.846240716E2,1.045812607E1,1.987299957E2,1.299999952E0,1.069999981E1
8.668163674E2,1.110443333E1,7.735044167E1,2.844243811E2,9.882151604E0,1.978500061E2,1.299999952E0,1.039999962E1
8.678154179E2,1.110435333E1,7.735041667E1,2.845246563E2,8.446077347E0,1.971999969E2,1.299999952E0,1.039999962E1
8.688166361E2,1.110428833E1,7.735039833E1,2.845248801E2,6.627048492E0,1.953800049E2,1.299999952E0,1.050000000E1
8.698138874E2,1.110423667E1,7.735038833E1,2.843250587E2,5.666062355E0,1.832899933E2,1.299999952E0,1.060000038E1
8.708171554E2,1.110419167E1,7.735038167E1,2.841252145E2,4.853315830E0,1.873000031E2,1.299999952E0,1.080000019E1
8.718187302E2,1.110415333E1,7.735037833E1,2.844253475E2,3.686955214E0,1.851799927E2,1.299999952E0,1.130000019E1
8.728158274E2,1.110411167E1,7.735038000E1,2.841254928E2,5.263034821E0,1.732299957E2,1.299999952E0,1.150000000E1
8.738203489E2,1.110405667E1,7.735039333E1,2.839256861E2,6.704771519E0,1.638099976E2,1.299999952E0,1.200000000E1
8.748186521E2,1.110400333E1,7.735041000E1,2.835258741E2,5.927026272E0,1.624499969E2,1.399999976E0,1.210000038E1
8.758137409E2,1.110396167E1,7.735042167E1,2.833260207E2,4.128586769E0,1.658600006E2,1.399999976E0,1.200000000E1
8.768160809E2,1.110393333E1,7.735043333E1,2.831261209E2,3.388931036E0,1.513099976E2,1.399999976E0,1.200000000E1
8.778178794E2,1.110390333E1,7.735044500E1,2.832262270E2,3.761075258E0,1.648399963E2,1.500000000E0,1.210000038E1
8.788154376E2,1.110386167E1,7.735045500E1,2.838263734E2,5.116338730E0,1.698099976E2,1.600000024E0,1.200000000E1
8.798161791E2,1.110380333E1,7.735046333E1,2.843265776E2,7.315746784E0,1.776799927E2,1.600000024E0,1.189999962E1
8.808171701E2,1.110373000E1,7.735047333E1,2.850268343E2,8.949475288E0,1.745200043E2,1.600000024E0,1.210000038E1
8.818156591E2,1.110364667E1,7.735048500E1,2.858271260E2,9.517213821E0,1.721499939E2,1.600000024E0,1.210000038E1
8.828190314E2,1.110356167E1,7.735049667E1,2.865274235E2,9.481698036E0,1.714499969E2,1.600000024E0,1.210000038E1
8.838165360E2,1.110348167E1,7.735050667E1,2.868277034E2,8.596375465E0,1.722400055E2,1.700000048E0,1.239999962E1
8.848168209E2,1.110340500E1,7.735051167E1,2.870279710E2,8.368868828E0,1.753000031E2,1.799999952E0,1.260000038E1
8.858222107E2,1.110333667E1,7.735051833E1,2.871282098E2,7.686347008E0,1.744600067E2,1.799999952E0,1.280000019E1
8.868187255E2,1.110326833E1,7.735052500E1,2.873284486E2,7.711568356E0,1.751600037E2,1.799999952E0,1.300000000E1
8.878085462E2,1.110319833E1,7.735053167E1,2.877286932E2,7.802159309E0,1.739100037E2,1.799999952E0,1.260000038E1
8.888181575E2,1.110313167E1,7.735053500E1,2.880289258E2,6.973971367E0,1.692400055E2,1.600000024E0,1.280000019E1
8.898202656E2,1.110308000E1,7.735054500E1,2.880291070E2,5.724225998E0,1.662599945E2,1.700000048E0,1.289999962E1
8.908150581E2,1.110304000E1,7.735054833E1,2.886292467E2,4.212486744E0,1.696999969E2,1.799999952E0,1.319999981E1
8.918178557E2,1.110301833E1,7.735054833E1,2.892293222E2,2.712586164E0,1.691499939E2,1.899999976E0,1.350000000E1
8.928149714E2,1.110300667E1,7.735055167E1,2.899293632E2,1.788144946E0,1.711799927E2,1.899999976E0,1.360000038E1
8.938171105E2,1.110299000E1,7.735055667E1,2.905294219E2,1.812336922E0,1.680899963E2,1.899999976E0,1.380000019E1
8.948179864E2,1.110297000E1,7.735056333E1,2.912294924E2,2.347648144E0,1.761699982E2,1.799999952E0,1.380000019E1
8.958262210E2,1.110293833E1,7.735056667E1,2.916296031E2,3.371945381E0,1.760000000E2,1.799999952E0,1.350000000E1
8.968156791E2,1.110290500E1,7.735056833E1,2.916297194E2,3.840857267E0,1.765200043E2,1.899999976E0,1.330000019E1
8.978174677E2,1.110286000E1,7.735057167E1,2.918298765E2,5.032953739E0,1.716600037E2,1.899999976E0,1.330000019E1
8.988140547E2,1.110281500E1,7.735057167E1,2.920300332E2,4.754488945E0,1.753399963E2,1.899999976E0,1.289999962E1
8.998206095E2,1.110278333E1,7.735057333E1,2.922301437E2,3.562392473E0,1.709799957E2,1.899999976E0,1.269999981E1
9.008166176E2,1.110276500E1,7.735057833E1,2.924302082E2,1.989401340E0,1.685000000E2,1.799999952E0,1.280000019E1
9.018197707E2,1.110274667E1,7.735058167E1,2.925302725E2,1.959032774E0,1.725700073E2,1.799999952E0,1.280000019E1
9.028174382E2,1.110272667E1,7.735058167E1,2.928303421E2,1.809763312E0,1.756199951E2,1.799999952E0,1.280000019E1
9.038171114E2,1.110271333E1,7.735057833E1,2.929303881E2,2.071756840E0,1.775700073E2,1.799999952E0,1.289999962E1
9.048149929E2,1.110269333E1,7.735057833E1,2.929304577E2,2.484049559E0,1.745099945E2,1.799999952E0,1.310000038E1
9.058160181E2,1.110266167E1,7.735059167E1,2.934305697E2,3.272089243E0,1.574799957E2,1.799999952E0,1.310000038E1
9.068205250E2,1.110263000E1,7.735060167E1,2.937306813E2,3.499596357E0,1.573899994E2,1.700000048E0,1.319999981E1
9.078209818E2,1.110260000E1,7.735061667E1,2.939307878E2,3.514008522E0,1.520200043E2,1.700000048E0,1.330000019E1
9.088172243E2,1.110258000E1,7.735062333E1,2.935308583E2,3.246867895E0,1.579400024E2,1.799999952E0,1.289999962E1
9.098197855E2,1.110255000E1,7.735063333E1,2.939309641E2,3.224734783E0,1.633500061E2,1.899999976E0,1.310000038E1
9.108172794E2,1.110252333E1,7.735063500E1,2.934310571E2,3.652468920E0,1.659700012E2,2.000000000E0,1.350000000E1
9.118169283E2,1.110249167E1,7.735064500E1,2.935311687E2,3.619011879E0,1.705299988E2,2.000000000E0,1.400000000E1
9.128166763E2,1.110246333E1,7.735065167E1,2.932312682E2,3.440403223E0,1.680899963E2,2.099999905E0,1.389999962E1
9.138171973E2,1.110244500E1,7.735065167E1,2.934313321E2,2.467578411E0,1.678399963E2,2.299999952E0,1.439999962E1
9.148148846E2,1.110243500E1,7.735065167E1,2.934313669E2,1.993004441E0,1.657799988E2,2.400000095E0,1.469999981E1
9.158175237E2,1.110242333E1,7.735065500E1,2.933314079E2,1.798439503E0,1.733399963E2,2.299999952E0,1.480000019E1
9.168207012E2,1.110239667E1,7.735066333E1,2.928315019E2,1.678509116E0,1.833699951E2,2.299999952E0,1.530000019E1
9.178162345E2,1.110237833E1,7.735067167E1,2.924315668E2,1.717113376E0,1.788300018E2,2.299999952E0,1.530000019E1
9.188140594E2,1.110235667E1,7.735068167E1,2.918316436E2,2.612730026E0,1.666300049E2,2.200000048E0,1.530000019E1
9.198151828E2,1.110233167E1,7.735068333E1,2.913317308E2,2.625597954E0,1.771900024E2,2.200000048E0,1.489999962E1
9.208175108E2,1.110229833E1,7.735069167E1,2.908318480E2,2.960167408E0,1.563999939E2,2.099999905E0,1.500000000E1
9.218158613E2,1.110226667E1,7.735071000E1,2.901319607E2,3.040464163E0,1.398099976E2,2.000000000E0,1.389999962E1
9.228200627E2,1.110224167E1,7.735073667E1,2.896320512E2,3.349297523E0,1.216100006E2,1.899999976E0,1.360000038E1
9.238198724E2,1.110222667E1,7.735077333E1,2.890321083E2,4.455435753E0,1.034100037E2,1.899999976E0,1.339999962E1
9.248188307E2,1.110222000E1,7.735082333E1,2.887321381E2,5.148766518E0,9.355999756E1,2.000000000E0,1.300000000E1
9.258203644E2,1.110221667E1,7.735088167E1,2.887321575E2,6.295567513E0,9.083000183E1,1.899999976E0,1.250000000E1
9.268148255E2,1.110221167E1,7.735093333E1,2.884321817E2,5.829229355E0,9.318000031E1,1.899999976E0,1.239999962E1
9.278167298E2,1.110220833E1,7.735099167E1,2.880322011E2,6.794333458E0,8.883000183E1,1.799999952E0,1.210000038E1
9.288148945E2,1.110220500E1,7.735105833E1,2.882322215E2,6.761391163E0,8.669999695E1,1.700000048E0,1.219999981E1
9.298169320E2,1.110220333E1,7.735111333E1,2.889322346E2,4.679339886E0,9.740000153E1,1.600000024E0,1.239999962E1
9.308188865E2,1.110219000E1,7.735113333E1,2.876322836E2,3.785267115E0,1.251600037E2,1.700000048E0,1.269999981E1
9.318173846E2,1.110216167E1,7.735115333E1,2.873323849E2,4.547570705E0,1.491799927E2,1.799999952E0,1.260000038E1
9.328203415E2,1.110212167E1,7.735116500E1,2.872325257E2,5.072587490E0,1.636799927E2,1.899999976E0,1.269999981E1
9.338181458E2,1.110207500E1,7.735117000E1,2.870326888E2,5.720108032E0,1.706999969E2,2.000000000E0,1.280000019E1
9.348173099E2,1.110202167E1,7.735118000E1,2.868328758E2,6.016588211E0,1.765099945E2,2.000000000E0,1.260000038E1
9.358190874E2,1.110197667E1,7.735118000E1,2.867330324E2,4.768386841E0,1.816399994E2,1.899999976E0,1.260000038E1
9.368156006E2,1.110194333E1,7.735117667E1,2.866331480E2,3.155761957E0,1.852899933E2,1.899999976E0,1.280000019E1
9.378203806E2,1.110192500E1,7.735117833E1,2.863332120E2,1.859176636E0,1.731199951E2,1.899999976E0,1.289999962E1
9.388174413E2,1.110190500E1,7.735117833E1,2.862332816E2,1.830352187E0,1.830599976E2,1.899999976E0,1.319999981E1
9.398239775E2,1.110187667E1,7.735118333E1,2.862333809E2,2.464489937E0,1.738399963E2,1.799999952E0,1.300000000E1
9.408133207E2,1.110184500E1,7.735118000E1,2.863334907E2,3.318928957E0,1.890500031E2,1.799999952E0,1.319999981E1
9.418189391E2,1.110181000E1,7.735118000E1,2.862336126E2,3.860416651E0,1.946399994E2,1.799999952E0,1.300000000E1
9.428168690E2,1.110176000E1,7.735118333E1,2.860337870E2,5.021115303E0,1.835299988E2,1.799999952E0,1.319999981E1
9.438162852E2,1.110169833E1,7.735118667E1,2.860340021E2,6.612121582E0,1.828699951E2,1.899999976E0,1.310000038E1
9.448146902E2,1.110162833E1,7.735118000E1,2.866342449E2,7.749657631E0,1.833399963E2,1.799999952E0,1.310000038E1
9.458160258E2,1.110154667E1,7.735117333E1,2.870345283E2,9.154335022E0,1.826199951E2,1.899999976E0,1.310000038E1
9.468174523E2,1.110146333E1,7.735116500E1,2.869348173E2,9.266544342E0,1.837299957E2,1.899999976E0,1.310000038E1
9.478196776E2,1.110137833E1,7.735115333E1,2.869351116E2,8.862486839E0,1.821499939E2,1.899999976E0,1.319999981E1
9.488153711E2,1.110129833E1,7.735115333E1,2.870353901E2,8.142905235E0,1.787400055E2,2.000000000E0,1.319999981E1
9.498214511E2,1.110122500E1,7.735116333E1,2.872356467E2,7.977165222E0,1.743300018E2,2.099999905E0,1.350000000E1
9.508166077E2,1.110116000E1,7.735117333E1,2.871358742E2,7.434133053E0,1.682700043E2,2.099999905E0,1.369999981E1
9.518171031E2,1.110110833E1,7.735117500E1,2.871360543E2,6.949264526E0,1.698399963E2,2.200000048E0,1.369999981E1
9.528178517E2,1.110105833E1,7.735118667E1,2.871362299E2,5.925996780E0,1.676199951E2,2.200000048E0,1.430000019E1
9.538156130E2,1.110101667E1,7.735120833E1,2.866363778E2,6.098428726E0,1.671199951E2,2.200000048E0,1.480000019E1
9.548161917E2,1.110095500E1,7.735121500E1,2.871365933E2,6.875659466E0,1.736900024E2,2.200000048E0,1.450000000E1
9.558193157E2,1.110089000E1,7.735121667E1,2.874368197E2,6.756758690E0,1.748800049E2,2.099999905E0,1.410000038E1
9.568144098E2,1.110084000E1,7.735122333E1,2.874369947E2,6.414983273E0,1.729199982E2,2.200000048E0,1.450000000E1
9.578162985E2,1.110079167E1,7.735123000E1,2.880371638E2,5.754079819E0,1.733800049E2,2.099999905E0,1.450000000E1
9.588145852E2,1.110074333E1,7.735123167E1,2.885373322E2,5.445761204E0,1.757200012E2,2.099999905E0,1.410000038E1
9.598165468E2,1.110069333E1,7.735123000E1,2.894375060E2,4.803387642E0,1.777899933E2,2.000000000E0,1.369999981E1
9.608164062E2,1.110065167E1,7.735123167E1,2.905376513E2,4.045716763E0,1.792100067E2,1.899999976E0,1.310000038E1
9.618177135E2,1.110061500E1,7.735123500E1,2.914377794E2,4.135278225E0,1.719700012E2,1.899999976E0,1.330000019E1
9.628174978E2,1.110057500E1,7.735124167E1,2.917379195E2,4.383889198E0,1.719600067E2,1.899999976E0,1.330000019E1
9.638174788E2,1.110053333E1,7.735125167E1,2.920380658E2,4.856404305E0,1.726300049E2,2.000000000E0,1.350000000E1
9.648170914E2,1.110049333E1,7.735125333E1,2.919382052E2,4.947509766E0,1.782400055E2,2.000000000E0,1.419999981E1
9.658150453E2,1.110044333E1,7.735126167E1,2.921383804E2,4.971187115E0,1.762299957E2,2.000000000E0,1.410000038E1
9.668137511E2,1.110040000E1,7.735126500E1,2.920385316E2,4.497642994E0,1.729400024E2,2.000000000E0,1.410000038E1
9.678148658E2,1.110036167E1,7.735127167E1,2.918386659E2,3.669454813E0,1.710700073E2,2.000000000E0,1.419999981E1
9.688179160E2,1.110033000E1,7.735128000E1,2.918387772E2,3.790414333E0,1.708699951E2,2.099999905E0,1.419999981E1
9.698219821E2,1.110029500E1,7.735128667E1,2.916388999E2,3.796076298E0,1.726499939E2,2.099999905E0,1.430000019E1
9.708150037E2,1.110025667E1,7.735130500E1,2.912390357E2,3.457903862E0,1.687100067E2,2.000000000E0,1.410000038E1
9.718159391E2,1.110022667E1,7.735131000E1,2.907391408E2,3.099142551E0,1.755899963E2,1.899999976E0,1.400000000E1
9.728162526E2,1.110019333E1,7.735131167E1,2.906392571E2,2.795971155E0,1.725000000E2,1.799999952E0,1.369999981E1
9.738169526E2,1.110016167E1,7.735132167E1,2.908393686E2,3.398710728E0,1.621799927E2,1.799999952E0,1.350000000E1
9.748150292E2,1.110013667E1,7.735132833E1,2.906394565E2,2.854134798E0,1.521900024E2,1.799999952E0,1.339999962E1
9.758160216E2,1.110012333E1,7.735134500E1,2.906395050E2,2.831486940E0,1.252600021E2,1.799999952E0,1.319999981E1
9.768192914E2,1.110010833E1,7.735137167E1,2.910395607E2,3.561877728E0,1.114499969E2,1.799999952E0,1.289999962E1
9.778136579E2,1.110009833E1,7.735141000E1,2.908396005E2,4.320578098E0,9.941999817E1,1.799999952E0,1.300000000E1
9.788162764E2,1.110008833E1,7.735146500E1,2.913396424E2,5.954821587E0,9.515000153E1,1.799999952E0,1.300000000E1
9.798191655E2,1.110008500E1,7.735152667E1,2.913396620E2,5.924452782E0,9.241000366E1,1.799999952E0,1.269999981E1
9.808186978E2,1.110007833E1,7.735158000E1,2.911396921E2,5.819963932E0,8.793000031E1,1.799999952E0,1.310000038E1
9.818226148E2,1.110008167E1,7.735163833E1,2.911396881E2,6.349098682E0,8.666999817E1,1.799999952E0,1.339999962E1
9.828190284E2,1.110007667E1,7.735169500E1,2.902397129E2,7.219493866E0,9.163999939E1,1.799999952E0,1.350000000E1
9.838156966E2,1.110007167E1,7.735177000E1,2.901397400E2,8.309161186E0,9.044999695E1,1.799999952E0,1.339999962E1
9.848148424E2,1.110007000E1,7.735185167E1,2.901397564E2,8.527402878E0,9.283000183E1,1.799999952E0,1.289999962E1
9.858170951E2,1.110006000E1,7.735193167E1,2.902398016E2,8.691599846E0,9.541999817E1,1.799999952E0,1.280000019E1
9.868163419E2,1.110005667E1,7.735201333E1,2.900398237E2,8.387398720E0,9.126000214E1,1.899999976E0,1.289999962E1
9.878208985E2,1.110004833E1,7.735209167E1,2.896398629E2,8.351367950E0,9.222000122E1,1.799999952E0,1.280000019E1
9.888194281E2,1.110004333E1,7.735216333E1,2.896398896E2,7.828410149E0,9.004000092E1,1.799999952E0,1.289999962E1
9.898151988E2,1.110004000E1,7.735223167E1,2.895399100E2,7.115005493E0,8.837000275E1,1.700000048E0,1.269999981E1
9.908148021E2,1.110003667E1,7.735229667E1,2.895399301E2,6.902424812E0,9.172000122E1,1.700000048E0,1.250000000E1
9.918140557E2,1.110003500E1,7.735236667E1,2.894399449E2,8.042019844E0,9.166999817E1,1.799999952E0,1.260000038E1
9.928131871E2,1.110002667E1,7.735244500E1,2.894399841E2,9.145584106E0,9.277999878E1,1.700000048E0,1.280000019E1
9.938150821E2,1.110002167E1,7.735252833E1,2.897400123E2,9.411181450E0,9.183000183E1,1.799999952E0,1.300000000E1
9.948147939E2,1.110001500E1,7.735261667E1,2.898400469E2,9.108524323E0,9.187999725E1,1.799999952E0,1.310000038E1
9.958173318E2,1.110001333E1,7.735269833E1,2.898400633E2,8.455856323E0,8.948999786E1,1.799999952E0,1.319999981E1
9.968144222E2,1.110002000E1,7.735277667E1,2.900400503E2,7.782085419E0,8.627999878E1,1.899999976E0,1.339999962E1
9.978169738E2,1.110002333E1,7.735284167E1,2.900400471E2,6.344466209E0,8.725000000E1,1.799999952E0,1.350000000E1
9.988162718E2,1.110002833E1,7.735289167E1,2.902400362E2,4.690663815E0,8.901000214E1,1.799999952E0,1.339999962E1
9.998189588E2,1.110002333E1,7.735293333E1,2.901400590E2,4.997952938E0,9.226999664E1,1.899999976E0,1.360000038E1
1.000818995E3,1.110002500E1,7.735298333E1,2.900400597E2,5.815331459E0,8.926000214E1,1.899999976E0,1.350000000E1
1.001816363E3,1.110002000E1,7.735304333E1,2.903400848E2,6.617269039E0,9.105999756E1,1.799999952E0,1.300000000E1
1.002811780E3,1.110002000E1,7.735310500E1,2.908400928E2,7.422809124E0,9.162000275E1,1.799999952E0,1.300000000E1
1.003815804E3,1.110002167E1,7.735318167E1,2.909400970E2,8.468724251E0,9.112000275E1,1.899999976E0,1.289999962E1
1.004817333E3,1.110001833E1,7.735326500E1,2.915401194E2,8.892340660E0,9.419000244E1,1.899999976E0,1.300000000E1
1.005816770E3,1.110001167E1,7.735334500E1,2.917401529E2,8.175333023E0,9.781999969E1,1.899999976E0,1.310000038E1
1.006815596E3,1.109999667E1,7.735341167E1,2.919402137E2,7.168536186E0,9.887000275E1,1.899999976E0,1.319999981E1
1.007819204E3,1.109997333E1,7.735347333E1,2.936403029E2,6.056221485E0,1.050500031E2,1.799999952E0,1.289999962E1
1.008815391E3,1.109995500E1,7.735352833E1,2.942403738E2,6.081442833E0,1.065199966E2,1.799999952E0,1.319999981E1
1.009820204E3,1.109994000E1,7.735358000E1,2.944404326E2,5.495174408E0,1.081200027E2,1.799999952E0,1.310000038E1
1.010816291E3,1.109992833E1,7.735362667E1,2.950404793E2,4.955230713E0,1.082099991E2,1.799999952E0,1.319999981E1
1.011818396E3,1.109991667E1,7.735367000E1,2.954405254E2,5.161119938E0,1.066999969E2,1.799999952E0,1.289999962E1
1.012809233E3,1.109990500E1,7.735371167E1,2.959405714E2,4.167191029E0,1.091399994E2,1.799999952E0,1.330000019E1
1.013815411E3,1.109989833E1,7.735374167E1,2.965405985E2,2.642069101E0,1.070400009E2,1.799999952E0,1.350000000E1
1.014815213E3,1.109988667E1,7.735377000E1,2.968406427E2,3.316869974E0,1.208000031E2,1.700000048E0,1.360000038E1
1.015817348E3,1.109986333E1,7.735379000E1,2.974407264E2,3.342091322E0,1.443099976E2,1.700000048E0,1.410000038E1
1.016816611E3,1.109982833E1,7.735380833E1,2.976408505E2,3.930933714E0,1.578000031E2,1.799999952E0,1.380000019E1
1.017816332E3,1.109979500E1,7.735381500E1,2.980409673E2,3.554157019E0,1.670800018E2,1.799999952E0,1.360000038E1
1.018823543E3,1.109976167E1,7.735381833E1,2.979410836E2,2.910754204E0,1.719199982E2,1.700000048E0,1.310000038E1
1.019820382E3,1.109973000E1,7.735382000E1,2.979411940E2,3.569598675E0,1.747799988E2,1.700000048E0,1.319999981E1
1.020818094E3,1.109969833E1,7.735382500E1,2.979413047E2,3.603570223E0,1.732400055E2,1.700000048E0,1.310000038E1
1.021822398E3,1.109967167E1,7.735383333E1,2.981413986E2,2.784647226E0,1.633000031E2,1.600000024E0,1.280000019E1
1.022814669E3,1.109964500E1,7.735384167E1,2.983414924E2,3.600481987E0,1.674700012E2,1.700000048E0,1.300000000E1
1.023824864E3,1.109960333E1,7.735385167E1,2.986416385E2,5.185311794E0,1.728399963E2,1.799999952E0,1.250000000E1
1.024817391E3,1.109955000E1,7.735386167E1,2.989418253E2,6.332112789E0,1.725099945E2,1.899999976E0,1.260000038E1
1.025815753E3,1.109948667E1,7.735387000E1,2.990420466E2,7.135594368E0,1.709900055E2,1.899999976E0,1.239999962E1
1.026814281E3,1.109941500E1,7.735388333E1,2.999422975E2,7.998783112E0,1.690099945E2,1.899999976E0,1.239999962E1
1.027813015E3,1.109933833E1,7.735389500E1,3.001425656E2,8.978300095E0,1.716799927E2,2.000000000E0,1.239999962E1
1.028814325E3,1.109926333E1,7.735390833E1,3.003428282E2,8.426517487E0,1.691999969E2,2.000000000E0,1.260000038E1
1.029814328E3,1.109919167E1,7.735391500E1,3.007430782E2,7.991062641E0,1.712500000E2,2.000000000E0,1.289999962E1
1.030813342E3,1.109912500E1,7.735392167E1,3.008433109E2,7.442883492E0,1.727299957E2,2.000000000E0,1.319999981E1
1.031817595E3,1.109906833E1,7.735393500E1,3.011435097E2,6.139606476E0,1.704900055E2,2.000000000E0,1.339999962E1
1.032816430E3,1.109901333E1,7.735394500E1,3.007437022E2,5.468923569E0,1.682200012E2,2.000000000E0,1.380000019E1
1.033817183E3,1.109897500E1,7.735395667E1,3.004438370E2,4.158441067E0,1.569799957E2,2.000000000E0,1.439999962E1
1.034811866E3,1.109894500E1,7.735397667E1,3.003439439E2,3.337458849E0,1.475000000E2,2.000000000E0,1.480000019E1
1.035814991E3,1.109893167E1,7.735398167E1,2.999439909E2,2.373384237E0,1.466799927E2,2.000000000E0,1.450000000E1
1.036815099E3,1.109891833E1,7.735399167E1,2.997440385E2,1.044371367E0,1.466799927E2,2.000000000E0,1.439999962E1
1.037813014E3,1.109891833E1,7.735399333E1,2.996440387E2,0.000000000E0,1.466799927E2,2.000000000E0,1.430000019E1
1.038810970E3,1.109892167E1,7.735399333E1,2.996440271E2,0.000000000E0,1.466799927E2,2.200000048E0,1.469999981E1
1.039811333E3,1.109892167E1,7.735399667E1,2.996440276E2,0.000000000E0,1.466799927E2,2.299999952E0,1.500000000E1
